ID deputado,Deputado(a),Partido,Posição na lista,Fornecedor,CPF/CNPJ,Tipo de documento,Valor (R$),Lançamentos,% das despesas do deputado,Observação
1,ADÃO PRETTO,PT,1,BRUNO BECKER SCHNEIDER,32.300.836/0001-06,CNPJ,50846.37,35,0.168925,
1,ADÃO PRETTO,PT,2,"FELIX, FLORIANO, RONDON E RIBEIRO ADVOGADOS ASSOCIADOS",23.339.084/0001-98,CNPJ,18000.0,1,0.059801,
1,ADÃO PRETTO,PT,3,IRAJA JENISCH MENDONCA,***.593.710-**,CPF,15000.0,2,0.049834,
1,ADÃO PRETTO,PT,4,JULIA BRENDEL DE CAMPOS,***.733.080-**,CPF,15000.0,1,0.049834,
1,ADÃO PRETTO,PT,5,GLADIS SILVA DA ROSA LTDA,56.933.804/0001-06,CNPJ,10500.0,1,0.034884,
1,ADÃO PRETTO,PT,6,CLAUDIOMIRO AMBROSIO,***.760.539-**,CPF,10000.0,1,0.033223,
1,ADÃO PRETTO,PT,7,FACEBOOK SERVICOS ONLINE DO BRASIL LTDA.,13.347.016/0001-17,CNPJ,10000.0,2,0.033223,
1,ADÃO PRETTO,PT,8,IMOBILIARIA TN SILVA LTDA,03.591.044/0001-21,CNPJ,10000.0,1,0.033223,
1,ADÃO PRETTO,PT,9,LUANA CAMPOS COSTA,***.589.200-**,CPF,10000.0,1,0.033223,
1,ADÃO PRETTO,PT,10,MARCIO EDUARDO PEREIRA FRANCISCONI,***.187.600-**,CPF,10000.0,1,0.033223,
1,ADÃO PRETTO,PT,11,SUBLIMETEX LTDA,50.680.179/0001-43,CNPJ,8400.0,1,0.027907,
1,ADÃO PRETTO,PT,12,CEZAR GONCALVES DE SOUZA,***.797.600-**,CPF,8000.0,1,0.026578,
1,ADÃO PRETTO,PT,13,EDIMARA DA SILVA,***.366.480-**,CPF,8000.0,1,0.026578,
1,ADÃO PRETTO,PT,14,JOSE MILTON ROSA,***.089.590-**,CPF,8000.0,1,0.026578,
1,ADÃO PRETTO,PT,15,SANDRA MARIA DOS SANTOS MARQUES,***.571.310-**,CPF,8000.0,1,0.026578,
1,ADÃO PRETTO,PT,16,ALDO BRUNO FERREIRA CHIATTONE,***.934.960-**,CPF,6000.0,1,0.019934,
1,ADÃO PRETTO,PT,17,ELIZIANE FLORES KOVALSKI,***.278.820-**,CPF,6000.0,1,0.019934,
1,ADÃO PRETTO,PT,18,JURACI DA GAMA PEDROSO DE AGUIRRE,***.190.230-**,CPF,6000.0,1,0.019934,
1,ADÃO PRETTO,PT,19,ROSALIA INZAVALDE DE OLIVEIRA,***.513.940-**,CPF,6000.0,1,0.019934,
1,ADÃO PRETTO,PT,20,SUZANA DE FATIMA DOS SANTOS PINTO,***.648.100-**,CPF,6000.0,1,0.019934,
1,ADÃO PRETTO,PT,21,VERA LUCIA BAUNGAERTNER DA ROSA,***.699.060-**,CPF,6000.0,1,0.019934,
1,ADÃO PRETTO,PT,22,PAULO CESAR DA SILVA,***.342.910-**,CPF,5500.0,1,0.018272,
1,ADÃO PRETTO,PT,23,CARLA CAMILA MARQUES,***.986.870-**,CPF,5000.0,1,0.016611,
1,ADÃO PRETTO,PT,24,FERNANDO GULARTE CORREA,***.489.520-**,CPF,5000.0,1,0.016611,
1,ADÃO PRETTO,PT,25,JOAO ONOFRE PINTO SZIMINSKI,***.684.950-**,CPF,5000.0,1,0.016611,
1,ADÃO PRETTO,PT,26,JOSE ALBERTO PEREIRA,***.739.500-**,CPF,5000.0,1,0.016611,
1,ADÃO PRETTO,PT,27,SANDRO MACHADO MELO,***.202.200-**,CPF,5000.0,1,0.016611,
1,ADÃO PRETTO,PT,28,VALDENOR DOS SANTOS MALHEIROS,***.186.170-**,CPF,5000.0,1,0.016611,
1,ADÃO PRETTO,PT,29,JOAO GUARACI DIAS BARCELOS,***.721.720-**,CPF,4000.0,1,0.013289,
1,ADÃO PRETTO,PT,30,MIRIAN ANTONIA ZILIO,***.728.600-**,CPF,4000.0,1,0.013289,
1,ADÃO PRETTO,PT,31,PROMOCOES E EVENTOS RM LTDA,49.464.089/0001-36,CNPJ,2400.0,1,0.007973,
1,ADÃO PRETTO,PT,32,EQUIPE DJ PAVAO PRODUCOES E EVENTOS LTDA.,19.157.144/0001-84,CNPJ,1800.0,1,0.00598,
1,ADÃO PRETTO,PT,33,DESIEL DA SILVA NUNES,***.004.350-**,CPF,1700.0,1,0.005648,
1,ADÃO PRETTO,PT,34,EDISON MARCOS KOVALSKI,***.657.370-**,CPF,1700.0,1,0.005648,
1,ADÃO PRETTO,PT,35,JOAO VALDECIR ROSSATO,***.678.800-**,CPF,1700.0,1,0.005648,
1,ADÃO PRETTO,PT,36,MARCIO ROBERTO OLIVEIRA JARDIM,***.544.390-**,CPF,1700.0,1,0.005648,
1,ADÃO PRETTO,PT,37,UBIRAJARA BITENCOURT DE OLIVEIRA,***.088.480-**,CPF,1700.0,1,0.005648,
1,ADÃO PRETTO,PT,38,GELAIN IMOVEIS LTDA,04.002.289/0001-39,CNPJ,1500.0,1,0.004983,
1,ADÃO PRETTO,PT,39,VOLNEI FRANCISCO CARPES,***.269.700-**,CPF,1500.0,1,0.004983,
1,ADÃO PRETTO,PT,40,NEUZA CONSTANTE DE FARIAS,***.369.620-**,CPF,1000.0,1,0.003322,
1,ADÃO PRETTO,PT,41,REALIZARE IMOVEIS SOCIEDADE SIMPLES,11.744.068/0001-00,CNPJ,1000.0,1,0.003322,
1,ADÃO PRETTO,PT,42,ABASTECEDORA MENINO DEUS LTDA,27.164.858/0001-48,CNPJ,869.24,3,0.002888,
1,ADÃO PRETTO,PT,43,SINDICATO DOS TRABALHADORES NO CALCADO DE ROLANTE,91.110.569/0001-65,CNPJ,600.0,2,0.001993,
1,ADÃO PRETTO,PT,44,ABASTECEDORA DE COMBUSTIVEIS PORTO ALEGRE LTDA,08.689.190/0001-08,CNPJ,548.05,2,0.001821,
1,ADÃO PRETTO,PT,45,COMERCIAL BUFFON COMBUSTIVEIS E TRANSPORTES LIMITADA,93.489.243/0115-84,CNPJ,467.53,1,0.001553,
1,ADÃO PRETTO,PT,46,REDE DE POSTOS APOLO LTDA,09.164.791/0001-60,CNPJ,327.77,1,0.001089,
1,ADÃO PRETTO,PT,47,SIM REDE DE POSTOS LTDA,07.473.735/0148-08,CNPJ,307.27,1,0.001021,
1,ADÃO PRETTO,PT,48,COMERCIAL BUFFON COMBUSTIVEIS E TRANSPORTES LIMITADA,93.489.243/0010-07,CNPJ,304.86,1,0.001013,
1,ADÃO PRETTO,PT,49,COMERCIAL BUFFON COMBUSTIVEIS E TRANSPORTES LIMITADA,93.489.243/0008-92,CNPJ,298.48,1,0.000992,
1,ADÃO PRETTO,PT,50,GARAGEM SIQUEIRA CAMPOS SOCIEDADE SIMPLES LTDA,92.956.176/0001-30,CNPJ,230.38,1,0.000765,
1,ADÃO PRETTO,PT,51,PLANALTO ENCOMENDAS LTDA,90.735.549/0001-17,CNPJ,100.05,1,0.000332,
2,ADRI CHERINI,PL,1,FACEBOOK SERVICOS ONLINE DO BRASIL LTDA.,13.347.016/0001-17,CNPJ,251000.0,6,0.301775,
2,ADRI CHERINI,PL,2,THS IMPRESSAO DIGITAL LTDA,08.537.010/0001-72,CNPJ,73647.5,6,0.088546,
2,ADRI CHERINI,PL,3,DFR ANGEL LOCACOES LTDA,67.218.274/0001-22,CNPJ,43200.0,8,0.051939,
2,ADRI CHERINI,PL,4,CROMO GRAFICA E EDITORA LTDA,05.476.664/0001-45,CNPJ,30900.0,2,0.037151,
2,ADRI CHERINI,PL,5,RODRIGO NEVES SOCIEDADE INDIVIDUAL DE ADVOCACIA,55.875.500/0001-69,CNPJ,30000.0,1,0.036069,
2,ADRI CHERINI,PL,6,SPEED PROMOCIONAL INDUSTRIA DE BRINDES LTDA,15.115.234/0001-51,CNPJ,22150.0,3,0.026631,
2,ADRI CHERINI,PL,7,IMOBILIARIA ARIOTTI LTDA,91.395.095/0001-45,CNPJ,16341.03,1,0.019647,
2,ADRI CHERINI,PL,8,AUTOSUL LOCADORA DE VEICULOS LTDA,23.285.134/0001-00,CNPJ,13500.0,1,0.016231,
2,ADRI CHERINI,PL,9,GABRIEL PEREIRA DE SOUZA,***.180.940-**,CPF,12000.0,1,0.014427,
2,ADRI CHERINI,PL,10,HEVELYN CAROLINE HERMAN OLIVEIRA,***.956.459-**,CPF,10000.0,1,0.012023,
2,ADRI CHERINI,PL,11,JOAO GILBERTO DECZKA MORSCH,***.031.000-**,CPF,10000.0,1,0.012023,
2,ADRI CHERINI,PL,12,WALTER ANGELO DE ALMEIDA,***.645.640-**,CPF,10000.0,1,0.012023,
2,ADRI CHERINI,PL,13,LEVITON LUIS DALTROSO,***.630.890-**,CPF,9000.0,1,0.010821,
2,ADRI CHERINI,PL,14,NOSCHANG ARTES GRAFICAS LTDA,07.027.856/0001-08,CNPJ,8900.0,1,0.0107,
2,ADRI CHERINI,PL,15,SF IMOVEIS LTDA,47.202.746/0001-41,CNPJ,8800.0,1,0.01058,
2,ADRI CHERINI,PL,16,DEVANIR RODRIGUES DE OLIVEIRA,***.286.650-**,CPF,8000.0,1,0.009618,
2,ADRI CHERINI,PL,17,GRAFICA E EDITORA COMUNICACAO IMPRESSA LTDA,89.840.797/0001-49,CNPJ,8000.0,1,0.009618,
2,ADRI CHERINI,PL,18,NILMAR ANTONIO ZANDONA,***.631.790-**,CPF,7500.0,1,0.009017,
2,ADRI CHERINI,PL,19,CENTENO & MENDES ASSESSORIA CONTABIL LTDA,25.053.197/0001-58,CNPJ,7400.0,1,0.008897,
2,ADRI CHERINI,PL,20,LUCI RODRIGUES DE ALMEIDA,***.426.560-**,CPF,7000.0,1,0.008416,
2,ADRI CHERINI,PL,21,VIRGINIA BOFF,***.073.190-**,CPF,7000.0,1,0.008416,
2,ADRI CHERINI,PL,22,ANA PAULA LEOPOLSKI,***.928.000-**,CPF,6000.0,1,0.007214,
2,ADRI CHERINI,PL,23,BRUNO CARLOS SILVA,***.363.760-**,CPF,6000.0,1,0.007214,
2,ADRI CHERINI,PL,24,CECILIA MARIA DENARDI,***.157.460-**,CPF,6000.0,1,0.007214,
2,ADRI CHERINI,PL,25,DALVA TERESINHA GRADIN,***.759.400-**,CPF,6000.0,1,0.007214,
2,ADRI CHERINI,PL,26,ANDRIELLI KUENTZER HENN,***.691.410-**,CPF,5500.0,1,0.006613,
2,ADRI CHERINI,PL,27,ANELI KUENTZER HENN,***.765.470-**,CPF,5500.0,1,0.006613,
2,ADRI CHERINI,PL,28,MATHEUS SILVA DOS SANTOS,***.678.750-**,CPF,5400.0,1,0.006492,
2,ADRI CHERINI,PL,29,ANA EDITE CAVALCANTE BONFADA,***.004.749-**,CPF,5000.0,1,0.006011,
2,ADRI CHERINI,PL,30,CAMILA CAROLINA DE OLIVEIRA,***.435.200-**,CPF,5000.0,1,0.006011,
2,ADRI CHERINI,PL,31,GILMAR RAIMUNDO BOIANI,***.511.560-**,CPF,5000.0,1,0.006011,
2,ADRI CHERINI,PL,32,LEDI GISLAINE ZUEGE,***.924.740-**,CPF,5000.0,1,0.006011,
2,ADRI CHERINI,PL,33,MARIO AUGUSTO ALMEIDA DE AVILA,***.614.460-**,CPF,5000.0,1,0.006011,
2,ADRI CHERINI,PL,34,NADIA REGINA GINDRI MILETO,***.925.610-**,CPF,5000.0,1,0.006011,
2,ADRI CHERINI,PL,35,PAULO ROBERTO ALVES DE MATOS,***.245.570-**,CPF,5000.0,1,0.006011,
2,ADRI CHERINI,PL,36,PAULO ROBERTO OLIVEIRA DOS PASSOS,***.463.600-**,CPF,5000.0,1,0.006011,
2,ADRI CHERINI,PL,37,ROSA DA COSTA,***.090.100-**,CPF,5000.0,1,0.006011,
2,ADRI CHERINI,PL,38,SONIA REGINA PINHEIRO AGNOLIN,***.052.110-**,CPF,5000.0,1,0.006011,
2,ADRI CHERINI,PL,39,MARIA LUCIA SERRES GOULART,***.327.900-**,CPF,4600.0,1,0.005531,
2,ADRI CHERINI,PL,40,RAFAEL SOARES,***.243.520-**,CPF,4500.0,1,0.00541,
2,ADRI CHERINI,PL,41,G BENEFICIAMENTO E COMERCIO DE TECIDOS LTDA,88.000.377/0001-91,CNPJ,4495.0,1,0.005404,
2,ADRI CHERINI,PL,42,ELENICE SEFFRIN DA SILVA PRESTES,***.641.910-**,CPF,4000.0,1,0.004809,
2,ADRI CHERINI,PL,43,SILVIA PERETTO DALPIAZ,***.425.710-**,CPF,4000.0,1,0.004809,
2,ADRI CHERINI,PL,44,VEMA NEGOCIOS IMOBILIARIOS LTDA,88.633.037/0001-06,CNPJ,4000.0,1,0.004809,
2,ADRI CHERINI,PL,45,ANA LUCIA ALVES CORREA SOARES,***.461.270-**,CPF,3600.0,1,0.004328,
2,ADRI CHERINI,PL,46,VANESSA PEREIRA DOLZAN,***.164.040-**,CPF,3600.0,1,0.004328,
2,ADRI CHERINI,PL,47,ALEXANDRA DUARTE,***.561.840-**,CPF,3500.0,1,0.004208,
2,ADRI CHERINI,PL,48,JULIANA SASSO,***.367.750-**,CPF,3500.0,1,0.004208,
2,ADRI CHERINI,PL,49,GRAFICA LIDER LTDA,90.589.540/0001-45,CNPJ,3450.0,2,0.004148,
2,ADRI CHERINI,PL,50,DISTRIBUIDORA DE COMBUSTIVEIS SCORSATTO LTDA,94.466.430/0001-47,CNPJ,3379.91,12,0.004064,
2,ADRI CHERINI,PL,51,CLAUDETE CAMPELIM DA ROSA,***.375.160-**,CPF,3200.0,1,0.003847,
2,ADRI CHERINI,PL,52,ANA JULIA GROLLI MOCELLIN,***.414.440-**,CPF,3000.0,1,0.003607,
2,ADRI CHERINI,PL,53,JOSE AUGUSTO STUMPF DOS REIS,***.005.960-**,CPF,3000.0,1,0.003607,
2,ADRI CHERINI,PL,54,KETLYN DA SILVA LOSEKANN,***.219.760-**,CPF,3000.0,1,0.003607,
2,ADRI CHERINI,PL,55,MARTA GORETE OLIVEIRA DA SILVA,***.853.040-**,CPF,3000.0,1,0.003607,
2,ADRI CHERINI,PL,56,GILBERTO STANKIEVICZ,***.857.080-**,CPF,2900.0,1,0.003487,
2,ADRI CHERINI,PL,57,DISTRIBUIDORA DE COMBUSTIVEIS REGINATTO LTDA,07.077.510/0001-06,CNPJ,2729.11,10,0.003281,
2,ADRI CHERINI,PL,58,MARIA ISABEL NALERIO DOS REIS,***.420.790-**,CPF,2550.0,1,0.003066,
2,ADRI CHERINI,PL,59,DANIELA MOREIRA,***.946.650-**,CPF,2500.0,1,0.003006,
2,ADRI CHERINI,PL,60,ELENA DALLAGNOL,***.305.190-**,CPF,2500.0,1,0.003006,
2,ADRI CHERINI,PL,61,ELIETE SILVA CABRAL,***.931.450-**,CPF,2500.0,1,0.003006,
2,ADRI CHERINI,PL,62,FABIO JUNIOR BARBOSA,***.154.710-**,CPF,2500.0,1,0.003006,
2,ADRI CHERINI,PL,63,LUIS FERNANDO COSTA NUNES,***.344.650-**,CPF,2500.0,1,0.003006,
2,ADRI CHERINI,PL,64,SHAIANE DE ABREU TABORDA,***.000.720-**,CPF,2500.0,1,0.003006,
2,ADRI CHERINI,PL,65,SILVIA MARGARETE OLIVEIRA DA TRINDADE,***.026.940-**,CPF,2500.0,1,0.003006,
2,ADRI CHERINI,PL,66,ANGELA MARIA DE ARAUJO FLORES,***.314.100-**,CPF,2450.0,1,0.002946,
2,ADRI CHERINI,PL,67,BRUNA ACOSTA DE VASCONCELOS,***.868.270-**,CPF,2450.0,1,0.002946,
2,ADRI CHERINI,PL,68,MAGALI GONCALVES DE QUADROS,***.406.060-**,CPF,2450.0,1,0.002946,
2,ADRI CHERINI,PL,69,RAFAELA SEVERO DA SILVA,***.220.249-**,CPF,2450.0,1,0.002946,
2,ADRI CHERINI,PL,70,POSTO DE COMBUSTIVEIS DICO LTDA,08.768.465/0001-07,CNPJ,2448.8,11,0.002944,
2,ADRI CHERINI,PL,71,ANTONIO MARCOS PEREIRA,***.871.130-**,CPF,2400.0,1,0.002885,
2,ADRI CHERINI,PL,72,CRISTIAN DOS SANTOS COSTA,***.680.800-**,CPF,2400.0,1,0.002885,
2,ADRI CHERINI,PL,73,INDIANARA RODRIGUES DE SOUZA,***.503.470-**,CPF,2400.0,1,0.002885,
2,ADRI CHERINI,PL,74,MARCIA ELISABETE MARTINS,***.028.970-**,CPF,2400.0,1,0.002885,
2,ADRI CHERINI,PL,75,CLEONE DA SILVA SANTANA,***.519.895-**,CPF,2000.0,1,0.002405,
2,ADRI CHERINI,PL,76,PRISCILA PADILHA DA SILVA,***.382.290-**,CPF,2000.0,1,0.002405,
2,ADRI CHERINI,PL,77,SUAMI SCHENATTO,***.268.940-**,CPF,2000.0,1,0.002405,
2,ADRI CHERINI,PL,78,COMERCIO DE COMBUSTIVEIS ITALIANO LTDA,27.231.287/0001-17,CNPJ,1898.58,9,0.002283,
2,ADRI CHERINI,PL,79,RPR DE CAMPOS COMUNICACAO VISUAL LTDA,36.088.027/0001-25,CNPJ,1800.0,1,0.002164,
2,ADRI CHERINI,PL,80,ANIBAL FERREIRA DE SOUZA,***.710.990-**,CPF,1700.0,1,0.002044,
2,ADRI CHERINI,PL,81,MARIA SILVANI DA SILVA,***.571.620-**,CPF,1700.0,1,0.002044,
2,ADRI CHERINI,PL,82,VALDERI PEDRO DA MOTA,***.657.440-**,CPF,1700.0,1,0.002044,
2,ADRI CHERINI,PL,83,SANDER COMERCIO DE COMBUSTIVEIS LTDA,91.411.256/0001-47,CNPJ,1648.07,9,0.001981,
2,ADRI CHERINI,PL,84,VALESCA RODRIGUES DOS SANTOS,***.138.550-**,CPF,1530.0,1,0.00184,
2,ADRI CHERINI,PL,85,ELIETE TEREZA POTRICH,***.627.110-**,CPF,1500.0,1,0.001803,
2,ADRI CHERINI,PL,86,IAGARO MISTURA,***.510.050-**,CPF,1500.0,1,0.001803,
2,ADRI CHERINI,PL,87,JOCELI MARIA TABORDA,***.220.760-**,CPF,1500.0,1,0.001803,
2,ADRI CHERINI,PL,88,JUSSIE DUTRA GARCIA,***.553.970-**,CPF,1500.0,1,0.001803,
2,ADRI CHERINI,PL,89,SABRINA DOS SANTOS VINCIGUERA,***.273.010-**,CPF,1500.0,1,0.001803,
2,ADRI CHERINI,PL,90,SILVANO DE OLIVEIRA SILVA,***.617.530-**,CPF,1500.0,1,0.001803,
2,ADRI CHERINI,PL,91,ELIZABETE DE GASPERI,***.888.010-**,CPF,1200.0,1,0.001443,
2,ADRI CHERINI,PL,92,NATALIA BENITO LACKMAN,***.167.360-**,CPF,1200.0,1,0.001443,
2,ADRI CHERINI,PL,93,AUTO POSTO BR BOQUEIRAO LTDA,24.294.224/0001-11,CNPJ,1183.77,4,0.001423,
2,ADRI CHERINI,PL,94,SAGAS COMERCIO DE OLEOS E COMBUSTIVEIS LTDA,04.895.663/0001-72,CNPJ,805.36,5,0.000968,
2,ADRI CHERINI,PL,95,AUTO POSTO KANINHA LTDA,88.305.412/0004-23,CNPJ,799.16,4,0.000961,
2,ADRI CHERINI,PL,96,COMERCIAL DE COMBUSTIVEIS LUPATINI LTDA,97.497.333/0001-00,CNPJ,669.08,2,0.000804,
2,ADRI CHERINI,PL,97,SANDER COMERCIO DE COMBUSTIVEIS LTDA,91.411.256/0021-90,CNPJ,545.04,2,0.000655,
2,ADRI CHERINI,PL,98,UGGERI SA,96.206.941/0002-36,CNPJ,354.5,1,0.000426,
2,ADRI CHERINI,PL,99,POSTOS DE COMBUSTIVEIS HC LTDA,19.037.103/0001-54,CNPJ,324.48,1,0.00039,
2,ADRI CHERINI,PL,100,BCR COMERCIO DE COMBUSTIVEIS LTDA,14.060.985/0001-55,CNPJ,319.16,1,0.000384,
2,ADRI CHERINI,PL,101,COMERCIAL DE COMBUSTIVEIS RAMADA LTDA,94.410.628/0001-09,CNPJ,318.06,1,0.000382,
2,ADRI CHERINI,PL,102,SIM REDE DE POSTOS LTDA,07.473.735/0069-70,CNPJ,313.62,1,0.000377,
2,ADRI CHERINI,PL,103,COMERCIAL BUFFON COMBUSTIVEIS E TRANSPORTES LIMITADA,93.489.243/0001-16,CNPJ,310.01,1,0.000373,
2,ADRI CHERINI,PL,104,SEM PARAR INSTITUICAO DE PAGAMENTO LTDA,04.088.208/0001-65,CNPJ,302.67,4,0.000364,
2,ADRI CHERINI,PL,105,DANIELI E DANIELI AUTO POSTO LTDA,32.451.006/0002-52,CNPJ,285.54,1,0.000343,
2,ADRI CHERINI,PL,106,POSTO MONTE ALVERNE LTDA,03.331.129/0001-70,CNPJ,280.0,1,0.000337,
2,ADRI CHERINI,PL,107,ABASTECEDORA DE COMBUSTIVEIS PORTO ALEGRE LTDA,08.689.190/0001-08,CNPJ,270.38,1,0.000325,
2,ADRI CHERINI,PL,108,DSL COMERCIO DE COMBUSTIVEIS LTDA,19.139.482/0004-36,CNPJ,253.55,1,0.000305,
2,ADRI CHERINI,PL,109,MP POSTOS E LOGISTICA LTDA,23.448.964/0003-64,CNPJ,232.74,1,0.00028,
2,ADRI CHERINI,PL,110,TOK GRAF GRAFICA LTDA,22.083.750/0001-07,CNPJ,230.0,1,0.000277,
2,ADRI CHERINI,PL,111,MAIL EXPRESS REPRESENTACOES POSTAIS LTDA,73.817.017/0001-00,CNPJ,152.86,1,0.000184,
2,ADRI CHERINI,PL,112,GM ARTES GRAFICAS LTDA,92.058.643/0001-04,CNPJ,140.0,1,0.000168,
2,ADRI CHERINI,PL,113,XU ART COMUNICACAO VISUAL LTDA,21.916.145/0001-07,CNPJ,100.0,1,0.00012,
2,ADRI CHERINI,PL,114,"ENCARGOS FINANCEIROS, TAXAS BANCÁRIAS E/OU OP. CARTÃO DE CRÉDITO",,,88.0,13,0.000106,
3,ADRIANA LARA,PL,1,JULIANO LONGARAY RODRIGUES,12.545.856/0001-21,CNPJ,161905.0,9,0.137253,
3,ADRIANA LARA,PL,2,PABLO FERREIRA DA TRINDADE,18.662.561/0001-11,CNPJ,46000.0,3,0.038996,
3,ADRIANA LARA,PL,3,FACEBOOK SERVICOS ONLINE DO BRASIL LTDA.,13.347.016/0001-17,CNPJ,44000.0,4,0.0373,
3,ADRIANA LARA,PL,4,EXAME FISCAL CONTABILIDADE E ASSESSORIA CONTABIL E FISCAL LTDA,13.107.308/0001-82,CNPJ,33000.0,2,0.027975,
3,ADRIANA LARA,PL,5,BIANCA LEAL ESPINOSA,***.671.360-**,CPF,30000.0,3,0.025432,
3,ADRIANA LARA,PL,6,IUQUI FREITAS DOS SANTOS,***.339.500-**,CPF,30000.0,3,0.025432,
3,ADRIANA LARA,PL,7,MIGUEL ANGELO DE ALMEIDA FERREIRA,***.394.680-**,CPF,30000.0,3,0.025432,
3,ADRIANA LARA,PL,8,CONFRARIA AUTOMOTIVA MECANICA E ESTETICA DE VEICULOS LTDA,14.483.979/0001-00,CNPJ,28198.68,5,0.023905,
3,ADRIANA LARA,PL,9,LEANDRO WILLRICH RODRIGUES,***.330.360-**,CPF,28000.0,3,0.023737,
3,ADRIANA LARA,PL,10,UEQUERLAN RIBEIRO HILARIO,***.981.710-**,CPF,26000.0,3,0.022041,
3,ADRIANA LARA,PL,11,57.080.048 JOSE EVARISTO PRESTES DA SILVA,57.080.048/0001-74,CNPJ,25000.0,1,0.021193,
3,ADRIANA LARA,PL,12,ANA LUCIA LOPES TEIXEIRA,***.586.250-**,CPF,20000.0,2,0.016955,
3,ADRIANA LARA,PL,13,DA LUZ ESTRATEGIA E ASSESSORIA DE IMAGEM LTDA,42.584.139/0001-70,CNPJ,20000.0,2,0.016955,
3,ADRIANA LARA,PL,14,PREDIAL GAUCHA CONSULTORIA IMOBILIARIA LTDA,11.031.931/0001-73,CNPJ,20000.0,1,0.016955,
3,ADRIANA LARA,PL,15,FRANCIANE PIETROSKI,***.101.380-**,CPF,16000.0,1,0.013564,
3,ADRIANA LARA,PL,16,LUCIA DE FATIMA ROSA GONCALVES,***.081.790-**,CPF,13900.0,3,0.011784,
3,ADRIANA LARA,PL,17,JOAO PAULO PEDROSO BARTEL,***.663.180-**,CPF,13000.0,2,0.011021,
3,ADRIANA LARA,PL,18,MARINA FERREIRA DA SILVA,***.031.640-**,CPF,12500.0,2,0.010597,
3,ADRIANA LARA,PL,19,ESTAMPA ASSESSORIA E PESQUISAS DE OPINIAO SOCIEDADE SIMPLES LTDA,04.686.704/0001-10,CNPJ,11000.0,1,0.009325,
3,ADRIANA LARA,PL,20,FABIANA PINTO KURTZ,***.416.780-**,CPF,10500.0,2,0.008901,
3,ADRIANA LARA,PL,21,ADAO LUIS MOIZES ANTONIO,***.063.680-**,CPF,10000.0,1,0.008477,
3,ADRIANA LARA,PL,22,AISHA SAMIH PORTELA HUSSEIN,***.870.170-**,CPF,10000.0,1,0.008477,
3,ADRIANA LARA,PL,23,RAMAO ELIAS TEIXEIRA BOGADO,***.758.060-**,CPF,10000.0,3,0.008477,
3,ADRIANA LARA,PL,24,ROBERTO RIVELINO BELCHIOR MESSIAS,***.454.680-**,CPF,9500.0,3,0.008053,
3,ADRIANA LARA,PL,25,YSADORA FERREIRA RIBEIRO,***.753.250-**,CPF,8780.0,2,0.007443,
3,ADRIANA LARA,PL,26,HIAGO DIAS DE LIMA,***.425.000-**,CPF,8075.0,2,0.006845,
3,ADRIANA LARA,PL,27,VANESSA COUTINHO SASSO,***.101.380-**,CPF,8000.0,1,0.006782,
3,ADRIANA LARA,PL,28,LUANA E SILVA DE MELO,***.039.710-**,CPF,7901.0,2,0.006698,
3,ADRIANA LARA,PL,29,ANA LUCIA ALVES DE OLIVEIRA,***.707.200-**,CPF,7000.0,4,0.005934,
3,ADRIANA LARA,PL,30,GUILHERME GIMENEZ RODRIGUES,***.023.620-**,CPF,7000.0,1,0.005934,
3,ADRIANA LARA,PL,31,MAICON VASCONCELOS SANTOS,***.425.280-**,CPF,7000.0,4,0.005934,
3,ADRIANA LARA,PL,32,SANDERSON PATRIK REMEDI MORAES,***.115.600-**,CPF,7000.0,2,0.005934,
3,ADRIANA LARA,PL,33,WASHINGTON BAGESTEIRO LUCAS,***.099.110-**,CPF,7000.0,1,0.005934,
3,ADRIANA LARA,PL,34,FRANCISCO CARLOS DOS SANTOS GONCALVES,***.357.160-**,CPF,6000.0,3,0.005086,
3,ADRIANA LARA,PL,35,MARINA GIACOMINI GRAFFITTI,***.881.010-**,CPF,6000.0,3,0.005086,
3,ADRIANA LARA,PL,36,MATHEUS RODRIGUES FERREIRA,***.657.160-**,CPF,6000.0,1,0.005086,
3,ADRIANA LARA,PL,37,OSCAR VANDERLEY OSORIO PEREIRA,***.914.570-**,CPF,6000.0,2,0.005086,
3,ADRIANA LARA,PL,38,PAULO CARLESSO,***.389.780-**,CPF,6000.0,3,0.005086,
3,ADRIANA LARA,PL,39,RAQUEL WANCURA MENDONCA,***.236.260-**,CPF,6000.0,3,0.005086,
3,ADRIANA LARA,PL,40,VOLMAR CELESTE VENZO DE SOUZA,***.801.420-**,CPF,6000.0,3,0.005086,
3,ADRIANA LARA,PL,41,ALESSANDRA RIBEIRO DE FREITAS,***.759.640-**,CPF,5400.0,2,0.004578,
3,ADRIANA LARA,PL,42,FUNDACAO ATTILA TABORDA,87.415.725/0012-81,CNPJ,5040.0,3,0.004273,
3,ADRIANA LARA,PL,43,ARTHUR DE CAMARGO BORGES DA SILVA,***.236.810-**,CPF,5000.0,1,0.004239,
3,ADRIANA LARA,PL,44,CARLOS ALBERTO DE SIQUEIRA,***.509.900-**,CPF,5000.0,1,0.004239,
3,ADRIANA LARA,PL,45,DADIANE DE OLIVEIRA,***.354.230-**,CPF,5000.0,1,0.004239,
3,ADRIANA LARA,PL,46,FRANCISCO CHARLES VIEIRA SOARES,***.666.820-**,CPF,5000.0,3,0.004239,
3,ADRIANA LARA,PL,47,IGNACIO BALTAR MENDONCA OLIVERA,***.820.200-**,CPF,5000.0,3,0.004239,
3,ADRIANA LARA,PL,48,JOSE CAMARGO DOS SANTOS,***.710.600-**,CPF,5000.0,3,0.004239,
3,ADRIANA LARA,PL,49,LIANA DE SOUZA SOARES,***.499.670-**,CPF,5000.0,3,0.004239,
3,ADRIANA LARA,PL,50,MARCIO PEREIRA DOS SANTOS,***.646.870-**,CPF,5000.0,1,0.004239,
3,ADRIANA LARA,PL,51,NIVALDO PINTO MOURA,***.524.450-**,CPF,5000.0,1,0.004239,
3,ADRIANA LARA,PL,52,OSORIO TADEU DE OLIVEIRA,***.334.190-**,CPF,5000.0,1,0.004239,
3,ADRIANA LARA,PL,53,PAULO CESAR DA ROSA GONCALVES,***.459.660-**,CPF,5000.0,3,0.004239,
3,ADRIANA LARA,PL,54,PIETRA PUCHALSKI DOS SANTOS,***.331.570-**,CPF,5000.0,1,0.004239,
3,ADRIANA LARA,PL,55,RICARDO ELIAS MACIEL PINHEIRO,***.403.230-**,CPF,5000.0,3,0.004239,
3,ADRIANA LARA,PL,56,VANDERLEI JESUS JARDIM BRAZUNA,***.687.510-**,CPF,5000.0,1,0.004239,
3,ADRIANA LARA,PL,57,OLINDA MARA BUENO DOS SANTOS,***.402.350-**,CPF,4980.0,2,0.004222,
3,ADRIANA LARA,PL,58,MARCELO MIKLOSKI GRALA,***.322.820-**,CPF,4940.0,2,0.004188,
3,ADRIANA LARA,PL,59,ANY GABRIELI PADILHA MENDES,***.062.770-**,CPF,4800.0,1,0.004069,
3,ADRIANA LARA,PL,60,KASSIA HAYDEE DA SILVA DIAZ ROSA,***.931.450-**,CPF,4800.0,1,0.004069,
3,ADRIANA LARA,PL,61,LUIS LEONARDO BRASIL DOS SANTOS,***.769.180-**,CPF,4800.0,2,0.004069,
3,ADRIANA LARA,PL,62,TULIO RODRIGUES DA SILVA,***.131.980-**,CPF,4800.0,3,0.004069,
3,ADRIANA LARA,PL,63,MARCELLE FREITAS NUNES,***.844.140-**,CPF,4500.0,1,0.003815,
3,ADRIANA LARA,PL,64,POSTO CINTURAO DE COMBUSTIVEIS LTDA,91.294.256/0001-04,CNPJ,4500.0,15,0.003815,
3,ADRIANA LARA,PL,65,LUIZ ANTONIO BANDEIRA PIEGAS,***.007.610-**,CPF,4400.0,1,0.00373,
3,ADRIANA LARA,PL,66,VAINER BITENCOURT SILVEIRA,***.757.030-**,CPF,4300.0,1,0.003645,
3,ADRIANA LARA,PL,67,ANA PAULA RIBEIRO DA SILVA,***.831.050-**,CPF,4000.0,3,0.003391,
3,ADRIANA LARA,PL,68,GABRIEL GAMA GONCALVES,***.563.070-**,CPF,4000.0,2,0.003391,
3,ADRIANA LARA,PL,69,GILDA SOARES ANHANHA,***.750.680-**,CPF,4000.0,3,0.003391,
3,ADRIANA LARA,PL,70,LEANDRO BRITTO DE MELO,***.099.540-**,CPF,4000.0,3,0.003391,
3,ADRIANA LARA,PL,71,MAGDA MARTINS DE SOUZA,***.812.070-**,CPF,4000.0,2,0.003391,
3,ADRIANA LARA,PL,72,MATHEUS SOARES AMARO,***.041.350-**,CPF,4000.0,1,0.003391,
3,ADRIANA LARA,PL,73,RAISSA SALOMON INHAQUITES,***.883.780-**,CPF,4000.0,2,0.003391,
3,ADRIANA LARA,PL,74,ROBSON SOARES LACERDA,***.369.440-**,CPF,4000.0,1,0.003391,
3,ADRIANA LARA,PL,75,VITORIA MACHADO PENTEADO,***.927.290-**,CPF,4000.0,3,0.003391,
3,ADRIANA LARA,PL,76,ABREU FLORES & PEREIRA LTDA,14.131.443/0001-26,CNPJ,3640.0,2,0.003086,
3,ADRIANA LARA,PL,77,JOICE BARCELLOS MACHADO,***.519.940-**,CPF,3600.0,3,0.003052,
3,ADRIANA LARA,PL,78,RARIELE FIGUEIREDO SOARES,***.124.550-**,CPF,3600.0,3,0.003052,
3,ADRIANA LARA,PL,79,SILAS RODRIGUES PAIM,***.375.160-**,CPF,3600.0,2,0.003052,
3,ADRIANA LARA,PL,80,TARCILA VASCONCELOS MOURA,***.288.210-**,CPF,3600.0,4,0.003052,
3,ADRIANA LARA,PL,81,CECILIA ROSA DE AVILA,***.908.640-**,CPF,3500.0,3,0.002967,
3,ADRIANA LARA,PL,82,JANETE DE ALMEIDA ROQUE,***.695.429-**,CPF,3500.0,3,0.002967,
3,ADRIANA LARA,PL,83,JUCELE VIEIRA,***.839.540-**,CPF,3500.0,1,0.002967,
3,ADRIANA LARA,PL,84,LUMA MICKELY CENTENA SOUZA,***.794.230-**,CPF,3500.0,1,0.002967,
3,ADRIANA LARA,PL,85,UILSON RENAN DA ROSA,***.610.420-**,CPF,3500.0,3,0.002967,
3,ADRIANA LARA,PL,86,MARCELO DE FREITAS FERREIRA,***.234.050-**,CPF,3200.0,5,0.002713,
3,ADRIANA LARA,PL,87,LIANE CRISTINA BAUER,***.371.630-**,CPF,3000.0,2,0.002543,
3,ADRIANA LARA,PL,88,LIZIANE DOS SANTOS BRUM,***.456.240-**,CPF,3000.0,3,0.002543,
3,ADRIANA LARA,PL,89,LUIS CARLOS SCHEFFER DA LUZ,***.626.740-**,CPF,3000.0,3,0.002543,
3,ADRIANA LARA,PL,90,NAPOLEAN SOUSA DE BORBA,***.372.410-**,CPF,3000.0,3,0.002543,
3,ADRIANA LARA,PL,91,REGINA MARIA MACHADO DA SILVA,***.905.570-**,CPF,3000.0,4,0.002543,
3,ADRIANA LARA,PL,92,TAIANI DAS NEVES,***.199.960-**,CPF,3000.0,3,0.002543,
3,ADRIANA LARA,PL,93,KAINA RODRIGUES MORALES,***.085.880-**,CPF,2750.0,3,0.002331,
3,ADRIANA LARA,PL,94,LEOMARA BORSATTO BORTOLOTTO,***.519.060-**,CPF,2700.0,2,0.002289,
3,ADRIANA LARA,PL,95,DIEGO BICA PINNOW,***.268.000-**,CPF,2650.0,1,0.002247,
3,ADRIANA LARA,PL,96,CARMEN VERA DOS SANTOS MOURA,***.385.753-**,CPF,2560.0,2,0.00217,
3,ADRIANA LARA,PL,97,ANA LUIZA DA SILVA SANTOS,***.162.470-**,CPF,2500.0,1,0.002119,
3,ADRIANA LARA,PL,98,ANTONIO AUGUSTO LEITE VIEIRA,***.578.560-**,CPF,2500.0,3,0.002119,
3,ADRIANA LARA,PL,99,DALVIR PERES DE MELO,***.500.760-**,CPF,2500.0,1,0.002119,
3,ADRIANA LARA,PL,100,DOLORES PINHEIRO VAZ,***.506.170-**,CPF,2500.0,2,0.002119,
3,ADRIANA LARA,PL,101,JAIRO SILVEIRA,***.497.380-**,CPF,2500.0,1,0.002119,
3,ADRIANA LARA,PL,102,MARI TERESINHA DE MOURA GOMES,***.645.500-**,CPF,2500.0,1,0.002119,
3,ADRIANA LARA,PL,103,MAURO CEZAR COSTA DOS SANTOS,***.985.500-**,CPF,2500.0,1,0.002119,
3,ADRIANA LARA,PL,104,GRACIELA LACKMAN GALHO,***.446.100-**,CPF,2250.0,1,0.001907,
3,ADRIANA LARA,PL,105,LUIZ PEDRO GUTERRES MACHADO,***.917.310-**,CPF,2250.0,4,0.001907,
3,ADRIANA LARA,PL,106,LUCAS EXEQUIEL PEREIRA ACOSTA,***.743.520-**,CPF,2200.0,4,0.001865,
3,ADRIANA LARA,PL,107,AFONSO HENRIQUE OLIVEIRA SANDIM,***.612.770-**,CPF,2150.0,3,0.001823,
3,ADRIANA LARA,PL,108,JAINE DE CASSIA PINHEIRO COSTA,***.749.430-**,CPF,2100.0,3,0.00178,
3,ADRIANA LARA,PL,109,KAUA RIBEIRO DA SILVA,***.778.140-**,CPF,2050.0,3,0.001738,
3,ADRIANA LARA,PL,110,LETICIA FREITAS,***.085.800-**,CPF,2050.0,3,0.001738,
3,ADRIANA LARA,PL,111,LUIS EDI PACHECO DA SILVA,***.001.220-**,CPF,2050.0,1,0.001738,
3,ADRIANA LARA,PL,112,BERNARDO GONCALVES ETCHEVERRY,***.457.840-**,CPF,2000.0,2,0.001695,
3,ADRIANA LARA,PL,113,FABIANE DE WITT CUNHA DOS SANTOS,***.443.400-**,CPF,2000.0,2,0.001695,
3,ADRIANA LARA,PL,114,GABRIELLY HERNANDES SANTANA,***.189.000-**,CPF,2000.0,3,0.001695,
3,ADRIANA LARA,PL,115,JESSICA OLIVEIRA SANTOS,***.351.220-**,CPF,2000.0,3,0.001695,
3,ADRIANA LARA,PL,116,LUAN MONTEDO ETCHEVERRY,***.027.130-**,CPF,2000.0,2,0.001695,
3,ADRIANA LARA,PL,117,MARCOS CESAR NOTTAR,***.712.060-**,CPF,2000.0,1,0.001695,
3,ADRIANA LARA,PL,118,MARIA CRISTINA OLIVEIRA DE ANUNCIACAO,***.266.630-**,CPF,2000.0,1,0.001695,
3,ADRIANA LARA,PL,119,RAFAELA DE VARGAS LIMA,***.234.980-**,CPF,2000.0,2,0.001695,
3,ADRIANA LARA,PL,120,RAMAO LOPES PERES,***.830.170-**,CPF,2000.0,2,0.001695,
3,ADRIANA LARA,PL,121,RICHIELE PINTO CAETANO,***.725.690-**,CPF,2000.0,3,0.001695,
3,ADRIANA LARA,PL,122,SARA DUTRA SANCHES,***.372.560-**,CPF,2000.0,2,0.001695,
3,ADRIANA LARA,PL,123,MARCOS AURELIO BORSTMANN CAMARGO,***.832.800-**,CPF,1950.0,1,0.001653,
3,ADRIANA LARA,PL,124,ANDRIELE FISCHER DE CAMPOS,***.234.410-**,CPF,1920.0,1,0.001628,
3,ADRIANA LARA,PL,125,BRUNO MORAES DA SILVA,***.054.800-**,CPF,1900.0,3,0.001611,
3,ADRIANA LARA,PL,126,CRISTIANE ANDRADE FRANCA,***.149.240-**,CPF,1900.0,3,0.001611,
3,ADRIANA LARA,PL,127,CRISTINA RODRIGUES DA SILVA,***.295.830-**,CPF,1900.0,3,0.001611,
3,ADRIANA LARA,PL,128,GUSTAVO MIRANDA SILVA,***.427.700-**,CPF,1900.0,3,0.001611,
3,ADRIANA LARA,PL,129,LETICIA SOARES MAGLIONE,***.073.840-**,CPF,1900.0,3,0.001611,
3,ADRIANA LARA,PL,130,NORBERTO EMILIO SETTI APRATO,***.919.320-**,CPF,1900.0,3,0.001611,
3,ADRIANA LARA,PL,131,VITORIA EMYLEE MACHADO OLIVEIRA,***.110.630-**,CPF,1900.0,3,0.001611,
3,ADRIANA LARA,PL,132,ZAIDA MARQUES GONCALVES,***.020.470-**,CPF,1850.0,3,0.001568,
3,ADRIANA LARA,PL,133,MARLON SMITT CARVALHO LEAL SARAIVA,***.547.020-**,CPF,1800.0,3,0.001526,
3,ADRIANA LARA,PL,134,ALINE LOPES MACHADO,***.470.520-**,CPF,1600.0,2,0.001356,
3,ADRIANA LARA,PL,135,ANA CLARA OYARZABAL FRICK,***.507.460-**,CPF,1600.0,2,0.001356,
3,ADRIANA LARA,PL,136,ANA PAULA MEDEIROS VALENCA MUZI,***.004.760-**,CPF,1600.0,2,0.001356,
3,ADRIANA LARA,PL,137,BEATRIZ PEREIRA MORALES,***.923.960-**,CPF,1600.0,2,0.001356,
3,ADRIANA LARA,PL,138,BRUNA ROGERIA COLARES CORREA,***.271.350-**,CPF,1600.0,2,0.001356,
3,ADRIANA LARA,PL,139,FELIPE DOS SANTOS MOURA,***.864.720-**,CPF,1600.0,2,0.001356,
3,ADRIANA LARA,PL,140,LAURYN GRAZIELLY MORALES SARAIVA,***.814.240-**,CPF,1600.0,2,0.001356,
3,ADRIANA LARA,PL,141,MAIARA FERREIRA CASTRO,***.786.990-**,CPF,1600.0,2,0.001356,
3,ADRIANA LARA,PL,142,MARIA JUCLEIA SOARES MORAIS,***.508.920-**,CPF,1600.0,2,0.001356,
3,ADRIANA LARA,PL,143,MICHEL THONIASSO,***.514.570-**,CPF,1600.0,2,0.001356,
3,ADRIANA LARA,PL,144,NARA ILEI DE CASTRO LOPES,***.698.740-**,CPF,1600.0,2,0.001356,
3,ADRIANA LARA,PL,145,SUELEN COSTA BIELEMANN,***.573.690-**,CPF,1600.0,2,0.001356,
3,ADRIANA LARA,PL,146,SUELEN GOMES CARDOSO,***.356.750-**,CPF,1600.0,2,0.001356,
3,ADRIANA LARA,PL,147,TANISE ROGERIA COLARES CORREA,***.977.910-**,CPF,1600.0,2,0.001356,
3,ADRIANA LARA,PL,148,TIAGO MENDES NOCCHI ***.351.830-**,40.294.106/0001-60,CNPJ,1600.0,1,0.001356,
3,ADRIANA LARA,PL,149,ANDREA SOARES RODRIGUES,***.100.220-**,CPF,1546.67,2,0.001311,
3,ADRIANA LARA,PL,150,CIRLEI TERESINHA DE MELO SANTOS,***.008.800-**,CPF,1500.0,1,0.001272,
3,ADRIANA LARA,PL,151,GILMAR ZANOLETTI DA COSTA,***.669.470-**,CPF,1500.0,1,0.001272,
3,ADRIANA LARA,PL,152,KATIA BEATRIZ SOARES CARDOSO,***.680.870-**,CPF,1500.0,1,0.001272,
3,ADRIANA LARA,PL,153,LILIAN DUMMER LOPES,***.815.880-**,CPF,1500.0,1,0.001272,
3,ADRIANA LARA,PL,154,LINDAJARA PEDROSO GAUTO,***.946.840-**,CPF,1500.0,1,0.001272,
3,ADRIANA LARA,PL,155,ROGERIO GONCALVES MADEIRA,***.930.420-**,CPF,1500.0,1,0.001272,
3,ADRIANA LARA,PL,156,LUISA VITORIA DA SILVA,***.339.250-**,CPF,1440.0,3,0.001221,
3,ADRIANA LARA,PL,157,RENATA DA ROSA NUNES,***.748.800-**,CPF,1440.0,1,0.001221,
3,ADRIANA LARA,PL,158,JUSSARA DE FATIMA BESKOW SILVEIRA,***.935.460-**,CPF,1400.0,1,0.001187,
3,ADRIANA LARA,PL,159,CLARICE MARQUES SANTANA,***.103.030-**,CPF,1360.0,3,0.001153,
3,ADRIANA LARA,PL,160,MICAELA SANTANA COLARES,***.367.420-**,CPF,1360.0,3,0.001153,
3,ADRIANA LARA,PL,161,EVERALDO BARRETO ARAUJO,***.101.580-**,CPF,1280.0,2,0.001085,
3,ADRIANA LARA,PL,162,GABRIEL DIAS CRUZ DE OLIVEIRA,***.066.120-**,CPF,1280.0,2,0.001085,
3,ADRIANA LARA,PL,163,IROA OLIVEIRA BRIAO,***.189.960-**,CPF,1280.0,2,0.001085,
3,ADRIANA LARA,PL,164,ANDRE LUIZ PORTO FERREIRA,***.517.300-**,CPF,1200.0,1,0.001017,
3,ADRIANA LARA,PL,165,ISABEL CRISTINA PROENCA RODRIGUES,***.160.180-**,CPF,1200.0,1,0.001017,
3,ADRIANA LARA,PL,166,THALIA ACOSTA GIMENES,***.132.030-**,CPF,1200.0,1,0.001017,
3,ADRIANA LARA,PL,167,ANDRE RODRIGUES,***.463.780-**,CPF,1100.0,1,0.000933,
3,ADRIANA LARA,PL,168,BRUNO DA SILVA TORRES LTDA,10.711.442/0001-08,CNPJ,1100.0,1,0.000933,
3,ADRIANA LARA,PL,169,TAYLIZA CRUZ DOS SANTOS RUBIM,***.160.600-**,CPF,1075.0,2,0.000911,
3,ADRIANA LARA,PL,170,OARA DE FATIMA DOS SANTOS DORNELES,***.903.480-**,CPF,1050.0,1,0.00089,
3,ADRIANA LARA,PL,171,RAQUEL FRACAO SARAIVA,***.331.730-**,CPF,1050.0,1,0.00089,
3,ADRIANA LARA,PL,172,ANA DESIREE TEIXEIRA DIAS DA COSTA,***.077.970-**,CPF,1000.0,1,0.000848,
3,ADRIANA LARA,PL,173,ANDRESSA DA SILVEIRA BRUSHOSH,***.356.380-**,CPF,1000.0,1,0.000848,
3,ADRIANA LARA,PL,174,HERTON CESAR CARDOSO VARGAS,***.566.850-**,CPF,1000.0,1,0.000848,
3,ADRIANA LARA,PL,175,JEFERSON LUIS GONCALVES,***.203.780-**,CPF,1000.0,1,0.000848,
3,ADRIANA LARA,PL,176,JOAO CARLOS MEDEIROS TEIXEIRA,***.341.900-**,CPF,1000.0,1,0.000848,
3,ADRIANA LARA,PL,177,JOICE TEREZINHA PICCOLI,***.624.500-**,CPF,1000.0,1,0.000848,
3,ADRIANA LARA,PL,178,LUANA DIAS RODRIGUES DE AVILA,***.216.950-**,CPF,1000.0,1,0.000848,
3,ADRIANA LARA,PL,179,LUCIANE CARDOSO ALVES DA SILVA,***.490.600-**,CPF,1000.0,1,0.000848,
3,ADRIANA LARA,PL,180,MAIQUEL DIONIS MADEIRA TEIXEIRA,***.089.370-**,CPF,1000.0,2,0.000848,
3,ADRIANA LARA,PL,181,SILVANO EZEQUIEL RODRIGUES WELTER,***.026.080-**,CPF,1000.0,1,0.000848,
3,ADRIANA LARA,PL,182,ECO REGIONAL EMPREENDIMENTOS JORNALISTICOS LTDA,04.066.340/0001-76,CNPJ,980.0,1,0.000831,
3,ADRIANA LARA,PL,183,VIVIANE RODRIGUES PIRES,***.328.990-**,CPF,910.0,2,0.000771,
3,ADRIANA LARA,PL,184,BRUNO LEONARDO DOMINGUES PRATES,***.080.640-**,CPF,900.0,1,0.000763,
3,ADRIANA LARA,PL,185,EVALDO MARTINS ROMEIRO,***.873.820-**,CPF,900.0,1,0.000763,
3,ADRIANA LARA,PL,186,EVANIR NEQUE VINKLER,***.236.720-**,CPF,900.0,2,0.000763,
3,ADRIANA LARA,PL,187,FABIO PEREIRA QUEVEDO,***.364.760-**,CPF,900.0,1,0.000763,
3,ADRIANA LARA,PL,188,GENI PEREIRA DA COSTA,***.989.170-**,CPF,900.0,1,0.000763,
3,ADRIANA LARA,PL,189,JORGE DOS SANTOS BORGES,***.294.310-**,CPF,900.0,1,0.000763,
3,ADRIANA LARA,PL,190,MARCIA NEQUE VINKLER,***.883.440-**,CPF,900.0,2,0.000763,
3,ADRIANA LARA,PL,191,MARI REGINA SOARES PEREIRA,***.051.340-**,CPF,900.0,2,0.000763,
3,ADRIANA LARA,PL,192,MARILIA FINAMOR LOPES,***.453.150-**,CPF,900.0,1,0.000763,
3,ADRIANA LARA,PL,193,DORVALINO PEREIRA SOUZA FILHO,***.836.680-**,CPF,821.0,1,0.000696,
3,ADRIANA LARA,PL,194,MICHELLE DOS SANTOS FIGUEIRO,***.181.350-**,CPF,821.0,1,0.000696,
3,ADRIANA LARA,PL,195,RODRIGO RODRIGUES DE LIMA,***.022.000-**,CPF,821.0,1,0.000696,
3,ADRIANA LARA,PL,196,ALYSSON LAERT DIAS,***.935.160-**,CPF,800.0,1,0.000678,
3,ADRIANA LARA,PL,197,ANA PAULA CAVALHEIRO MURILLO,***.289.960-**,CPF,800.0,1,0.000678,
3,ADRIANA LARA,PL,198,CASSIO VINICIUS TEIXEIRA DE TEIXEIRA,***.444.420-**,CPF,800.0,1,0.000678,
3,ADRIANA LARA,PL,199,CRISTIANE ALVES RODRIGUES,***.378.300-**,CPF,800.0,1,0.000678,
3,ADRIANA LARA,PL,200,CRISTOFER FERNANDES DA SILVA,***.617.190-**,CPF,800.0,1,0.000678,
3,ADRIANA LARA,PL,201,DOUGLAS MORALES FERREIRA,***.175.950-**,CPF,800.0,1,0.000678,
3,ADRIANA LARA,PL,202,EVANDRO TRINDADE RODRIGUES,***.101.740-**,CPF,800.0,1,0.000678,
3,ADRIANA LARA,PL,203,GABRIEL DA ROSA GONCALVES,***.695.820-**,CPF,800.0,1,0.000678,
3,ADRIANA LARA,PL,204,JANDIRA CONCILIO RODRIGUES,***.214.460-**,CPF,800.0,1,0.000678,
3,ADRIANA LARA,PL,205,JOICE DA ROSA SOARES GONCALVES,***.634.310-**,CPF,800.0,1,0.000678,
3,ADRIANA LARA,PL,206,KAMILLY DA SILVA MALAGUEZ,***.010.390-**,CPF,800.0,1,0.000678,
3,ADRIANA LARA,PL,207,KATIELI SOARES GONCALVES,***.853.920-**,CPF,800.0,1,0.000678,
3,ADRIANA LARA,PL,208,KETLIN RIBEIRO DE AVILA FIGUEIREDO,***.691.950-**,CPF,800.0,1,0.000678,
3,ADRIANA LARA,PL,209,LUCIANA RODRIGUES DA SILVA,***.603.210-**,CPF,800.0,1,0.000678,
3,ADRIANA LARA,PL,210,MARIA EDUARDA FERREIRA AVANCINI,***.617.170-**,CPF,800.0,1,0.000678,
3,ADRIANA LARA,PL,211,MARIO LUIZ RAMOS FERREIRA,***.212.340-**,CPF,800.0,1,0.000678,
3,ADRIANA LARA,PL,212,PABLA TICIANE FURTADO DE SOUZA,***.619.470-**,CPF,800.0,1,0.000678,
3,ADRIANA LARA,PL,213,PAULO ROBERTO ALVES CORREA,***.419.110-**,CPF,800.0,1,0.000678,
3,ADRIANA LARA,PL,214,ROBERTA SOARES GONCALVES,***.158.040-**,CPF,800.0,1,0.000678,
3,ADRIANA LARA,PL,215,SAMARA DE CAMPOS SARAIVA,***.685.780-**,CPF,800.0,1,0.000678,
3,ADRIANA LARA,PL,216,SUELEN MARTINS PEREIRA,***.835.250-**,CPF,800.0,1,0.000678,
3,ADRIANA LARA,PL,217,THALES SANTOS GARZAO,***.139.980-**,CPF,800.0,1,0.000678,
3,ADRIANA LARA,PL,218,WILLIAN LEMOS NETO,***.183.440-**,CPF,800.0,1,0.000678,
3,ADRIANA LARA,PL,219,HERICK FIGUEIRA DOS SANTOS,***.731.190-**,CPF,650.0,1,0.000551,
3,ADRIANA LARA,PL,220,RAFAEL GONZATTO PINTO,***.258.500-**,CPF,600.0,1,0.000509,
3,ADRIANA LARA,PL,221,SIMONE BITTENCOURT PINHEIRO,***.408.550-**,CPF,600.0,1,0.000509,
3,ADRIANA LARA,PL,222,VINICIUS DA SILVA CAMPELLO,29.982.046/0001-35,CNPJ,569.75,1,0.000483,
3,ADRIANA LARA,PL,223,CLAUDIA JAQUELINE JACINTO MENDES,***.121.780-**,CPF,500.0,1,0.000424,
3,ADRIANA LARA,PL,224,KARINE MENDES DE FREITAS,***.638.700-**,CPF,500.0,1,0.000424,
3,ADRIANA LARA,PL,225,MARIELI BUENO RODRIGUES MARQUES,***.309.360-**,CPF,500.0,1,0.000424,
3,ADRIANA LARA,PL,226,RENATA VARELA TREMARIN GOUDINHO,***.104.600-**,CPF,500.0,1,0.000424,
3,ADRIANA LARA,PL,227,MARIELI OLIVEIRA SOUZA,***.965.360-**,CPF,350.0,1,0.000297,
3,ADRIANA LARA,PL,228,FATIMA JUCARA FRESCURA,***.060.200-**,CPF,300.0,1,0.000254,
3,ADRIANA LARA,PL,229,MAGDA MARIA MIGOTTO,***.965.070-**,CPF,300.0,1,0.000254,
3,ADRIANA LARA,PL,230,RENI AUGUSTO MACHADO DE CASTRO,***.054.610-**,CPF,300.0,1,0.000254,
3,ADRIANA LARA,PL,231,ROBERTO ARAUJO DA SILVEIRA,***.064.720-**,CPF,300.0,1,0.000254,
3,ADRIANA LARA,PL,232,SIRLEI CARLIN RIBAS,***.532.210-**,CPF,300.0,1,0.000254,
3,ADRIANA LARA,PL,233,VALDER DE CAMPOS MUNIZ,***.793.460-**,CPF,300.0,1,0.000254,
3,ADRIANA LARA,PL,234,JOAO BATISTA RODRIGUES DA ROSA,***.790.690-**,CPF,255.0,1,0.000216,
3,ADRIANA LARA,PL,235,JULIANA ANSELVA BIDINOTO ***.267.530-**,34.838.778/0001-96,CNPJ,250.0,1,0.000212,
3,ADRIANA LARA,PL,236,VERA LUCIA LOPES,***.872.200-**,CPF,250.0,1,0.000212,
3,ADRIANA LARA,PL,237,ISADORA DUARTE DIAS AVANCINI NUNES,***.544.600-**,CPF,213.35,1,0.000181,
3,ADRIANA LARA,PL,238,CAROLINE FERREIRA FRANCO,***.306.110-**,CPF,200.0,1,0.00017,
3,ADRIANA LARA,PL,239,JOAO CARLOS PINHEIRO & FILHO LTDA,87.465.613/0001-82,CNPJ,180.0,1,0.000153,
3,ADRIANA LARA,PL,240,ANA CLAUDIA FRANCO MARTINS,***.310.280-**,CPF,140.0,1,0.000119,
4,ALI KLEMT,PL,1,"PROPOSITO ASSESSORIA, CONSULTORIA E ESTRATEGIA INSTITUCIONAL LTDA",64.745.171/0001-22,CNPJ,166000.0,1,0.523723,
4,ALI KLEMT,PL,2,BP NETWORK TREINAMENTOS E GESTAO DE NEGOCIOS LTDA,32.069.682/0001-85,CNPJ,140000.0,1,0.441694,
4,ALI KLEMT,PL,3,DEIXA ELLA LTDA,15.773.480/0001-09,CNPJ,10900.0,1,0.034389,
4,ALI KLEMT,PL,4,"ENCARGOS FINANCEIROS, TAXAS BANCÁRIAS E/OU OP. CARTÃO DE CRÉDITO",,,61.4,9,0.000194,
5,BETO FANTINEL,MDB,1,NOSCHANG ARTES GRAFICAS LTDA,07.027.856/0001-08,CNPJ,172131.4,163,0.375888,
5,BETO FANTINEL,MDB,2,FACEBOOK SERVICOS ONLINE DO BRASIL LTDA.,13.347.016/0001-17,CNPJ,80000.0,3,0.174698,
5,BETO FANTINEL,MDB,3,JOKA SUBLIMACAO DIGITAL LTDA,94.350.113/0001-60,CNPJ,34700.0,2,0.075775,
5,BETO FANTINEL,MDB,4,KADU MALHAS COMERCIO DE ROUPAS LTDA,88.804.513/0001-04,CNPJ,29459.0,7,0.06433,
5,BETO FANTINEL,MDB,5,MARCHI & KLEIN LTDA,15.625.977/0001-71,CNPJ,20000.0,2,0.043675,
5,BETO FANTINEL,MDB,6,CREDITO REAL IMOVEIS E CONDOMINIOS S A,92.691.336/0001-66,CNPJ,16163.86,1,0.035297,
5,BETO FANTINEL,MDB,7,E & X PRODUCOES LTDA,27.151.252/0001-78,CNPJ,15246.45,1,0.033294,
5,BETO FANTINEL,MDB,8,ANDRYELEN HAAS GALLINA,***.649.780-**,CPF,15000.0,1,0.032756,
5,BETO FANTINEL,MDB,9,EDUARDA DOS SANTOS HAAS,***.760.440-**,CPF,15000.0,1,0.032756,
5,BETO FANTINEL,MDB,10,LETSROCKET COMUNICACAO DIGITAL LTDA,22.507.365/0001-40,CNPJ,15000.0,1,0.032756,
5,BETO FANTINEL,MDB,11,IGOR ALVES SEVERO,***.154.840-**,CPF,10000.0,1,0.021837,
5,BETO FANTINEL,MDB,12,VIVIANE DA SILVA CASTRO MARCHI,***.167.810-**,CPF,10000.0,1,0.021837,
5,BETO FANTINEL,MDB,13,CARMEM CRISTINA RUBIM BARBOSA,***.500.360-**,CPF,5000.0,1,0.010919,
5,BETO FANTINEL,MDB,14,RESTAURANTE ESCOLA DI PAOLO LTDA,22.555.164/0001-18,CNPJ,5000.0,1,0.010919,
5,BETO FANTINEL,MDB,15,CASA DI PAOLO AEROPORTO RESTAURANTE LTDA,23.382.804/0001-06,CNPJ,4954.95,1,0.01082,
5,BETO FANTINEL,MDB,16,JUNGTON COMUNICACAO VISUAL LTDA,87.802.179/0001-89,CNPJ,3915.0,3,0.008549,
5,BETO FANTINEL,MDB,17,ELISANA ANTONIA SIQUEIRA CASSOL,***.698.750-**,CPF,2000.0,1,0.004367,
5,BETO FANTINEL,MDB,18,SOLANGE DE LOURDES VARGAS,***.484.600-**,CPF,2000.0,1,0.004367,
5,BETO FANTINEL,MDB,19,ALVES EDITORA DE JORNAIS E REVISTAS LTDA,11.866.896/0001-02,CNPJ,1500.0,5,0.003276,
5,BETO FANTINEL,MDB,20,SERGIO ANTONIO RODRIGUES PEDROZO,***.689.700-**,CPF,700.0,1,0.001529,
5,BETO FANTINEL,MDB,21,QUEROAPOIAR.COM.BR LTDA,39.586.155/0001-97,CNPJ,162.06,1,0.000354,
6,BRUNA MOLZ,Podemos,1,FACEBOOK SERVICOS ONLINE DO BRASIL LTDA.,13.347.016/0001-17,CNPJ,21500.0,3,0.210417,
6,BRUNA MOLZ,Podemos,2,BONETTO - SOCIEDADE INDIVIDUAL DE ADVOCACIA,68.888.898/0001-10,CNPJ,15000.0,1,0.146803,
6,BRUNA MOLZ,Podemos,3,RUNA INFO SERVICE LTDA,58.362.386/0001-61,CNPJ,10320.0,1,0.101,
6,BRUNA MOLZ,Podemos,4,TOPSIGN IMPRESSAO DIGITAL LTDA,03.730.938/0001-55,CNPJ,10145.0,8,0.099287,
6,BRUNA MOLZ,Podemos,5,EDUARDO BERGER GERMANY,***.324.390-**,CPF,6500.0,1,0.063614,
6,BRUNA MOLZ,Podemos,6,BERNARDO GONI CECCON,***.332.240-**,CPF,4928.55,1,0.048235,
6,BRUNA MOLZ,Podemos,7,MIRIAN CRISTINA LAU,***.166.480-**,CPF,4500.0,1,0.044041,
6,BRUNA MOLZ,Podemos,8,BALLUZ CONFECCOES LTDA,22.349.155/0001-70,CNPJ,4000.0,1,0.039147,
6,BRUNA MOLZ,Podemos,9,DANIELA DASSOV DOS SANTOS,***.121.690-**,CPF,3500.0,1,0.034254,
6,BRUNA MOLZ,Podemos,10,DEISE TAINARA ALVES DE SOUZA,***.729.290-**,CPF,3500.0,1,0.034254,
6,BRUNA MOLZ,Podemos,11,JOEL MARQUES,***.254.810-**,CPF,3500.0,1,0.034254,
6,BRUNA MOLZ,Podemos,12,JOÃO VICTOR BARBOSA RAMOS,***.149.730-**,CPF,3500.0,1,0.034254,
6,BRUNA MOLZ,Podemos,13,MARA ADRIANA ALVES DE SOUZA,***.290.260-**,CPF,3500.0,1,0.034254,
6,BRUNA MOLZ,Podemos,14,RAFAEL BAMPI,***.826.560-**,CPF,3500.0,1,0.034254,
6,BRUNA MOLZ,Podemos,15,THAMIRES WITÓRIA DOS SANTOS REINICKE,***.727.780-**,CPF,3500.0,1,0.034254,
6,BRUNA MOLZ,Podemos,16,POSTO DO HERMES LTDA,61.346.163/0001-15,CNPJ,273.03,1,0.002672,
6,BRUNA MOLZ,Podemos,17,COOPERATIVA TRITICOLA DE ESPUMOSO LTDA,89.677.595/0034-96,CNPJ,250.01,1,0.002447,
6,BRUNA MOLZ,Podemos,18,RG COMERCIO DE COMBUSTIVEIS LTDA,19.210.534/0001-70,CNPJ,249.49,1,0.002442,
6,BRUNA MOLZ,Podemos,19,"ENCARGOS FINANCEIROS, TAXAS BANCÁRIAS E/OU OP. CARTÃO DE CRÉDITO",,,12.0,8,0.000117,
7,CAPITÃO MARTIM,Republicanos,1,DLOCAL BRASIL INSTITUICAO DE PAGAMENTO S.A.,25.021.356/0001-32,CNPJ,210000.0,7,0.535969,
7,CAPITÃO MARTIM,Republicanos,2,COPY STAR FOTOCOPIAS E ENCADERNACOES LTDA,90.744.509/0001-31,CNPJ,143189.0,35,0.365451,
7,CAPITÃO MARTIM,Republicanos,3,FACEBOOK SERVICOS ONLINE DO BRASIL LTDA.,13.347.016/0001-17,CNPJ,20000.0,1,0.051045,
7,CAPITÃO MARTIM,Republicanos,4,SPEED PROMOCIONAL INDUSTRIA DE BRINDES LTDA,15.115.234/0001-51,CNPJ,17075.0,5,0.043579,
7,CAPITÃO MARTIM,Republicanos,5,JORNAL L ATTUALITA LTDA,02.162.126/0001-98,CNPJ,1000.0,1,0.002552,
7,CAPITÃO MARTIM,Republicanos,6,FELIPE ROMAN MAZZAROLO LTDA,32.953.013/0001-71,CNPJ,550.0,1,0.001404,
8,CLÁUDIO TATSCH,PL,1,GRAFICA JACUI LTDA,87.776.217/0001-76,CNPJ,120274.0,25,0.279446,
8,CLÁUDIO TATSCH,PL,2,ROZNIESKI COMUNICACAO VISUAL LTDA,00.617.395/0001-76,CNPJ,42375.0,8,0.098455,
8,CLÁUDIO TATSCH,PL,3,A S P CASTRO PANFLETAGEM LTDA,57.175.581/0001-10,CNPJ,32400.0,1,0.075279,
8,CLÁUDIO TATSCH,PL,4,ORIENTTE ASSESSORIA E CONSULTORIA LTDA,55.245.553/0001-04,CNPJ,27000.0,1,0.062732,
8,CLÁUDIO TATSCH,PL,5,FACEBOOK SERVICOS ONLINE DO BRASIL LTDA.,13.347.016/0001-17,CNPJ,23300.0,10,0.054136,
8,CLÁUDIO TATSCH,PL,6,SPEED PROMOCIONAL INDUSTRIA DE BRINDES LTDA,15.115.234/0001-51,CNPJ,21470.0,3,0.049884,
8,CLÁUDIO TATSCH,PL,7,IMOBILIARIA RODRIGUES LIMITADA,90.804.576/0001-02,CNPJ,15600.0,1,0.036245,
8,CLÁUDIO TATSCH,PL,8,DECOR LOCACOES LTDA,59.648.286/0001-69,CNPJ,15207.9,1,0.035334,
8,CLÁUDIO TATSCH,PL,9,J. BUENO SADER LTDA,63.509.993/0001-41,CNPJ,13350.0,2,0.031018,
8,CLÁUDIO TATSCH,PL,10,JORNAL DO POVO LTDA,90.512.682/0001-04,CNPJ,11880.0,2,0.027602,
8,CLÁUDIO TATSCH,PL,11,AGENCIA CRATOS LTDA,48.627.637/0001-39,CNPJ,10000.0,2,0.023234,
8,CLÁUDIO TATSCH,PL,12,DIEGO DA SILVA SANTOS,***.864.370-**,CPF,7996.32,2,0.018579,
8,CLÁUDIO TATSCH,PL,13,PAULO ROBERTO PEREIRA ALVES,***.416.220-**,CPF,7996.32,2,0.018579,
8,CLÁUDIO TATSCH,PL,14,EDITORIAL EXPRESSAO LTDA,01.541.262/0001-26,CNPJ,6612.0,1,0.015362,
8,CLÁUDIO TATSCH,PL,15,CENTENO & MENDES ASSESSORIA CONTABIL LTDA,25.053.197/0001-58,CNPJ,6520.0,1,0.015149,
8,CLÁUDIO TATSCH,PL,16,MICHEL PEREIRA DOS SANTOS,06.143.836/0003-93,CNPJ,6400.0,1,0.01487,
8,CLÁUDIO TATSCH,PL,17,JOAO ILDO DE MORAES,***.839.020-**,CPF,4971.0,2,0.01155,
8,CLÁUDIO TATSCH,PL,18,ADRIANA ROSEMERI CORREA JORGE,***.266.420-**,CPF,2476.32,1,0.005754,
8,CLÁUDIO TATSCH,PL,19,CATIA CORREA JORGE,***.303.050-**,CPF,2476.32,1,0.005754,
8,CLÁUDIO TATSCH,PL,20,DANIELA SANTOS MACHADO,***.503.720-**,CPF,2476.32,1,0.005754,
8,CLÁUDIO TATSCH,PL,21,HERMES AUGUSTO LOPES SOARES,***.606.300-**,CPF,2476.32,1,0.005754,
8,CLÁUDIO TATSCH,PL,22,LUANA RIBEIRO PORTELA,***.912.320-**,CPF,2476.32,1,0.005754,
8,CLÁUDIO TATSCH,PL,23,LUCIANA CORREA ARISTIDES JORGE,***.542.910-**,CPF,2476.32,1,0.005754,
8,CLÁUDIO TATSCH,PL,24,SILVANA ESTEVAN ESTEVAO,***.467.320-**,CPF,2476.32,1,0.005754,
8,CLÁUDIO TATSCH,PL,25,POSTO SINGULAR CACHOEIRA DO SUL LTDA,55.314.987/0001-00,CNPJ,2437.38,3,0.005663,
8,CLÁUDIO TATSCH,PL,26,MARIA DENISE LIRIO CORREA,***.699.530-**,CPF,2228.0,1,0.005177,
8,CLÁUDIO TATSCH,PL,27,TANIA MARIA DA SILVA LIRIO,***.399.500-**,CPF,2228.0,1,0.005177,
8,CLÁUDIO TATSCH,PL,28,ALEXANDRE DA ROSA DE MATTOS LTDA,60.247.695/0001-32,CNPJ,1795.5,1,0.004172,
8,CLÁUDIO TATSCH,PL,29,BEN HUR ROOS,***.156.850-**,CPF,1671.0,1,0.003882,
8,CLÁUDIO TATSCH,PL,30,CLICERIA TATIANE HERMES BILHAN,***.924.520-**,CPF,1671.0,1,0.003882,
8,CLÁUDIO TATSCH,PL,31,DIEGO BERNARDES EISE,***.444.590-**,CPF,1671.0,1,0.003882,
8,CLÁUDIO TATSCH,PL,32,ELIANE GAVIAO CORREA,***.206.350-**,CPF,1671.0,1,0.003882,
8,CLÁUDIO TATSCH,PL,33,ELISSANDRA SILVA DO PRADO,***.144.300-**,CPF,1671.0,1,0.003882,
8,CLÁUDIO TATSCH,PL,34,JORGE ELI DA SILVA,***.179.890-**,CPF,1671.0,1,0.003882,
8,CLÁUDIO TATSCH,PL,35,JULIO CESAR LOPES DOS SANTOS,***.222.950-**,CPF,1671.0,1,0.003882,
8,CLÁUDIO TATSCH,PL,36,KELEN LAIS CHUMAS DOS SANTOS,***.795.130-**,CPF,1671.0,1,0.003882,
8,CLÁUDIO TATSCH,PL,37,LAUREN DA SILVA VARGAS,***.465.690-**,CPF,1671.0,1,0.003882,
8,CLÁUDIO TATSCH,PL,38,LUCAS ROSA DA SILVA,***.113.200-**,CPF,1671.0,1,0.003882,
8,CLÁUDIO TATSCH,PL,39,LUIZ CARLOS PEREIRA DOS SANTOS,***.712.020-**,CPF,1671.0,1,0.003882,
8,CLÁUDIO TATSCH,PL,40,PAULO RICARDO FAGUNDES WEISE,***.355.930-**,CPF,1671.0,1,0.003882,
8,CLÁUDIO TATSCH,PL,41,ROSIMARY SOMACAL MALTA,***.065.980-**,CPF,1671.0,1,0.003882,
8,CLÁUDIO TATSCH,PL,42,RUI RAMOS DA ROSA ROCHA,***.859.120-**,CPF,1671.0,1,0.003882,
8,CLÁUDIO TATSCH,PL,43,TAISSA BANDEIRA HENKER,***.473.900-**,CPF,1671.0,1,0.003882,
8,CLÁUDIO TATSCH,PL,44,TEREZINHA ROSANE PEREIRA,***.855.580-**,CPF,1671.0,1,0.003882,
8,CLÁUDIO TATSCH,PL,45,VALDEMAR EVANGELISTA,***.339.330-**,CPF,1671.0,1,0.003882,
8,CLÁUDIO TATSCH,PL,46,SCHUMACHER E SOUZA TINTAS E ACESSORIOS LTDA,20.418.991/0001-34,CNPJ,706.0,1,0.00164,
8,CLÁUDIO TATSCH,PL,47,40.399.696 ALCINDO UNFER,40.399.696/0001-95,CNPJ,450.0,1,0.001046,
8,CLÁUDIO TATSCH,PL,48,POSTO CABRAIS LTDA,04.887.863/0001-83,CNPJ,241.41,1,0.000561,
8,CLÁUDIO TATSCH,PL,49,STAEVIE & CIA LTDA,88.124.375/0001-04,CNPJ,235.84,1,0.000548,
8,CLÁUDIO TATSCH,PL,50,SOLANGE DILETA PAGLIARINI - COMERCIO DE COMBUSTIVEIS LTDA,16.725.586/0001-91,CNPJ,203.5,1,0.000473,
8,CLÁUDIO TATSCH,PL,51,CENTRAL DE COMBUSTIVEIS E LUBRIFICANTES LTDA,96.134.945/0001-75,CNPJ,203.46,1,0.000473,
8,CLÁUDIO TATSCH,PL,52,BRIDI COMERCIO DE COMBUSTIVEIS E TRANSPORTES LTDA,27.127.918/0001-52,CNPJ,200.02,1,0.000465,
8,CLÁUDIO TATSCH,PL,53,CST SERVICOS DE TI LTDA,52.884.617/0001-10,CNPJ,199.0,1,0.000462,
8,CLÁUDIO TATSCH,PL,54,RGE SUL DISTRIBUIDORA DE ENERGIA S.A.,02.016.440/0001-62,CNPJ,179.46,1,0.000417,
9,COMANDANTE NÁDIA,PL,1,ANS IMPRESSOES GRAFICAS LTDA.,05.677.050/0001-21,CNPJ,154900.64,20,0.232489,
9,COMANDANTE NÁDIA,PL,2,EDUARDO VIEIRA MOGNON,***.528.740-**,CPF,100000.0,1,0.150089,
9,COMANDANTE NÁDIA,PL,3,ANA PAULA MACHADO & MARTINS ADVOGADOS,48.253.677/0001-68,CNPJ,35000.0,1,0.052531,
9,COMANDANTE NÁDIA,PL,4,ELEICAO 2026 FERNANDA DA CUNHA BARTH DEPUTADO FEDERAL,68.312.681/0001-67,CNPJ,35000.0,1,0.052531,
9,COMANDANTE NÁDIA,PL,5,FILIPE KLUG DA SILVA,***.129.470-**,CPF,16500.0,1,0.024765,
9,COMANDANTE NÁDIA,PL,6,FRANCISCO OSORIO BARCELOS OURIQUE,***.223.710-**,CPF,15000.0,1,0.022513,
9,COMANDANTE NÁDIA,PL,7,1000 IMPRESSOES NH LTDA,13.844.156/0001-09,CNPJ,14250.0,1,0.021388,
9,COMANDANTE NÁDIA,PL,8,IVO DA SILVEIRA COIMBRA,***.173.900-**,CPF,14000.0,1,0.021012,
9,COMANDANTE NÁDIA,PL,9,IVAM CARDOSO,***.990.820-**,CPF,10080.0,1,0.015129,
9,COMANDANTE NÁDIA,PL,10,GIULIANO AMARO SILVA DA SILVA,***.325.790-**,CPF,10000.0,1,0.015009,
9,COMANDANTE NÁDIA,PL,11,GUILHERME AUREO PEREIRA DE PEREIRA,***.243.040-**,CPF,8100.0,1,0.012157,
9,COMANDANTE NÁDIA,PL,12,FELIPE VELEDA LOPES,***.838.300-**,CPF,7920.0,1,0.011887,
9,COMANDANTE NÁDIA,PL,13,DANILO MATOS DE MAGALHAES,***.283.740-**,CPF,6000.0,1,0.009005,
9,COMANDANTE NÁDIA,PL,14,ELEICAO 2026 KATIA KASPARY DEPUTADO FEDERAL,68.312.541/0001-99,CNPJ,6000.0,1,0.009005,
9,COMANDANTE NÁDIA,PL,15,GABRIEL MARTINS BECKER DA SILVA,***.064.750-**,CPF,6000.0,1,0.009005,
9,COMANDANTE NÁDIA,PL,16,SANDRA ROZANE DE SOUZA POMPEU,***.588.510-**,CPF,6000.0,1,0.009005,
9,COMANDANTE NÁDIA,PL,17,CENTRAL DE CAMISETAS LTDA,30.295.140/0001-03,CNPJ,5780.0,1,0.008675,
9,COMANDANTE NÁDIA,PL,18,ANDRE LUIZ NICKELE CORDOVA,***.871.020-**,CPF,5000.0,1,0.007504,
9,COMANDANTE NÁDIA,PL,19,DLOCAL BRASIL INSTITUICAO DE PAGAMENTO S.A.,25.021.356/0001-32,CNPJ,5000.0,1,0.007504,
9,COMANDANTE NÁDIA,PL,20,DAFNE CUNHA GOMES NOGUEIRA,***.811.580-**,CPF,4940.0,1,0.007414,
9,COMANDANTE NÁDIA,PL,21,DANIELA ROSA DA ROSA,***.504.660-**,CPF,4940.0,1,0.007414,
9,COMANDANTE NÁDIA,PL,22,EDERSON RAYMUNDO CORNELIUS,***.672.420-**,CPF,4940.0,1,0.007414,
9,COMANDANTE NÁDIA,PL,23,ELIANE PEREIRA DA VEIGA,***.679.920-**,CPF,4940.0,1,0.007414,
9,COMANDANTE NÁDIA,PL,24,FLAIANE DE SOUZA VIEIRA,***.335.350-**,CPF,4940.0,1,0.007414,
9,COMANDANTE NÁDIA,PL,25,HELOISA APARECIDA VERCH,***.723.790-**,CPF,4940.0,1,0.007414,
9,COMANDANTE NÁDIA,PL,26,HENDERSON DOS SANTOS MACHADO,***.550.130-**,CPF,4940.0,1,0.007414,
9,COMANDANTE NÁDIA,PL,27,JORDANA AMARAL LOPES,***.719.970-**,CPF,4940.0,1,0.007414,
9,COMANDANTE NÁDIA,PL,28,JOSE WILSON MACHADO,***.582.510-**,CPF,4940.0,1,0.007414,
9,COMANDANTE NÁDIA,PL,29,KAYLANE FARIA DE SOUZA,***.989.208-**,CPF,4940.0,1,0.007414,
9,COMANDANTE NÁDIA,PL,30,LAURA ANDRIELLY DA SILVA MARTINS,***.921.860-**,CPF,4940.0,1,0.007414,
9,COMANDANTE NÁDIA,PL,31,LAURO ARIGONY DE CASTRO LUCAS,***.745.113-**,CPF,4940.0,1,0.007414,
9,COMANDANTE NÁDIA,PL,32,LIANE DA SILVA LOPES,***.319.750-**,CPF,4940.0,1,0.007414,
9,COMANDANTE NÁDIA,PL,33,LUCAS VELASCO DIAS,***.509.360-**,CPF,4940.0,1,0.007414,
9,COMANDANTE NÁDIA,PL,34,LUCIELE ACOSTA CRIZEL,***.988.130-**,CPF,4940.0,1,0.007414,
9,COMANDANTE NÁDIA,PL,35,MARCELO DE CARVALHO SOARES JUNIOR,***.986.370-**,CPF,4940.0,1,0.007414,
9,COMANDANTE NÁDIA,PL,36,MARIA EDUARDA HAUBERT NOGUEIRA,***.032.350-**,CPF,4940.0,1,0.007414,
9,COMANDANTE NÁDIA,PL,37,NICOLY DANDARA DOS SANTOS,***.515.358-**,CPF,4940.0,1,0.007414,
9,COMANDANTE NÁDIA,PL,38,RITA DE CASSIA PAIVA DA SILVA,***.251.350-**,CPF,4940.0,1,0.007414,
9,COMANDANTE NÁDIA,PL,39,SANDRO CARVALHO WEBER,***.646.120-**,CPF,4940.0,1,0.007414,
9,COMANDANTE NÁDIA,PL,40,SANDRO DOS SANTOS LEOTE,***.276.000-**,CPF,4940.0,1,0.007414,
9,COMANDANTE NÁDIA,PL,41,SERGIO LUZARDO GONCALVES,***.778.440-**,CPF,4940.0,1,0.007414,
9,COMANDANTE NÁDIA,PL,42,THOMAS CHIMENDES RODRIGUES,***.214.570-**,CPF,4940.0,1,0.007414,
9,COMANDANTE NÁDIA,PL,43,VANESSA LOPES SCHWALB,***.726.930-**,CPF,4940.0,1,0.007414,
9,COMANDANTE NÁDIA,PL,44,SPEED PROMOCIONAL INDUSTRIA DE BRINDES LTDA,15.115.234/0001-51,CNPJ,4850.0,5,0.007279,
9,COMANDANTE NÁDIA,PL,45,DOUGLAS ROGER SABOIA DE MATOS,***.160.370-**,CPF,4420.0,1,0.006634,
9,COMANDANTE NÁDIA,PL,46,IVANETE SALETE LAMB,***.314.930-**,CPF,4420.0,1,0.006634,
9,COMANDANTE NÁDIA,PL,47,LARA RIGER,***.931.780-**,CPF,4420.0,1,0.006634,
9,COMANDANTE NÁDIA,PL,48,WILLIAM GABRIEL BRUM DOS SANTOS,***.942.640-**,CPF,4420.0,1,0.006634,
9,COMANDANTE NÁDIA,PL,49,CLARICE CHIOMENTO MINOZZO,***.886.400-**,CPF,4200.0,1,0.006304,
9,COMANDANTE NÁDIA,PL,50,TEDE EDUARDO LIMA FARIAS,***.616.240-**,CPF,4200.0,1,0.006304,
9,COMANDANTE NÁDIA,PL,51,CARLA GLAUCIA WORM,***.160.290-**,CPF,3600.0,1,0.005403,
9,COMANDANTE NÁDIA,PL,52,EVELYN GABRYELA RODRIGUES DA SILVA,***.435.900-**,CPF,2990.0,1,0.004488,
9,COMANDANTE NÁDIA,PL,53,DEBORA SOLANO DA SILVA,***.900.840-**,CPF,2900.0,1,0.004353,
9,COMANDANTE NÁDIA,PL,54,EDSON LUIZ DUARTE DA SILVA,***.824.050-**,CPF,2900.0,1,0.004353,
9,COMANDANTE NÁDIA,PL,55,EDUARDA DO AMARAL DA SILVA,***.457.410-**,CPF,2900.0,1,0.004353,
9,COMANDANTE NÁDIA,PL,56,JOAO HENRIQUE STREB DA SILVA,***.170.840-**,CPF,2900.0,1,0.004353,
9,COMANDANTE NÁDIA,PL,57,MARIA EDUARDA BAUER DE ALMEIDA,***.731.500-**,CPF,2900.0,1,0.004353,
9,COMANDANTE NÁDIA,PL,58,PABLO ROGER HANAUER DOS REIS,***.155.270-**,CPF,2900.0,1,0.004353,
9,COMANDANTE NÁDIA,PL,59,THALES CAMARGO PEREIRA,***.315.220-**,CPF,2900.0,1,0.004353,
9,COMANDANTE NÁDIA,PL,60,MAX WILLIAM SIQUEIRA,***.520.000-**,CPF,2880.0,1,0.004323,
9,COMANDANTE NÁDIA,PL,61,COPY STAR FOTOCOPIAS E ENCADERNACOES LTDA,90.744.509/0001-31,CNPJ,2850.0,3,0.004278,
9,COMANDANTE NÁDIA,PL,62,ADRIANA DE LURDES RODRIGUES DA SILVA,***.146.480-**,CPF,2400.0,1,0.003602,
9,COMANDANTE NÁDIA,PL,63,MARCIANE RODRIGUES DE CAMARGO,***.085.300-**,CPF,2400.0,1,0.003602,
9,COMANDANTE NÁDIA,PL,64,RENILDO DOS SANTOS,***.476.150-**,CPF,2400.0,1,0.003602,
9,COMANDANTE NÁDIA,PL,65,RAFAEL DE MELLO SOARES CHAVES,***.923.430-**,CPF,2320.0,1,0.003482,
9,COMANDANTE NÁDIA,PL,66,SAMANTHA RAMOS DE OLIVEIRA,***.428.700-**,CPF,2320.0,1,0.003482,
9,COMANDANTE NÁDIA,PL,67,MARCOS AURELIO MACHADO LEITE,***.839.200-**,CPF,1875.0,1,0.002814,
9,COMANDANTE NÁDIA,PL,68,EMPRESA BRASILEIRA DE CORREIOS E TELEGRAFOS,34.028.316/5664-41,CNPJ,1811.1,3,0.002718,
9,COMANDANTE NÁDIA,PL,69,FABIANA FERNANDES BAUER,***.037.800-**,CPF,1500.0,1,0.002251,
9,COMANDANTE NÁDIA,PL,70,ESTEFANIA MARCIA LIMA REFFATTI,***.230.320-**,CPF,1450.0,1,0.002176,
9,COMANDANTE NÁDIA,PL,71,SIMONE DA COSTA CARVALHO,***.102.400-**,CPF,1450.0,1,0.002176,
9,COMANDANTE NÁDIA,PL,72,PLANALTO TRANSPORTES LTDA,95.592.077/0001-04,CNPJ,753.75,9,0.001131,
9,COMANDANTE NÁDIA,PL,73,EMPRESA BRASILEIRA DE CORREIOS E TELEGRAFOS,34.028.316/0001-03,CNPJ,731.3,2,0.001098,
9,COMANDANTE NÁDIA,PL,74,CEMM SERVICOS POSTAIS LTDA,94.312.634/0001-23,CNPJ,627.9,1,0.000942,
9,COMANDANTE NÁDIA,PL,75,CHE BELLO EMPREENDIMENTOS IMOBILIARIOS LTDA,88.916.549/0001-71,CNPJ,600.0,1,0.000901,
9,COMANDANTE NÁDIA,PL,76,VIACAO OURO E PRATA SA,92.954.106/0001-42,CNPJ,314.5,4,0.000472,
9,COMANDANTE NÁDIA,PL,77,CERTISIGN CERTIFICADORA DIGITAL S.A,01.554.285/0001-75,CNPJ,274.9,1,0.000413,
9,COMANDANTE NÁDIA,PL,78,CITRAL TRANSPORTE E TURISMO SA,97.755.607/0001-13,CNPJ,160.3,3,0.000241,
9,COMANDANTE NÁDIA,PL,79,EXPRESSO AZUL DE TRANSPORTE SA,91.158.717/0001-11,CNPJ,131.0,3,0.000197,
9,COMANDANTE NÁDIA,PL,80,EXPRESSO EMBAIXADOR LTDA,92.189.612/0001-92,CNPJ,44.8,1,6.7e-05,
9,COMANDANTE NÁDIA,PL,81,VIACAO UNIAO SANTA CRUZ LTDA,95.424.735/0001-59,CNPJ,37.95,1,5.7e-05,
9,COMANDANTE NÁDIA,PL,82,"ELEGIS GESTAO ESTRATEGICA, CONSULTORIA E TECNOLOGIA LTDA",28.067.410/0001-79,CNPJ,27.11,2,4.1e-05,
10,DAIANE MELLO,PL,1,FACEBOOK SERVICOS ONLINE DO BRASIL LTDA.,13.347.016/0001-17,CNPJ,10000.0,1,0.290765,
10,DAIANE MELLO,PL,2,GRAFICA LORENCETTI LTDA,90.079.062/0001-23,CNPJ,7290.0,2,0.211968,
10,DAIANE MELLO,PL,3,BULL BRAZIL CONFECCOES LTDA,48.758.074/0001-18,CNPJ,5518.0,4,0.160444,
10,DAIANE MELLO,PL,4,THIAGO FRANCISCO MOREIRA BRANCO  LTDA,50.958.901/0001-69,CNPJ,4500.0,1,0.130844,
10,DAIANE MELLO,PL,5,RCP ASSESSORIA CONTABIL E ADMINISTRATIVA LTDA,03.991.640/0001-07,CNPJ,3500.0,1,0.101768,
10,DAIANE MELLO,PL,6,MI DIGITAL LTDA.,09.168.032/0001-75,CNPJ,1940.0,5,0.056408,
10,DAIANE MELLO,PL,7,TOPMIDIARS COMUNICACAO VISUAL LTDA,12.693.556/0001-90,CNPJ,1260.0,1,0.036636,
10,DAIANE MELLO,PL,8,FELIPE GORCK ***.884.790-**,20.309.533/0001-67,CNPJ,380.0,1,0.011049,
10,DAIANE MELLO,PL,9,"ENCARGOS FINANCEIROS, TAXAS BANCÁRIAS E/OU OP. CARTÃO DE CRÉDITO",,,4.0,2,0.000116,
11,DELEGADA ANA TAROUCO,PSD,1,FR PUBLICIDADE LTDA,48.059.766/0001-78,CNPJ,107380.0,8,0.296373,
11,DELEGADA ANA TAROUCO,PSD,2,ISIS R. DE V. MARTINS,49.700.039/0001-00,CNPJ,45000.0,1,0.124202,
11,DELEGADA ANA TAROUCO,PSD,3,ASSOCIACAO LITERARIA SAO BOAVENTURA,88.625.181/0007-88,CNPJ,34979.0,4,0.096543,
11,DELEGADA ANA TAROUCO,PSD,4,ADRIANA DE MOURA SARAIVA,08.927.251/0001-28,CNPJ,23100.0,1,0.063757,
11,DELEGADA ANA TAROUCO,PSD,5,ROBSON GONCALVES COELHO,35.625.363/0001-05,CNPJ,16324.0,4,0.045055,
11,DELEGADA ANA TAROUCO,PSD,6,DLOCAL BRASIL INSTITUICAO DE PAGAMENTO S.A.,25.021.356/0001-32,CNPJ,11000.0,2,0.03036,
11,DELEGADA ANA TAROUCO,PSD,7,ROMULO LUPATINI,11.992.531/0001-24,CNPJ,9453.5,5,0.026092,
11,DELEGADA ANA TAROUCO,PSD,8,35.948.912 LUIZ FERNANDO ARRIETA PRESTES,35.948.912/0001-74,CNPJ,6750.0,1,0.01863,
11,DELEGADA ANA TAROUCO,PSD,9,CRISTIANO MACHADO COELHO,***.052.660-**,CPF,4550.0,2,0.012558,
11,DELEGADA ANA TAROUCO,PSD,10,ELIZANDRA TRINDADE SEVERO,***.797.370-**,CPF,4000.0,2,0.01104,
11,DELEGADA ANA TAROUCO,PSD,11,KAUA RUCHINSQUE DE SOUZA,***.721.680-**,CPF,4000.0,2,0.01104,
11,DELEGADA ANA TAROUCO,PSD,12,MARCIELE PACHECO DA ROSA,***.758.270-**,CPF,4000.0,2,0.01104,
11,DELEGADA ANA TAROUCO,PSD,13,MARCOS VINICIOS RODRIGUES FLORES,***.141.330-**,CPF,4000.0,2,0.01104,
11,DELEGADA ANA TAROUCO,PSD,14,MILENE ARRUE SOARES,***.039.060-**,CPF,4000.0,2,0.01104,
11,DELEGADA ANA TAROUCO,PSD,15,PAULO SERGIO FLORIANO LTDA,34.614.459/0001-05,CNPJ,3100.0,3,0.008556,
11,DELEGADA ANA TAROUCO,PSD,16,CESAR ATHAYDE FLORES,***.280.840-**,CPF,2000.0,1,0.00552,
11,DELEGADA ANA TAROUCO,PSD,17,ROBSON FREDO DO PRADO,***.281.350-**,CPF,1450.0,2,0.004002,
11,DELEGADA ANA TAROUCO,PSD,18,JAQUELINE MAUTONE DA MOTTA,***.940.920-**,CPF,1360.0,2,0.003754,
11,DELEGADA ANA TAROUCO,PSD,19,CHIMAPRINT A GRAFICA DO CHIMARRAO LTDA,40.623.347/0001-05,CNPJ,1343.0,2,0.003707,
11,DELEGADA ANA TAROUCO,PSD,20,VITOR DOS SANTOS ANTUNES,***.534.730-**,CPF,1280.0,2,0.003533,
11,DELEGADA ANA TAROUCO,PSD,21,LUCIMAR TEIXEIRA SILVA,***.888.690-**,CPF,1160.0,2,0.003202,
11,DELEGADA ANA TAROUCO,PSD,22,JOSIAS SANTOS MORAES,***.079.650-**,CPF,1000.0,1,0.00276,
11,DELEGADA ANA TAROUCO,PSD,23,PAULO RICARDO MARTINS LARROSA,***.226.750-**,CPF,1000.0,1,0.00276,
11,DELEGADA ANA TAROUCO,PSD,24,ANA LETICIA BERMUDEZ ROSANO,***.222.970-**,CPF,880.0,2,0.002429,
11,DELEGADA ANA TAROUCO,PSD,25,ANA PAULA MACHADO SALDIVIA,***.634.340-**,CPF,880.0,2,0.002429,
11,DELEGADA ANA TAROUCO,PSD,26,DIENIFER GISELE VIEIRA NOGUEIRA,***.907.030-**,CPF,880.0,2,0.002429,
11,DELEGADA ANA TAROUCO,PSD,27,ELIZABETH PEREIRA BIDARTE,***.844.550-**,CPF,880.0,2,0.002429,
11,DELEGADA ANA TAROUCO,PSD,28,IGOR ALVES DOS SANTOS,***.926.880-**,CPF,880.0,2,0.002429,
11,DELEGADA ANA TAROUCO,PSD,29,INGRED VITORIA TORME ALBECHE,***.191.230-**,CPF,880.0,2,0.002429,
11,DELEGADA ANA TAROUCO,PSD,30,JOANINHA MERCEDES LOPES LEAL,***.381.290-**,CPF,880.0,2,0.002429,
11,DELEGADA ANA TAROUCO,PSD,31,JOAO ANTONIO JORGE RIBEIRO,***.361.130-**,CPF,880.0,2,0.002429,
11,DELEGADA ANA TAROUCO,PSD,32,LIZIANE DOS SANTOS ROCHA,***.147.570-**,CPF,880.0,2,0.002429,
11,DELEGADA ANA TAROUCO,PSD,33,LUIS CARLOS GALVAN NUNEZ,***.461.069-**,CPF,880.0,2,0.002429,
11,DELEGADA ANA TAROUCO,PSD,34,LUIZA ALESSANDRA TEIXEIRA SILVA,***.249.930-**,CPF,880.0,2,0.002429,
11,DELEGADA ANA TAROUCO,PSD,35,RENATA LEAL SOUZA,***.718.260-**,CPF,880.0,2,0.002429,
11,DELEGADA ANA TAROUCO,PSD,36,ROSELI DE OLIVEIRA SILVA,***.488.900-**,CPF,880.0,2,0.002429,
11,DELEGADA ANA TAROUCO,PSD,37,ROSICLER TAROUCO GARCIA,***.783.730-**,CPF,880.0,2,0.002429,
11,DELEGADA ANA TAROUCO,PSD,38,WILLIAM TRINDADE LUCAS,***.026.220-**,CPF,840.0,2,0.002318,
11,DELEGADA ANA TAROUCO,PSD,39,ALINE FERREIRA JACINTO,***.991.020-**,CPF,800.0,2,0.002208,
11,DELEGADA ANA TAROUCO,PSD,40,ANA PAULA DA SILVA DA SILVEIRA,***.146.140-**,CPF,800.0,2,0.002208,
11,DELEGADA ANA TAROUCO,PSD,41,ANESIO CARVALHO MARQUES,***.186.540-**,CPF,800.0,2,0.002208,
11,DELEGADA ANA TAROUCO,PSD,42,ANTONIO MARCOS SOARES RODRIGUES,***.411.840-**,CPF,800.0,2,0.002208,
11,DELEGADA ANA TAROUCO,PSD,43,CARLA FERNANDES FAGUNDES COUTINHO,***.842.640-**,CPF,800.0,2,0.002208,
11,DELEGADA ANA TAROUCO,PSD,44,DJULLYA VICTORIA FERREIRA JACINTO,***.990.940-**,CPF,800.0,2,0.002208,
11,DELEGADA ANA TAROUCO,PSD,45,EVERTON PINTO MARTINS,***.336.470-**,CPF,800.0,2,0.002208,
11,DELEGADA ANA TAROUCO,PSD,46,FABIO SOARES DIAS,***.285.600-**,CPF,800.0,2,0.002208,
11,DELEGADA ANA TAROUCO,PSD,47,GENTIL GOULART,***.096.819-**,CPF,800.0,2,0.002208,
11,DELEGADA ANA TAROUCO,PSD,48,HAKATI MUNHOZ COUGO,***.554.540-**,CPF,800.0,2,0.002208,
11,DELEGADA ANA TAROUCO,PSD,49,JANETE MARIA SILVEIRA LAFORTUNE,***.110.960-**,CPF,800.0,2,0.002208,
11,DELEGADA ANA TAROUCO,PSD,50,JOAO CARLOS BISOGNO,***.843.690-**,CPF,800.0,2,0.002208,
11,DELEGADA ANA TAROUCO,PSD,51,JOSE CEDELI MELLO MOREIRA,***.560.130-**,CPF,800.0,2,0.002208,
11,DELEGADA ANA TAROUCO,PSD,52,JOSIANE RUCHINSQUE DE SOUZA,***.516.890-**,CPF,800.0,2,0.002208,
11,DELEGADA ANA TAROUCO,PSD,53,JULIANO MANOLO FERRER GODOY,***.692.190-**,CPF,800.0,2,0.002208,
11,DELEGADA ANA TAROUCO,PSD,54,LUIS AUGUSTO FARIAS VALERIO,***.065.900-**,CPF,800.0,2,0.002208,
11,DELEGADA ANA TAROUCO,PSD,55,LUIZA GENARA DE LIMA PEICHE,***.519.330-**,CPF,800.0,2,0.002208,
11,DELEGADA ANA TAROUCO,PSD,56,MARCELA ESPINDOLA DE MEDEIROS MAZZARDO,***.226.530-**,CPF,800.0,2,0.002208,
11,DELEGADA ANA TAROUCO,PSD,57,MARCIA CRISTINA CORREA,***.571.500-**,CPF,800.0,2,0.002208,
11,DELEGADA ANA TAROUCO,PSD,58,MARCIO NOGUEIRA MENDES CATTANI,***.793.400-**,CPF,800.0,2,0.002208,
11,DELEGADA ANA TAROUCO,PSD,59,MARIA EDUARDA MACHADO DOS SANTOS,***.928.560-**,CPF,800.0,2,0.002208,
11,DELEGADA ANA TAROUCO,PSD,60,MONICA GIANELI FIGUEIREDO PEREIRA,***.551.800-**,CPF,800.0,2,0.002208,
11,DELEGADA ANA TAROUCO,PSD,61,NATIELI SOARES CONDE,***.257.520-**,CPF,800.0,2,0.002208,
11,DELEGADA ANA TAROUCO,PSD,62,PAULA JULIANA BERSATI DA SILVA,***.751.740-**,CPF,800.0,2,0.002208,
11,DELEGADA ANA TAROUCO,PSD,63,PAULO ANDRE DUARTE ROCHA,***.033.050-**,CPF,800.0,2,0.002208,
11,DELEGADA ANA TAROUCO,PSD,64,SANTIAGO STACY GONCALVES DE FREITAS,***.080.130-**,CPF,800.0,2,0.002208,
11,DELEGADA ANA TAROUCO,PSD,65,TAINARA ROJAS PERES,***.696.910-**,CPF,800.0,2,0.002208,
11,DELEGADA ANA TAROUCO,PSD,66,THAIS DA COSTA BARRETO,***.683.120-**,CPF,800.0,2,0.002208,
11,DELEGADA ANA TAROUCO,PSD,67,THIAGO LEMOS TENTARDINI,***.902.260-**,CPF,800.0,2,0.002208,
11,DELEGADA ANA TAROUCO,PSD,68,THIAGO PINTO MACHADO,***.740.130-**,CPF,800.0,2,0.002208,
11,DELEGADA ANA TAROUCO,PSD,69,VANER DE OLIVEIRA DUARTE,***.365.290-**,CPF,800.0,2,0.002208,
11,DELEGADA ANA TAROUCO,PSD,70,ISADORA DA LUZ PORTO,***.474.670-**,CPF,720.0,1,0.001987,
11,DELEGADA ANA TAROUCO,PSD,71,AGHATTA EDUARDA MOREIRA SEVERO,***.979.070-**,CPF,700.0,2,0.001932,
11,DELEGADA ANA TAROUCO,PSD,72,BRUNA COUTINHO TEIXEIRA,***.810.010-**,CPF,700.0,2,0.001932,
11,DELEGADA ANA TAROUCO,PSD,73,CHRISLAYNE DA CUNHA FERREIRA,***.396.250-**,CPF,700.0,2,0.001932,
11,DELEGADA ANA TAROUCO,PSD,74,DAIANE SILVEIRA GOMES,***.356.630-**,CPF,700.0,2,0.001932,
11,DELEGADA ANA TAROUCO,PSD,75,EDUARDA SILVA DO NASCIMENTO,***.741.960-**,CPF,700.0,2,0.001932,
11,DELEGADA ANA TAROUCO,PSD,76,LETHICIA SOUZA JACINTHO,***.313.880-**,CPF,700.0,2,0.001932,
11,DELEGADA ANA TAROUCO,PSD,77,LIVIA SILVA DO NASCIMENTO,***.741.870-**,CPF,700.0,2,0.001932,
11,DELEGADA ANA TAROUCO,PSD,78,LUCIELE GOULART SOARES,***.452.560-**,CPF,700.0,2,0.001932,
11,DELEGADA ANA TAROUCO,PSD,79,MARE DENIZE GOULART DA CUNHA,***.323.710-**,CPF,700.0,2,0.001932,
11,DELEGADA ANA TAROUCO,PSD,80,OLIVIA DIAS DA SILVA,***.502.910-**,CPF,700.0,2,0.001932,
11,DELEGADA ANA TAROUCO,PSD,81,LISIAN JANNER MACHADO,***.748.680-**,CPF,640.0,2,0.001766,
11,DELEGADA ANA TAROUCO,PSD,82,CRISTIANE OLIVEIRA MACHADO,***.372.830-**,CPF,630.0,2,0.001739,
11,DELEGADA ANA TAROUCO,PSD,83,KAILANE DOS SANTOS FAGUNDES,***.495.680-**,CPF,630.0,2,0.001739,
11,DELEGADA ANA TAROUCO,PSD,84,ANA CRISTINA DE OLIVEIRA DOS SANTOS,***.015.470-**,CPF,600.0,2,0.001656,
11,DELEGADA ANA TAROUCO,PSD,85,CARLOS GILBERTO DA SILVA PRATES,***.662.430-**,CPF,600.0,2,0.001656,
11,DELEGADA ANA TAROUCO,PSD,86,CRISTIANE DE PRA,***.013.040-**,CPF,600.0,2,0.001656,
11,DELEGADA ANA TAROUCO,PSD,87,ESTELAMAR DA ROSA DOYLE,***.433.670-**,CPF,600.0,2,0.001656,
11,DELEGADA ANA TAROUCO,PSD,88,GELCI DOS SANTOS PINHEIRO,***.424.980-**,CPF,600.0,2,0.001656,
11,DELEGADA ANA TAROUCO,PSD,89,JOSE LUIZ SEVERO DANELI,***.865.270-**,CPF,600.0,2,0.001656,
11,DELEGADA ANA TAROUCO,PSD,90,KETTLYN VICTORIA DA SILVA DA SILVA,***.797.810-**,CPF,600.0,2,0.001656,
11,DELEGADA ANA TAROUCO,PSD,91,MICHELE RODRIGUES ORTIZ,***.771.160-**,CPF,600.0,2,0.001656,
11,DELEGADA ANA TAROUCO,PSD,92,ROSANE TEREZINHA CAMINHA DO PRADO,***.078.370-**,CPF,600.0,2,0.001656,
11,DELEGADA ANA TAROUCO,PSD,93,ROSEMERI PRATES DE SOUZA,***.792.600-**,CPF,600.0,2,0.001656,
11,DELEGADA ANA TAROUCO,PSD,94,VITORIA MOTA MILBRADT,***.100.160-**,CPF,600.0,2,0.001656,
11,DELEGADA ANA TAROUCO,PSD,95,CARLA ALESSANDRA ABREU,***.456.140-**,CPF,560.0,2,0.001546,
11,DELEGADA ANA TAROUCO,PSD,96,MARIA GIZELDA LEAL ALVES,***.133.200-**,CPF,560.0,2,0.001546,
11,DELEGADA ANA TAROUCO,PSD,97,NATALIA PAZ LEMES,***.360.840-**,CPF,490.0,2,0.001352,
11,DELEGADA ANA TAROUCO,PSD,98,ANDRESSA LEANDRO MACHADO,***.239.560-**,CPF,400.0,1,0.001104,
11,DELEGADA ANA TAROUCO,PSD,99,LETICIA MACHADO BERNARDO,***.418.260-**,CPF,400.0,1,0.001104,
11,DELEGADA ANA TAROUCO,PSD,100,LUCIANA GARCIA FONTANARI,***.272.930-**,CPF,400.0,1,0.001104,
11,DELEGADA ANA TAROUCO,PSD,101,MARIA EDUARDA MAIDANA FAGUNDES SIMOES GONCALVES,***.601.050-**,CPF,400.0,1,0.001104,
11,DELEGADA ANA TAROUCO,PSD,102,MENGALVIO MOURA RODRIGUES,***.065.640-**,CPF,400.0,1,0.001104,
11,DELEGADA ANA TAROUCO,PSD,103,ROBSOM RONEI DO COUTO MACHADO,***.886.730-**,CPF,400.0,1,0.001104,
11,DELEGADA ANA TAROUCO,PSD,104,RONALDO NUNES PIMENTEL,***.457.200-**,CPF,400.0,1,0.001104,
11,DELEGADA ANA TAROUCO,PSD,105,SANDRAMAR GONCALVES RICARDO LOPES,***.347.260-**,CPF,400.0,1,0.001104,
11,DELEGADA ANA TAROUCO,PSD,106,ANDRESSA JARDIM GARCIA,***.843.020-**,CPF,360.0,1,0.000994,
11,DELEGADA ANA TAROUCO,PSD,107,ANGELICA NATALY OLIVERA RODRIGUEZ,***.866.221-**,CPF,360.0,1,0.000994,
11,DELEGADA ANA TAROUCO,PSD,108,BRUNA LARISSA BITTENCOURT DOMINGUES,***.331.390-**,CPF,360.0,1,0.000994,
11,DELEGADA ANA TAROUCO,PSD,109,CINTIA SAMARA TABOADA FERREIRA,***.736.660-**,CPF,360.0,1,0.000994,
11,DELEGADA ANA TAROUCO,PSD,110,DEIVIDI AUGUSTO DE JULI LOPES,***.134.270-**,CPF,360.0,1,0.000994,
11,DELEGADA ANA TAROUCO,PSD,111,ENZO PIAGGIO RODRIGUES,***.246.520-**,CPF,360.0,1,0.000994,
11,DELEGADA ANA TAROUCO,PSD,112,ERIKA DA LUZ QUINTEIRO,***.799.780-**,CPF,360.0,1,0.000994,
11,DELEGADA ANA TAROUCO,PSD,113,EVELYN DA SILVA MIRAILH,***.160.470-**,CPF,360.0,1,0.000994,
11,DELEGADA ANA TAROUCO,PSD,114,EVERTON DOS SANTOS PORTO,***.789.790-**,CPF,360.0,1,0.000994,
11,DELEGADA ANA TAROUCO,PSD,115,FERNANDA ALEXANDRA FERREIRA DIAS,***.534.480-**,CPF,360.0,1,0.000994,
11,DELEGADA ANA TAROUCO,PSD,116,GABRIELE QUINTEIRO MORAIS,***.857.540-**,CPF,360.0,1,0.000994,
11,DELEGADA ANA TAROUCO,PSD,117,JOCIELE BITTENCOURT DOMINGUES,***.406.110-**,CPF,360.0,1,0.000994,
11,DELEGADA ANA TAROUCO,PSD,118,JULIANA DOMINGUES CAVALHEIRO,***.018.100-**,CPF,360.0,1,0.000994,
11,DELEGADA ANA TAROUCO,PSD,119,JULIANA QUADROS DE OLIVEIRA,***.125.170-**,CPF,360.0,1,0.000994,
11,DELEGADA ANA TAROUCO,PSD,120,LUCAS RAFAEL PINTO SOUZA,***.949.850-**,CPF,360.0,1,0.000994,
11,DELEGADA ANA TAROUCO,PSD,121,MARIA ELIZABETE OLIVEIRA DOS SANTOS,***.922.450-**,CPF,360.0,1,0.000994,
11,DELEGADA ANA TAROUCO,PSD,122,MARTA REGINA VASCONCELOS SOARES,***.900.870-**,CPF,360.0,1,0.000994,
11,DELEGADA ANA TAROUCO,PSD,123,VITORIA SOARES RODRIGUES,***.482.650-**,CPF,360.0,1,0.000994,
11,DELEGADA ANA TAROUCO,PSD,124,WILIAN MENEZES DA SILVA,***.516.990-**,CPF,360.0,1,0.000994,
11,DELEGADA ANA TAROUCO,PSD,125,DARCIANE QUEVEDO DE OLIVEIRA,***.799.390-**,CPF,325.0,1,0.000897,
11,DELEGADA ANA TAROUCO,PSD,126,GUILHERME DOS SANTOS ESPINDOLA,***.038.570-**,CPF,325.0,1,0.000897,
11,DELEGADA ANA TAROUCO,PSD,127,DAIANE RODRIGUES MOREIRA,***.416.310-**,CPF,320.0,1,0.000883,
11,DELEGADA ANA TAROUCO,PSD,128,QUEVIN FELIPE FERNANDES VIEIRA,***.693.650-**,CPF,320.0,1,0.000883,
11,DELEGADA ANA TAROUCO,PSD,129,THAIS DE OLIVEIRA SILVA,***.899.800-**,CPF,320.0,1,0.000883,
11,DELEGADA ANA TAROUCO,PSD,130,CATIA DE LIMA MACHADO,***.865.000-**,CPF,300.0,1,0.000828,
11,DELEGADA ANA TAROUCO,PSD,131,EDERSON DE OLIVEIRA MEDEIROS,***.794.310-**,CPF,300.0,1,0.000828,
11,DELEGADA ANA TAROUCO,PSD,132,FLAVIO CESAR RIBEIRO FLORES,***.881.310-**,CPF,300.0,1,0.000828,
11,DELEGADA ANA TAROUCO,PSD,133,KETULYN MARTINS RODRIGUES,***.764.950-**,CPF,300.0,1,0.000828,
11,DELEGADA ANA TAROUCO,PSD,134,MARCIELE E SILVA ALVES,***.287.430-**,CPF,300.0,1,0.000828,
11,DELEGADA ANA TAROUCO,PSD,135,SILVANA DO NASCIMENTO DA SILVA,***.995.990-**,CPF,300.0,1,0.000828,
11,DELEGADA ANA TAROUCO,PSD,136,BIANCA MACHADO DO NASCIMENTO,***.666.690-**,CPF,280.0,1,0.000773,
11,DELEGADA ANA TAROUCO,PSD,137,GABRIELA MADRUGA DA SILVA,***.764.990-**,CPF,280.0,1,0.000773,
11,DELEGADA ANA TAROUCO,PSD,138,"ENCARGOS FINANCEIROS, TAXAS BANCÁRIAS E/OU OP. CARTÃO DE CRÉDITO",,,114.0,8,0.000315,
11,DELEGADA ANA TAROUCO,PSD,139,ZAMLUB COMERCIO IMPORTACAO E EXPORTACAO LTDA,00.706.423/0001-21,CNPJ,100.32,1,0.000277,
11,DELEGADA ANA TAROUCO,PSD,140,NATALIA FERREIRA VARGAS,***.856.410-**,CPF,70.0,1,0.000193,
12,DELEGADA NADINE,PSD,1,1000 IMPRESSOES LTDA,43.545.241/0001-29,CNPJ,87892.5,7,0.17631,
12,DELEGADA NADINE,PSD,2,GIUSTO ESTRATEGIA E COMUNICACAO LTDA,48.961.525/0001-10,CNPJ,80000.0,1,0.160477,
12,DELEGADA NADINE,PSD,3,CRITERIO COMUNICACAO LTDA,14.938.065/0001-97,CNPJ,65000.0,1,0.130388,
12,DELEGADA NADINE,PSD,4,IMPRESUL SERVICO GRAFICO E EDITORA LTDA,92.869.650/0001-96,CNPJ,55554.0,21,0.11144,
12,DELEGADA NADINE,PSD,5,DLOCAL BRASIL INSTITUICAO DE PAGAMENTO S.A.,25.021.356/0001-32,CNPJ,21500.0,4,0.043128,
12,DELEGADA NADINE,PSD,6,LUIZ SIMOES AQUINO,***.037.490-**,CPF,14500.0,1,0.029087,
12,DELEGADA NADINE,PSD,7,LUCAS CASTRO DE SOUZA ***.659.790-**,47.539.876/0001-74,CNPJ,12390.0,1,0.024854,
12,DELEGADA NADINE,PSD,8,PAULO SERGIO OLIVEIRA GONCALVES,***.527.260-**,CPF,12000.0,2,0.024072,
12,DELEGADA NADINE,PSD,9,RADIOATIVA PRODUTORA DE AUDIO LTDA,93.212.520/0001-49,CNPJ,10000.0,1,0.02006,
12,DELEGADA NADINE,PSD,10,RBS - ZERO HORA EDITORA JORNALISTICA S.A.,92.821.701/0001-00,CNPJ,7772.62,1,0.015592,
12,DELEGADA NADINE,PSD,11,ELF LOCADORA DE VEICULOS LTDA,07.447.405/0001-11,CNPJ,6573.33,1,0.013186,
12,DELEGADA NADINE,PSD,12,ADRIANA BEATRIZ NUNES BONIATTI SOCIEDADE INDIVIDUAL DE ADVOCACIA,38.462.641/0001-30,CNPJ,5000.0,1,0.01003,
12,DELEGADA NADINE,PSD,13,ALBERT BREDOW SCHMITZ,***.097.480-**,CPF,5000.0,1,0.01003,
12,DELEGADA NADINE,PSD,14,ALEX STACHLEWSKI,***.643.240-**,CPF,5000.0,1,0.01003,
12,DELEGADA NADINE,PSD,15,ARTHUR BERNARDO ORTH,***.082.170-**,CPF,5000.0,1,0.01003,
12,DELEGADA NADINE,PSD,16,FABIANA PALHARINI,***.103.120-**,CPF,5000.0,1,0.01003,
12,DELEGADA NADINE,PSD,17,FABIANA TEREZINHA VIANA DOS SANTOS,***.470.120-**,CPF,5000.0,1,0.01003,
12,DELEGADA NADINE,PSD,18,JOAO PEDRO DE LIMA JOHN,***.484.450-**,CPF,5000.0,1,0.01003,
12,DELEGADA NADINE,PSD,19,LIANA MARIA RAZEK CUNHA,***.502.140-**,CPF,5000.0,1,0.01003,
12,DELEGADA NADINE,PSD,20,LORENEI CEZAR SZORECK,***.958.330-**,CPF,5000.0,1,0.01003,
12,DELEGADA NADINE,PSD,21,MARCELINO ANTONIO PEDONE DA SILVA,***.370.730-**,CPF,5000.0,1,0.01003,
12,DELEGADA NADINE,PSD,22,ROBSON MARTINS FERREIRA,***.733.290-**,CPF,5000.0,1,0.01003,
12,DELEGADA NADINE,PSD,23,WILLIAN FELIPE MORETTO,***.627.370-**,CPF,4000.0,1,0.008024,
12,DELEGADA NADINE,PSD,24,GRAFICA E EDITORA BOTA AMARELA LTDA,92.390.525/0001-07,CNPJ,3549.0,1,0.007119,
12,DELEGADA NADINE,PSD,25,CENTRO DE TRADICOES GAUCHAS RECANTO DO QUERO-QUERO,13.700.183/0001-08,CNPJ,3000.0,1,0.006018,
12,DELEGADA NADINE,PSD,26,DANIELE VOSS ZIMMERMANN,***.145.840-**,CPF,3000.0,1,0.006018,
12,DELEGADA NADINE,PSD,27,JULIANA SILVA DE SOUZA,***.483.220-**,CPF,3000.0,1,0.006018,
12,DELEGADA NADINE,PSD,28,KALINDY CABEDA DE SOUZA,***.738.770-**,CPF,3000.0,1,0.006018,
12,DELEGADA NADINE,PSD,29,LORILENE CORREA QUEVEDO,26.330.535/0001-14,CNPJ,3000.0,1,0.006018,
12,DELEGADA NADINE,PSD,30,MICHEL OLIVEIRA DA SILVA SOUZA,***.922.005-**,CPF,3000.0,1,0.006018,
12,DELEGADA NADINE,PSD,31,SANDRA JANICE RODRIGUES GOMES,***.761.620-**,CPF,3000.0,1,0.006018,
12,DELEGADA NADINE,PSD,32,R & MELLO INDUSTRIA E COMERCIAL TEXTIL LTDA,05.087.926/0001-80,CNPJ,2980.0,1,0.005978,
12,DELEGADA NADINE,PSD,33,GRAFICA E EDITORA VENANCIO AYRES LTDA,10.567.479/0001-04,CNPJ,2970.0,1,0.005958,
12,DELEGADA NADINE,PSD,34,CEDRO EDITORA E EMPRESA DE COMUNICACAO LTDA,02.347.932/0001-30,CNPJ,2654.0,1,0.005324,
12,DELEGADA NADINE,PSD,35,THAINA DE SOUZA GOMES,***.825.290-**,CPF,2500.0,1,0.005015,
12,DELEGADA NADINE,PSD,36,VANTUIR ALVES GOMES,***.005.500-**,CPF,2500.0,1,0.005015,
12,DELEGADA NADINE,PSD,37,ANGELITA RAQUEL ERMEL DA SILVA,***.633.300-**,CPF,2000.0,1,0.004012,
12,DELEGADA NADINE,PSD,38,ANGELO MARCOS DA ROSA ESPINDOLA,***.041.310-**,CPF,2000.0,1,0.004012,
12,DELEGADA NADINE,PSD,39,JOAO OTAVIO GLOGER KUCERA,***.007.440-**,CPF,2000.0,1,0.004012,
12,DELEGADA NADINE,PSD,40,VIRGINIA MARIA WATHIER,***.336.070-**,CPF,2000.0,1,0.004012,
12,DELEGADA NADINE,PSD,41,EDITORIAL EXPRESSAO LTDA,01.541.262/0001-26,CNPJ,1536.0,2,0.003081,
12,DELEGADA NADINE,PSD,42,CATIA ADRIANA MARTINS RITA NOBREGA,***.778.930-**,CPF,1500.0,1,0.003009,
12,DELEGADA NADINE,PSD,43,ENIO DENOVARO BENTO,***.947.030-**,CPF,1500.0,1,0.003009,
12,DELEGADA NADINE,PSD,44,JANICE RODRIGUES MIRANDA,***.602.160-**,CPF,1500.0,1,0.003009,
12,DELEGADA NADINE,PSD,45,ROSANE BENITES VENITE,***.146.090-**,CPF,1500.0,1,0.003009,
12,DELEGADA NADINE,PSD,46,FIDEM IND. COM. IMPORTACAO E EXPORTACAO LTDA,39.700.252/0002-40,CNPJ,1050.0,1,0.002106,
12,DELEGADA NADINE,PSD,47,ELIZIANE SILVEIRA DE ANDRADE,***.436.540-**,CPF,1000.0,1,0.002006,
12,DELEGADA NADINE,PSD,48,MARCOS GABRIEL SANTOS OLIVEIRA,***.203.220-**,CPF,1000.0,1,0.002006,
12,DELEGADA NADINE,PSD,49,TAMARA SILVA DE OLIVEIRA,***.643.720-**,CPF,1000.0,1,0.002006,
12,DELEGADA NADINE,PSD,50,JORNAL REPERCUSSAO LTDA,17.376.797/0001-29,CNPJ,960.0,1,0.001926,
12,DELEGADA NADINE,PSD,51,EMPRESA JORNALISTICA E DE AUDIOVISUAL TRIBUNA GETULIENSE LTDA,51.687.615/0001-79,CNPJ,900.0,1,0.001805,
12,DELEGADA NADINE,PSD,52,POSTO PETROPOLIS COMERCIO DE COMBUSTIVEIS LTDA,61.034.438/0001-85,CNPJ,507.45,3,0.001018,
12,DELEGADA NADINE,PSD,53,CASA DA IMPRESSORA LTDA,93.519.874/0001-30,CNPJ,500.0,2,0.001003,
12,DELEGADA NADINE,PSD,54,JGRAF IMPRESSOES E COMUNICACAO VISUAL LTDA,64.021.302/0001-29,CNPJ,350.0,1,0.000702,
12,DELEGADA NADINE,PSD,55,ISADORA ABREU DO NASCIMENTO,***.170.300-**,CPF,320.0,1,0.000642,
12,DELEGADA NADINE,PSD,56,MARGUS LEONARDO FONTOURA DE AZEVEDO,***.288.520-**,CPF,320.0,1,0.000642,
12,DELEGADA NADINE,PSD,57,ADRIA VASCONCELLOS SOARES,***.766.040-**,CPF,240.0,1,0.000481,
12,DELEGADA NADINE,PSD,58,ALEXANDRE HERMINIO DIAS,***.683.137-**,CPF,240.0,1,0.000481,
12,DELEGADA NADINE,PSD,59,ANA MELYCIA COSTA OVIDIO,***.733.251-**,CPF,240.0,1,0.000481,
12,DELEGADA NADINE,PSD,60,BRENDA DA SILVA ESTEVES,***.008.010-**,CPF,240.0,1,0.000481,
12,DELEGADA NADINE,PSD,61,EVELYN EDUARDA ROSAURA DOS SANTOS,***.873.400-**,CPF,240.0,1,0.000481,
12,DELEGADA NADINE,PSD,62,JOAO LUIZ DOS SANTOS,***.439.040-**,CPF,240.0,1,0.000481,
12,DELEGADA NADINE,PSD,63,JULIA CRISTINA DA SILVA VIEIRA,***.940.040-**,CPF,240.0,1,0.000481,
12,DELEGADA NADINE,PSD,64,LEANDRO DE MATOS GODINHO,***.807.610-**,CPF,240.0,1,0.000481,
12,DELEGADA NADINE,PSD,65,MARIA LUISA TROLEIS DE OLIVEIRA,***.750.030-**,CPF,240.0,1,0.000481,
12,DELEGADA NADINE,PSD,66,RICHARD COSTA MACHADO,***.977.810-**,CPF,240.0,1,0.000481,
12,DELEGADA NADINE,PSD,67,SHANA MAHARA BARBOZA MARTINELLI,***.174.330-**,CPF,240.0,1,0.000481,
12,DELEGADA NADINE,PSD,68,SUELLEN FESTA DA SILVA,***.315.810-**,CPF,240.0,1,0.000481,
12,DELEGADA NADINE,PSD,69,TAMIRES FRANCIELE SILVA DOS SANTOS,***.567.050-**,CPF,240.0,1,0.000481,
12,DELEGADA NADINE,PSD,70,THAIS MAIER ALVES,***.827.020-**,CPF,240.0,1,0.000481,
12,DELEGADA NADINE,PSD,71,VITORIA SOARES DA SILVA,***.260.370-**,CPF,240.0,1,0.000481,
12,DELEGADA NADINE,PSD,72,JORGE ALBERTO SOUZA DOS SANTOS ***.421.100-**,30.604.614/0001-43,CNPJ,180.0,1,0.000361,
12,DELEGADA NADINE,PSD,73,ALEXSANDRO BATISTA DE OLIVEIRA,***.331.490-**,CPF,120.0,1,0.000241,
12,DELEGADA NADINE,PSD,74,CARLOS ANDRE DORNELES DA TRINDADE,***.213.070-**,CPF,120.0,1,0.000241,
12,DELEGADA NADINE,PSD,75,DANIELA SANTOS MOREIRA,***.653.260-**,CPF,120.0,1,0.000241,
12,DELEGADA NADINE,PSD,76,EDUARDA ORQUIZ DOS SANTOS,***.126.730-**,CPF,120.0,1,0.000241,
12,DELEGADA NADINE,PSD,77,FABIANA DA SILVA MARTINELLI,***.125.960-**,CPF,120.0,1,0.000241,
12,DELEGADA NADINE,PSD,78,ISADORA LOPES BARBOSA,***.868.810-**,CPF,120.0,1,0.000241,
12,DELEGADA NADINE,PSD,79,KETLIN STEFANI DIAS QUADROS,***.658.440-**,CPF,120.0,1,0.000241,
12,DELEGADA NADINE,PSD,80,"ENCARGOS FINANCEIROS, TAXAS BANCÁRIAS E/OU OP. CARTÃO DE CRÉDITO",,,99.5,12,0.0002,
12,DELEGADA NADINE,PSD,81,"IMPOSTOS, CONTRIBUIÇÕES E TAXAS",,,14.1,2,2.8e-05,
13,DELEGADO ZUCCO,Republicanos,1,FACEBOOK SERVICOS ONLINE DO BRASIL LTDA.,13.347.016/0001-17,CNPJ,201882.5,48,0.286277,
13,DELEGADO ZUCCO,Republicanos,2,STUDIO PRINT GRAFICA E EDITORA LTDA,19.539.180/0001-02,CNPJ,179592.5,19,0.254669,
13,DELEGADO ZUCCO,Republicanos,3,DANIEL PRIMO PICCINI,02.603.092/0001-20,CNPJ,85500.0,5,0.121242,
13,DELEGADO ZUCCO,Republicanos,4,LUIS R DA ROSA RAMIRES,45.041.412/0001-08,CNPJ,47500.0,1,0.067357,
13,DELEGADO ZUCCO,Republicanos,5,VANIR DE MATTOS SOCIEDADE DE ADVOGADOS,68.699.386/0001-05,CNPJ,30000.0,1,0.042541,
13,DELEGADO ZUCCO,Republicanos,6,ELEICAO 2026 ROBISON REOLON DEPUTADO FEDERAL,68.379.645/0001-10,CNPJ,27500.0,2,0.038996,
13,DELEGADO ZUCCO,Republicanos,7,57.194.170 GILMAR DOS SANTOS PIRES,57.194.170/0001-71,CNPJ,25000.0,1,0.035451,
13,DELEGADO ZUCCO,Republicanos,8,ANNAJU GRAFICA LTDA,94.560.406/0001-72,CNPJ,20916.0,9,0.02966,
13,DELEGADO ZUCCO,Republicanos,9,ELMAR TRANSPORTES LTDA,30.203.045/0001-24,CNPJ,19300.0,1,0.027368,
13,DELEGADO ZUCCO,Republicanos,10,ALEXANDRE DIAS PETRY,***.372.390-**,CPF,15000.0,1,0.021271,
13,DELEGADO ZUCCO,Republicanos,11,GETAC EMPREENDIMENTOS IMOBILIARIOS LTDA.,07.078.277/0001-86,CNPJ,15000.0,1,0.021271,
13,DELEGADO ZUCCO,Republicanos,12,RONI ADRIANO BERVALDT MULLING,***.706.550-**,CPF,15000.0,1,0.021271,
13,DELEGADO ZUCCO,Republicanos,13,ELEICAO 2026 NILTON MENDES MACHADO DEPUTADO FEDERAL,68.379.784/0001-44,CNPJ,8500.0,1,0.012053,
13,DELEGADO ZUCCO,Republicanos,14,ANA LUISA NARDIN,***.423.320-**,CPF,7000.0,1,0.009926,
13,DELEGADO ZUCCO,Republicanos,15,ALVARO LUIZ PACHECO BECKER,***.806.490-**,CPF,4000.0,1,0.005672,
13,DELEGADO ZUCCO,Republicanos,16,ELEICAO 2026 EDER ANTONIO DE AZEREDO DEPUTADO FEDERAL,68.379.843/0001-84,CNPJ,3500.0,1,0.004963,
13,DELEGADO ZUCCO,Republicanos,17,"ENCARGOS FINANCEIROS, TAXAS BANCÁRIAS E/OU OP. CARTÃO DE CRÉDITO",,,5.5,6,8e-06,
13,DELEGADO ZUCCO,Republicanos,18,QUEROAPOIAR.COM.BR LTDA,39.586.155/0001-97,CNPJ,2.18,1,3e-06,
14,DIEGO PICUCHA,PDT,1,GRAFICA B & L LTDA,03.994.736/0001-10,CNPJ,163660.0,21,0.349792,
14,DIEGO PICUCHA,PDT,2,GRAFICA GAUCHA LTDA,07.368.646/0001-75,CNPJ,104075.0,7,0.22244,
14,DIEGO PICUCHA,PDT,3,FACEBOOK SERVICOS ONLINE DO BRASIL LTDA.,13.347.016/0001-17,CNPJ,46500.0,9,0.099385,
14,DIEGO PICUCHA,PDT,4,MAGALI DE VARGAS & CIA LTDA,18.020.838/0001-02,CNPJ,20000.0,3,0.042746,
14,DIEGO PICUCHA,PDT,5,JORNAL REPERCUSSAO LTDA,17.376.797/0001-29,CNPJ,15981.0,1,0.034156,
14,DIEGO PICUCHA,PDT,6,NENA CONFECCOES LTDA,32.454.145/0001-59,CNPJ,13800.0,3,0.029495,
14,DIEGO PICUCHA,PDT,7,59.125.845 GRAZIELI NICOLI PULS,59.125.845/0001-56,CNPJ,10000.0,1,0.021373,
14,DIEGO PICUCHA,PDT,8,CHAILU EMBALAGENS LTDA,04.716.149/0001-22,CNPJ,10000.0,1,0.021373,
14,DIEGO PICUCHA,PDT,9,CR ASSESSORIA E CONSULTORIA LTDA,59.615.513/0001-50,CNPJ,10000.0,1,0.021373,
14,DIEGO PICUCHA,PDT,10,FELIPPE & GARCIA ADVOCACIA,18.183.139/0001-83,CNPJ,10000.0,1,0.021373,
14,DIEGO PICUCHA,PDT,11,HAMPLYTUDE SONORIZACAO & EVENTOS LTDA,11.403.130/0001-91,CNPJ,10000.0,3,0.021373,
14,DIEGO PICUCHA,PDT,12,SELIA KICH,***.666.160-**,CPF,10000.0,1,0.021373,
14,DIEGO PICUCHA,PDT,13,TADIOTTO & TADIOTTO LTDA,95.211.306/0001-01,CNPJ,6000.0,1,0.012824,
14,DIEGO PICUCHA,PDT,14,JTP IMOVEIS LTDA,07.397.846/0001-56,CNPJ,5500.0,1,0.011755,
14,DIEGO PICUCHA,PDT,15,SM DUBLAGENS E TECIDOS LTDA,36.923.744/0001-25,CNPJ,5392.0,2,0.011524,
14,DIEGO PICUCHA,PDT,16,LAPA MUSICA LTDA,08.335.652/0001-99,CNPJ,5000.0,1,0.010687,
14,DIEGO PICUCHA,PDT,17,MARIA TAINARA PEREIRA,***.385.470-**,CPF,5000.0,1,0.010687,
14,DIEGO PICUCHA,PDT,18,LIANI SCHEFFEL,***.901.680-**,CPF,3000.0,1,0.006412,
14,DIEGO PICUCHA,PDT,19,LUIS ERNESTO BENETTI,***.678.060-**,CPF,3000.0,1,0.006412,
14,DIEGO PICUCHA,PDT,20,LBR CONFECCOES LTDA,33.031.783/0001-20,CNPJ,2790.0,1,0.005963,
14,DIEGO PICUCHA,PDT,21,JAIRO LUIZ VEIGA,***.475.710-**,CPF,2000.0,1,0.004275,
14,DIEGO PICUCHA,PDT,22,ANDREY RODRIGUES CARDOSO DA SILVA,***.633.480-**,CPF,900.0,1,0.001924,
14,DIEGO PICUCHA,PDT,23,POLIANA DOS SANTOS MELO,***.287.690-**,CPF,780.0,1,0.001667,
14,DIEGO PICUCHA,PDT,24,CARLA REGINA DA ROSA,***.621.110-**,CPF,600.0,1,0.001282,
14,DIEGO PICUCHA,PDT,25,CARLOS LEONARDO DOS SANTOS,***.573.490-**,CPF,600.0,1,0.001282,
14,DIEGO PICUCHA,PDT,26,JOSANIA DOS SANTOS MACHADO,***.734.440-**,CPF,600.0,1,0.001282,
14,DIEGO PICUCHA,PDT,27,MARIA MADALENA DE FRAGA MARTINS,***.223.550-**,CPF,600.0,1,0.001282,
14,DIEGO PICUCHA,PDT,28,MILTON PEDROZO NUNES,***.406.070-**,CPF,600.0,1,0.001282,
14,DIEGO PICUCHA,PDT,29,ROSANE NASCIMENTO DA SILVA,***.278.830-**,CPF,600.0,1,0.001282,
14,DIEGO PICUCHA,PDT,30,ROSIVANE AMARAL DA SILVA,***.106.540-**,CPF,600.0,1,0.001282,
14,DIEGO PICUCHA,PDT,31,LUIS FERNANDO GOULARTE CEZAR,***.187.750-**,CPF,300.0,1,0.000641,
15,DIMAS COSTA,PSD,1,RAIZLER INDUSTRIA GRAFICA PROMOCIONAL LTDA,04.132.546/0001-57,CNPJ,80260.0,9,0.231331,
15,DIMAS COSTA,PSD,2,FACEBOOK SERVICOS ONLINE DO BRASIL LTDA.,13.347.016/0001-17,CNPJ,75000.0,7,0.216171,
15,DIMAS COSTA,PSD,3,SUBLIMY PRINT LTDA,58.411.181/0001-29,CNPJ,60794.0,4,0.175225,
15,DIMAS COSTA,PSD,4,ANGELO ARLINDO CARNIELETTO MULLER,33.827.354/0001-63,CNPJ,40000.0,1,0.115291,
15,DIMAS COSTA,PSD,5,SPEED PROMOCIONAL INDUSTRIA DE BRINDES LTDA,15.115.234/0001-51,CNPJ,25000.0,2,0.072057,
15,DIMAS COSTA,PSD,6,DIVULGACOES TG LTDA,53.984.861/0001-18,CNPJ,24000.0,1,0.069175,
15,DIMAS COSTA,PSD,7,RENATA AGUZZOLLI PROENCA SOCIEDADE INDIVIDUAL DE ADVOCACIA,65.928.501/0001-88,CNPJ,15000.0,1,0.043234,
15,DIMAS COSTA,PSD,8,VENANCIO IMOVEIS E CONSTRUCOES LTDA,39.589.915/0001-10,CNPJ,7440.12,1,0.021444,
15,DIMAS COSTA,PSD,9,65.368.473 JOSE ADILSON MARCOS,65.368.473/0001-91,CNPJ,7000.0,1,0.020176,
15,DIMAS COSTA,PSD,10,GUILHERME HENRIQUE PEREIRA OLIVEIRA,***.468.250-**,CPF,5000.0,1,0.014411,
15,DIMAS COSTA,PSD,11,FONSECA E FONSECA IMOBILIARIA LTDA,32.417.957/0001-24,CNPJ,2700.0,1,0.007782,
15,DIMAS COSTA,PSD,12,CLOVIS DANIEL DOS SANTOS VIEIRA,***.597.780-**,CPF,2500.0,1,0.007206,
15,DIMAS COSTA,PSD,13,64.602.398 THIAGO ALMEIDA SILVA,64.602.398/0001-19,CNPJ,830.0,1,0.002392,
15,DIMAS COSTA,PSD,14,CENTHURY ARTES GRAFICAS EDITORA LTDA,93.156.149/0001-45,CNPJ,779.0,2,0.002245,
15,DIMAS COSTA,PSD,15,WEBDE HOST LTDA,12.313.704/0001-01,CNPJ,640.0,1,0.001845,
15,DIMAS COSTA,PSD,16,"ENCARGOS FINANCEIROS, TAXAS BANCÁRIAS E/OU OP. CARTÃO DE CRÉDITO",,,5.0,7,1.4e-05,
16,DIRCEU FRANCISCON,União,1,GRAFICA E EDITORA SAGRADA FAMILIA LTDA,07.528.530/0001-56,CNPJ,155985.2,19,0.374115,
16,DIRCEU FRANCISCON,União,2,ALBAN CREMA E CIA LTDA EM RECUPERACAO JUDICIAL,90.393.687/0001-65,CNPJ,65090.0,12,0.156112,
16,DIRCEU FRANCISCON,União,3,GRAFICA AGETRA LTDA,72.330.772/0001-00,CNPJ,30000.0,1,0.071952,
16,DIRCEU FRANCISCON,União,4,FACEBOOK SERVICOS ONLINE DO BRASIL LTDA.,13.347.016/0001-17,CNPJ,21200.0,3,0.050846,
16,DIRCEU FRANCISCON,União,5,KADU MALHAS COMERCIO DE ROUPAS LTDA,88.804.513/0001-04,CNPJ,19902.0,5,0.047733,
16,DIRCEU FRANCISCON,União,6,MOVIDA PARTICIPACOES S.A.,21.314.559/0020-29,CNPJ,10111.9,2,0.024252,
16,DIRCEU FRANCISCON,União,7,ISABEL CRISTINA ZILIO FLORES,***.462.200-**,CPF,10000.0,1,0.023984,
16,DIRCEU FRANCISCON,União,8,JOKA SUBLIMACAO DIGITAL LTDA,94.350.113/0001-60,CNPJ,8450.0,2,0.020266,
16,DIRCEU FRANCISCON,União,9,RBD SOM E LUZ LTDA,44.704.293/0001-63,CNPJ,7000.0,1,0.016789,
16,DIRCEU FRANCISCON,União,10,ADRIANO ROCZNIAK AZEVEDO,***.519.780-**,CPF,5000.0,1,0.011992,
16,DIRCEU FRANCISCON,União,11,CAROLINA SERRO FONTANA,***.730.700-**,CPF,5000.0,1,0.011992,
16,DIRCEU FRANCISCON,União,12,DANIEL ANDRE FOSCHERA,***.641.790-**,CPF,5000.0,1,0.011992,
16,DIRCEU FRANCISCON,União,13,DELMAR ANTONIO KUNRATH,***.421.410-**,CPF,5000.0,1,0.011992,
16,DIRCEU FRANCISCON,União,14,TRISET IMPRESSOES PERSONALIZADAS LTDA,32.325.686/0001-87,CNPJ,4245.62,5,0.010183,
16,DIRCEU FRANCISCON,União,15,FILIPE CARVALHO KUNRATH LTDA,47.717.630/0001-45,CNPJ,4000.0,1,0.009594,
16,DIRCEU FRANCISCON,União,16,SILVESTRI & SILVESTRI COM LTDA,16.859.009/0001-92,CNPJ,2750.0,1,0.006596,
16,DIRCEU FRANCISCON,União,17,JORNAL CORREIO MARAUENSE LTDA,08.295.254/0001-96,CNPJ,2550.0,1,0.006116,
16,DIRCEU FRANCISCON,União,18,CARLOS ALBERTO ALVES DA SILVA,***.908.960-**,CPF,2400.0,1,0.005756,
16,DIRCEU FRANCISCON,União,19,DANIELA DINIZ DAITX,***.865.350-**,CPF,2400.0,1,0.005756,
16,DIRCEU FRANCISCON,União,20,LESIANE PEREIRA,***.582.220-**,CPF,2400.0,1,0.005756,
16,DIRCEU FRANCISCON,União,21,MARCIA DA ROSA ASUMPCAO,***.347.140-**,CPF,2400.0,1,0.005756,
16,DIRCEU FRANCISCON,União,22,MARIA ELISABETE DE OLIVEIRA RODRIGUES SANTOS,***.945.510-**,CPF,2400.0,1,0.005756,
16,DIRCEU FRANCISCON,União,23,OLI SEBASTIAO JANNES,***.670.780-**,CPF,2400.0,1,0.005756,
16,DIRCEU FRANCISCON,União,24,RAUL KAUFMANN NETO,***.341.330-**,CPF,2400.0,1,0.005756,
16,DIRCEU FRANCISCON,União,25,SAMANTA RODRIGUES SANTOS,***.404.240-**,CPF,2400.0,1,0.005756,
16,DIRCEU FRANCISCON,União,26,SOLANGE SOARES,***.613.590-**,CPF,2400.0,1,0.005756,
16,DIRCEU FRANCISCON,União,27,THAINA DRESCH GONCALVES,***.256.960-**,CPF,2400.0,1,0.005756,
16,DIRCEU FRANCISCON,União,28,GRAFICA E EDITORA BOTA AMARELA LTDA,92.390.525/0001-07,CNPJ,2261.0,3,0.005423,
16,DIRCEU FRANCISCON,União,29,EMPRESAS JORNALISTICA FOLHA DE MARAU LTDA,03.119.050/0001-80,CNPJ,2250.0,3,0.005396,
16,DIRCEU FRANCISCON,União,30,EDELA NIVIA MUNDT MORO,***.736.710-**,CPF,2000.0,1,0.004797,
16,DIRCEU FRANCISCON,União,31,LEO LEMOS PEREIRA SILVA ***.867.010-**,34.331.648/0001-62,CNPJ,2000.0,1,0.004797,
16,DIRCEU FRANCISCON,União,32,RAQUEL TICIANE NARDES FIGUEIREDO,***.915.340-**,CPF,2000.0,1,0.004797,
16,DIRCEU FRANCISCON,União,33,INFORMATIVO REGIONAL EMPRESA JORNALISTICA LTDA,04.539.571/0001-50,CNPJ,1800.0,1,0.004317,
16,DIRCEU FRANCISCON,União,34,ECO REGIONAL EMPREENDIMENTOS JORNALISTICOS LTDA,04.066.340/0001-76,CNPJ,1780.0,1,0.004269,
16,DIRCEU FRANCISCON,União,35,DARLISE RIBEIRO PELEGEIRO,***.354.320-**,CPF,1600.0,1,0.003837,
16,DIRCEU FRANCISCON,União,36,ELIZANDRA LEAL HASELEIN,***.192.020-**,CPF,1600.0,1,0.003837,
16,DIRCEU FRANCISCON,União,37,GIOVANNA DE MOURA RODRIGUES,***.957.180-**,CPF,1600.0,1,0.003837,
16,DIRCEU FRANCISCON,União,38,EOF COMUNICACAO E MARKETING LTDA,27.122.244/0001-01,CNPJ,1110.0,3,0.002662,
16,DIRCEU FRANCISCON,União,39,RENAN SILVA SANTANA,***.597.570-**,CPF,1040.0,1,0.002494,
16,DIRCEU FRANCISCON,União,40,SIMONI SANT ANA TEIXEIRA,***.559.910-**,CPF,1040.0,1,0.002494,
16,DIRCEU FRANCISCON,União,41,EMPRESA JORNALISTICA FELINI LTDA,11.402.029/0001-16,CNPJ,890.0,1,0.002135,
16,DIRCEU FRANCISCON,União,42,JORNAL O CELEIRO LTDA,10.480.535/0001-60,CNPJ,857.25,1,0.002056,
16,DIRCEU FRANCISCON,União,43,RODINEI AGOSTINI & CIA LTDA,03.228.557/0001-72,CNPJ,790.0,1,0.001895,
16,DIRCEU FRANCISCON,União,44,RODINEI AGOSTINI & CIA LTDA,03.228.557/0002-53,CNPJ,790.0,1,0.001895,
16,DIRCEU FRANCISCON,União,45,ROQUE DE COUTO & CIA LTDA,09.612.869/0002-42,CNPJ,760.0,2,0.001823,
16,DIRCEU FRANCISCON,União,46,GENTE NOSSA EDICOES LTDA,92.100.494/0001-02,CNPJ,700.0,1,0.001679,
16,DIRCEU FRANCISCON,União,47,MATEMIDIA JORNAIS E CANAIS DIGITAIS INTEGRADOS LTDA,60.735.203/0001-58,CNPJ,550.0,1,0.001319,
16,DIRCEU FRANCISCON,União,48,SIM REDE DE POSTOS LTDA,07.473.735/0187-14,CNPJ,472.19,3,0.001133,
16,DIRCEU FRANCISCON,União,49,SIM REDE DE POSTOS LTDA,07.473.735/0112-05,CNPJ,458.37,2,0.001099,
16,DIRCEU FRANCISCON,União,50,SIM REDE DE POSTOS LTDA,07.473.735/0121-98,CNPJ,433.06,2,0.001039,
16,DIRCEU FRANCISCON,União,51,SIM REDE DE POSTOS LTDA,07.473.735/0178-23,CNPJ,401.65,2,0.000963,
16,DIRCEU FRANCISCON,União,52,SIM REDE DE POSTOS LTDA,07.473.735/0113-88,CNPJ,282.07,1,0.000677,
16,DIRCEU FRANCISCON,União,53,SIM REDE DE POSTOS LTDA,07.473.735/0241-02,CNPJ,272.78,1,0.000654,
16,DIRCEU FRANCISCON,União,54,SIM REDE DE POSTOS LTDA,07.473.735/0233-94,CNPJ,264.7,1,0.000635,
16,DIRCEU FRANCISCON,União,55,SIM REDE DE POSTOS LTDA,07.473.735/0205-30,CNPJ,259.78,1,0.000623,
16,DIRCEU FRANCISCON,União,56,LS GRAFICA LTDA,63.804.056/0001-19,CNPJ,250.0,1,0.0006,
16,DIRCEU FRANCISCON,União,57,SIM REDE DE POSTOS LTDA,07.473.735/0138-36,CNPJ,249.67,1,0.000599,
16,DIRCEU FRANCISCON,União,58,SIM REDE DE POSTOS LTDA,07.473.735/0135-93,CNPJ,218.4,1,0.000524,
16,DIRCEU FRANCISCON,União,59,SIM REDE DE POSTOS LTDA,07.473.735/0176-61,CNPJ,214.69,1,0.000515,
16,DIRCEU FRANCISCON,União,60,SIM REDE DE POSTOS LTDA,07.473.735/0196-05,CNPJ,170.13,1,0.000408,
16,DIRCEU FRANCISCON,União,61,SIM REDE DE POSTOS LTDA,07.473.735/0081-66,CNPJ,147.41,1,0.000354,
16,DIRCEU FRANCISCON,União,62,SIM REDE DE POSTOS LTDA,07.473.735/0150-22,CNPJ,146.64,1,0.000352,
17,EDIVILSON BRUM,MDB,1,G BENEFICIAMENTO E COMERCIO DE TECIDOS LTDA,88.000.377/0001-91,CNPJ,39870.0,3,0.289651,
17,EDIVILSON BRUM,MDB,2,39.226.947 WILLIAMS CAMPOS BORGES,39.226.947/0001-50,CNPJ,12000.0,1,0.087179,
17,EDIVILSON BRUM,MDB,3,GUSTAVO ECCHER LTDA,39.158.679/0001-87,CNPJ,11875.0,3,0.086271,
17,EDIVILSON BRUM,MDB,4,EMPORIO RESTAURANTE E CAFE LTDA,32.051.077/0001-87,CNPJ,11160.0,1,0.081076,
17,EDIVILSON BRUM,MDB,5,JAQUELINE CREMONINI DA SILVA LTDA,60.443.704/0001-60,CNPJ,9000.0,1,0.065384,
17,EDIVILSON BRUM,MDB,6,SPEED PROMOCIONAL INDUSTRIA DE BRINDES LTDA,15.115.234/0001-51,CNPJ,8200.0,2,0.059572,
17,EDIVILSON BRUM,MDB,7,FACEBOOK SERVICOS ONLINE DO BRASIL LTDA.,13.347.016/0001-17,CNPJ,8000.0,4,0.058119,
17,EDIVILSON BRUM,MDB,8,VERITTAS SOLUCOES LTDA,66.127.468/0001-50,CNPJ,7000.0,1,0.050854,
17,EDIVILSON BRUM,MDB,9,FELIPE DALCIN LUCHESE,***.616.620-**,CPF,6178.33,1,0.044885,
17,EDIVILSON BRUM,MDB,10,HUMANIZZA TREINAMENTOS E PESQUISAS LTDA,21.608.383/0001-55,CNPJ,6000.0,1,0.043589,
17,EDIVILSON BRUM,MDB,11,MARCELO DALCIN,***.353.290-**,CPF,5000.0,1,0.036324,
17,EDIVILSON BRUM,MDB,12,IRMAOS GRACIOLA LTDA,89.310.742/0001-27,CNPJ,3450.0,1,0.025064,
17,EDIVILSON BRUM,MDB,13,ESSENT INOVACAO CONTABIL LTDA,25.188.538/0001-00,CNPJ,3000.0,1,0.021795,
17,EDIVILSON BRUM,MDB,14,LAZARO ELIZEO LUTZ FERREIRA VILELA,45.467.970/0001-30,CNPJ,3000.0,1,0.021795,
17,EDIVILSON BRUM,MDB,15,62.320.332 TAINA SANTOS DA LUZ,62.320.332/0001-00,CNPJ,2620.0,1,0.019034,
17,EDIVILSON BRUM,MDB,16,J. SUL ADMINISTRACAO DE IMOVEIS LTDA,01.950.235/0001-07,CNPJ,1000.0,1,0.007265,
17,EDIVILSON BRUM,MDB,17,ADEMAR LEONCIO MACHADO,00.443.387/0001-50,CNPJ,190.0,1,0.00138,
17,EDIVILSON BRUM,MDB,18,ESPACO LED VIRTUAL LTDA,52.402.246/0001-93,CNPJ,104.95,1,0.000762,
18,EDUARDO LOUREIRO,PDT,1,SPEED PROMOCIONAL INDUSTRIA DE BRINDES LTDA,15.115.234/0001-51,CNPJ,29285.0,1,0.046272,
18,EDUARDO LOUREIRO,PDT,2,GRAFICA E EDITORA ADHARA LTDA,06.697.516/0001-13,CNPJ,25355.0,4,0.040062,
18,EDUARDO LOUREIRO,PDT,3,GUSTAVO ECCHER LTDA,39.158.679/0001-87,CNPJ,19497.94,1,0.030808,
18,EDUARDO LOUREIRO,PDT,4,CAROLINA DE OLIVEIRA KONZEN THOMAS,***.477.240-**,CPF,15500.0,2,0.024491,
18,EDUARDO LOUREIRO,PDT,5,INGORN KRONBAUER,***.077.060-**,CPF,15000.0,1,0.023701,
18,EDUARDO LOUREIRO,PDT,6,LEIDEMAR TEREZINHA ALVES DE JESUS RANZI,***.697.010-**,CPF,15000.0,1,0.023701,
18,EDUARDO LOUREIRO,PDT,7,LEONARDO WOLL OLIVEIRA,***.797.960-**,CPF,15000.0,1,0.023701,
18,EDUARDO LOUREIRO,PDT,8,MARILENE SIMONI DA ROSA,***.909.870-**,CPF,15000.0,1,0.023701,
18,EDUARDO LOUREIRO,PDT,9,NARA ROSANE BULOW DA FEIRA,***.765.230-**,CPF,15000.0,1,0.023701,
18,EDUARDO LOUREIRO,PDT,10,JOSE SANTIAGO AYALA,***.284.860-**,CPF,12000.0,1,0.018961,
18,EDUARDO LOUREIRO,PDT,11,AIRA APARECIDA VOGEL,***.905.770-**,CPF,10000.0,1,0.015801,
18,EDUARDO LOUREIRO,PDT,12,ALVIANI BIDINOTO MUNARI,***.857.900-**,CPF,10000.0,1,0.015801,
18,EDUARDO LOUREIRO,PDT,13,EVERSON SOBREIRO MULLER,***.421.450-**,CPF,10000.0,1,0.015801,
18,EDUARDO LOUREIRO,PDT,14,JARESTON CABRAL,***.851.730-**,CPF,10000.0,1,0.015801,
18,EDUARDO LOUREIRO,PDT,15,LUIZ FERNANDO BARONI,***.188.840-**,CPF,10000.0,1,0.015801,
18,EDUARDO LOUREIRO,PDT,16,UESLEI DUARTE DE OLIVEIRA,***.446.860-**,CPF,10000.0,1,0.015801,
18,EDUARDO LOUREIRO,PDT,17,MAURICIO ROSA DE ALMEIDA,***.673.640-**,CPF,8500.0,1,0.01343,
18,EDUARDO LOUREIRO,PDT,18,EBER ESCOBAR DE ALMEIDA,***.200.620-**,CPF,8000.0,1,0.01264,
18,EDUARDO LOUREIRO,PDT,19,EDUARDO HENRIQUE DA ROSA,***.272.860-**,CPF,8000.0,1,0.01264,
18,EDUARDO LOUREIRO,PDT,20,JOSE ANTONIO SOARES RIGON,***.494.530-**,CPF,8000.0,1,0.01264,
18,EDUARDO LOUREIRO,PDT,21,THOMAS BALBE SARMENTO,***.724.180-**,CPF,8000.0,1,0.01264,
18,EDUARDO LOUREIRO,PDT,22,ALEXANDRE RODRIGUES FALCI,***.902.810-**,CPF,7500.0,1,0.01185,
18,EDUARDO LOUREIRO,PDT,23,MIRIAN DUARTE DA SILVA,***.338.210-**,CPF,7500.0,1,0.01185,
18,EDUARDO LOUREIRO,PDT,24,RAYELLY DIAS ROTILLI,***.673.760-**,CPF,7500.0,1,0.01185,
18,EDUARDO LOUREIRO,PDT,25,SERGIO RIBEIRO RODRIGUES,***.315.780-**,CPF,7500.0,1,0.01185,
18,EDUARDO LOUREIRO,PDT,26,BRUNO DA SILVA LABRES,***.205.470-**,CPF,7000.0,1,0.01106,
18,EDUARDO LOUREIRO,PDT,27,CATARINA MAZUI RUFFO,***.326.080-**,CPF,7000.0,1,0.01106,
18,EDUARDO LOUREIRO,PDT,28,CLAIRTON CARBONI,***.024.990-**,CPF,7000.0,1,0.01106,
18,EDUARDO LOUREIRO,PDT,29,FRANCISCO ADIL CAETANO,***.129.400-**,CPF,7000.0,1,0.01106,
18,EDUARDO LOUREIRO,PDT,30,PEDRO HENRIQUE FRANCO BORBA,***.505.190-**,CPF,7000.0,1,0.01106,
18,EDUARDO LOUREIRO,PDT,31,SOILECI ANA DOS SANTOS DE MATOS,***.576.890-**,CPF,6500.0,1,0.01027,
18,EDUARDO LOUREIRO,PDT,32,ANDERSON SOMAVILA MACIEL,***.758.540-**,CPF,6000.0,1,0.00948,
18,EDUARDO LOUREIRO,PDT,33,ANSELMO FRACARO CARDOSO,***.746.020-**,CPF,6000.0,1,0.00948,
18,EDUARDO LOUREIRO,PDT,34,LUAN DA SILVA,***.652.770-**,CPF,6000.0,1,0.00948,
18,EDUARDO LOUREIRO,PDT,35,AUTOSUL LOCADORA DE VEICULOS LTDA,23.285.134/0001-00,CNPJ,5400.0,1,0.008532,
18,EDUARDO LOUREIRO,PDT,36,ADAO NALDO PEREIRA,***.963.870-**,CPF,5000.0,1,0.0079,
18,EDUARDO LOUREIRO,PDT,37,ALBENEI ROSA CARVALHO,***.472.800-**,CPF,5000.0,1,0.0079,
18,EDUARDO LOUREIRO,PDT,38,CARINA BARBOSA MACHADO,***.283.260-**,CPF,5000.0,1,0.0079,
18,EDUARDO LOUREIRO,PDT,39,CLECIO ANTONIO DA ROSA PIGATTO,***.141.840-**,CPF,5000.0,1,0.0079,
18,EDUARDO LOUREIRO,PDT,40,ELSON BUENO MARTINS,***.878.160-**,CPF,5000.0,1,0.0079,
18,EDUARDO LOUREIRO,PDT,41,JOAO LUIZ DE ARAUJO SILVA,***.234.540-**,CPF,5000.0,1,0.0079,
18,EDUARDO LOUREIRO,PDT,42,JOICE MARIA REZNER FRANTZ,***.164.850-**,CPF,5000.0,1,0.0079,
18,EDUARDO LOUREIRO,PDT,43,JONATHAN SOUZA DUARTE,***.902.150-**,CPF,5000.0,1,0.0079,
18,EDUARDO LOUREIRO,PDT,44,JULIANO DALBOSCO,***.692.760-**,CPF,5000.0,1,0.0079,
18,EDUARDO LOUREIRO,PDT,45,LUIS CLAUDIR DOS SANTOS,***.384.360-**,CPF,5000.0,1,0.0079,
18,EDUARDO LOUREIRO,PDT,46,MARIA DE FATIMA DA CRUZ CARVALHO,***.602.500-**,CPF,5000.0,1,0.0079,
18,EDUARDO LOUREIRO,PDT,47,MICHELE DE AMARAL MACHADO,***.273.800-**,CPF,5000.0,1,0.0079,
18,EDUARDO LOUREIRO,PDT,48,RICHARDSON ARAUJO SILVA,***.336.010-**,CPF,5000.0,1,0.0079,
18,EDUARDO LOUREIRO,PDT,49,VALDEMIR DIAS ABREU JUNIOR,***.315.570-**,CPF,5000.0,1,0.0079,
18,EDUARDO LOUREIRO,PDT,50,MBM PREVIDENCIA COMPLEMENTAR,92.892.256/0001-79,CNPJ,4585.63,1,0.007246,
18,EDUARDO LOUREIRO,PDT,51,LUCAS SILVA BRIZOLA,***.471.140-**,CPF,4500.0,1,0.00711,
18,EDUARDO LOUREIRO,PDT,52,KS AUTO LOCADORA LTDA,00.885.458/0001-75,CNPJ,4400.0,1,0.006952,
18,EDUARDO LOUREIRO,PDT,53,FACEBOOK SERVICOS ONLINE DO BRASIL LTDA.,13.347.016/0001-17,CNPJ,4300.0,5,0.006794,
18,EDUARDO LOUREIRO,PDT,54,CIRANO DE CAMARGO,***.300.230-**,CPF,4000.0,1,0.00632,
18,EDUARDO LOUREIRO,PDT,55,GILDO ANDREI BUDEL DE BARROS,***.144.980-**,CPF,4000.0,1,0.00632,
18,EDUARDO LOUREIRO,PDT,56,INDIARA KIPPER,***.418.290-**,CPF,4000.0,1,0.00632,
18,EDUARDO LOUREIRO,PDT,57,NECI MARIA KARSTEN SCHNEIDER,***.483.830-**,CPF,4000.0,1,0.00632,
18,EDUARDO LOUREIRO,PDT,58,SEDIR LUIZ WASTOWSKI,***.842.290-**,CPF,4000.0,1,0.00632,
18,EDUARDO LOUREIRO,PDT,59,SIMONE DA SILVA DE AGUIAR,***.128.310-**,CPF,4000.0,1,0.00632,
18,EDUARDO LOUREIRO,PDT,60,ERENI JOAO DE JESUS,***.370.720-**,CPF,3600.0,1,0.005688,
18,EDUARDO LOUREIRO,PDT,61,FABIO ROLIM MEDEIROS,***.937.320-**,CPF,3500.0,1,0.00553,
18,EDUARDO LOUREIRO,PDT,62,JANAINA DE JESUS NUNES,***.157.660-**,CPF,3300.0,1,0.005214,
18,EDUARDO LOUREIRO,PDT,63,CLAUDIA GAUSS DE OLIVEIRA,***.470.050-**,CPF,3000.0,1,0.00474,
18,EDUARDO LOUREIRO,PDT,64,DANIEL ZWIRTES,***.257.900-**,CPF,3000.0,1,0.00474,
18,EDUARDO LOUREIRO,PDT,65,GETULIO PORTO,***.423.220-**,CPF,3000.0,1,0.00474,
18,EDUARDO LOUREIRO,PDT,66,JANAINA ODETE QUOOS,***.611.400-**,CPF,3000.0,1,0.00474,
18,EDUARDO LOUREIRO,PDT,67,JOSE FLAVIO CARLESSO,***.171.510-**,CPF,3000.0,1,0.00474,
18,EDUARDO LOUREIRO,PDT,68,JOSE ROBERTO PEIXOTO SOARES,08.263.805/0001-30,CNPJ,3000.0,2,0.00474,
18,EDUARDO LOUREIRO,PDT,69,LUIZ PAZ MACIEL,***.770.510-**,CPF,3000.0,1,0.00474,
18,EDUARDO LOUREIRO,PDT,70,MARA TERESINHA ALVES DA ROSA DE LINHARES,***.186.100-**,CPF,3000.0,1,0.00474,
18,EDUARDO LOUREIRO,PDT,71,MATEUS MACHADO EBESSEN,***.971.830-**,CPF,3000.0,1,0.00474,
18,EDUARDO LOUREIRO,PDT,72,RAQUIEL APARECIDA GOTTEMS HERMES,***.379.670-**,CPF,3000.0,1,0.00474,
18,EDUARDO LOUREIRO,PDT,73,VERA LUCIA GARCIA DE OLIVEIRA,***.878.720-**,CPF,3000.0,1,0.00474,
18,EDUARDO LOUREIRO,PDT,74,LM GRAFICA E EDITORA LTDA,02.118.988/0001-13,CNPJ,2775.0,1,0.004385,
18,EDUARDO LOUREIRO,PDT,75,LUIS GUSTAVO BERNICKER,02.054.848/0001-29,CNPJ,2700.0,1,0.004266,
18,EDUARDO LOUREIRO,PDT,76,CLECI DALAVIA GOMES,***.768.690-**,CPF,2500.0,1,0.00395,
18,EDUARDO LOUREIRO,PDT,77,DANIELI DE ALMEIDA PORTO LTDA,19.850.393/0001-50,CNPJ,2500.0,1,0.00395,
18,EDUARDO LOUREIRO,PDT,78,LEANDRO MONTEIRO DOS SANTOS,***.507.400-**,CPF,2500.0,1,0.00395,
18,EDUARDO LOUREIRO,PDT,79,LISIANE LINCK FEIJO,***.463.900-**,CPF,2500.0,1,0.00395,
18,EDUARDO LOUREIRO,PDT,80,MAYLUSE CARDOSO DA SILVEIRA,***.283.170-**,CPF,2500.0,1,0.00395,
18,EDUARDO LOUREIRO,PDT,81,MILENA FERNANDA TAFFAREL,***.899.880-**,CPF,2500.0,1,0.00395,
18,EDUARDO LOUREIRO,PDT,82,VALDIR SOARES DE OLIVEIRA,***.211.150-**,CPF,2500.0,1,0.00395,
18,EDUARDO LOUREIRO,PDT,83,ANA JUSELI DE SOUZA BENITEZ,***.957.270-**,CPF,2400.0,1,0.003792,
18,EDUARDO LOUREIRO,PDT,84,ALVARO LUIZ SCHEFFEL,***.024.730-**,CPF,2000.0,1,0.00316,
18,EDUARDO LOUREIRO,PDT,85,CAMILA ROSSETTI MILANI,***.476.620-**,CPF,2000.0,1,0.00316,
18,EDUARDO LOUREIRO,PDT,86,CLAUDIO RENI RODRIGUES COSTA,***.211.220-**,CPF,2000.0,1,0.00316,
18,EDUARDO LOUREIRO,PDT,87,DARIO ELIO SCHULLER,***.946.690-**,CPF,2000.0,1,0.00316,
18,EDUARDO LOUREIRO,PDT,88,ENIO GROLLI,***.982.060-**,CPF,2000.0,1,0.00316,
18,EDUARDO LOUREIRO,PDT,89,FERNANDO MIGUEL CORREA,***.116.500-**,CPF,2000.0,1,0.00316,
18,EDUARDO LOUREIRO,PDT,90,GABRIELE RAHMAN MORAES,***.139.970-**,CPF,2000.0,1,0.00316,
18,EDUARDO LOUREIRO,PDT,91,GIULIA EDUARDA MEDEIROS JOSE LUIZ,***.393.510-**,CPF,2000.0,1,0.00316,
18,EDUARDO LOUREIRO,PDT,92,MARCOS LUIZ GONZATTI,***.694.080-**,CPF,2000.0,1,0.00316,
18,EDUARDO LOUREIRO,PDT,93,MATHEUS BORTOLI LOPES,***.825.490-**,CPF,2000.0,1,0.00316,
18,EDUARDO LOUREIRO,PDT,94,OREMA TEREZINHA POSSANI,***.939.990-**,CPF,2000.0,1,0.00316,
18,EDUARDO LOUREIRO,PDT,95,PAULO ARGOLO DE MORAIS,***.820.500-**,CPF,2000.0,1,0.00316,
18,EDUARDO LOUREIRO,PDT,96,RAFAEL MINETTO,***.292.780-**,CPF,2000.0,1,0.00316,
18,EDUARDO LOUREIRO,PDT,97,RENATO LUIZ SCARTEZINI,***.519.510-**,CPF,2000.0,1,0.00316,
18,EDUARDO LOUREIRO,PDT,98,RUI LEOPOLDO BEISE,***.282.770-**,CPF,2000.0,1,0.00316,
18,EDUARDO LOUREIRO,PDT,99,SERGIO SILVA DOS SANTOS,***.770.880-**,CPF,2000.0,1,0.00316,
18,EDUARDO LOUREIRO,PDT,100,TAIANY GLORIA DA ROSA,***.828.180-**,CPF,2000.0,1,0.00316,
18,EDUARDO LOUREIRO,PDT,101,VERA BEATRIZ TEIXEIRA OLAVE RODRIGUES,***.118.600-**,CPF,2000.0,1,0.00316,
18,EDUARDO LOUREIRO,PDT,102,VEPPO CIA LIMITADA,92.660.760/0001-43,CNPJ,1580.55,21,0.002497,
18,EDUARDO LOUREIRO,PDT,103,ALEXANDRE PACHECO PEREIRA,***.222.410-**,CPF,1500.0,1,0.00237,
18,EDUARDO LOUREIRO,PDT,104,ANDRE GUARAGNI,***.750.820-**,CPF,1500.0,1,0.00237,
18,EDUARDO LOUREIRO,PDT,105,BRUNA DIAS GIERO,***.734.210-**,CPF,1500.0,1,0.00237,
18,EDUARDO LOUREIRO,PDT,106,DANIELA CRISTIANE MARTINS,***.457.780-**,CPF,1500.0,1,0.00237,
18,EDUARDO LOUREIRO,PDT,107,DARLEI GOMES GULARTE,***.280.530-**,CPF,1500.0,1,0.00237,
18,EDUARDO LOUREIRO,PDT,108,FABIO RODRIGUES LEMOS,***.937.240-**,CPF,1500.0,1,0.00237,
18,EDUARDO LOUREIRO,PDT,109,FABULO NASCIMENTO DA ROSA,***.672.700-**,CPF,1500.0,1,0.00237,
18,EDUARDO LOUREIRO,PDT,110,IVANILDO LUIS DOS SANTOS GOMES,***.804.384-**,CPF,1500.0,1,0.00237,
18,EDUARDO LOUREIRO,PDT,111,JOAO BATISTA FARIA DE AZAMBUJA,***.045.400-**,CPF,1500.0,1,0.00237,
18,EDUARDO LOUREIRO,PDT,112,MARINEI DA SILVA PEREIRA,***.792.890-**,CPF,1500.0,1,0.00237,
18,EDUARDO LOUREIRO,PDT,113,NATANIEL SATIRO DO VAL CANDIA,***.842.800-**,CPF,1500.0,1,0.00237,
18,EDUARDO LOUREIRO,PDT,114,NEIVALDO JOSE TIBULO,***.219.270-**,CPF,1500.0,1,0.00237,
18,EDUARDO LOUREIRO,PDT,115,NELI ROTILLI SANTIAGO,***.771.310-**,CPF,1500.0,1,0.00237,
18,EDUARDO LOUREIRO,PDT,116,RODNEI VIEGAS BRANCO,***.857.860-**,CPF,1500.0,1,0.00237,
18,EDUARDO LOUREIRO,PDT,117,VANDERLEI DIMAS HOELSCHER,***.729.740-**,CPF,1500.0,1,0.00237,
18,EDUARDO LOUREIRO,PDT,118,VINICIUS IRAJA BARTZ DA ROSA,***.555.610-**,CPF,1500.0,1,0.00237,
18,EDUARDO LOUREIRO,PDT,119,DALTON LUIZ SCHALANSKI,***.137.800-**,CPF,1400.0,1,0.002212,
18,EDUARDO LOUREIRO,PDT,120,DAIANE TIBULO KORBES,***.354.850-**,CPF,1000.0,1,0.00158,
18,EDUARDO LOUREIRO,PDT,121,IDA CARMELHA GARCIA MACHADO,***.711.840-**,CPF,1000.0,1,0.00158,
18,EDUARDO LOUREIRO,PDT,122,IVONE SMOLSKI,***.410.500-**,CPF,1000.0,1,0.00158,
18,EDUARDO LOUREIRO,PDT,123,JEOVANA SCOPEL PICHETI,***.777.540-**,CPF,1000.0,1,0.00158,
18,EDUARDO LOUREIRO,PDT,124,JULIO SARMENTO ALVES,***.367.010-**,CPF,1000.0,1,0.00158,
18,EDUARDO LOUREIRO,PDT,125,LIZIANE GAZANO OURIQUE,***.336.450-**,CPF,1000.0,1,0.00158,
18,EDUARDO LOUREIRO,PDT,126,MARCIA REGINA BALD,***.681.300-**,CPF,1000.0,1,0.00158,
18,EDUARDO LOUREIRO,PDT,127,MAURICIO GANTES DA ROSA,***.887.730-**,CPF,1000.0,1,0.00158,
18,EDUARDO LOUREIRO,PDT,128,SHIRLEY QUEVEDO DE OLIVEIRA,***.760.950-**,CPF,1000.0,1,0.00158,
18,EDUARDO LOUREIRO,PDT,129,VERA LUCIA DE MOURA CARVALHO MARQUES,***.862.060-**,CPF,1000.0,1,0.00158,
18,EDUARDO LOUREIRO,PDT,130,COMERCIO DE COMBUSTIVEIS NEVOEIRO LTDA,95.425.369/0001-52,CNPJ,965.97,4,0.001526,
18,EDUARDO LOUREIRO,PDT,131,GRAFICA JVR LTDA,26.244.006/0001-06,CNPJ,790.0,1,0.001248,
18,EDUARDO LOUREIRO,PDT,132,SANDER COMERCIO DE COMBUSTIVEIS LTDA,91.411.256/0001-47,CNPJ,728.73,3,0.001151,
18,EDUARDO LOUREIRO,PDT,133,LIZETE TEREZINHA MINIKEL KOHLER,***.751.150-**,CPF,600.0,1,0.000948,
18,EDUARDO LOUREIRO,PDT,134,MP POSTOS E LOGISTICA LTDA,23.448.964/0008-79,CNPJ,548.51,2,0.000867,
18,EDUARDO LOUREIRO,PDT,135,THOMAS LAURI GLASER,67.217.857/0001-39,CNPJ,525.0,1,0.00083,
18,EDUARDO LOUREIRO,PDT,136,L M RECORTES E SINALIZACAO LTDA,20.790.493/0001-18,CNPJ,444.0,1,0.000702,
18,EDUARDO LOUREIRO,PDT,137,COMERCIAL DE COMBUSTIVEIS MARGARIDA DO SUL LTDA,31.218.545/0001-00,CNPJ,271.43,1,0.000429,
18,EDUARDO LOUREIRO,PDT,138,POSTO IBP COMERCIO DE COMBUSTIVEIS LTDA,23.981.809/0001-47,CNPJ,271.21,1,0.000429,
18,EDUARDO LOUREIRO,PDT,139,COMERCIAL BUFFON COMBUSTIVEIS E TRANSPORTES LIMITADA,93.489.243/0001-16,CNPJ,266.7,1,0.000421,
18,EDUARDO LOUREIRO,PDT,140,AUTO POSTO SAGRADA FAMILIA LTDA,17.844.042/0001-01,CNPJ,262.01,1,0.000414,
18,EDUARDO LOUREIRO,PDT,141,SIM REDE DE POSTOS LTDA,07.473.735/0001-81,CNPJ,257.74,1,0.000407,
18,EDUARDO LOUREIRO,PDT,142,COOPERATIVA TRITICOLA TAPERENSE LTDA,97.663.728/0057-90,CNPJ,257.34,1,0.000407,
18,EDUARDO LOUREIRO,PDT,143,COMERCIO DE COMBUSTIVEIS FLORESTAL LTDA,02.558.109/0001-74,CNPJ,246.86,1,0.00039,
18,EDUARDO LOUREIRO,PDT,144,POSTO ROSINHA LTDA,24.934.419/0002-60,CNPJ,243.65,1,0.000385,
18,EDUARDO LOUREIRO,PDT,145,RHRISS COMBUSTIVEIS LTDA,04.144.661/0001-41,CNPJ,237.92,1,0.000376,
18,EDUARDO LOUREIRO,PDT,146,COMERCIO DE COMBUSTIVEIS NEVOEIRO LTDA,95.425.369/0006-67,CNPJ,215.16,1,0.00034,
18,EDUARDO LOUREIRO,PDT,147,AUTO POSTO AVENIDA LTDA,42.078.082/0001-37,CNPJ,177.16,1,0.00028,
19,ELIZANDRO SABINO,Republicanos,1,FASTER AGENCIA DE CORREIOS FRANQUEADA LTDA,01.851.020/0001-39,CNPJ,35141.6,2,0.072217,
19,ELIZANDRO SABINO,Republicanos,2,GRAFICA R J R LTDA,93.439.313/0001-21,CNPJ,34050.0,19,0.069973,
19,ELIZANDRO SABINO,Republicanos,3,FABIO P. DA SILVEIRA,22.820.956/0001-72,CNPJ,20250.0,4,0.041614,
19,ELIZANDRO SABINO,Republicanos,4,ANDRESSA ROSA CAPELETTI,***.896.530-**,CPF,15000.0,1,0.030825,
19,ELIZANDRO SABINO,Republicanos,5,EDUARDA DA SILVA BADIA,***.087.960-**,CPF,15000.0,1,0.030825,
19,ELIZANDRO SABINO,Republicanos,6,MARIAH NUNES SEVERO DA SILVA,***.709.800-**,CPF,15000.0,1,0.030825,
19,ELIZANDRO SABINO,Republicanos,7,SAMANTA SILVA ALMEIDA,***.023.670-**,CPF,15000.0,1,0.030825,
19,ELIZANDRO SABINO,Republicanos,8,OTAVIO BALSANIR CENTENA DE OLIVEIRA,***.196.020-**,CPF,12000.0,1,0.02466,
19,ELIZANDRO SABINO,Republicanos,9,TECHNIK BRASIL LTDA,28.011.062/0001-18,CNPJ,10700.0,1,0.021989,
19,ELIZANDRO SABINO,Republicanos,10,JOAS GABRIEL SANDERSON DE OLIVEIRA,***.475.090-**,CPF,10000.0,1,0.02055,
19,ELIZANDRO SABINO,Republicanos,11,JORGE DE MOURA ALMEIDA,***.606.450-**,CPF,10000.0,1,0.02055,
19,ELIZANDRO SABINO,Republicanos,12,JULIANA DA SILVA BORGES,***.672.700-**,CPF,10000.0,1,0.02055,
19,ELIZANDRO SABINO,Republicanos,13,LUCAS DE SOUZA NUNES KLAUS,***.759.340-**,CPF,10000.0,1,0.02055,
19,ELIZANDRO SABINO,Republicanos,14,KATYUSCHA FRANCIELI DOS SANTOS,***.839.550-**,CPF,8500.0,1,0.017468,
19,ELIZANDRO SABINO,Republicanos,15,SPEED PROMOCIONAL INDUSTRIA DE BRINDES LTDA,15.115.234/0001-51,CNPJ,8065.0,4,0.016574,
19,ELIZANDRO SABINO,Republicanos,16,ELISETE JACOB DE OLIVEIRA,***.445.330-**,CPF,8000.0,1,0.01644,
19,ELIZANDRO SABINO,Republicanos,17,PAULO ROBERTO DOS SANTOS,***.868.400-**,CPF,8000.0,1,0.01644,
19,ELIZANDRO SABINO,Republicanos,18,CÉLIO BUENO ANASTÁCIO,***.244.320-**,CPF,7500.0,1,0.015413,
19,ELIZANDRO SABINO,Republicanos,19,PLINIO ANTONIO TOMCZAK,***.521.900-**,CPF,6500.0,1,0.013358,
19,ELIZANDRO SABINO,Republicanos,20,JOB DOS SANTOS LIMA,***.381.010-**,CPF,6000.0,1,0.01233,
19,ELIZANDRO SABINO,Republicanos,21,LUIZA JUVENCIO MOREIRA,***.960.920-**,CPF,6000.0,1,0.01233,
19,ELIZANDRO SABINO,Republicanos,22,JOICE INES FRANZMANN,***.660.130-**,CPF,5557.0,1,0.01142,
19,ELIZANDRO SABINO,Republicanos,23,RUDIMAR ROQUE PILOTTI,***.352.460-**,CPF,5250.0,1,0.010789,
19,ELIZANDRO SABINO,Republicanos,24,ALEX CAMARGO ISEQUIEL,***.269.380-**,CPF,5000.0,1,0.010275,
19,ELIZANDRO SABINO,Republicanos,25,BIANCA NANIAS VIEIRA,***.287.120-**,CPF,5000.0,1,0.010275,
19,ELIZANDRO SABINO,Republicanos,26,ELIANE DE VARGAS FERNANDES,***.746.270-**,CPF,5000.0,1,0.010275,
19,ELIZANDRO SABINO,Republicanos,27,KAUANNA DA SILVA TUNES,***.916.720-**,CPF,5000.0,1,0.010275,
19,ELIZANDRO SABINO,Republicanos,28,KELIN KAROLINE RODRIGUES,***.011.060-**,CPF,5000.0,1,0.010275,
19,ELIZANDRO SABINO,Republicanos,29,MARINA DE FATIMA SILVA AMARAL DE OLIVEIRA,***.068.580-**,CPF,5000.0,1,0.010275,
19,ELIZANDRO SABINO,Republicanos,30,ACIDEMAR HENRIQUES DE MELLO,***.127.890-**,CPF,4800.0,1,0.009864,
19,ELIZANDRO SABINO,Republicanos,31,NAILTON RENE TUSSET MENEZES,***.002.500-**,CPF,4667.0,1,0.009591,
19,ELIZANDRO SABINO,Republicanos,32,NERI DE MOURA BORGES,***.205.640-**,CPF,4667.0,1,0.009591,
19,ELIZANDRO SABINO,Republicanos,33,PAOLA SAUCEDO GODOI,***.226.329-**,CPF,4200.0,1,0.008631,
19,ELIZANDRO SABINO,Republicanos,34,CRIS LIMA SAMPAIO,***.871.750-**,CPF,4000.0,1,0.00822,
19,ELIZANDRO SABINO,Republicanos,35,DENVER CZAPLARSKI LIBIO,***.871.800-**,CPF,4000.0,1,0.00822,
19,ELIZANDRO SABINO,Republicanos,36,MAICO EUGENIO BITTENCOURT GUIMARÃES,***.063.690-**,CPF,4000.0,1,0.00822,
19,ELIZANDRO SABINO,Republicanos,37,PREDIAL E ADMINISTRADORA HOTEIS PLAZA S A,92.784.537/0001-08,CNPJ,4000.0,2,0.00822,
19,ELIZANDRO SABINO,Republicanos,38,ROSE LILIANE DOS SANTOS,***.039.840-**,CPF,4000.0,1,0.00822,
19,ELIZANDRO SABINO,Republicanos,39,ZILDETE DA SILVA,***.302.000-**,CPF,4000.0,1,0.00822,
19,ELIZANDRO SABINO,Republicanos,40,DANIELY MARQUES VENTURA CARPES,***.449.080-**,CPF,3700.0,1,0.007604,
19,ELIZANDRO SABINO,Republicanos,41,CARLOS ANDRÉ SEVERO DA SILVA,***.639.020-**,CPF,3500.0,1,0.007193,
19,ELIZANDRO SABINO,Republicanos,42,DEBORA SILVA GOMES,***.081.050-**,CPF,3500.0,1,0.007193,
19,ELIZANDRO SABINO,Republicanos,43,ENEIDA TERESINHA CYNTRAO AIBAR,***.500.620-**,CPF,3500.0,1,0.007193,
19,ELIZANDRO SABINO,Republicanos,44,MARIA SILVINA AMARAL DA SILVA,***.846.600-**,CPF,3500.0,1,0.007193,
19,ELIZANDRO SABINO,Republicanos,45,ELENITA DE OLIVEIRA,***.069.890-**,CPF,3000.0,1,0.006165,
19,ELIZANDRO SABINO,Republicanos,46,ELIANDRA BORGES DA SILVEIRA DE OLIVEIRA,***.170.600-**,CPF,3000.0,1,0.006165,
19,ELIZANDRO SABINO,Republicanos,47,ESTER DA SILVA NUNES DE CAMPOS,***.933.800-**,CPF,3000.0,1,0.006165,
19,ELIZANDRO SABINO,Republicanos,48,LIZANDRO DOS SANTOS BRASIL,***.644.440-**,CPF,3000.0,1,0.006165,
19,ELIZANDRO SABINO,Republicanos,49,ROZELIO CAMARGO DOS SANTOS JUNIOR,***.729.860-**,CPF,3000.0,1,0.006165,
19,ELIZANDRO SABINO,Republicanos,50,ZURIEL ELIENAI DE OLIVEIRA,***.195.700-**,CPF,3000.0,1,0.006165,
19,ELIZANDRO SABINO,Republicanos,51,BRAIAN FIORI,12.213.827/0001-62,CNPJ,2750.0,1,0.005651,
19,ELIZANDRO SABINO,Republicanos,52,50.121.012 NELSON LUIS FIORI,50.121.012/0001-42,CNPJ,2500.0,1,0.005138,
19,ELIZANDRO SABINO,Republicanos,53,ALBERTO RODRIGUES NICOLAU,***.400.870-**,CPF,2500.0,1,0.005138,
19,ELIZANDRO SABINO,Republicanos,54,ANA LUCIA SILVA DE LUCAS,***.976.790-**,CPF,2500.0,1,0.005138,
19,ELIZANDRO SABINO,Republicanos,55,DANIEL TROLEIS RIBAS,***.749.620-**,CPF,2500.0,1,0.005138,
19,ELIZANDRO SABINO,Republicanos,56,FACEBOOK SERVICOS ONLINE DO BRASIL LTDA.,13.347.016/0001-17,CNPJ,2500.0,2,0.005138,
19,ELIZANDRO SABINO,Republicanos,57,FILIPE AFONSO DE ALMEIDA HEMANN,***.551.500-**,CPF,2500.0,1,0.005138,
19,ELIZANDRO SABINO,Republicanos,58,JUSTINO CLAUDIO PIRES MELLO,***.451.270-**,CPF,2500.0,1,0.005138,
19,ELIZANDRO SABINO,Republicanos,59,JULIANA DA LUZ SANTOS,***.394.000-**,CPF,2500.0,1,0.005138,
19,ELIZANDRO SABINO,Republicanos,60,LUIZ AUGUSTO RODRIGUES MARIANO,***.840.260-**,CPF,2500.0,1,0.005138,
19,ELIZANDRO SABINO,Republicanos,61,RENATA KONIG FERREIRA,***.394.530-**,CPF,2500.0,1,0.005138,
19,ELIZANDRO SABINO,Republicanos,62,RICARDO DA ROSA PEDRO,***.505.520-**,CPF,2500.0,1,0.005138,
19,ELIZANDRO SABINO,Republicanos,63,SINARA TOLEDO NUNES,***.809.560-**,CPF,2500.0,1,0.005138,
19,ELIZANDRO SABINO,Republicanos,64,TAUANE MANUELY DE LUCAS PEDRO,***.873.690-**,CPF,2500.0,1,0.005138,
19,ELIZANDRO SABINO,Republicanos,65,BRUNA MARQUES MOREIRA DA SILVA,***.072.730-**,CPF,2300.0,1,0.004727,
19,ELIZANDRO SABINO,Republicanos,66,MILENA DA COSTA SOARES ALVES,***.647.150-**,CPF,2300.0,1,0.004727,
19,ELIZANDRO SABINO,Republicanos,67,ILDO KNAK JUNIOR,***.635.700-**,CPF,2250.0,1,0.004624,
19,ELIZANDRO SABINO,Republicanos,68,DINAMARES SOARES,***.530.330-**,CPF,2200.0,1,0.004521,
19,ELIZANDRO SABINO,Republicanos,69,CAMILLE GARCIA DE SOUZA,***.154.780-**,CPF,2000.0,1,0.00411,
19,ELIZANDRO SABINO,Republicanos,70,PAULO RICARDO SANTANA MENDONCA,***.627.840-**,CPF,2000.0,1,0.00411,
19,ELIZANDRO SABINO,Republicanos,71,PEDRO MONTEIRO DE JESUS,***.221.585-**,CPF,2000.0,1,0.00411,
19,ELIZANDRO SABINO,Republicanos,72,SUELEN RODRIGUES,***.149.800-**,CPF,2000.0,1,0.00411,
19,ELIZANDRO SABINO,Republicanos,73,ANILTON DE VARGAS,***.621.310-**,CPF,1850.0,1,0.003802,
19,ELIZANDRO SABINO,Republicanos,74,ABER ADRIANO LAMBERTY,***.389.580-**,CPF,1500.0,1,0.003083,
19,ELIZANDRO SABINO,Republicanos,75,DENISSON ROBERTO RIBEIRO DA SILVA,***.925.050-**,CPF,1500.0,1,0.003083,
19,ELIZANDRO SABINO,Republicanos,76,EZEQUIEL LEITE,***.679.940-**,CPF,1500.0,1,0.003083,
19,ELIZANDRO SABINO,Republicanos,77,JORGE LUIS SOUZA DA SILVA,***.428.340-**,CPF,1500.0,1,0.003083,
19,ELIZANDRO SABINO,Republicanos,78,LAURECI SILVA RODRIGUES,***.454.380-**,CPF,1500.0,1,0.003083,
19,ELIZANDRO SABINO,Republicanos,79,LUIZ ALBERTO NEGRINHO DE OLIVEIRA JUNIOR,***.482.600-**,CPF,1500.0,1,0.003083,
19,ELIZANDRO SABINO,Republicanos,80,MAIKON PRESTES FERREIRA,***.263.960-**,CPF,1500.0,1,0.003083,
19,ELIZANDRO SABINO,Republicanos,81,MARCIO CARDON SILVA,***.623.580-**,CPF,1500.0,1,0.003083,
19,ELIZANDRO SABINO,Republicanos,82,MARCELO HENRIQUE MUNIZ MATTOS DE ALMEIDA,***.793.150-**,CPF,1500.0,1,0.003083,
19,ELIZANDRO SABINO,Republicanos,83,JESSICA CAVALHEIRO MACHADO FONSECA,***.174.880-**,CPF,1250.0,1,0.002569,
19,ELIZANDRO SABINO,Republicanos,84,MILLENE DA SILVA BOROWISKI,***.640.220-**,CPF,1250.0,1,0.002569,
19,ELIZANDRO SABINO,Republicanos,85,CLAUDIO OLIVEIRA GONCALVES,***.531.250-**,CPF,1200.0,1,0.002466,
19,ELIZANDRO SABINO,Republicanos,86,ELIZIANE APARECIDA SANTOS DE MELLOS,***.298.640-**,CPF,1200.0,1,0.002466,
19,ELIZANDRO SABINO,Republicanos,87,ISMAEL RODRIGUES DE SOUZA,***.163.120-**,CPF,1200.0,1,0.002466,
19,ELIZANDRO SABINO,Republicanos,88,LUCIANO TROLEIS RIBAS,***.472.010-**,CPF,1200.0,1,0.002466,
19,ELIZANDRO SABINO,Republicanos,89,LUIZ CARLOS GOMES FARIAS,***.417.980-**,CPF,1200.0,1,0.002466,
19,ELIZANDRO SABINO,Republicanos,90,SANDRO PEDROSO GUALBERTO,***.323.290-**,CPF,1200.0,1,0.002466,
19,ELIZANDRO SABINO,Republicanos,91,VALDEMIR NUNES VIEIRA,***.468.570-**,CPF,1200.0,1,0.002466,
19,ELIZANDRO SABINO,Republicanos,92,WAGNER GUGIEL PINTO,***.396.070-**,CPF,1200.0,1,0.002466,
19,ELIZANDRO SABINO,Republicanos,93,ANA MARIA MARTIN DUTRA,***.149.430-**,CPF,1000.0,1,0.002055,
19,ELIZANDRO SABINO,Republicanos,94,ANDRESSA IBALDO DA ROSA PINTO BILIER,***.227.440-**,CPF,1000.0,1,0.002055,
19,ELIZANDRO SABINO,Republicanos,95,BRENO SANTOS DE OLIVEIRA,***.716.200-**,CPF,1000.0,1,0.002055,
19,ELIZANDRO SABINO,Republicanos,96,DANIEL ERNANI RAMOS DA SILVA LOPES,***.663.930-**,CPF,1000.0,1,0.002055,
19,ELIZANDRO SABINO,Republicanos,97,ELIAZAR ALVES,***.690.830-**,CPF,1000.0,1,0.002055,
19,ELIZANDRO SABINO,Republicanos,98,GILBERTO MORAES DE OLIVEIRA,***.362.900-**,CPF,1000.0,1,0.002055,
19,ELIZANDRO SABINO,Republicanos,99,JORGE HENRIQUE DA SILVA,***.716.790-**,CPF,1000.0,1,0.002055,
19,ELIZANDRO SABINO,Republicanos,100,JAIME ALVES MACHADO,***.318.960-**,CPF,1000.0,1,0.002055,
19,ELIZANDRO SABINO,Republicanos,101,MARIA MADALENA DA SILVA ALVES JACQUES,***.082.020-**,CPF,1000.0,1,0.002055,
19,ELIZANDRO SABINO,Republicanos,102,MÁRCIO SILVA,***.105.260-**,CPF,1000.0,1,0.002055,
19,ELIZANDRO SABINO,Republicanos,103,PAULO ROBERTO EVANGELISTA DA FONSECA,***.162.400-**,CPF,1000.0,1,0.002055,
19,ELIZANDRO SABINO,Republicanos,104,RICHARD DOS SANTOS DIAS,***.230.740-**,CPF,1000.0,1,0.002055,
19,ELIZANDRO SABINO,Republicanos,105,TIAGO DA SILVA DE OLIVEIRA,***.890.740-**,CPF,1000.0,1,0.002055,
19,ELIZANDRO SABINO,Republicanos,106,JUNIOR NIENDICKER SOARES,***.608.100-**,CPF,966.0,1,0.001985,
19,ELIZANDRO SABINO,Republicanos,107,ANDERSON GOMES HAESBAERT,***.845.870-**,CPF,900.0,1,0.00185,
19,ELIZANDRO SABINO,Republicanos,108,LAPA MUSICA LTDA,08.335.652/0001-99,CNPJ,900.0,1,0.00185,
19,ELIZANDRO SABINO,Republicanos,109,DIÓGENA NICE DA VEIGA,***.239.300-**,CPF,800.0,1,0.001644,
19,ELIZANDRO SABINO,Republicanos,110,JESSICA CORREA DOS SANTOS,***.175.840-**,CPF,750.0,1,0.001541,
20,GILMAR SOSSELLA,PDT,1,CROMO GRAFICA E EDITORA LTDA,05.476.664/0001-45,CNPJ,23911.2,10,0.040613,
20,GILMAR SOSSELLA,PDT,2,MAIRO INDUSTRIA TEXTIL LTDA,19.543.786/0001-11,CNPJ,16257.5,5,0.027613,
20,GILMAR SOSSELLA,PDT,3,1000 IMPRESSOES NH LTDA,13.844.156/0001-09,CNPJ,13548.48,7,0.023012,
20,GILMAR SOSSELLA,PDT,4,SANSON CADINI & G SAMUJEDEN SERVICOS DE MARKETING PUBLICIDADE LTDA,30.579.552/0001-67,CNPJ,8864.0,2,0.015055,
20,GILMAR SOSSELLA,PDT,5,ANTONIA REJANE AVILA PAIM,***.028.760-**,CPF,8000.0,1,0.013588,
20,GILMAR SOSSELLA,PDT,6,FACCIN & DA CRUZ SOCIEDADE DE ADVOGADOS,49.310.979/0001-93,CNPJ,8000.0,1,0.013588,
20,GILMAR SOSSELLA,PDT,7,JOSE AUGUSTO DE LIMA,***.104.650-**,CPF,8000.0,1,0.013588,
20,GILMAR SOSSELLA,PDT,8,ANDRESSA RODRIGUES FAGUNDES,***.245.180-**,CPF,7000.0,1,0.011889,
20,GILMAR SOSSELLA,PDT,9,EDUARDO LUIS EMMERT,***.684.060-**,CPF,7000.0,1,0.011889,
20,GILMAR SOSSELLA,PDT,10,LAURI DALLAROSA DE SOUZA,***.424.050-**,CPF,7000.0,1,0.011889,
20,GILMAR SOSSELLA,PDT,11,LUCAS ELESBAO BOA NOVA,***.198.720-**,CPF,7000.0,1,0.011889,
20,GILMAR SOSSELLA,PDT,12,VANESSA DE OLIVEIRA,***.613.520-**,CPF,7000.0,1,0.011889,
20,GILMAR SOSSELLA,PDT,13,NICOLI DIAS HERRMANN,***.127.500-**,CPF,6750.0,1,0.011465,
20,GILMAR SOSSELLA,PDT,14,33.530.242 ZILMA TERESINHA DE OLIVEIRA,33.530.242/0001-46,CNPJ,6295.0,3,0.010692,
20,GILMAR SOSSELLA,PDT,15,ALINE BITTENCOURT DA COSTA,***.687.290-**,CPF,6000.0,1,0.010191,
20,GILMAR SOSSELLA,PDT,16,CRISTIANE COSTA DA SILVA,***.281.650-**,CPF,6000.0,1,0.010191,
20,GILMAR SOSSELLA,PDT,17,JOSE VICENTE KOLOGESKI OPRACH,***.477.050-**,CPF,6000.0,1,0.010191,
20,GILMAR SOSSELLA,PDT,18,JOSEMAR RAIMUNDO BANDEIRA,***.600.171-**,CPF,6000.0,1,0.010191,
20,GILMAR SOSSELLA,PDT,19,PATRICK PAZ DOS SANTOS,***.184.370-**,CPF,6000.0,1,0.010191,
20,GILMAR SOSSELLA,PDT,20,PATRÍCIA ILHA CABRAL,***.636.200-**,CPF,5500.0,1,0.009342,
20,GILMAR SOSSELLA,PDT,21,FACEBOOK SERVICOS ONLINE DO BRASIL LTDA.,13.347.016/0001-17,CNPJ,5239.04,3,0.008898,
20,GILMAR SOSSELLA,PDT,22,DARIO ANTONIO DA SILVA LEMOS,***.018.450-**,CPF,5000.0,1,0.008492,
20,GILMAR SOSSELLA,PDT,23,IVO DA COSTA,***.795.200-**,CPF,5000.0,1,0.008492,
20,GILMAR SOSSELLA,PDT,24,JOAO ADRIANO DIAS,***.129.340-**,CPF,5000.0,1,0.008492,
20,GILMAR SOSSELLA,PDT,25,JOAO VITOR CERCATO,***.950.330-**,CPF,5000.0,1,0.008492,
20,GILMAR SOSSELLA,PDT,26,JOSELAINE DA SILVA SANTOS,***.448.550-**,CPF,5000.0,1,0.008492,
20,GILMAR SOSSELLA,PDT,27,JUARES ALVES RODRIGUES,***.681.220-**,CPF,5000.0,1,0.008492,
20,GILMAR SOSSELLA,PDT,28,SHEIRLA MARIA LAZZAROTTO GALLINA,***.440.920-**,CPF,5000.0,1,0.008492,
20,GILMAR SOSSELLA,PDT,29,YASMIN HARDEN QUINES GONCALVES,***.091.040-**,CPF,5000.0,1,0.008492,
20,GILMAR SOSSELLA,PDT,30,AUREA TEREZINHA SCHUNKE,***.317.630-**,CPF,4500.0,1,0.007643,
20,GILMAR SOSSELLA,PDT,31,FELIPE ESTEVAN TERRES DA SILVA,***.760.280-**,CPF,4500.0,1,0.007643,
20,GILMAR SOSSELLA,PDT,32,MARCIANA RENATA FABRIS,***.261.900-**,CPF,4500.0,1,0.007643,
20,GILMAR SOSSELLA,PDT,33,SUZI MARY GARRIDO CRUZ,***.799.580-**,CPF,4500.0,1,0.007643,
20,GILMAR SOSSELLA,PDT,34,CLEONICE DOS REIS PEREIRA,***.233.020-**,CPF,4250.0,1,0.007219,
20,GILMAR SOSSELLA,PDT,35,ANDREIA CRISTINA SGANZERLA,***.098.839-**,CPF,4000.0,1,0.006794,
20,GILMAR SOSSELLA,PDT,36,CANALI E CARRA NEGOCIOS IMOBILIARIOS LTDA,24.598.865/0001-60,CNPJ,4000.0,1,0.006794,
20,GILMAR SOSSELLA,PDT,37,EVILLY SANTOS MACHADO,***.368.050-**,CPF,4000.0,1,0.006794,
20,GILMAR SOSSELLA,PDT,38,GIANE PATRICIO MACHADO,***.933.660-**,CPF,4000.0,1,0.006794,
20,GILMAR SOSSELLA,PDT,39,IVONETE APARECIDA BILIBIO MELO,***.333.760-**,CPF,4000.0,1,0.006794,
20,GILMAR SOSSELLA,PDT,40,JAIR LOMBARDI,***.419.500-**,CPF,4000.0,1,0.006794,
20,GILMAR SOSSELLA,PDT,41,JANE MINETTO DA SILVA,***.475.700-**,CPF,4000.0,1,0.006794,
20,GILMAR SOSSELLA,PDT,42,KIURI MATEUS DE MATOS,***.116.420-**,CPF,4000.0,1,0.006794,
20,GILMAR SOSSELLA,PDT,43,MORGANA DE MELO,***.283.640-**,CPF,4000.0,1,0.006794,
20,GILMAR SOSSELLA,PDT,44,NEUSA TREVIZAN SCARTAZZINI,***.621.620-**,CPF,4000.0,1,0.006794,
20,GILMAR SOSSELLA,PDT,45,PAULO LUIS LUBENOV,***.727.530-**,CPF,4000.0,1,0.006794,
20,GILMAR SOSSELLA,PDT,46,SAMOARA RODRIGUES CHIQUINE ACOSTA,***.914.290-**,CPF,4000.0,1,0.006794,
20,GILMAR SOSSELLA,PDT,47,SERLEI TERESINHA GRUBER,***.668.610-**,CPF,4000.0,1,0.006794,
20,GILMAR SOSSELLA,PDT,48,VAGNER GIORDANI,***.132.660-**,CPF,4000.0,1,0.006794,
20,GILMAR SOSSELLA,PDT,49,WILLIAN BIZARRO DE SOUZA,***.027.710-**,CPF,4000.0,1,0.006794,
20,GILMAR SOSSELLA,PDT,50,DOM ARTE IMPRESSOS LTDA,37.307.177/0001-45,CNPJ,3750.0,2,0.006369,
20,GILMAR SOSSELLA,PDT,51,DANIELA BRINKER SUMANI,***.411.420-**,CPF,3400.0,1,0.005775,
20,GILMAR SOSSELLA,PDT,52,ADEMIR GREGIANIN SANTOS,***.833.500-**,CPF,3000.0,1,0.005095,
20,GILMAR SOSSELLA,PDT,53,ALAIDES FRANCIO DA FONTOURA,***.803.430-**,CPF,3000.0,1,0.005095,
20,GILMAR SOSSELLA,PDT,54,ALEF CAINA MARTINS BUENO,***.081.440-**,CPF,3000.0,1,0.005095,
20,GILMAR SOSSELLA,PDT,55,ANTONIO CLODOVIR BATISTA,***.130.020-**,CPF,3000.0,1,0.005095,
20,GILMAR SOSSELLA,PDT,56,CESAR LUIS DANETTI,***.096.900-**,CPF,3000.0,1,0.005095,
20,GILMAR SOSSELLA,PDT,57,CHAILON KAUA DE JESUS DOS SANTOS,***.801.270-**,CPF,3000.0,1,0.005095,
20,GILMAR SOSSELLA,PDT,58,DICIANE CAMPOS DE OLIVEIRA,***.460.740-**,CPF,3000.0,1,0.005095,
20,GILMAR SOSSELLA,PDT,59,EDUARDO QUENNE SILVEIRA FARIA,***.074.690-**,CPF,3000.0,1,0.005095,
20,GILMAR SOSSELLA,PDT,60,ELIEL NUNES MARTINS,***.671.810-**,CPF,3000.0,1,0.005095,
20,GILMAR SOSSELLA,PDT,61,EMERSON UECKER,***.157.470-**,CPF,3000.0,1,0.005095,
20,GILMAR SOSSELLA,PDT,62,FERNANDO BIASI TAMIOSSO,***.518.750-**,CPF,3000.0,1,0.005095,
20,GILMAR SOSSELLA,PDT,63,HEITOR SEGABINAZZI TEIXEIRA,***.982.340-**,CPF,3000.0,1,0.005095,
20,GILMAR SOSSELLA,PDT,64,HELLEN MACHADO DE VASCONCELOS,***.851.420-**,CPF,3000.0,1,0.005095,
20,GILMAR SOSSELLA,PDT,65,JAIME TURRA CARPENEDO,***.087.600-**,CPF,3000.0,1,0.005095,
20,GILMAR SOSSELLA,PDT,66,JAIRO LUIS IENERICH,***.133.880-**,CPF,3000.0,1,0.005095,
20,GILMAR SOSSELLA,PDT,67,JOAO ALBERTO RODRIGUES MACHADO,***.939.990-**,CPF,3000.0,1,0.005095,
20,GILMAR SOSSELLA,PDT,68,LEANDRO BAPTISTA HAAS,***.609.070-**,CPF,3000.0,1,0.005095,
20,GILMAR SOSSELLA,PDT,69,LEONARDO FERRAZ SOUZA,***.479.700-**,CPF,3000.0,1,0.005095,
20,GILMAR SOSSELLA,PDT,70,LEONARDO PUKALL FERREIRA,***.458.660-**,CPF,3000.0,1,0.005095,
20,GILMAR SOSSELLA,PDT,71,LISSANDRO JOSÉ DINIZ BENITES,***.372.350-**,CPF,3000.0,1,0.005095,
20,GILMAR SOSSELLA,PDT,72,LORECI DE FATIMA ZORTEA,***.471.920-**,CPF,3000.0,1,0.005095,
20,GILMAR SOSSELLA,PDT,73,LUCINDA NUNES DE MORAIS,***.435.290-**,CPF,3000.0,1,0.005095,
20,GILMAR SOSSELLA,PDT,74,MAIQUELI RENATA FRIZON,***.348.480-**,CPF,3000.0,1,0.005095,
20,GILMAR SOSSELLA,PDT,75,MARCIO CAVALHEIRO,***.751.330-**,CPF,3000.0,1,0.005095,
20,GILMAR SOSSELLA,PDT,76,MATHEUS DOS SANTOS DA SILVA,***.015.420-**,CPF,3000.0,1,0.005095,
20,GILMAR SOSSELLA,PDT,77,NAPOLIAO JORGE BORGES DA SILVA,***.025.100-**,CPF,3000.0,1,0.005095,
20,GILMAR SOSSELLA,PDT,78,NEUZA DELLARMELIN CORNELLI,***.653.790-**,CPF,3000.0,1,0.005095,
20,GILMAR SOSSELLA,PDT,79,PAULO MOACIR ALMEIDA DE QUADROS JUNIOR,***.653.690-**,CPF,3000.0,1,0.005095,
20,GILMAR SOSSELLA,PDT,80,PEDRO FRANCISCO TAVARES,***.871.300-**,CPF,3000.0,1,0.005095,
20,GILMAR SOSSELLA,PDT,81,SADI GONCALVES,***.817.180-**,CPF,3000.0,1,0.005095,
20,GILMAR SOSSELLA,PDT,82,SANDRA ROSELY PANDOLFO,***.585.301-**,CPF,3000.0,1,0.005095,
20,GILMAR SOSSELLA,PDT,83,VALQUIRIA COUTO SILVA,***.746.120-**,CPF,3000.0,1,0.005095,
20,GILMAR SOSSELLA,PDT,84,ALVARO RAUL DE SOUZA ZANOLETE,***.019.830-**,CPF,2500.0,1,0.004246,
20,GILMAR SOSSELLA,PDT,85,ANA CRISTINA STIEGELMEIER,***.041.020-**,CPF,2500.0,1,0.004246,
20,GILMAR SOSSELLA,PDT,86,CARLA ANGELICA NEVES CAETANO,***.667.930-**,CPF,2500.0,1,0.004246,
20,GILMAR SOSSELLA,PDT,87,CESAR ELISANDRO BILYCZ DE CAMARGO,***.668.960-**,CPF,2500.0,1,0.004246,
20,GILMAR SOSSELLA,PDT,88,DANIELA MEDIANEIRA PEREIRA,***.509.110-**,CPF,2500.0,1,0.004246,
20,GILMAR SOSSELLA,PDT,89,DEBORA DOS SANTOS BUENO GARCIA,***.401.090-**,CPF,2500.0,1,0.004246,
20,GILMAR SOSSELLA,PDT,90,GENIARA MESQUITA BORGES,***.808.960-**,CPF,2500.0,1,0.004246,
20,GILMAR SOSSELLA,PDT,91,GILBERTO ADAIR MINKS,***.265.590-**,CPF,2500.0,1,0.004246,
20,GILMAR SOSSELLA,PDT,92,GUSTAVO PERES DUARTE,***.052.760-**,CPF,2500.0,1,0.004246,
20,GILMAR SOSSELLA,PDT,93,IVETE ULRICH,***.216.020-**,CPF,2500.0,1,0.004246,
20,GILMAR SOSSELLA,PDT,94,LARISSA GIL DA SILVA BUENO,***.112.100-**,CPF,2500.0,1,0.004246,
20,GILMAR SOSSELLA,PDT,95,MATHEUS VALANDRO DA SILVA,***.159.070-**,CPF,2500.0,1,0.004246,
20,GILMAR SOSSELLA,PDT,96,SERGIO SILVEIRA FERREIRA,***.298.080-**,CPF,2500.0,1,0.004246,
20,GILMAR SOSSELLA,PDT,97,ALCEMAR ENAR SECKLER,***.960.810-**,CPF,2000.0,1,0.003397,
20,GILMAR SOSSELLA,PDT,98,ALCIONI VIEIRA,***.342.400-**,CPF,2000.0,1,0.003397,
20,GILMAR SOSSELLA,PDT,99,ALEANDRO PEIXOTO GRUBELER,***.499.400-**,CPF,2000.0,1,0.003397,
20,GILMAR SOSSELLA,PDT,100,AMANDA CENTA DE BARCELOS,***.540.400-**,CPF,2000.0,1,0.003397,
20,GILMAR SOSSELLA,PDT,101,ANDERSON RODRIGUES MOREIRA,***.556.040-**,CPF,2000.0,1,0.003397,
20,GILMAR SOSSELLA,PDT,102,ANDRE LUIZ GONCALVES MULE,***.589.230-**,CPF,2000.0,1,0.003397,
20,GILMAR SOSSELLA,PDT,103,CAMILE PEREIRA CORTESE,***.943.710-**,CPF,2000.0,1,0.003397,
20,GILMAR SOSSELLA,PDT,104,CLAUDIOMIR BUSA,***.168.610-**,CPF,2000.0,1,0.003397,
20,GILMAR SOSSELLA,PDT,105,DAIANA AUREA FABER ILHA,***.229.370-**,CPF,2000.0,1,0.003397,
20,GILMAR SOSSELLA,PDT,106,DANIELA SALES EMILIO,***.067.770-**,CPF,2000.0,1,0.003397,
20,GILMAR SOSSELLA,PDT,107,DOUGLAS DORR,***.246.070-**,CPF,2000.0,1,0.003397,
20,GILMAR SOSSELLA,PDT,108,EDINA REGINA DE ARRUDA,***.332.790-**,CPF,2000.0,1,0.003397,
20,GILMAR SOSSELLA,PDT,109,ELLEN FIUZA BATISTA,***.810.450-**,CPF,2000.0,1,0.003397,
20,GILMAR SOSSELLA,PDT,110,FELIPE DEVENS BITENCOURT,***.161.640-**,CPF,2000.0,1,0.003397,
20,GILMAR SOSSELLA,PDT,111,FERNANDO HENRIQUE CERUTTI,***.345.870-**,CPF,2000.0,1,0.003397,
20,GILMAR SOSSELLA,PDT,112,GETULIO BECKER DA SILVA,***.381.330-**,CPF,2000.0,1,0.003397,
20,GILMAR SOSSELLA,PDT,113,GUILHERME NUNES MUNIZ,***.801.260-**,CPF,2000.0,1,0.003397,
20,GILMAR SOSSELLA,PDT,114,ISIS SCHUSTER HOMRICH,***.311.050-**,CPF,2000.0,1,0.003397,
20,GILMAR SOSSELLA,PDT,115,JOAO BATISTA DOS SANTOS D AVILA,***.207.390-**,CPF,2000.0,1,0.003397,
20,GILMAR SOSSELLA,PDT,116,JORGE ADAO MACHADO SILVA,***.174.070-**,CPF,2000.0,1,0.003397,
20,GILMAR SOSSELLA,PDT,117,JORGE LUIZ AGAZZI,***.076.300-**,CPF,2000.0,1,0.003397,
20,GILMAR SOSSELLA,PDT,118,JOSE ADELMO FURTADO,***.174.180-**,CPF,2000.0,1,0.003397,
20,GILMAR SOSSELLA,PDT,119,JUSSIE FERNANDO TEIXEIRA,***.670.940-**,CPF,2000.0,1,0.003397,
20,GILMAR SOSSELLA,PDT,120,KATIANE BORTOLUZZI,***.631.180-**,CPF,2000.0,1,0.003397,
20,GILMAR SOSSELLA,PDT,121,LEIA APARECIDA BOTTEGA LORENZON,***.736.760-**,CPF,2000.0,1,0.003397,
20,GILMAR SOSSELLA,PDT,122,LUCAS OLIVEIRA PINTO,***.252.720-**,CPF,2000.0,1,0.003397,
20,GILMAR SOSSELLA,PDT,123,MARIA CRISTINA ROSSI,***.274.800-**,CPF,2000.0,1,0.003397,
20,GILMAR SOSSELLA,PDT,124,MARJA DE FÁTIMA BOSA,***.872.150-**,CPF,2000.0,1,0.003397,
20,GILMAR SOSSELLA,PDT,125,MARLETE WERNER,***.620.690-**,CPF,2000.0,1,0.003397,
20,GILMAR SOSSELLA,PDT,126,MARLON HENRICO KUNRATH,***.132.950-**,CPF,2000.0,1,0.003397,
20,GILMAR SOSSELLA,PDT,127,MATHEUS TIARAJU SILVA,***.427.410-**,CPF,2000.0,1,0.003397,
20,GILMAR SOSSELLA,PDT,128,MIRTA MARCIA FARDIN,***.582.380-**,CPF,2000.0,1,0.003397,
20,GILMAR SOSSELLA,PDT,129,NARA TERESINHA BLANCO SILVA PINTO,***.177.570-**,CPF,2000.0,1,0.003397,
20,GILMAR SOSSELLA,PDT,130,NEURI STAGGEMEIER,***.519.280-**,CPF,2000.0,1,0.003397,
20,GILMAR SOSSELLA,PDT,131,PATRICIA CANDIDO DE SOUSA MARIANO,***.109.860-**,CPF,2000.0,1,0.003397,
20,GILMAR SOSSELLA,PDT,132,RICHIELLY DA CUNHA PINHEIRO,***.798.180-**,CPF,2000.0,1,0.003397,
20,GILMAR SOSSELLA,PDT,133,ROBERTA DE ALMEIDA MARTINS,***.079.980-**,CPF,2000.0,1,0.003397,
20,GILMAR SOSSELLA,PDT,134,ROSA STEFANI REICHEMBACH,***.769.630-**,CPF,2000.0,1,0.003397,
20,GILMAR SOSSELLA,PDT,135,ROZELA MARCIA DE MELLO,***.845.670-**,CPF,2000.0,1,0.003397,
20,GILMAR SOSSELLA,PDT,136,SILVANA DA LUZ ALVES,***.980.440-**,CPF,2000.0,1,0.003397,
20,GILMAR SOSSELLA,PDT,137,SOLANGE TRINDADE SILVEIRA,***.008.550-**,CPF,2000.0,1,0.003397,
20,GILMAR SOSSELLA,PDT,138,TAINARA DA SILVA DOS SANTOS,***.965.900-**,CPF,2000.0,1,0.003397,
20,GILMAR SOSSELLA,PDT,139,THIAGO SOARES DAVILA,***.520.320-**,CPF,2000.0,1,0.003397,
20,GILMAR SOSSELLA,PDT,140,VALMIR BOITA,***.707.300-**,CPF,2000.0,1,0.003397,
20,GILMAR SOSSELLA,PDT,141,VALMIR LUIZ BAU,***.213.400-**,CPF,2000.0,1,0.003397,
20,GILMAR SOSSELLA,PDT,142,VANESSA SOARES VILLELA,***.835.380-**,CPF,2000.0,1,0.003397,
20,GILMAR SOSSELLA,PDT,143,MARCIA ANDREIA BENITES PORTO,***.044.920-**,CPF,1800.0,1,0.003057,
20,GILMAR SOSSELLA,PDT,144,ALBERI ANTONIO PAIN,***.505.890-**,CPF,1500.0,1,0.002548,
20,GILMAR SOSSELLA,PDT,145,ANGELA MARIA BERGENTHAL,***.308.530-**,CPF,1500.0,1,0.002548,
20,GILMAR SOSSELLA,PDT,146,CLEIDIR INES REITER,***.628.390-**,CPF,1500.0,1,0.002548,
20,GILMAR SOSSELLA,PDT,147,DAIANA FIGUEIRA,***.921.750-**,CPF,1500.0,1,0.002548,
20,GILMAR SOSSELLA,PDT,148,DINAURA SILVA MATOS,***.513.600-**,CPF,1500.0,1,0.002548,
20,GILMAR SOSSELLA,PDT,149,DIOVANA RODRIGUES CACERES,***.844.670-**,CPF,1500.0,1,0.002548,
20,GILMAR SOSSELLA,PDT,150,EVERALDO GUARDA LARA,***.301.250-**,CPF,1500.0,1,0.002548,
20,GILMAR SOSSELLA,PDT,151,FERNANDO RODRIGUES DE LIMA,***.942.860-**,CPF,1500.0,1,0.002548,
20,GILMAR SOSSELLA,PDT,152,FRANCIS BAMPI,***.698.110-**,CPF,1500.0,1,0.002548,
20,GILMAR SOSSELLA,PDT,153,JESSICA DE BORBA LOPES,***.798.550-**,CPF,1500.0,1,0.002548,
20,GILMAR SOSSELLA,PDT,154,KAIANE SANTOS DOS SANTOS,***.445.630-**,CPF,1500.0,1,0.002548,
20,GILMAR SOSSELLA,PDT,155,LANDA ALVES DE AZEVEDO FRANCO,***.692.100-**,CPF,1500.0,1,0.002548,
20,GILMAR SOSSELLA,PDT,156,LOURIZA CALISTRO PINTO,***.444.690-**,CPF,1500.0,1,0.002548,
20,GILMAR SOSSELLA,PDT,157,MAGNUS RODRIGO ARNOLD,***.793.100-**,CPF,1500.0,1,0.002548,
20,GILMAR SOSSELLA,PDT,158,MAICON DE SOUZA DE FREITAS,***.000.360-**,CPF,1500.0,1,0.002548,
20,GILMAR SOSSELLA,PDT,159,SAMIRA DA SILVA COSENZA,***.926.590-**,CPF,1500.0,1,0.002548,
20,GILMAR SOSSELLA,PDT,160,SILVAL BOENO FERREIRA,***.758.650-**,CPF,1500.0,1,0.002548,
20,GILMAR SOSSELLA,PDT,161,VALQUIRIA SOUZA E SILVA,***.501.450-**,CPF,1400.0,1,0.002378,
20,GILMAR SOSSELLA,PDT,162,FLAVIO HELDER DA SILVA LOPES,***.605.720-**,CPF,1300.0,1,0.002208,
20,GILMAR SOSSELLA,PDT,163,OLIMPIA ELVIRA SERATTI MAGANINI,***.904.900-**,CPF,1200.0,1,0.002038,
20,GILMAR SOSSELLA,PDT,164,RAFAEL CEZAR DA SILVA,***.363.810-**,CPF,1200.0,1,0.002038,
20,GILMAR SOSSELLA,PDT,165,ROSELEI DRESSLER RAABE,***.662.550-**,CPF,1200.0,1,0.002038,
20,GILMAR SOSSELLA,PDT,166,SAUL DA SILVA CAMARA,***.644.410-**,CPF,1200.0,1,0.002038,
20,GILMAR SOSSELLA,PDT,167,VAGNER PRATES CAMPOS,***.879.200-**,CPF,1200.0,1,0.002038,
20,GILMAR SOSSELLA,PDT,168,VALDECI GARCIA DOS SANTOS,***.250.700-**,CPF,1200.0,1,0.002038,
20,GILMAR SOSSELLA,PDT,169,45.555.095 TIAGO PELISSARI,45.555.095/0001-48,CNPJ,1140.0,2,0.001936,
20,GILMAR SOSSELLA,PDT,170,ARMANDO JOAO SZELONG,***.345.700-**,CPF,1000.0,1,0.001698,
20,GILMAR SOSSELLA,PDT,171,EDGAR ARAUJO DOS SANTOS,***.483.000-**,CPF,1000.0,1,0.001698,
20,GILMAR SOSSELLA,PDT,172,EDISON LUIS DA SILVA,***.572.430-**,CPF,1000.0,1,0.001698,
20,GILMAR SOSSELLA,PDT,173,FABIANE RITEZEL,***.891.990-**,CPF,1000.0,1,0.001698,
20,GILMAR SOSSELLA,PDT,174,FERNANDO SILVEIRA FERNANDES,***.851.100-**,CPF,1000.0,1,0.001698,
20,GILMAR SOSSELLA,PDT,175,JAQUELINE ACOSTA DOS REIS,***.783.690-**,CPF,1000.0,1,0.001698,
20,GILMAR SOSSELLA,PDT,176,JOAO JOSE CORREA BETIM,***.092.830-**,CPF,1000.0,1,0.001698,
20,GILMAR SOSSELLA,PDT,177,JOAO VITOR RIBACHEK,***.906.930-**,CPF,1000.0,1,0.001698,
20,GILMAR SOSSELLA,PDT,178,JOCARLA DE BRITO WILLRICH,***.791.320-**,CPF,1000.0,1,0.001698,
20,GILMAR SOSSELLA,PDT,179,JURANDIR DA SILVA MELLO,***.766.010-**,CPF,1000.0,1,0.001698,
20,GILMAR SOSSELLA,PDT,180,KAIKI EMANUEL EICHKOFF BOHN,***.687.870-**,CPF,1000.0,1,0.001698,
20,GILMAR SOSSELLA,PDT,181,LUCINEI ROTTOLI,***.778.770-**,CPF,1000.0,1,0.001698,
20,GILMAR SOSSELLA,PDT,182,LUIS PAULO PEREIRA DE SOUZA,***.819.320-**,CPF,1000.0,1,0.001698,
20,GILMAR SOSSELLA,PDT,183,LUIZ OMAR DE SOUZA,***.013.970-**,CPF,1000.0,1,0.001698,
20,GILMAR SOSSELLA,PDT,184,MAQUELI KRAINOVIC,***.334.750-**,CPF,1000.0,1,0.001698,
20,GILMAR SOSSELLA,PDT,185,MARCIA DENISE DOS SANTOS,***.682.640-**,CPF,1000.0,1,0.001698,
20,GILMAR SOSSELLA,PDT,186,MARIA HELENA SOUZA DA ROSA,***.049.970-**,CPF,1000.0,1,0.001698,
20,GILMAR SOSSELLA,PDT,187,PIETRA STEINSTRASSER NICOLA,***.587.690-**,CPF,1000.0,1,0.001698,
20,GILMAR SOSSELLA,PDT,188,RITA LUCIANA RODRIGUES,***.134.010-**,CPF,1000.0,1,0.001698,
20,GILMAR SOSSELLA,PDT,189,RUDINEI CARLOS DE LIMA,***.679.110-**,CPF,1000.0,1,0.001698,
20,GILMAR SOSSELLA,PDT,190,TAINE SILVEIRA DOS SANTOS,***.749.180-**,CPF,1000.0,1,0.001698,
20,GILMAR SOSSELLA,PDT,191,TAUANE ROSA LACORTE,***.581.310-**,CPF,1000.0,1,0.001698,
20,GILMAR SOSSELLA,PDT,192,YHURI VASCONCELLOS LEAL,***.682.440-**,CPF,1000.0,1,0.001698,
20,GILMAR SOSSELLA,PDT,193,CLEONICE XAVIER,***.967.140-**,CPF,600.0,1,0.001019,
20,GILMAR SOSSELLA,PDT,194,GIOTTI & FONTANA LTDA,10.863.065/0001-14,CNPJ,500.0,1,0.000849,
20,GILMAR SOSSELLA,PDT,195,LEONILDA DE MATTOS,***.232.880-**,CPF,500.0,1,0.000849,
20,GILMAR SOSSELLA,PDT,196,INGRAPAL INDUSTRIA GRAFICA PALMEIRA LTDA,02.020.118/0001-07,CNPJ,420.0,1,0.000713,
20,GILMAR SOSSELLA,PDT,197,"ENCARGOS FINANCEIROS, TAXAS BANCÁRIAS E/OU OP. CARTÃO DE CRÉDITO",,,137.0,41,0.000233,
21,GIO KRUG,PSD,1,VISUALARTES C.V LTDA,55.083.278/0001-61,CNPJ,48600.0,9,0.354755,
21,GIO KRUG,PSD,2,OTIMIZA INDUSTRIA GRAFICA E EDITORA LTDA,09.279.344/0001-56,CNPJ,28120.0,7,0.205262,
21,GIO KRUG,PSD,3,MAURICIO TOMAZONI VARIZA,***.848.280-**,CPF,9000.0,2,0.065695,
21,GIO KRUG,PSD,4,VILSON RICARDO DE OLIVEIRA MACHADO,***.039.590-**,CPF,8000.0,1,0.058396,
21,GIO KRUG,PSD,5,EZEQUIEL GOULART,***.663.010-**,CPF,5000.0,1,0.036497,
21,GIO KRUG,PSD,6,RAUL ANTONIO BARBOSA DE MESQUITA,***.065.120-**,CPF,5000.0,1,0.036497,
21,GIO KRUG,PSD,7,EDUARDA VARIZA LORENO,***.320.470-**,CPF,4000.0,1,0.029198,
21,GIO KRUG,PSD,8,MICHEL SCHWALBERT OLIVEIRA,***.305.290-**,CPF,4000.0,1,0.029198,
21,GIO KRUG,PSD,9,VINICIUS ALVES DE SOUZA,***.252.420-**,CPF,4000.0,1,0.029198,
21,GIO KRUG,PSD,10,POSTO DE COMBUSTIVEIS MJ LTDA,30.701.345/0001-33,CNPJ,3179.61,12,0.02321,
21,GIO KRUG,PSD,11,57.876.978 CLAUDIOMAR DE SOUZA DA SILVA,57.876.978/0001-39,CNPJ,2700.0,2,0.019709,
21,GIO KRUG,PSD,12,ALESSANDRO DA COSTA,***.722.790-**,CPF,2000.0,1,0.014599,
21,GIO KRUG,PSD,13,GABRIEL VIEIRA FRITZEN,***.132.920-**,CPF,2000.0,1,0.014599,
21,GIO KRUG,PSD,14,E. DARLEI TIBOLA,11.127.985/0001-37,CNPJ,1925.0,2,0.014052,
21,GIO KRUG,PSD,15,VLADEMIR SANCHES SAQUETTI,***.610.980-**,CPF,1500.0,1,0.010949,
21,GIO KRUG,PSD,16,CASA DAS WIND BANNERS LTDA,47.054.468/0001-22,CNPJ,1373.0,2,0.010022,
21,GIO KRUG,PSD,17,COMERCIAL BUFFON COMBUSTIVEIS E TRANSPORTES LIMITADA,93.489.243/0025-93,CNPJ,1347.15,5,0.009834,
21,GIO KRUG,PSD,18,MPS COMERCIO DE COMBUSTIVEIS LTDA,37.435.735/0015-53,CNPJ,763.73,3,0.005575,
21,GIO KRUG,PSD,19,WMT COMERCIAL DE PAPELARIA E BRINDES LTDA,54.659.812/0001-72,CNPJ,744.7,3,0.005436,
21,GIO KRUG,PSD,20,RHRISS COMBUSTIVEIS LTDA,04.144.661/0003-03,CNPJ,667.0,3,0.004869,
21,GIO KRUG,PSD,21,MP POSTOS E LOGISTICA LTDA,23.448.964/0034-60,CNPJ,664.34,2,0.004849,
21,GIO KRUG,PSD,22,WANG COMUNICACAO LTDA,10.952.719/0001-86,CNPJ,600.0,1,0.00438,
21,GIO KRUG,PSD,23,MIRIAM DAMARIS NUNES AQUINO LTDA,16.625.073/0001-09,CNPJ,550.0,1,0.004015,
21,GIO KRUG,PSD,24,S S COMERCIO DE COMBUSTIVEIS SA,01.991.461/0001-36,CNPJ,302.67,1,0.002209,
21,GIO KRUG,PSD,25,NOVA ERA COMERCIO DE COMBUSTIVEIS LTDA,40.080.081/0003-63,CNPJ,266.17,1,0.001943,
21,GIO KRUG,PSD,26,JOECIR M. CIRTOLI & CIA LTDA,07.839.890/0001-79,CNPJ,256.56,1,0.001873,
21,GIO KRUG,PSD,27,VITOR BONFANTI & CIA LTDA,05.526.635/0001-40,CNPJ,250.0,1,0.001825,
21,GIO KRUG,PSD,28,SIM REDE DE POSTOS LTDA,07.473.735/0182-00,CNPJ,185.87,1,0.001357,
22,GUILHERME PASIN,PP,1,ANS IMPRESSOES GRAFICAS LTDA.,05.677.050/0001-21,CNPJ,122575.64,6,0.292502,
22,GUILHERME PASIN,PP,2,CRITERIO COMUNICACAO LTDA,14.938.065/0001-97,CNPJ,51500.0,1,0.122894,
22,GUILHERME PASIN,PP,3,PERSPECTIVA CONSULTORIA ESTRATEGICA LTDA,57.250.453/0001-93,CNPJ,40000.0,1,0.095452,
22,GUILHERME PASIN,PP,4,1000 IMPRESSOES NH LTDA,13.844.156/0001-09,CNPJ,38847.0,12,0.092701,
22,GUILHERME PASIN,PP,5,STUDIO PRINT GRAFICA E EDITORA LTDA,19.539.180/0001-02,CNPJ,24699.0,4,0.058939,
22,GUILHERME PASIN,PP,6,ANA PAULA MACHADO & MARTINS ADVOGADOS,48.253.677/0001-68,CNPJ,20000.0,1,0.047726,
22,GUILHERME PASIN,PP,7,GRAFICA E EDITORA BENTO GONCALVES LTDA,73.273.088/0001-99,CNPJ,19600.0,7,0.046771,
22,GUILHERME PASIN,PP,8,VANENIS MORELATTO,***.108.260-**,CPF,10000.0,1,0.023863,
22,GUILHERME PASIN,PP,9,GRUPO EDITORIAL SINOS SA,91.665.570/0001-56,CNPJ,9536.0,7,0.022756,
22,GUILHERME PASIN,PP,10,CLUBE IPIRANGA,87.557.708/0001-26,CNPJ,7000.0,1,0.016704,
22,GUILHERME PASIN,PP,11,D. C. VEICULOS LTDA,13.507.524/0001-15,CNPJ,5500.0,1,0.013125,
22,GUILHERME PASIN,PP,12,FACEBOOK SERVICOS ONLINE DO BRASIL LTDA.,13.347.016/0001-17,CNPJ,5000.0,1,0.011932,
22,GUILHERME PASIN,PP,13,AS - PESQUISA E INTELIGENCIA LTDA,61.790.849/0001-09,CNPJ,4500.0,1,0.010738,
22,GUILHERME PASIN,PP,14,ADAO SANTIAGO FLORIANO,***.647.760-**,CPF,4000.0,1,0.009545,
22,GUILHERME PASIN,PP,15,GILNEI DE SOUZA DIAS,***.586.660-**,CPF,4000.0,1,0.009545,
22,GUILHERME PASIN,PP,16,MP GRAFICA & COMUNICACAO VISUAL LTDA,62.659.931/0001-53,CNPJ,3744.0,1,0.008934,
22,GUILHERME PASIN,PP,17,D. C. VEICULOS LTDA,13.507.524/0002-04,CNPJ,3500.0,1,0.008352,
22,GUILHERME PASIN,PP,18,ALINE GASSEN OLIVEIRA,***.484.340-**,CPF,3000.0,1,0.007159,
22,GUILHERME PASIN,PP,19,RCP ASSESSORIA CONTABIL E ADMINISTRATIVA LTDA,03.991.640/0001-07,CNPJ,3000.0,1,0.007159,
22,GUILHERME PASIN,PP,20,"DARSSANN COMERCIO DE ROUPAS, MALHAS LTDA",68.769.199/0001-50,CNPJ,2670.4,2,0.006372,
22,GUILHERME PASIN,PP,21,SIM REDE DE POSTOS LTDA,07.473.735/0001-81,CNPJ,2558.79,1,0.006106,
22,GUILHERME PASIN,PP,22,CONTEXTO CARLOS BARBOSA EDITORA JORNALISTICA LTDA,09.391.506/0001-43,CNPJ,2126.0,2,0.005073,
22,GUILHERME PASIN,PP,23,EMERSON PINHEIRO DA SILVA,***.867.150-**,CPF,2000.0,1,0.004773,
22,GUILHERME PASIN,PP,24,EVANISE ROSSONI ALEXANDRE,***.117.290-**,CPF,2000.0,1,0.004773,
22,GUILHERME PASIN,PP,25,EVELYN DA SILVA,***.009.610-**,CPF,2000.0,1,0.004773,
22,GUILHERME PASIN,PP,26,GUSTAVO DE SOUZA LEMOS,***.455.480-**,CPF,2000.0,1,0.004773,
22,GUILHERME PASIN,PP,27,JONATHAN PADILHA TONDORF,***.651.860-**,CPF,2000.0,1,0.004773,
22,GUILHERME PASIN,PP,28,OLINDA TEREZINHA DE SOUZA SOUTHIER,***.139.000-**,CPF,2000.0,1,0.004773,
22,GUILHERME PASIN,PP,29,RAQUELI JAHN DUTRA,***.392.490-**,CPF,2000.0,1,0.004773,
22,GUILHERME PASIN,PP,30,SUELEN DE SOUZA MACIEL,***.894.810-**,CPF,2000.0,2,0.004773,
22,GUILHERME PASIN,PP,31,WILIAN FIALHO ROBERTO,***.806.880-**,CPF,2000.0,1,0.004773,
22,GUILHERME PASIN,PP,32,OPINIAO REGIONAL - EDITORA JORNALISTICA LTDA,13.314.874/0001-65,CNPJ,1709.4,1,0.004079,
22,GUILHERME PASIN,PP,33,D2 CONSULTORIA E INTEGRACAO COMUNICACAO LTDA,53.018.874/0001-32,CNPJ,1640.0,1,0.003914,
22,GUILHERME PASIN,PP,34,EMPRESA JORNALISTICA INDEPENDENTE LTDA,06.789.331/0001-39,CNPJ,1550.0,1,0.003699,
22,GUILHERME PASIN,PP,35,INFORMATIVO REGIONAL EMPRESA JORNALISTICA LTDA,04.539.571/0001-50,CNPJ,1500.0,1,0.003579,
22,GUILHERME PASIN,PP,36,EDITORA SECULO NOVO LTDA,73.795.668/0001-46,CNPJ,1360.0,1,0.003245,
22,GUILHERME PASIN,PP,37,PEDRO HENRIQUE DE MATTOS GOBETTI,***.107.750-**,CPF,1000.0,1,0.002386,
22,GUILHERME PASIN,PP,38,JORNAL A HORA LTDA,04.280.850/0001-41,CNPJ,960.0,1,0.002291,
22,GUILHERME PASIN,PP,39,SANDER COMERCIO DE COMBUSTIVEIS LTDA,91.411.256/0001-47,CNPJ,780.24,1,0.001862,
22,GUILHERME PASIN,PP,40,ECO REGIONAL EMPREENDIMENTOS JORNALISTICOS LTDA,04.066.340/0001-76,CNPJ,650.0,1,0.001551,
22,GUILHERME PASIN,PP,41,ANGELA KERPEL DA FONSECA,***.602.230-**,CPF,500.0,1,0.001193,
22,GUILHERME PASIN,PP,42,WESLEYSMAEL PEREIRA GUINDANI,***.477.400-**,CPF,500.0,1,0.001193,
22,GUILHERME PASIN,PP,43,JORNAL L ATTUALITA LTDA,02.162.126/0001-98,CNPJ,480.0,1,0.001145,
22,GUILHERME PASIN,PP,44,SIM REDE DE POSTOS LTDA,07.473.735/0192-81,CNPJ,432.72,2,0.001033,
22,GUILHERME PASIN,PP,45,S S COMERCIO DE COMBUSTIVEIS SA,01.991.461/0020-07,CNPJ,278.84,1,0.000665,
22,GUILHERME PASIN,PP,46,S S COMERCIO DE COMBUSTIVEIS SA,01.991.461/0001-36,CNPJ,252.96,1,0.000604,
22,GUILHERME PASIN,PP,47,SIM REDE DE POSTOS LTDA,07.473.735/0200-26,CNPJ,107.65,1,0.000257,
23,HALLEY,PT,1,TW7 COMUNICACOES LTDA,04.284.301/0001-45,CNPJ,65400.0,5,0.137065,
23,HALLEY,PT,2,52.615.251 LUCAS DA ROCHA PINHEIRO,52.615.251/0001-84,CNPJ,37500.0,1,0.078592,
23,HALLEY,PT,3,FACEBOOK SERVICOS ONLINE DO BRASIL LTDA.,13.347.016/0001-17,CNPJ,30435.0,9,0.063786,
23,HALLEY,PT,4,DIOGO QUARESMA AZEVEDO,***.992.480-**,CPF,30000.0,1,0.062874,
23,HALLEY,PT,5,MIDIA PLUS RS LTDA,05.963.397/0001-30,CNPJ,20000.0,1,0.041916,
23,HALLEY,PT,6,COMERCIAL BUFFON COMBUSTIVEIS E TRANSPORTES LIMITADA,93.489.243/0001-16,CNPJ,9534.57,31,0.019983,
23,HALLEY,PT,7,ELEICAO 2026 KATIA CILENE DE QUADROS DUARTE DEPUTADO FEDERAL,68.306.704/0001-20,CNPJ,9000.0,1,0.018862,
23,HALLEY,PT,8,MICHAEL SANTOS DOS SANTOS,***.393.840-**,CPF,8000.0,1,0.016766,
23,HALLEY,PT,9,VINICIOS DOS SANTOS PEREIRA,***.791.210-**,CPF,8000.0,1,0.016766,
23,HALLEY,PT,10,JEFERSON VARGAS MARQUES,***.018.090-**,CPF,7000.0,1,0.014671,
23,HALLEY,PT,11,JONES VALENDORF DA SILVA,***.651.450-**,CPF,7000.0,1,0.014671,
23,HALLEY,PT,12,JOSEMAR AFFONSO DA COSTA,***.417.820-**,CPF,7000.0,1,0.014671,
23,HALLEY,PT,13,MATHEUS FERREIRA SEVERO,***.506.990-**,CPF,7000.0,1,0.014671,
23,HALLEY,PT,14,57.220.807 RAQUEL DE OLIVEIRA CAPELLA PIRES,57.220.807/0001-57,CNPJ,6500.0,1,0.013623,
23,HALLEY,PT,15,APRIMORE SERVICOS CONTABEIS LTDA.,11.593.370/0001-04,CNPJ,6484.0,1,0.013589,
23,HALLEY,PT,16,ADRIANA TASCA MAREGA,***.171.550-**,CPF,6000.0,1,0.012575,
23,HALLEY,PT,17,BERNARDO ZANCAN GODOY,***.056.340-**,CPF,6000.0,1,0.012575,
23,HALLEY,PT,18,GILMAR VALADARES,***.639.520-**,CPF,6000.0,1,0.012575,
23,HALLEY,PT,19,VALDIR ROBE JUNIOR,***.208.210-**,CPF,6000.0,1,0.012575,
23,HALLEY,PT,20,JOAO PEDRO DE FRANCA,***.722.180-**,CPF,5500.0,1,0.011527,
23,HALLEY,PT,21,CAROLINA DE SOUZA FIDELIS,***.662.540-**,CPF,5200.0,1,0.010898,
23,HALLEY,PT,22,ADAO EZEQUIEL MARTINS SOARES,***.478.260-**,CPF,5000.0,1,0.010479,
23,HALLEY,PT,23,CARLOS ALBERTO VOLLMER,***.679.830-**,CPF,5000.0,1,0.010479,
23,HALLEY,PT,24,HEBRON GATELLI FROES,***.910.250-**,CPF,5000.0,1,0.010479,
23,HALLEY,PT,25,JOAO MORAIS FROES,***.546.600-**,CPF,5000.0,1,0.010479,
23,HALLEY,PT,26,MIZAEL LEONER LACERDA SOUSA,***.873.450-**,CPF,5000.0,1,0.010479,
23,HALLEY,PT,27,ROSEMARI DIAS CORREA BALDINO,***.389.060-**,CPF,5000.0,1,0.010479,
23,HALLEY,PT,28,ANA PAULA CUNHA DA SILVA,***.466.930-**,CPF,4500.0,1,0.009431,
23,HALLEY,PT,29,HENRIK DE GODOY HECK,***.987.130-**,CPF,4500.0,1,0.009431,
23,HALLEY,PT,30,MILTON ANTUNES ORTIZ,***.752.600-**,CPF,4500.0,1,0.009431,
23,HALLEY,PT,31,RODRIGO FRANCISCO GREGORIO,***.877.510-**,CPF,4500.0,1,0.009431,
23,HALLEY,PT,32,SOLANGE GOUDINHO BALDEZ,***.335.070-**,CPF,4500.0,1,0.009431,
23,HALLEY,PT,33,VINICIUS ANDRE RIBEIRO,***.037.310-**,CPF,4500.0,1,0.009431,
23,HALLEY,PT,34,ELTON TADEU SCHERER,***.189.550-**,CPF,4333.0,1,0.009081,
23,HALLEY,PT,35,DARWECHE MOHAMAD MAKKI,***.527.900-**,CPF,4000.0,1,0.008383,
23,HALLEY,PT,36,JOAO FRANCISCO FERREIRA,***.793.940-**,CPF,4000.0,1,0.008383,
23,HALLEY,PT,37,VANIZE CORREA DA ROSA,***.347.810-**,CPF,4000.0,1,0.008383,
23,HALLEY,PT,38,MARCOS ROBERTO DE OLIVEIRA DA SILVA,***.686.680-**,CPF,3700.0,2,0.007754,
23,HALLEY,PT,39,GRAFICA E EDITORA SAGRADA FAMILIA LTDA,07.528.530/0001-56,CNPJ,3675.0,1,0.007702,
23,HALLEY,PT,40,ALICE SOUZA DE OLIVEIRA,***.338.470-**,CPF,3502.0,1,0.007339,
23,HALLEY,PT,41,FABIO MOLINA VARGAS,***.352.690-**,CPF,3500.0,1,0.007335,
23,HALLEY,PT,42,NICOLE DOS SANTOS PORTO,***.576.640-**,CPF,3500.0,1,0.007335,
23,HALLEY,PT,43,SINDY RODRIGUES CASCERES,***.474.580-**,CPF,3500.0,1,0.007335,
23,HALLEY,PT,44,DEISE CRISTINA DICKEL,***.430.190-**,CPF,3334.0,1,0.006987,
23,HALLEY,PT,45,KELLY PINTO DE CARVALHO,***.232.070-**,CPF,3334.0,1,0.006987,
23,HALLEY,PT,46,NICOLE SUYEKO DA FONSECA FUJII,***.700.440-**,CPF,3334.0,1,0.006987,
23,HALLEY,PT,47,LAIZIANY OLIVEIRA DE OLIVEIRA,***.097.250-**,CPF,3010.0,1,0.006308,
23,HALLEY,PT,48,MARGARETE MORAES BRUM,***.308.990-**,CPF,3010.0,1,0.006308,
23,HALLEY,PT,49,ALESSANDRA DOS SANTOS BITENCOURT SILVEIRA,***.316.630-**,CPF,3000.0,1,0.006287,
23,HALLEY,PT,50,ALICIA TEREZINHA FRARE DA SILVA,***.372.950-**,CPF,3000.0,1,0.006287,
23,HALLEY,PT,51,ANA LUCIA FAGUNDES BITENCOURT,***.905.280-**,CPF,3000.0,1,0.006287,
23,HALLEY,PT,52,CARLOS ANDRE SANTOS DA SILVA,***.693.100-**,CPF,3000.0,1,0.006287,
23,HALLEY,PT,53,CARMELINDA VERDUM,***.402.400-**,CPF,3000.0,1,0.006287,
23,HALLEY,PT,54,DOUGLAS DOS SANTOS SILVEIRA,***.512.680-**,CPF,3000.0,1,0.006287,
23,HALLEY,PT,55,GISELE DA LUZ FRARE AMARAL,***.982.070-**,CPF,3000.0,1,0.006287,
23,HALLEY,PT,56,MARILENI VIEIRA SILVA,***.015.160-**,CPF,3000.0,1,0.006287,
23,HALLEY,PT,57,VINICIUS CHITOLINA DALL OGLIO,***.014.270-**,CPF,3000.0,1,0.006287,
23,HALLEY,PT,58,JOKA SUBLIMACAO DIGITAL LTDA,94.350.113/0001-60,CNPJ,2951.5,4,0.006186,
23,HALLEY,PT,59,IMOBILIARIA SAPUCAIA LTDA.,24.018.754/0001-37,CNPJ,2844.4,1,0.005961,
23,HALLEY,PT,60,CARLOS ANDRE BAPTISTA DA SILVA,***.078.560-**,CPF,2836.75,1,0.005945,
23,HALLEY,PT,61,MAXIMILIANO DA ROSA LIMA,***.670.870-**,CPF,2836.75,1,0.005945,
23,HALLEY,PT,62,FABIO FERRAZ DA SILVA,***.636.140-**,CPF,2500.0,1,0.005239,
23,HALLEY,PT,63,TANIA MARIA ALVES DA SILVA,***.961.490-**,CPF,2500.0,1,0.005239,
23,HALLEY,PT,64,VILMAR DA COSTA GOMES,***.523.270-**,CPF,2500.0,1,0.005239,
23,HALLEY,PT,65,CARLOS CESAR MEDEIROS DOMINGUES,***.157.390-**,CPF,2400.0,1,0.00503,
23,HALLEY,PT,66,ANDREIA DE OLIVEIRA ALVES,***.729.450-**,CPF,2000.0,1,0.004192,
23,HALLEY,PT,67,EVERTON ELOI DILLENBURG,***.667.330-**,CPF,2000.0,1,0.004192,
23,HALLEY,PT,68,JOSE CLAUDIO MACIEL TASCA,***.644.850-**,CPF,2000.0,1,0.004192,
23,HALLEY,PT,69,PAULO GUILHERME DA CONCEICAO FARIAS,***.144.070-**,CPF,2000.0,1,0.004192,
23,HALLEY,PT,70,JOICE ELAINE SILVA MARTINS,***.258.520-**,CPF,1621.0,1,0.003397,
23,HALLEY,PT,71,LINDENMEYER ADVOCACIA & ASSOCIADOS,02.929.989/0001-48,CNPJ,1621.0,1,0.003397,
23,HALLEY,PT,72,WAGNER GONZAGA COSTA,***.380.550-**,CPF,1621.0,1,0.003397,
23,HALLEY,PT,73,ANTONIO VIANA CARBONEIRO,***.255.670-**,CPF,1500.0,1,0.003144,
23,HALLEY,PT,74,CRISTIANO RAMOS MOREIRA,***.491.430-**,CPF,1500.0,1,0.003144,
23,HALLEY,PT,75,JOAO MIGUEL JARDIM DE MORAES,***.215.210-**,CPF,1450.0,1,0.003039,
23,HALLEY,PT,76,KADU MALHAS COMERCIO DE ROUPAS LTDA,88.804.513/0001-04,CNPJ,1046.3,3,0.002193,
23,HALLEY,PT,77,LUIS FERNANDO AMARAL,***.566.800-**,CPF,1000.0,1,0.002096,
23,HALLEY,PT,78,54.709.342 JOAO GUILHERME ROCHEL PEREIRA,54.709.342/0001-04,CNPJ,900.0,1,0.001886,
23,HALLEY,PT,79,MARCELA BRUM MACHADO,***.782.790-**,CPF,867.0,1,0.001817,
23,HALLEY,PT,80,LORIANE RODRIGUES DA SILVA,***.482.000-**,CPF,700.0,1,0.001467,
23,HALLEY,PT,81,RAUL NUNES DA SILVA JUNIOR,***.715.800-**,CPF,700.0,1,0.001467,
23,HALLEY,PT,82,TAINA DA ROSA SILVEIRA,***.624.300-**,CPF,700.0,1,0.001467,
23,HALLEY,PT,83,JULIA BORGES ZAGO,***.677.590-**,CPF,580.0,1,0.001216,
23,HALLEY,PT,84,RAQUEL BORGES ZAGO,***.625.370-**,CPF,580.0,1,0.001216,
23,HALLEY,PT,85,"ENCARGOS FINANCEIROS, TAXAS BANCÁRIAS E/OU OP. CARTÃO DE CRÉDITO",,,103.5,24,0.000217,
24,HUMBERTO MATOS,PCdoB,1,FACEBOOK SERVICOS ONLINE DO BRASIL LTDA.,13.347.016/0001-17,CNPJ,81000.0,9,0.175892,
24,HUMBERTO MATOS,PCdoB,2,LH PUBLICIDADE E PROPAGANDA LTDA,52.238.782/0001-03,CNPJ,32870.0,1,0.071377,
24,HUMBERTO MATOS,PCdoB,3,SANT'ANNA & VIDOR LTDA,94.552.650/0001-93,CNPJ,26950.0,14,0.058522,
24,HUMBERTO MATOS,PCdoB,4,ANS IMPRESSOES GRAFICAS LTDA.,05.677.050/0001-21,CNPJ,18366.49,12,0.039883,
24,HUMBERTO MATOS,PCdoB,5,VIVIANE DA SILVA DUTRA,***.030.410-**,CPF,15000.0,1,0.032573,
24,HUMBERTO MATOS,PCdoB,6,NILZA TERESINHA PEREIRA,***.020.500-**,CPF,13000.0,2,0.02823,
24,HUMBERTO MATOS,PCdoB,7,JORGE LUIS ALVES ROBALO,***.251.940-**,CPF,12000.0,2,0.026058,
24,HUMBERTO MATOS,PCdoB,8,C.I. APOIO ADMINISTRATIVO E SERVICOS IMOBILIARIOS LTDA,92.260.546/0001-08,CNPJ,11545.0,1,0.02507,
24,HUMBERTO MATOS,PCdoB,9,ALESSANDRO NICOLETTI MACHADO,***.342.630-**,CPF,10500.0,2,0.022801,
24,HUMBERTO MATOS,PCdoB,10,ALEXANDRE LAUREANO DE GUSMAO,***.502.430-**,CPF,10000.0,1,0.021715,
24,HUMBERTO MATOS,PCdoB,11,VOLNEI GENTIL ALVES RUSSO,***.085.590-**,CPF,10000.0,1,0.021715,
24,HUMBERTO MATOS,PCdoB,12,C9 COMERCIO DE VEICULOS MULTIMARCAS LTDA,37.306.068/0001-03,CNPJ,7850.1,2,0.017047,
24,HUMBERTO MATOS,PCdoB,13,G. PEREIRA DOS REIS,41.815.676/0001-10,CNPJ,7000.0,2,0.015201,
24,HUMBERTO MATOS,PCdoB,14,ANTONIO VALMOR LOPES,***.569.530-**,CPF,6972.0,1,0.01514,
24,HUMBERTO MATOS,PCdoB,15,BARCELOS E CUNHA CONTABILIDADE LTDA,39.282.788/0001-01,CNPJ,6700.0,1,0.014549,
24,HUMBERTO MATOS,PCdoB,16,PETERSON DA SILVA SOUZA,***.184.050-**,CPF,5730.0,2,0.012443,
24,HUMBERTO MATOS,PCdoB,17,FRANCISCA RUBIA LEAL DE LIMA,***.628.980-**,CPF,5520.0,1,0.011987,
24,HUMBERTO MATOS,PCdoB,18,FABIO CRISTIANO ALVES,***.484.440-**,CPF,5460.0,1,0.011856,
24,HUMBERTO MATOS,PCdoB,19,MARILENE MIELKE,***.605.650-**,CPF,5040.0,1,0.010944,
24,HUMBERTO MATOS,PCdoB,20,MATHEUS AUGUSTO HERZER,***.190.940-**,CPF,5000.0,2,0.010858,
24,HUMBERTO MATOS,PCdoB,21,ANDERSON ALMEIDA DE AZEVEDO,***.037.960-**,CPF,4680.0,1,0.010163,
24,HUMBERTO MATOS,PCdoB,22,QUEROAPOIAR.COM.BR LTDA,39.586.155/0001-97,CNPJ,4366.48,5,0.009482,
24,HUMBERTO MATOS,PCdoB,23,LUCAS SCHEEFFER KRUG,***.855.400-**,CPF,4230.0,1,0.009185,
24,HUMBERTO MATOS,PCdoB,24,RC IMBE COMERCIO DE COMBUSTIVEIS LTDA,46.856.199/0001-55,CNPJ,3905.82,19,0.008482,
24,HUMBERTO MATOS,PCdoB,25,DAIANE OLIVEIRA GUIMARAES KRUG,***.046.180-**,CPF,3140.0,1,0.006819,
24,HUMBERTO MATOS,PCdoB,26,KENETH ANGER BARBIERI,***.749.130-**,CPF,3000.0,1,0.006515,
24,HUMBERTO MATOS,PCdoB,27,PAULO ROBERTO DA SILVA MARTINS,***.501.370-**,CPF,3000.0,1,0.006515,
24,HUMBERTO MATOS,PCdoB,28,PRISCILA OLIVEIRA DA SILVA,***.116.250-**,CPF,3000.0,1,0.006515,
24,HUMBERTO MATOS,PCdoB,29,ADRIANA ARLETE BATISTA,***.105.430-**,CPF,2940.0,1,0.006384,
24,HUMBERTO MATOS,PCdoB,30,ANDRESA DA SILVEIRA,***.184.660-**,CPF,2940.0,1,0.006384,
24,HUMBERTO MATOS,PCdoB,31,ANTONIO ARMANDO SOUZA,***.387.770-**,CPF,2940.0,1,0.006384,
24,HUMBERTO MATOS,PCdoB,32,CAMILA AVILA,***.062.690-**,CPF,2940.0,1,0.006384,
24,HUMBERTO MATOS,PCdoB,33,CARLOS ALBERTO TRINDADE MACHADO,***.718.200-**,CPF,2940.0,1,0.006384,
24,HUMBERTO MATOS,PCdoB,34,CARLOS ROBERTO DE SOUZA,***.878.500-**,CPF,2940.0,1,0.006384,
24,HUMBERTO MATOS,PCdoB,35,CLEITON RIBEIRO DE OLIVEIRA,***.584.930-**,CPF,2940.0,1,0.006384,
24,HUMBERTO MATOS,PCdoB,36,EDUARDA ROSA STAEHLER,***.912.780-**,CPF,2940.0,1,0.006384,
24,HUMBERTO MATOS,PCdoB,37,ELIZIANE RAQUEL SCHWARTZ NUNES BOUFLEUER,***.767.050-**,CPF,2940.0,1,0.006384,
24,HUMBERTO MATOS,PCdoB,38,GABRIEL STACHLER RIBEIRO,***.144.400-**,CPF,2940.0,1,0.006384,
24,HUMBERTO MATOS,PCdoB,39,GABRIELE DA SILVA FREITAS,***.638.660-**,CPF,2940.0,1,0.006384,
24,HUMBERTO MATOS,PCdoB,40,LEONARDO LANZIOTTI DE GUSMAO,***.575.670-**,CPF,2940.0,1,0.006384,
24,HUMBERTO MATOS,PCdoB,41,LUAN JONATA DIAS DE LIMA,***.638.470-**,CPF,2940.0,1,0.006384,
24,HUMBERTO MATOS,PCdoB,42,MARIA LUISA DE LIMA MACHADO,***.995.670-**,CPF,2940.0,1,0.006384,
24,HUMBERTO MATOS,PCdoB,43,NEUZA MARIA VIEIRA NICOLETTI,***.631.870-**,CPF,2940.0,1,0.006384,
24,HUMBERTO MATOS,PCdoB,44,SAMUEL JOST HOFFMANN,***.347.210-**,CPF,2940.0,1,0.006384,
24,HUMBERTO MATOS,PCdoB,45,SANDRA TEREZINHA ALVES,***.586.820-**,CPF,2940.0,1,0.006384,
24,HUMBERTO MATOS,PCdoB,46,DANIEL ANTIQUEIRA DA LUZ,***.496.730-**,CPF,2900.0,1,0.006297,
24,HUMBERTO MATOS,PCdoB,47,GABRIELA CIVEIRA LEITE,***.034.860-**,CPF,2730.0,1,0.005928,
24,HUMBERTO MATOS,PCdoB,48,COMERCIAL LE MANS TRANSPORTES E SERVICOS LTDA,04.357.437/0001-38,CNPJ,2666.66,13,0.005791,
24,HUMBERTO MATOS,PCdoB,49,62.270.279 STEPHANIE ANDRADE ALVES,62.270.279/0001-80,CNPJ,2600.0,2,0.005646,
24,HUMBERTO MATOS,PCdoB,50,CLAUDIA APARECIDA SOUZA DA SILVEIRA,***.843.900-**,CPF,2590.0,1,0.005624,
24,HUMBERTO MATOS,PCdoB,51,GABRIEL CEZAR SOUZA,***.932.230-**,CPF,2590.0,1,0.005624,
24,HUMBERTO MATOS,PCdoB,52,MARA FISCHER GONCALVES,***.290.710-**,CPF,2590.0,1,0.005624,
24,HUMBERTO MATOS,PCdoB,53,SANDRA IARA CHAGAS BERENS,***.279.110-**,CPF,2590.0,1,0.005624,
24,HUMBERTO MATOS,PCdoB,54,MATHEUS HENRIQUE IGLESIAS ALVES,***.361.786-**,CPF,2560.0,1,0.005559,
24,HUMBERTO MATOS,PCdoB,55,DANNA TEODORO FERREIRA,***.713.490-**,CPF,2500.0,1,0.005429,
24,HUMBERTO MATOS,PCdoB,56,DIEGO PAUTASSO,***.070.760-**,CPF,2500.0,1,0.005429,
24,HUMBERTO MATOS,PCdoB,57,GISELE NUNES PEREIRA,***.869.510-**,CPF,2500.0,1,0.005429,
24,HUMBERTO MATOS,PCdoB,58,MATHEUS MARTINS,***.181.600-**,CPF,2380.0,1,0.005168,
24,HUMBERTO MATOS,PCdoB,59,MARCIO DEJALMO DA MOTTA,***.711.300-**,CPF,2300.0,1,0.004994,
24,HUMBERTO MATOS,PCdoB,60,ABASTECEDORA DE COMBUSTIVEIS PORTO ALEGRE LTDA,08.689.190/0001-08,CNPJ,2197.58,11,0.004772,
24,HUMBERTO MATOS,PCdoB,61,FRANCISCO TRINDADE MACIEL,***.453.640-**,CPF,2170.0,1,0.004712,
24,HUMBERTO MATOS,PCdoB,62,ALEX CALGAROTTO DE BORBA,***.607.450-**,CPF,2000.0,1,0.004343,
24,HUMBERTO MATOS,PCdoB,63,ARTUR DARIVA DE SOUZA,***.189.060-**,CPF,2000.0,1,0.004343,
24,HUMBERTO MATOS,PCdoB,64,CINTIA PEREIRA DARIVA,***.108.810-**,CPF,2000.0,1,0.004343,
24,HUMBERTO MATOS,PCdoB,65,CRISTOFER PEROTTONI,***.790.730-**,CPF,2000.0,1,0.004343,
24,HUMBERTO MATOS,PCdoB,66,EVERTON DE CHRISTO LEITE,***.516.230-**,CPF,2000.0,1,0.004343,
24,HUMBERTO MATOS,PCdoB,67,NATALIA JUNQUEIRA MONTEIRO,***.304.490-**,CPF,2000.0,1,0.004343,
24,HUMBERTO MATOS,PCdoB,68,RAFAEL ROMARIZ BATISTA DOS SANTOS,***.637.850-**,CPF,2000.0,1,0.004343,
24,HUMBERTO MATOS,PCdoB,69,RAFIK ASSEM RODRIGUES ARUS,***.339.350-**,CPF,2000.0,1,0.004343,
24,HUMBERTO MATOS,PCdoB,70,LEONEL TRINDADE MACIEL,***.268.280-**,CPF,1960.0,1,0.004256,
24,HUMBERTO MATOS,PCdoB,71,EMPRESA BRASILEIRA DE CORREIOS E TELEGRAFOS,34.028.316/4364-08,CNPJ,1632.0,48,0.003544,
24,HUMBERTO MATOS,PCdoB,72,SABOR DO BRICK RESTAURANTE LTDA,01.704.920/0001-53,CNPJ,1464.78,14,0.003181,
24,HUMBERTO MATOS,PCdoB,73,VIACAO OURO E PRATA SA,92.954.106/0001-42,CNPJ,1296.0,13,0.002814,
24,HUMBERTO MATOS,PCdoB,74,SF COMERCIO DE COMBUSTIVEIS LTDA.,13.047.383/0001-03,CNPJ,1262.99,6,0.002743,
24,HUMBERTO MATOS,PCdoB,75,ABASTECEDORA DE COMBUSTIVEIS MARESIA LTDA,30.357.782/0001-81,CNPJ,1194.46,6,0.002594,
24,HUMBERTO MATOS,PCdoB,76,ALEX NECKER,***.096.740-**,CPF,1100.0,1,0.002389,
24,HUMBERTO MATOS,PCdoB,77,GLAUBER GOMES BARCELOS,***.154.250-**,CPF,1000.0,1,0.002172,
24,HUMBERTO MATOS,PCdoB,78,VIVIANE THEODORO DA SILVA,***.507.280-**,CPF,1000.0,1,0.002172,
24,HUMBERTO MATOS,PCdoB,79,COMERCIAL DE FERRAGENS REQUINTE LTDA,01.184.684/0001-91,CNPJ,961.9,8,0.002089,
24,HUMBERTO MATOS,PCdoB,80,GETULIO VARGAS COMERCIO DE COMBUSTIVEIS LTDA,28.872.020/0001-71,CNPJ,884.69,3,0.001921,
24,HUMBERTO MATOS,PCdoB,81,COMERCIAL BUFFON COMBUSTIVEIS E TRANSPORTES LIMITADA,93.489.243/0071-29,CNPJ,826.03,4,0.001794,
24,HUMBERTO MATOS,PCdoB,82,ERICK GOMES DA SILVEIRA,***.219.440-**,CPF,770.0,1,0.001672,
24,HUMBERTO MATOS,PCdoB,83,PLANALTO TRANSPORTES LTDA,95.592.077/0001-04,CNPJ,667.0,5,0.001448,
24,HUMBERTO MATOS,PCdoB,84,ABASTECEDORA DE COMBUSTIVEIS ESTANCIA VELHA LTDA,05.251.142/0001-45,CNPJ,662.17,3,0.001438,
24,HUMBERTO MATOS,PCdoB,85,POSTO DE COMBUSTIVEIS DICO LTDA,08.768.465/0001-07,CNPJ,630.49,2,0.001369,
24,HUMBERTO MATOS,PCdoB,86,PENINHA AUTO POSTO LTDA,06.191.794/0003-66,CNPJ,567.85,2,0.001233,
24,HUMBERTO MATOS,PCdoB,87,ANDERSON JOSE FERREIRA GALAO,***.062.230-**,CPF,560.0,1,0.001216,
24,HUMBERTO MATOS,PCdoB,88,ARTHUR FELIPE DE LIMA SERENA MACHADO,***.972.920-**,CPF,560.0,1,0.001216,
24,HUMBERTO MATOS,PCdoB,89,DENICEIA DA SILVA PRADIE,***.504.750-**,CPF,560.0,1,0.001216,
24,HUMBERTO MATOS,PCdoB,90,MARIA DA GRACA FREITAS,***.928.120-**,CPF,560.0,1,0.001216,
24,HUMBERTO MATOS,PCdoB,91,MICHELE LEAL DE LIMA,***.864.440-**,CPF,560.0,1,0.001216,
24,HUMBERTO MATOS,PCdoB,92,OMAR MOREIRA CORREA,***.951.880-**,CPF,560.0,1,0.001216,
24,HUMBERTO MATOS,PCdoB,93,C E G CACA E PESCA LTDA,94.625.944/0001-06,CNPJ,411.6,2,0.000894,
24,HUMBERTO MATOS,PCdoB,94,GRAFFSUL SHOP COMERCIO DE TINTAS LTDA.,34.646.363/0001-10,CNPJ,406.6,3,0.000883,
24,HUMBERTO MATOS,PCdoB,95,ABASTECEDORA DE COMBUSTIVEIS ITACOLOMI LTDA,35.247.621/0001-59,CNPJ,368.97,2,0.000801,
24,HUMBERTO MATOS,PCdoB,96,CIRCULU'S LANCHES LTDA,01.217.807/0001-43,CNPJ,308.0,6,0.000669,
24,HUMBERTO MATOS,PCdoB,97,COMERCIAL BUFFON COMBUSTIVEIS E TRANSPORTES LIMITADA,93.489.243/0021-60,CNPJ,291.53,1,0.000633,
24,HUMBERTO MATOS,PCdoB,98,ABASTECEDORA DE COMBUSTIVEIS VANMAR LTDA,47.190.197/0001-32,CNPJ,284.13,1,0.000617,
24,HUMBERTO MATOS,PCdoB,99,SANDER COMERCIO DE COMBUSTIVEIS LTDA,91.411.256/0034-05,CNPJ,268.77,1,0.000584,
24,HUMBERTO MATOS,PCdoB,100,MPS COMERCIO DE COMBUSTIVEIS LTDA,37.435.735/0015-53,CNPJ,259.78,1,0.000564,
24,HUMBERTO MATOS,PCdoB,101,ABASTECEDORA DE COMBUSTIVEIS SANTUARIO LTDA,89.668.529/0001-91,CNPJ,255.62,1,0.000555,
24,HUMBERTO MATOS,PCdoB,102,RESTAURANTE PRATO DE OURO LTDA,42.437.901/0001-95,CNPJ,255.0,1,0.000554,
24,HUMBERTO MATOS,PCdoB,103,MI RESTAURANTE REPUBLICA LTDA,21.889.385/0001-60,CNPJ,252.0,3,0.000547,
24,HUMBERTO MATOS,PCdoB,104,MECANICA WINTER LTDA,89.719.736/0001-28,CNPJ,246.05,1,0.000534,
24,HUMBERTO MATOS,PCdoB,105,SIM REDE DE POSTOS LTDA,07.473.735/0153-75,CNPJ,224.62,1,0.000488,
24,HUMBERTO MATOS,PCdoB,106,COMPANHIA ESTADUAL DE DISTRIBUICAO DE ENERGIA ELETRICA - CEEE-D,08.467.115/0001-00,CNPJ,222.38,1,0.000483,
24,HUMBERTO MATOS,PCdoB,107,HOLLEBEN LOCACOES LTDA,12.594.395/0001-87,CNPJ,210.0,1,0.000456,
24,HUMBERTO MATOS,PCdoB,108,45.484.733 MATHEUS FELIPE HEILMANN,45.484.733/0001-87,CNPJ,200.0,1,0.000434,
24,HUMBERTO MATOS,PCdoB,109,CERTIDOC TECNOLOGIA E CERTIFICACAO DIGITAL LTDA,12.410.523/0001-95,CNPJ,200.0,1,0.000434,
24,HUMBERTO MATOS,PCdoB,110,VIA MAIS REDE DE POSTOS S.A.,09.273.885/0030-01,CNPJ,200.0,1,0.000434,
24,HUMBERTO MATOS,PCdoB,111,TELESOM MUSICAL LTDA,30.804.146/0001-50,CNPJ,190.0,1,0.000413,
24,HUMBERTO MATOS,PCdoB,112,EXPRESSO VITORIA DE TRANSPORTES LTDA EM RECUPERACAO JUDICIAL,96.662.614/0001-08,CNPJ,186.85,3,0.000406,
24,HUMBERTO MATOS,PCdoB,113,EXPRESSO EMBAIXADOR LTDA,92.189.612/0001-92,CNPJ,167.5,2,0.000364,
24,HUMBERTO MATOS,PCdoB,114,MAIQUEL PEREIRA ZANONI,07.139.921/0001-89,CNPJ,165.0,1,0.000358,
24,HUMBERTO MATOS,PCdoB,115,PARADOURO BORTOLINI LTDA,29.480.145/0001-19,CNPJ,159.0,1,0.000345,
24,HUMBERTO MATOS,PCdoB,116,CHURRASCARIA TERTULIA LTDA,01.927.781/0001-27,CNPJ,156.2,1,0.000339,
24,HUMBERTO MATOS,PCdoB,117,SIM REDE DE POSTOS LTDA,07.473.735/0151-03,CNPJ,156.1,1,0.000339,
24,HUMBERTO MATOS,PCdoB,118,"ENCARGOS FINANCEIROS, TAXAS BANCÁRIAS E/OU OP. CARTÃO DE CRÉDITO",,,153.0,44,0.000332,
24,HUMBERTO MATOS,PCdoB,119,CHURRASCARIA BOI E BRASA LTDA.,07.172.954/0001-20,CNPJ,149.9,1,0.000326,
24,HUMBERTO MATOS,PCdoB,120,S.E. LANCHES LTDA,01.061.163/0001-47,CNPJ,147.0,5,0.000319,
24,HUMBERTO MATOS,PCdoB,121,PENHA ENCOMENDAS EXPRESS LTDA,06.367.990/0001-87,CNPJ,140.8,1,0.000306,
24,HUMBERTO MATOS,PCdoB,122,CASA FAGUNDES LTDA,88.965.876/0001-13,CNPJ,100.0,1,0.000217,
24,HUMBERTO MATOS,PCdoB,123,COMERCIAL BUFFON COMBUSTIVEIS E TRANSPORTES LIMITADA,93.489.243/0008-92,CNPJ,97.87,1,0.000213,
24,HUMBERTO MATOS,PCdoB,124,LANCHES RAPIDOS 214 LTDA,59.900.222/0001-03,CNPJ,90.0,1,0.000195,
24,HUMBERTO MATOS,PCdoB,125,VIACAO UNIAO SANTA CRUZ LTDA,95.424.735/0001-59,CNPJ,76.1,1,0.000165,
24,HUMBERTO MATOS,PCdoB,126,MARIA ELENA G. CAVALHEIRO,24.254.114/0001-26,CNPJ,65.98,1,0.000143,
24,HUMBERTO MATOS,PCdoB,127,VERIDIANE DA SILVA PULS,29.982.057/0001-15,CNPJ,32.8,4,7.1e-05,
25,JEFERSON FERNANDES,PT,1,FACEBOOK SERVICOS ONLINE DO BRASIL LTDA.,13.347.016/0001-17,CNPJ,45000.0,12,0.119273,
25,JEFERSON FERNANDES,PT,2,"FELIX, FLORIANO, RONDON E RIBEIRO ADVOGADOS ASSOCIADOS",23.339.084/0001-98,CNPJ,20000.0,1,0.05301,
25,JEFERSON FERNANDES,PT,3,LOCADORA DE VEICULOS SANTA CRUZ LTDA.,03.000.720/0001-45,CNPJ,16452.4,8,0.043607,
25,JEFERSON FERNANDES,PT,4,NUMEM NEGOCIOS E SOLUCOES EMPRESARIAIS LTDA,49.636.141/0001-94,CNPJ,11000.0,1,0.029156,
25,JEFERSON FERNANDES,PT,5,MARCIA WESCHENFELDER CARVALHO,***.337.210-**,CPF,10000.0,2,0.026505,
25,JEFERSON FERNANDES,PT,6,ROGERIO BORGES SIMAS,***.913.040-**,CPF,9000.0,1,0.023855,
25,JEFERSON FERNANDES,PT,7,FABRICIO PERES DA SILVA,***.834.800-**,CPF,8820.0,1,0.023378,
25,JEFERSON FERNANDES,PT,8,MARCO ANTONIO GONCALVES PRESTES,***.310.680-**,CPF,7000.0,1,0.018554,
25,JEFERSON FERNANDES,PT,9,ATATILIA ESPINDOLA DUARTE,***.272.420-**,CPF,6020.0,1,0.015956,
25,JEFERSON FERNANDES,PT,10,EDSON LUIZ OLIVEIRA,***.488.760-**,CPF,6000.0,1,0.015903,
25,JEFERSON FERNANDES,PT,11,DEBORA VIEIRA DE OLIVEIRA,***.247.340-**,CPF,5000.0,1,0.013253,
25,JEFERSON FERNANDES,PT,12,GERSON LUIS MEDEIROS,***.372.720-**,CPF,5000.0,1,0.013253,
25,JEFERSON FERNANDES,PT,13,JETER PAZ MENDES FERREIRA,***.923.000-**,CPF,5000.0,1,0.013253,
25,JEFERSON FERNANDES,PT,14,JOAO EDER DA SILVA ALMEIDA,***.675.400-**,CPF,5000.0,1,0.013253,
25,JEFERSON FERNANDES,PT,15,LUIZ GUILHERME DOMINGUES DE LIMA,***.460.049-**,CPF,5000.0,1,0.013253,
25,JEFERSON FERNANDES,PT,16,RAMAO AIRTON DOS SANTOS MOREIRA,***.841.330-**,CPF,5000.0,1,0.013253,
25,JEFERSON FERNANDES,PT,17,ELOIR JOSE PERTILE,***.722.780-**,CPF,4500.0,1,0.011927,
25,JEFERSON FERNANDES,PT,18,JORGE ADALBERTO MACIEL,***.082.850-**,CPF,4000.0,1,0.010602,
25,JEFERSON FERNANDES,PT,19,MOSS UNIFORMES E BRINDES PERSONALIZADOS LTDA,61.135.041/0001-80,CNPJ,3967.5,3,0.010516,
25,JEFERSON FERNANDES,PT,20,CLAUDIO SILVEIRA DOS SANTOS JUNIOR,***.770.730-**,CPF,3600.0,1,0.009542,
25,JEFERSON FERNANDES,PT,21,JOICE DA SILVA,***.775.220-**,CPF,3600.0,1,0.009542,
25,JEFERSON FERNANDES,PT,22,IRICEU PARCKERT,***.968.620-**,CPF,3525.0,2,0.009343,
25,JEFERSON FERNANDES,PT,23,ROSA MARIA PEREIRA DOS SANTOS,***.502.520-**,CPF,3500.0,1,0.009277,
25,JEFERSON FERNANDES,PT,24,BRUNO BECKER SCHNEIDER,32.300.836/0001-06,CNPJ,3400.0,1,0.009012,
25,JEFERSON FERNANDES,PT,25,KELLE DAIANE DA SILVA SAFFADY,***.207.260-**,CPF,3320.0,1,0.0088,
25,JEFERSON FERNANDES,PT,26,LEANDRO GONCALVES DO ROSARIO,***.832.290-**,CPF,3320.0,1,0.0088,
25,JEFERSON FERNANDES,PT,27,ANA CRISTINA PEREIRA MACHADO,***.173.360-**,CPF,3220.0,1,0.008535,
25,JEFERSON FERNANDES,PT,28,DEISE FALCAO SILVEIRA,***.770.940-**,CPF,3220.0,1,0.008535,
25,JEFERSON FERNANDES,PT,29,KAREN TAMIRES BOAVENTURA LEGESTAO,***.373.100-**,CPF,3220.0,1,0.008535,
25,JEFERSON FERNANDES,PT,30,SILVIA CAROLINE PIRES DUARTE,***.050.860-**,CPF,3220.0,1,0.008535,
25,JEFERSON FERNANDES,PT,31,MICHELLE OLIVEIRA DOS SANTOS,***.023.220-**,CPF,2880.0,1,0.007633,
25,JEFERSON FERNANDES,PT,32,CHURRASQUITA RESTAURANTE E CHURRASCARIA LTDA,28.542.384/0001-93,CNPJ,2800.0,1,0.007421,
25,JEFERSON FERNANDES,PT,33,DELFINO ANTUNES DE VARGAS,***.233.430-**,CPF,2700.0,1,0.007156,
25,JEFERSON FERNANDES,PT,34,EDILEUZA PELLENZ,***.034.530-**,CPF,2700.0,1,0.007156,
25,JEFERSON FERNANDES,PT,35,JANAINA DUTRA BARBOSA,***.018.500-**,CPF,2700.0,1,0.007156,
25,JEFERSON FERNANDES,PT,36,LAURO ALVES LEAL,***.266.830-**,CPF,2700.0,1,0.007156,
25,JEFERSON FERNANDES,PT,37,LUAN HENRIQUE DOMINGUES SANCHES,***.460.290-**,CPF,2700.0,1,0.007156,
25,JEFERSON FERNANDES,PT,38,PAULO SERGIO AIRES DA SILVA,***.257.400-**,CPF,2700.0,1,0.007156,
25,JEFERSON FERNANDES,PT,39,ROBERTO LAZZERI PEREIRA,***.102.670-**,CPF,2700.0,1,0.007156,
25,JEFERSON FERNANDES,PT,40,SIRLEI DA SILVA HOMEM,***.448.030-**,CPF,2700.0,1,0.007156,
25,JEFERSON FERNANDES,PT,41,SIRLEI TERESINHA OLIVEIRA DE AGUIR,***.936.050-**,CPF,2700.0,1,0.007156,
25,JEFERSON FERNANDES,PT,42,TEREZINHA SUELI KAISER LEAL,***.615.260-**,CPF,2700.0,1,0.007156,
25,JEFERSON FERNANDES,PT,43,NEIDA VERA  M. P. MARTINS,19.548.376/0001-63,CNPJ,2640.0,1,0.006997,
25,JEFERSON FERNANDES,PT,44,BEATRIZ FRANCA GONCALVES,***.872.490-**,CPF,2500.0,1,0.006626,
25,JEFERSON FERNANDES,PT,45,DEISE TABILE BATISTA,***.937.560-**,CPF,2500.0,1,0.006626,
25,JEFERSON FERNANDES,PT,46,JAIR KRAUSE DO CARMO,***.732.300-**,CPF,2500.0,1,0.006626,
25,JEFERSON FERNANDES,PT,47,SONIA TERESINHA TABILE BATISTA,***.726.430-**,CPF,2500.0,1,0.006626,
25,JEFERSON FERNANDES,PT,48,NEIDA VERA MAR PEREIRA MARTINS,***.852.700-**,CPF,2400.0,1,0.006361,
25,JEFERSON FERNANDES,PT,49,GRAFICA E EDITORA JORNALISTICA SENTINELA LTDA,87.657.854/0001-23,CNPJ,2388.0,4,0.006329,
25,JEFERSON FERNANDES,PT,50,MARIA LUIZA FERNANDES AREND,***.935.740-**,CPF,2350.0,1,0.006229,
25,JEFERSON FERNANDES,PT,51,MICHELE LECI DOS SANTOS FERREIRA DE OLIVEIRA,***.981.230-**,CPF,2350.0,1,0.006229,
25,JEFERSON FERNANDES,PT,52,NEIDE RITA SPARRENBERGER,***.623.810-**,CPF,2350.0,1,0.006229,
25,JEFERSON FERNANDES,PT,53,OMAR MIELKE FENNER,***.500.540-**,CPF,2350.0,1,0.006229,
25,JEFERSON FERNANDES,PT,54,SONIA MARIA BATISTA DA ROSA,***.178.800-**,CPF,2350.0,1,0.006229,
25,JEFERSON FERNANDES,PT,55,ELOIR NAPOLEAO MANHABOSCO,***.185.760-**,CPF,2250.0,1,0.005964,
25,JEFERSON FERNANDES,PT,56,EMANUELLE TAUANI GORGEN STRAPASSON,***.039.570-**,CPF,2250.0,1,0.005964,
25,JEFERSON FERNANDES,PT,57,LISETE MARIA DOS SANTOS LOVATO,***.547.950-**,CPF,2250.0,1,0.005964,
25,JEFERSON FERNANDES,PT,58,THIAGO PEDROSO,***.999.730-**,CPF,2250.0,1,0.005964,
25,JEFERSON FERNANDES,PT,59,JOICE DE MELO DO AMARAL,***.181.280-**,CPF,2160.0,1,0.005725,
25,JEFERSON FERNANDES,PT,60,ALTAIR PICOLI,***.606.640-**,CPF,2100.0,1,0.005566,
25,JEFERSON FERNANDES,PT,61,DAYANE FLORES DA SILVA,***.894.550-**,CPF,2100.0,1,0.005566,
25,JEFERSON FERNANDES,PT,62,GIOVANA HOMEM MEDEIROS JORGE,***.665.420-**,CPF,2100.0,1,0.005566,
25,JEFERSON FERNANDES,PT,63,GIZELE MAGALI RODRIGUES DA ROSA,***.233.500-**,CPF,2100.0,1,0.005566,
25,JEFERSON FERNANDES,PT,64,IVONETE CADORIN,***.655.700-**,CPF,2100.0,1,0.005566,
25,JEFERSON FERNANDES,PT,65,PRISCILA EVANGELISTA PINTO,***.045.780-**,CPF,2100.0,1,0.005566,
25,JEFERSON FERNANDES,PT,66,ROSANGELA AMENGUAL STENZEL,***.402.700-**,CPF,2100.0,1,0.005566,
25,JEFERSON FERNANDES,PT,67,POSTO GLORIA - COMERCIO DE COMBUSTIVEIS LTDA,13.048.709/0001-09,CNPJ,2009.61,7,0.005327,
25,JEFERSON FERNANDES,PT,68,ELIZEU TEIXEIRA DA SILVA,***.402.740-**,CPF,2000.0,1,0.005301,
25,JEFERSON FERNANDES,PT,69,JOSE LEOBAR SANTOS DE MORAES,***.308.660-**,CPF,2000.0,1,0.005301,
25,JEFERSON FERNANDES,PT,70,LUCELI DE MELO,***.797.270-**,CPF,2000.0,1,0.005301,
25,JEFERSON FERNANDES,PT,71,MARIELE LOURENCO DOS SANTOS,***.374.740-**,CPF,2000.0,1,0.005301,
25,JEFERSON FERNANDES,PT,72,MARLI FRANKE,***.680.450-**,CPF,2000.0,1,0.005301,
25,JEFERSON FERNANDES,PT,73,NARA LUCIA SCHEIDT KOWALSKI,***.143.250-**,CPF,2000.0,1,0.005301,
25,JEFERSON FERNANDES,PT,74,SANDRA APARECIDA DA SILVA LUNARDI,***.193.420-**,CPF,2000.0,1,0.005301,
25,JEFERSON FERNANDES,PT,75,STEFANE GABRIELE RODRIGUES,***.325.740-**,CPF,2000.0,1,0.005301,
25,JEFERSON FERNANDES,PT,76,TEREZINHA LAZZARETTI KROLIKOWSKI,***.740.000-**,CPF,1700.0,1,0.004506,
25,JEFERSON FERNANDES,PT,77,DARCI DEAK,***.842.241-**,CPF,1621.0,1,0.004296,
25,JEFERSON FERNANDES,PT,78,GIULIA GABRIELA JORDANI VISSOTTO,***.822.090-**,CPF,1621.0,1,0.004296,
25,JEFERSON FERNANDES,PT,79,MADALENA CRISTINA DA SILVEIRA,***.491.110-**,CPF,1621.0,1,0.004296,
25,JEFERSON FERNANDES,PT,80,ADELAINE CATARINA SEGER,***.398.350-**,CPF,1500.0,1,0.003976,
25,JEFERSON FERNANDES,PT,81,DAMIELA RETUSA RATHKE BATTU,***.823.570-**,CPF,1500.0,1,0.003976,
25,JEFERSON FERNANDES,PT,82,HILDA KRONBAUER,***.724.200-**,CPF,1500.0,1,0.003976,
25,JEFERSON FERNANDES,PT,83,IGOR MOUSER FONSECA,***.195.400-**,CPF,1500.0,1,0.003976,
25,JEFERSON FERNANDES,PT,84,JOECI DE LOURDES,***.445.720-**,CPF,1500.0,1,0.003976,
25,JEFERSON FERNANDES,PT,85,JUDITE MOUSER FONSECA,***.110.720-**,CPF,1500.0,1,0.003976,
25,JEFERSON FERNANDES,PT,86,JULEI MARIA MULLER,***.758.030-**,CPF,1500.0,1,0.003976,
25,JEFERSON FERNANDES,PT,87,MADALENA LOURDES BANDEIRA DO AMARAL,***.064.170-**,CPF,1500.0,1,0.003976,
25,JEFERSON FERNANDES,PT,88,ROMEU DOS SANTOS,***.173.350-**,CPF,1500.0,1,0.003976,
25,JEFERSON FERNANDES,PT,89,PEDRO PASCOALINO ZAGHETTI,***.489.200-**,CPF,1410.0,1,0.003737,
25,JEFERSON FERNANDES,PT,90,ELEANA IOHAN,***.333.490-**,CPF,1350.0,1,0.003578,
25,JEFERSON FERNANDES,PT,91,LAZARO DIEL HENDGES,***.422.910-**,CPF,1350.0,1,0.003578,
25,JEFERSON FERNANDES,PT,92,MARCELO DA SILVA DUTRA,***.178.750-**,CPF,1350.0,1,0.003578,
25,JEFERSON FERNANDES,PT,93,NICOLI TAMARA HALMANN,***.984.560-**,CPF,1350.0,1,0.003578,
25,JEFERSON FERNANDES,PT,94,ALCINDO KEMPFER,***.962.400-**,CPF,1200.0,1,0.003181,
25,JEFERSON FERNANDES,PT,95,ARIANE ASSIS DOS SANTOS,***.239.090-**,CPF,1200.0,1,0.003181,
25,JEFERSON FERNANDES,PT,96,CLECI IVANIR MEDEIROS DA LUZ,***.352.810-**,CPF,1200.0,1,0.003181,
25,JEFERSON FERNANDES,PT,97,ELDO ANTONIO SCHENKEL,***.143.830-**,CPF,1200.0,1,0.003181,
25,JEFERSON FERNANDES,PT,98,IVANICE ALVES WERMANN,***.169.500-**,CPF,1200.0,1,0.003181,
25,JEFERSON FERNANDES,PT,99,TANIA REGINA CALININ,***.712.100-**,CPF,1200.0,1,0.003181,
25,JEFERSON FERNANDES,PT,100,POSTO DE COMBUSTIVEIS GLORIA LTDA,05.504.654/0002-57,CNPJ,1166.72,5,0.003092,
25,JEFERSON FERNANDES,PT,101,JB EMPRESA JORNALISTICA LTDA,73.752.180/0001-31,CNPJ,1080.0,1,0.002863,
25,JEFERSON FERNANDES,PT,102,COMERCIO DE COMBUSTIVEIS D&G LTDA,64.560.924/0001-25,CNPJ,1000.0,1,0.002651,
25,JEFERSON FERNANDES,PT,103,ELAINE CONCEICAO SAGGIN DA ROSA,***.620.660-**,CPF,1000.0,1,0.002651,
25,JEFERSON FERNANDES,PT,104,JOSIAS SANTOS DE SOUSA,***.826.423-**,CPF,1000.0,1,0.002651,
25,JEFERSON FERNANDES,PT,105,LUCAS VOGEL,***.467.010-**,CPF,1000.0,1,0.002651,
25,JEFERSON FERNANDES,PT,106,FIX PRODUTOS PARA COMUNICACAO VISUAL LTDA,29.055.273/0001-15,CNPJ,968.0,1,0.002566,
25,JEFERSON FERNANDES,PT,107,PROVISAO COMBUSTIVEIS LTDA,30.808.765/0001-13,CNPJ,886.32,2,0.002349,
25,JEFERSON FERNANDES,PT,108,IMPRESSOS CORASUL LTDA,10.454.648/0001-91,CNPJ,790.0,1,0.002094,
25,JEFERSON FERNANDES,PT,109,EMPRESA JORNALISTICA NOROESTE LTDA,87.687.703/0001-18,CNPJ,580.8,2,0.001539,
25,JEFERSON FERNANDES,PT,110,COPY STAR FOTOCOPIAS E ENCADERNACOES LTDA,90.744.509/0001-31,CNPJ,549.0,4,0.001455,
25,JEFERSON FERNANDES,PT,111,AUTO POSTO SAO LUIZ LTDA,91.427.203/0001-14,CNPJ,500.87,2,0.001328,
25,JEFERSON FERNANDES,PT,112,BRUNA DE JESUS ROSA SAKIS,***.348.360-**,CPF,500.0,1,0.001325,
25,JEFERSON FERNANDES,PT,113,CARLOS ANTONIO DA SILVA COSSIO,***.049.930-**,CPF,500.0,1,0.001325,
25,JEFERSON FERNANDES,PT,114,DANIELE RAMOS DOS SANTOS,***.269.680-**,CPF,500.0,1,0.001325,
25,JEFERSON FERNANDES,PT,115,EDUARDO BRASIL,***.361.530-**,CPF,500.0,1,0.001325,
25,JEFERSON FERNANDES,PT,116,ESTHER MIRIA PEREIRA MORAES,***.916.170-**,CPF,500.0,1,0.001325,
25,JEFERSON FERNANDES,PT,117,INGRID CRISTINA DE SOUZA INACIO,***.317.480-**,CPF,500.0,1,0.001325,
25,JEFERSON FERNANDES,PT,118,MARCIA TERESINHA DREWS,***.667.400-**,CPF,500.0,1,0.001325,
25,JEFERSON FERNANDES,PT,119,MARIA LENICE DOS SANTOS GOETTEMS,***.357.060-**,CPF,500.0,1,0.001325,
25,JEFERSON FERNANDES,PT,120,MICHELE ESTEFANIA  GOETTEMS KUSIAK,***.693.300-**,CPF,500.0,1,0.001325,
25,JEFERSON FERNANDES,PT,121,PABLO ARIEL VIEIRA GOMES,***.425.470-**,CPF,500.0,1,0.001325,
25,JEFERSON FERNANDES,PT,122,CLECI MARIA CAMPOS  DE BRUM,***.421.680-**,CPF,450.0,1,0.001193,
25,JEFERSON FERNANDES,PT,123,MICHELE AMARAL,***.074.730-**,CPF,450.0,1,0.001193,
25,JEFERSON FERNANDES,PT,124,VERA CAMPOS DE,***.647.580-**,CPF,450.0,1,0.001193,
25,JEFERSON FERNANDES,PT,125,GRAFICA JORNAL DAS MISSOES LTDA,88.729.629/0001-18,CNPJ,423.0,1,0.001121,
25,JEFERSON FERNANDES,PT,126,CLEUSA DA LUZ,***.707.100-**,CPF,400.0,1,0.00106,
25,JEFERSON FERNANDES,PT,127,ROSELI DA ROSA SANTOS LEITE,***.264.710-**,CPF,400.0,1,0.00106,
25,JEFERSON FERNANDES,PT,128,SINDICATO DOS EMP EM EST BANC DE SAO LUIZ GONZAGA,89.701.031/0001-83,CNPJ,300.0,1,0.000795,
25,JEFERSON FERNANDES,PT,129,QUEROAPOIAR.COM.BR LTDA,39.586.155/0001-97,CNPJ,184.76,2,0.00049,
26,JOEL WILHELM,PP,1,ANS IMPRESSOES GRAFICAS LTDA.,05.677.050/0001-21,CNPJ,172627.57,21,0.230399,
26,JOEL WILHELM,PP,2,SM DUBLAGENS E TECIDOS LTDA,36.923.744/0001-25,CNPJ,78930.0,10,0.105345,
26,JOEL WILHELM,PP,3,FACEBOOK SERVICOS ONLINE DO BRASIL LTDA.,13.347.016/0001-17,CNPJ,61500.0,3,0.082082,
26,JOEL WILHELM,PP,4,RCA JD HONORATO LTDA,09.145.155/0001-90,CNPJ,42500.0,1,0.056723,
26,JOEL WILHELM,PP,5,GRAFICA IGIGRAF LTDA,07.636.560/0001-86,CNPJ,33175.0,24,0.044277,
26,JOEL WILHELM,PP,6,PRISMA SINALIZACAO E COMUNICACAO VISUAL LTDA,01.720.535/0001-08,CNPJ,20400.0,1,0.027227,
26,JOEL WILHELM,PP,7,SPEED PROMOCIONAL INDUSTRIA DE BRINDES LTDA,15.115.234/0001-51,CNPJ,18090.0,3,0.024144,
26,JOEL WILHELM,PP,8,SANDER E ESTEVES LTDA,18.963.598/0001-80,CNPJ,17214.0,29,0.022975,
26,JOEL WILHELM,PP,9,R MIDIAS LTDA,67.991.049/0001-24,CNPJ,12030.0,2,0.016056,
26,JOEL WILHELM,PP,10,68.220.628 BRYAN GABRIEL KAIPPER TREVISAN,68.220.628/0001-36,CNPJ,12000.0,1,0.016016,
26,JOEL WILHELM,PP,11,68.162.211 ANDERSON BATISTA CABREIRA,68.162.211/0001-64,CNPJ,10680.0,5,0.014254,
26,JOEL WILHELM,PP,12,CELEBRAR FESTAS FOTOS E EVENTOS LTDA,91.649.152/0001-75,CNPJ,10030.0,1,0.013387,
26,JOEL WILHELM,PP,13,CESAR SCHMITT SOUSA SOCIEDADE INDIVIDUAL DE ADVOCACIA,43.957.904/0001-12,CNPJ,9600.0,1,0.012813,
26,JOEL WILHELM,PP,14,63.112.980 UILIAN BERLI ZIMMER DE OLIVEIRA,63.112.980/0001-34,CNPJ,9400.0,4,0.012546,
26,JOEL WILHELM,PP,15,CARLOS FLORIANO SCHENKEL,***.238.260-**,CPF,9000.0,2,0.012012,
26,JOEL WILHELM,PP,16,ALTERNATIVA SERVICO DE SOM E LUZ LTDA,08.744.127/0001-27,CNPJ,8400.0,1,0.011211,
26,JOEL WILHELM,PP,17,UTZ PARTICIPACOES SOCIETARIAS LTDA.,88.633.987/0001-22,CNPJ,6500.0,1,0.008675,
26,JOEL WILHELM,PP,18,61.959.928 ARTHUR DOS REIS,61.959.928/0001-92,CNPJ,5900.0,1,0.007875,
26,JOEL WILHELM,PP,19,ALICE IMOVEIS LTDA,91.303.768/0001-90,CNPJ,5000.0,1,0.006673,
26,JOEL WILHELM,PP,20,CARINA DOS PASSOS DE FRAGA,***.089.900-**,CPF,5000.0,1,0.006673,
26,JOEL WILHELM,PP,21,EUGENIO HENRIQUE GRASSMANN,***.390.100-**,CPF,5000.0,1,0.006673,
26,JOEL WILHELM,PP,22,LAPA MUSICA LTDA,08.335.652/0001-99,CNPJ,5000.0,1,0.006673,
26,JOEL WILHELM,PP,23,PAULO RICARDO SCHMIDT,***.736.350-**,CPF,5000.0,1,0.006673,
26,JOEL WILHELM,PP,24,RAFIZA AUTOLOCADORA LTDA,10.571.673/0001-55,CNPJ,4900.0,1,0.00654,
26,JOEL WILHELM,PP,25,ADRIANA ALAIDE KUNSSLER ***.648.490-**,47.897.203/0001-96,CNPJ,4665.0,3,0.006226,
26,JOEL WILHELM,PP,26,GERLEI DAVI PINHEIRO,***.638.860-**,CPF,4500.0,1,0.006006,
26,JOEL WILHELM,PP,27,STATUS ADMINISTRACAO E INCORPORACAO LTDA,15.798.527/0001-80,CNPJ,4500.0,1,0.006006,
26,JOEL WILHELM,PP,28,AMC CONSULTORIA E CONTABILIDADE LTDA,93.711.224/0001-92,CNPJ,4000.0,1,0.005339,
26,JOEL WILHELM,PP,29,DAURI FLAVIO PREZZI,***.477.520-**,CPF,4000.0,1,0.005339,
26,JOEL WILHELM,PP,30,JOAO ARTUR DAHMER DA ROSA STEINMETZ MEDEIROS,***.868.420-**,CPF,4000.0,1,0.005339,
26,JOEL WILHELM,PP,31,MARIO DA SILVA,***.413.790-**,CPF,4000.0,2,0.005339,
26,JOEL WILHELM,PP,32,PAULO IANCIO CARVALHO DE QUADROS,***.205.010-**,CPF,3750.0,1,0.005005,
26,JOEL WILHELM,PP,33,28.210.713 CLAUDINEI GONCALVES DO AMARAL,28.210.713/0001-07,CNPJ,3600.0,1,0.004805,
26,JOEL WILHELM,PP,34,FOLHA COMUNICACAO VISUAL LTDA,50.894.599/0001-22,CNPJ,3579.0,3,0.004777,
26,JOEL WILHELM,PP,35,CARLOS ERINALDO FREITAS ROSA,***.175.310-**,CPF,3500.0,1,0.004671,
26,JOEL WILHELM,PP,36,EVANDRO LUIS STRASSBURGER,***.084.700-**,CPF,3500.0,1,0.004671,
26,JOEL WILHELM,PP,37,MORBACH PRODUTORA DE EVENTOS LTDA,16.842.893/0001-52,CNPJ,3500.0,1,0.004671,
26,JOEL WILHELM,PP,38,WALMIR JOSE MOMBACH,***.175.060-**,CPF,3300.0,1,0.004404,
26,JOEL WILHELM,PP,39,ALTERO IMOVEIS LTDA,20.711.410/0001-58,CNPJ,3000.0,1,0.004004,
26,JOEL WILHELM,PP,40,GILSON BENTO PEREIRA,***.411.770-**,CPF,3000.0,1,0.004004,
26,JOEL WILHELM,PP,41,RODRIGO PORTAL BORGES,***.657.040-**,CPF,3000.0,1,0.004004,
26,JOEL WILHELM,PP,42,FERMINO VELHO ACAUAN,***.592.300-**,CPF,2800.0,1,0.003737,
26,JOEL WILHELM,PP,43,ANUAR ECHER,***.059.000-**,CPF,2750.0,1,0.00367,
26,JOEL WILHELM,PP,44,VALDIR JOSE LOCH,***.209.460-**,CPF,2750.0,1,0.00367,
26,JOEL WILHELM,PP,45,PRINT PRESS FORMULARIOS LTDA,94.990.835/0001-80,CNPJ,2580.0,1,0.003443,
26,JOEL WILHELM,PP,46,ANTONIO MACHADO DE AGUIAR,***.170.100-**,CPF,2500.0,1,0.003337,
26,JOEL WILHELM,PP,47,CRISTIANO HENRIQUE STEIL,***.724.430-**,CPF,2500.0,1,0.003337,
26,JOEL WILHELM,PP,48,MILTON ALMEIDA SILVEIRA,***.145.250-**,CPF,2500.0,1,0.003337,
26,JOEL WILHELM,PP,49,SAMANTA DOS SANTOS ALEXANDRE,***.742.490-**,CPF,2500.0,1,0.003337,
26,JOEL WILHELM,PP,50,SERGIO PAULO GOMES,***.448.410-**,CPF,2500.0,1,0.003337,
26,JOEL WILHELM,PP,51,IMOBILIARIA VILA RICA NEGOCIOS IMOBILIARIOS LTDA,87.235.123/0001-90,CNPJ,2290.0,2,0.003056,
26,JOEL WILHELM,PP,52,PAROQUIA EVANGELICA DE CONFISSAO LUTERANA DO VALE DE TRES FORQUILHAS,91.892.976/0001-71,CNPJ,2100.0,1,0.002803,
26,JOEL WILHELM,PP,53,59.855.097 MICHAEL CASSIANO SCHIERHOLT,59.855.097/0001-67,CNPJ,2000.0,1,0.002669,
26,JOEL WILHELM,PP,54,GUSTAVO PINTO PEREIRA,***.884.150-**,CPF,2000.0,1,0.002669,
26,JOEL WILHELM,PP,55,MARIA IVETE DALSOTTO BOFF,***.897.530-**,CPF,2000.0,1,0.002669,
26,JOEL WILHELM,PP,56,ROGELIO MODEL JAEGER,***.712.180-**,CPF,2000.0,1,0.002669,
26,JOEL WILHELM,PP,57,DAILOR FIDELIS,***.527.200-**,CPF,1750.0,1,0.002336,
26,JOEL WILHELM,PP,58,EDISON LUIS SACHET,***.315.950-**,CPF,1750.0,1,0.002336,
26,JOEL WILHELM,PP,59,ABASTEC ABASTECIMENTO LAVAGENS E LUBRIFICACAO LTDA,91.005.710/0001-60,CNPJ,1581.77,6,0.002111,
26,JOEL WILHELM,PP,60,ARVELINO BINELO BRIZOLA,***.609.620-**,CPF,1500.0,1,0.002002,
26,JOEL WILHELM,PP,61,CARLA SALIB VARELA,***.647.480-**,CPF,1500.0,1,0.002002,
26,JOEL WILHELM,PP,62,CARLI VARELA DE OLIVEIRA,***.778.890-**,CPF,1500.0,1,0.002002,
26,JOEL WILHELM,PP,63,ESPORTE CLUBE IGREJINHA,94.725.348/0001-90,CNPJ,1500.0,1,0.002002,
26,JOEL WILHELM,PP,64,EVELINE SILVA DE JESUS,***.438.360-**,CPF,1500.0,1,0.002002,
26,JOEL WILHELM,PP,65,FELIPE DA SILVA,***.893.400-**,CPF,1500.0,1,0.002002,
26,JOEL WILHELM,PP,66,JOAO ADELAR SCHNORR,***.484.000-**,CPF,1500.0,1,0.002002,
26,JOEL WILHELM,PP,67,LORIVANIA CORASSA,***.926.680-**,CPF,1500.0,1,0.002002,
26,JOEL WILHELM,PP,68,MARIA GORETE CAVALHEIRO FRANCO,***.356.420-**,CPF,1500.0,1,0.002002,
26,JOEL WILHELM,PP,69,MIRIANE VARELA SILVEIRA,***.936.450-**,CPF,1500.0,1,0.002002,
26,JOEL WILHELM,PP,70,RITIELI PINTO DAROS,***.468.320-**,CPF,1500.0,1,0.002002,
26,JOEL WILHELM,PP,71,SUZANA MOREIRA DOS SANTOS,***.388.270-**,CPF,1500.0,1,0.002002,
26,JOEL WILHELM,PP,72,47.587.045 LUCIANO MARCIO DE MELLO,47.587.045/0001-78,CNPJ,1350.0,1,0.001802,
26,JOEL WILHELM,PP,73,SOCIEDADE ESPORTIVA RECREATIVA E CULTURAL IPIRANGA DE VARZEA GRANDE,05.493.125/0001-14,CNPJ,1350.0,1,0.001802,
26,JOEL WILHELM,PP,74,60.726.970 EVERTON FORMIGHIERI MARMITT,60.726.970/0001-09,CNPJ,1319.41,1,0.001761,
26,JOEL WILHELM,PP,75,PATRICIA DIEFENBACH SCHIRMER,***.641.540-**,CPF,1318.0,1,0.001759,
26,JOEL WILHELM,PP,76,ADEMAR ALVES CALHEIRO,***.088.200-**,CPF,1250.0,1,0.001668,
26,JOEL WILHELM,PP,77,ADRIAN MATHEUS FERREIRA FERNANDES,***.616.360-**,CPF,1250.0,1,0.001668,
26,JOEL WILHELM,PP,78,ALAN LUIZ CENCI,***.773.140-**,CPF,1250.0,1,0.001668,
26,JOEL WILHELM,PP,79,ALEXANDRE BARBOSA TARACHUCK,***.604.700-**,CPF,1250.0,1,0.001668,
26,JOEL WILHELM,PP,80,BEATRIZ PEREIRA DE ANDRADE,***.940.430-**,CPF,1250.0,1,0.001668,
26,JOEL WILHELM,PP,81,CAUA HENRIQUE SOARES RAMOS DA CUNHA,***.187.450-**,CPF,1250.0,1,0.001668,
26,JOEL WILHELM,PP,82,CLEMENTE KRAFCZINSKI,***.393.179-**,CPF,1250.0,1,0.001668,
26,JOEL WILHELM,PP,83,DOUGLAS MACIEL ANGELI,***.944.080-**,CPF,1250.0,1,0.001668,
26,JOEL WILHELM,PP,84,EDUARDO DE FREITAS TARACHUCK,***.424.240-**,CPF,1250.0,1,0.001668,
26,JOEL WILHELM,PP,85,FRANCIELE SIQUEIRA ZAQUIA,***.372.000-**,CPF,1250.0,1,0.001668,
26,JOEL WILHELM,PP,86,GERSON DA ROSA DE PAULO,***.645.960-**,CPF,1250.0,1,0.001668,
26,JOEL WILHELM,PP,87,JOELMA QUEID DA SILVEIRA FERREIRA,***.797.000-**,CPF,1250.0,1,0.001668,
26,JOEL WILHELM,PP,88,JOICE DA COSTA KLAUS,***.331.740-**,CPF,1250.0,1,0.001668,
26,JOEL WILHELM,PP,89,JONATAN PEREIRA SOARES,***.282.190-**,CPF,1250.0,1,0.001668,
26,JOEL WILHELM,PP,90,JOSE GERVASIO JAGUCHESKI,***.145.520-**,CPF,1250.0,1,0.001668,
26,JOEL WILHELM,PP,91,JOSE RICARDO NUNES FERREIRA,***.256.180-**,CPF,1250.0,1,0.001668,
26,JOEL WILHELM,PP,92,JUCIANE DUARTE,***.108.000-**,CPF,1250.0,1,0.001668,
26,JOEL WILHELM,PP,93,JULIANA BORGES BITTENCOURT,***.781.860-**,CPF,1250.0,1,0.001668,
26,JOEL WILHELM,PP,94,LIZIANE DOS SANTOS,***.129.770-**,CPF,1250.0,1,0.001668,
26,JOEL WILHELM,PP,95,MANUELLA DRYSZER DE LIMA,***.091.460-**,CPF,1250.0,1,0.001668,
26,JOEL WILHELM,PP,96,MAX ALEXANDRE SANTOS RIBEIRO,***.635.840-**,CPF,1250.0,1,0.001668,
26,JOEL WILHELM,PP,97,REVELINO BINELO BRIZOLA,***.450.420-**,CPF,1250.0,1,0.001668,
26,JOEL WILHELM,PP,98,SANDRA ALFF DE CAMPOS,***.121.130-**,CPF,1250.0,1,0.001668,
26,JOEL WILHELM,PP,99,SILVANA DE AGUIAR BORGES,***.659.910-**,CPF,1250.0,1,0.001668,
26,JOEL WILHELM,PP,100,THEREZINHA DE FATIMA KRAFCZINSKI,***.080.789-**,CPF,1250.0,1,0.001668,
26,JOEL WILHELM,PP,101,THIAGO DIAS APOLINARIO,***.809.910-**,CPF,1250.0,1,0.001668,
26,JOEL WILHELM,PP,102,WILLIAM JOHNNY DA SILVA FAGUNDES,***.161.830-**,CPF,1250.0,1,0.001668,
26,JOEL WILHELM,PP,103,EDITORA PACHECO LTDA,03.526.627/0001-79,CNPJ,1200.0,1,0.001602,
26,JOEL WILHELM,PP,104,GRAFICA EDITORA SANTO ANTONIO DA PATRULHA LTDA,93.523.157/0001-82,CNPJ,1200.0,1,0.001602,
26,JOEL WILHELM,PP,105,FABIANA SILVEIRA DE OLIVEIRA,***.598.290-**,CPF,1150.0,1,0.001535,
26,JOEL WILHELM,PP,106,FERNANDO DA SILVA MODELSKI ***.044.300-**,23.375.998/0001-04,CNPJ,1100.0,1,0.001468,
26,JOEL WILHELM,PP,107,MARIA DENISE FORMIGHIERI,07.525.451/0001-91,CNPJ,1050.0,2,0.001401,
26,JOEL WILHELM,PP,108,D2 CONSULTORIA E INTEGRACAO COMUNICACAO LTDA,53.018.874/0001-32,CNPJ,1010.0,1,0.001348,
26,JOEL WILHELM,PP,109,49.805.297 YURI DUARTE DOS SANTOS,49.805.297/0001-51,CNPJ,1000.0,1,0.001335,
26,JOEL WILHELM,PP,110,B. BACKES PARTICIPACOES SOCIETARIAS LTDA,44.653.750/0001-38,CNPJ,1000.0,1,0.001335,
26,JOEL WILHELM,PP,111,DIOGO SOUZA DA SILVA,***.625.940-**,CPF,1000.0,1,0.001335,
26,JOEL WILHELM,PP,112,JULIANO REIS DE OLIVEIRA,***.008.370-**,CPF,1000.0,1,0.001335,
26,JOEL WILHELM,PP,113,MARIA GESSI LORENZO,***.501.650-**,CPF,1000.0,1,0.001335,
26,JOEL WILHELM,PP,114,PAULO CEZAR BLACK,08.888.233/0001-84,CNPJ,932.0,1,0.001244,
26,JOEL WILHELM,PP,115,EDIMCA EDITORA MENIN CALDAS LTDA,94.484.458/0001-07,CNPJ,900.0,1,0.001201,
26,JOEL WILHELM,PP,116,LUCIA DE CASTRO MENEGALI,***.267.970-**,CPF,750.0,1,0.001001,
26,JOEL WILHELM,PP,117,VALTER DA SILVA MENEGALI,***.004.700-**,CPF,750.0,1,0.001001,
26,JOEL WILHELM,PP,118,60.422.108 JESSICA LOESCH,60.422.108/0001-02,CNPJ,700.0,1,0.000934,
26,JOEL WILHELM,PP,119,CENTRO DE TRADICOES GAUCHAS PATRULHA DO RIO GRANDE,91.310.367/0001-67,CNPJ,650.0,1,0.000868,
26,JOEL WILHELM,PP,120,P.F. COMUNICACAO LTDA,60.115.099/0001-07,CNPJ,640.0,1,0.000854,
26,JOEL WILHELM,PP,121,JOVANIA APARECIDA PEREIRA VELHO,***.685.000-**,CPF,625.0,1,0.000834,
26,JOEL WILHELM,PP,122,BRUNA MACIEL BORBA ***.745.860-**,27.910.359/0001-52,CNPJ,540.0,1,0.000721,
26,JOEL WILHELM,PP,123,BAR E RESTAURANTE DOS ALEMAO CANELA LTDA,51.460.284/0001-30,CNPJ,500.0,1,0.000667,
26,JOEL WILHELM,PP,124,JORNAL LITORAL EM DIA LTDA,48.406.181/0001-87,CNPJ,500.0,1,0.000667,
26,JOEL WILHELM,PP,125,PURA MAGIA EVENTOS LTDA,27.484.210/0001-59,CNPJ,500.0,1,0.000667,
26,JOEL WILHELM,PP,126,"ENCARGOS FINANCEIROS, TAXAS BANCÁRIAS E/OU OP. CARTÃO DE CRÉDITO",,,174.3,24,0.000233,
26,JOEL WILHELM,PP,127,AUTO SERVICO LINDOLFO COLLOR LTDA,96.735.022/0001-79,CNPJ,172.27,1,0.00023,
27,JUNIOR FOX,PL,1,GRAFICA LAJEADENSE LTDA,88.057.187/0001-00,CNPJ,28320.0,4,0.147631,
27,JUNIOR FOX,PL,2,PANTHUS SPORT INDUSTRIA E COMERCIO DE VESTUARIO LTDA,10.338.946/0002-05,CNPJ,23215.0,2,0.121019,
27,JUNIOR FOX,PL,3,ADMINISTRADORA RAPHAEL LTDA,93.301.976/0001-85,CNPJ,10000.0,1,0.05213,
27,JUNIOR FOX,PL,4,DANIEL NUNES GARCIA,***.595.810-**,CPF,10000.0,1,0.05213,
27,JUNIOR FOX,PL,5,FACEBOOK SERVICOS ONLINE DO BRASIL LTDA.,13.347.016/0001-17,CNPJ,10000.0,1,0.05213,
27,JUNIOR FOX,PL,6,GISLAINE DE CASTRO BUCK,***.900.560-**,CPF,10000.0,1,0.05213,
27,JUNIOR FOX,PL,7,F WORK TEXTIL LTDA,68.462.703/0001-75,CNPJ,6190.0,5,0.032268,
27,JUNIOR FOX,PL,8,RODRIGO BARBOSA DA SILVA,***.642.880-**,CPF,6000.0,1,0.031278,
27,JUNIOR FOX,PL,9,ROMULO RODEGHIERO RODRIGUES,***.034.010-**,CPF,6000.0,1,0.031278,
27,JUNIOR FOX,PL,10,VALDECIR DE MACEDO,***.774.529-**,CPF,6000.0,1,0.031278,
27,JUNIOR FOX,PL,11,EDUARDA BRUNIS PADILHA HANSEN,***.139.060-**,CPF,5000.0,1,0.026065,
27,JUNIOR FOX,PL,12,NATANIEL MUSSOI GONCALVES,***.216.530-**,CPF,5000.0,1,0.026065,
27,JUNIOR FOX,PL,13,PATRICIA BILHALVA LEMOS,***.585.840-**,CPF,5000.0,1,0.026065,
27,JUNIOR FOX,PL,14,ELIAS LEITE FALCAO,***.251.540-**,CPF,4500.0,1,0.023458,
27,JUNIOR FOX,PL,15,FELIPE DOS SANTOS PEREIRA,***.370.410-**,CPF,3000.0,1,0.015639,
27,JUNIOR FOX,PL,16,LINNIKER CAVALHEIRO GONCALVES,***.697.130-**,CPF,3000.0,1,0.015639,
27,JUNIOR FOX,PL,17,MARTIELE GONCALVES DUARTE PEREIRA,***.024.320-**,CPF,3000.0,1,0.015639,
27,JUNIOR FOX,PL,18,SUNCIARAI SILVA ALVES,***.053.400-**,CPF,3000.0,1,0.015639,
27,JUNIOR FOX,PL,19,SF COMERCIO DE ALIMENTOS LTDA,37.147.798/0001-09,CNPJ,2782.5,1,0.014505,
27,JUNIOR FOX,PL,20,ABASTECEDORA MANIA LTDA,05.282.433/0006-05,CNPJ,2619.51,8,0.013655,
27,JUNIOR FOX,PL,21,DONARIO SOUZA DA COSTA,***.409.620-**,CPF,2250.0,1,0.011729,
27,JUNIOR FOX,PL,22,GILSON MOHNSAM BASTOS,***.665.590-**,CPF,2000.0,2,0.010426,
27,JUNIOR FOX,PL,23,LUIS CARLOS PORTO STEIN,***.128.290-**,CPF,2000.0,2,0.010426,
27,JUNIOR FOX,PL,24,BRUNA FERREIRA DYNCZUK,***.543.980-**,CPF,1750.0,2,0.009123,
27,JUNIOR FOX,PL,25,ROGER SOARES GOULART,***.506.910-**,CPF,1750.0,2,0.009123,
27,JUNIOR FOX,PL,26,DEJANIRA XAVIER SOARES,***.521.260-**,CPF,1500.0,2,0.007819,
27,JUNIOR FOX,PL,27,ELISANDRA DOS SANTOS,***.215.390-**,CPF,1500.0,2,0.007819,
27,JUNIOR FOX,PL,28,LEANDRO DOMINGUES DA SILVA,***.412.960-**,CPF,1500.0,2,0.007819,
27,JUNIOR FOX,PL,29,MARIA ISABEL PRESTES FERREIRA NUNES,***.906.910-**,CPF,1500.0,2,0.007819,
27,JUNIOR FOX,PL,30,JORGE RONALDO PEREIRA PACHECO DE VASCONCELOS,***.858.390-**,CPF,1300.0,2,0.006777,
27,JUNIOR FOX,PL,31,ELIANE VAHL DA SILVA,***.940.470-**,CPF,1000.0,2,0.005213,
27,JUNIOR FOX,PL,32,MARCELO MOREIRA LEAL,***.309.680-**,CPF,1000.0,1,0.005213,
27,JUNIOR FOX,PL,33,RENATA FABIANE VIEIRA NEY,***.029.430-**,CPF,1000.0,2,0.005213,
27,JUNIOR FOX,PL,34,RENATO DOS SANTOS DA COSTA,***.354.070-**,CPF,1000.0,2,0.005213,
27,JUNIOR FOX,PL,35,THAIS MARCELLO PEREIRA,***.704.130-**,CPF,1000.0,2,0.005213,
27,JUNIOR FOX,PL,36,FABRICIO SAMPIETRO LEAL,***.908.170-**,CPF,985.0,2,0.005135,
27,JUNIOR FOX,PL,37,PATRICIA HELENA GARCIA BARCELOS,***.486.270-**,CPF,920.0,2,0.004796,
27,JUNIOR FOX,PL,38,JORGE LUIS DA ROCHA,***.056.350-**,CPF,901.0,2,0.004697,
27,JUNIOR FOX,PL,39,ENILDA DE QUEVEDO PINTO,***.011.720-**,CPF,894.0,2,0.00466,
27,JUNIOR FOX,PL,40,ISABELLE NUNES ALVES,***.453.550-**,CPF,836.0,2,0.004358,
27,JUNIOR FOX,PL,41,AYANE DE OLIVEIRA DE ASSIS,***.869.070-**,CPF,772.0,2,0.004024,
27,JUNIOR FOX,PL,42,NICOLLE PORTO FREITAS,***.657.690-**,CPF,772.0,2,0.004024,
27,JUNIOR FOX,PL,43,RICHELE FERREIRA SILVEIRA,***.240.980-**,CPF,753.0,2,0.003925,
27,JUNIOR FOX,PL,44,SABRINA LEAL PEREIRA,***.054.390-**,CPF,753.0,2,0.003925,
27,JUNIOR FOX,PL,45,LUANA DITTGEN DA COSTA,***.592.540-**,CPF,700.0,1,0.003649,
27,JUNIOR FOX,PL,46,PETTER MARTINS DA SILVA,***.257.760-**,CPF,700.0,1,0.003649,
27,JUNIOR FOX,PL,47,ANA PAULA FURTADO MOREIRA,***.401.180-**,CPF,695.0,2,0.003623,
27,JUNIOR FOX,PL,48,DAIANE MOREIRA VIEIRA,***.084.100-**,CPF,695.0,2,0.003623,
27,JUNIOR FOX,PL,49,CINTIA BENTO DOS SANTOS,***.445.800-**,CPF,668.0,2,0.003482,
27,JUNIOR FOX,PL,50,LIDIANE DITTGEN DA COSTA,***.763.010-**,CPF,650.0,1,0.003388,
27,JUNIOR FOX,PL,51,ALEXSANDER COUTINHO AVILA,***.113.300-**,CPF,500.0,1,0.002606,
27,JUNIOR FOX,PL,52,BERNARDO DA SILVA MACIEL,***.386.590-**,CPF,500.0,1,0.002606,
27,JUNIOR FOX,PL,53,CAROLINE MICHELIN BOEIRA,***.167.470-**,CPF,500.0,1,0.002606,
27,JUNIOR FOX,PL,54,CLEUZA IRACEMA CARDOSO FAGUNDES,***.305.370-**,CPF,500.0,1,0.002606,
27,JUNIOR FOX,PL,55,DARA BRAGA STRICKLER,***.333.570-**,CPF,500.0,1,0.002606,
27,JUNIOR FOX,PL,56,VILMA MARIA RIBEIRO RANGEL,***.597.550-**,CPF,500.0,1,0.002606,
27,JUNIOR FOX,PL,57,WELLINGTON DOS SANTOS DA COSTA,***.581.640-**,CPF,500.0,1,0.002606,
27,JUNIOR FOX,PL,58,JOVENTINO FAGUNDES DE QUEVEDO,***.780.700-**,CPF,485.0,1,0.002528,
27,JUNIOR FOX,PL,59,CAROLINA DOS SANTOS PACHECO DE VASCONCELOS,***.962.540-**,CPF,279.0,1,0.001454,
27,JUNIOR FOX,PL,60,INDIARA FEIJO DA SILVA,***.753.720-**,CPF,252.0,1,0.001314,
27,JUNIOR FOX,PL,61,MICHELE PADILHA RODRIGUES,***.334.000-**,CPF,214.0,1,0.001116,
27,JUNIOR FOX,PL,62,LILITY MARTINS LOPES,***.727.050-**,CPF,200.0,1,0.001043,
27,JUNIOR FOX,PL,63,ELBIO SILVA DUTRA,***.236.720-**,CPF,195.0,1,0.001017,
27,JUNIOR FOX,PL,64,ANTONIELLE BARCELOS MORAES,***.568.110-**,CPF,149.0,1,0.000777,
27,JUNIOR FOX,PL,65,BRUNA MACHADO DA CUNHA,***.844.210-**,CPF,130.0,1,0.000678,
27,JUNIOR FOX,PL,66,JOSUE RODRIGUES PINHEIRO,18.392.629/0001-90,CNPJ,54.0,1,0.000282,
28,KAREN SANTOS,PSOL,1,FACEBOOK SERVICOS ONLINE DO BRASIL LTDA.,13.347.016/0001-17,CNPJ,48000.0,1,0.09671,
28,KAREN SANTOS,PSOL,2,FERNANDES & COSTA ADVOCACIA,67.030.097/0001-56,CNPJ,32325.0,1,0.065128,
28,KAREN SANTOS,PSOL,3,ALZIMERI O. FERNANDES & ANTONIO CARLOS LIMA DE OLIVEIRA LTDA,44.691.407/0001-88,CNPJ,26144.0,10,0.052675,
28,KAREN SANTOS,PSOL,4,CONTAS PARTIDARIAS CONSULTORIA E ASSESSORIA LTDA,50.977.656/0001-37,CNPJ,21200.0,1,0.042714,
28,KAREN SANTOS,PSOL,5,MZ FERNANDES IMPRESSOS LTDA,68.748.772/0001-40,CNPJ,20290.0,5,0.04088,
28,KAREN SANTOS,PSOL,6,MAIRA LARA COUTO,***.708.310-**,CPF,20000.0,1,0.040296,
28,KAREN SANTOS,PSOL,7,PATRICIA DE LOURDES PERES DA ROSA,***.116.990-**,CPF,10920.0,1,0.022002,
28,KAREN SANTOS,PSOL,8,IMPACTA COMUNICACAO E MIDIAS DIGITAIS LTDA,58.895.246/0001-59,CNPJ,10800.0,1,0.02176,
28,KAREN SANTOS,PSOL,9,FAYLON SILVA LIMA,***.958.550-**,CPF,10480.0,1,0.021115,
28,KAREN SANTOS,PSOL,10,MATHEUS BERTOLO DAMASCENO,***.507.370-**,CPF,10480.0,1,0.021115,
28,KAREN SANTOS,PSOL,11,JOKA SUBLIMACAO DIGITAL LTDA,94.350.113/0001-60,CNPJ,10263.5,5,0.020679,
28,KAREN SANTOS,PSOL,12,DAYANA BITTENCOURT VAZ,***.229.930-**,CPF,10000.0,1,0.020148,
28,KAREN SANTOS,PSOL,13,IAGO GONCALVES CUNHA,***.451.118-**,CPF,10000.0,1,0.020148,
28,KAREN SANTOS,PSOL,14,TZUSY ESTIVALET DE MELLO,***.634.740-**,CPF,10000.0,1,0.020148,
28,KAREN SANTOS,PSOL,15,JOAO CARLOS MARTINI DE VARGAS,***.409.770-**,CPF,8280.0,1,0.016683,
28,KAREN SANTOS,PSOL,16,JULIA FONTANA DEXHEIMER,***.296.080-**,CPF,8280.0,1,0.016683,
28,KAREN SANTOS,PSOL,17,LUCAS RAFAEL LIMA,***.544.390-**,CPF,8280.0,1,0.016683,
28,KAREN SANTOS,PSOL,18,LARYSSA FLORES FONTOURA,***.343.160-**,CPF,8100.0,1,0.01632,
28,KAREN SANTOS,PSOL,19,LIBORIO PEDRO JANSEN DANIELE,***.256.530-**,CPF,8000.0,1,0.016118,
28,KAREN SANTOS,PSOL,20,HERCULES DE CAMPOS LISBOA JUNIOR,***.834.190-**,CPF,7500.0,1,0.015111,
28,KAREN SANTOS,PSOL,21,DIEGO MASIERO,***.997.960-**,CPF,7320.0,1,0.014748,
28,KAREN SANTOS,PSOL,22,ANANDA VARGAS ALIARDI,***.128.470-**,CPF,6800.0,1,0.013701,
28,KAREN SANTOS,PSOL,23,ANA ALICE MOTTOLA FERREIRA,***.161.100-**,CPF,6700.0,1,0.013499,
28,KAREN SANTOS,PSOL,24,FLAVIA FERNANDA SILVA DE LEMOS,***.152.770-**,CPF,6700.0,1,0.013499,
28,KAREN SANTOS,PSOL,25,LUIZA DE CASTRO ESCOBAR,***.954.060-**,CPF,6700.0,1,0.013499,
28,KAREN SANTOS,PSOL,26,ALISON ACOSTA MUNHOS,***.464.090-**,CPF,6680.0,1,0.013459,
28,KAREN SANTOS,PSOL,27,JULIA ROCHA CLASEN,***.268.338-**,CPF,6000.0,1,0.012089,
28,KAREN SANTOS,PSOL,28,P. LUCAS PORCELLIS BRANCO LTDA,64.947.407/0001-03,CNPJ,6000.0,1,0.012089,
28,KAREN SANTOS,PSOL,29,ANANDA DE BELGRADO AITA,***.604.910-**,CPF,5000.0,1,0.010074,
28,KAREN SANTOS,PSOL,30,GABRIELLE SANGER DE OLIVEIRA DA CONCEICAO,***.291.530-**,CPF,5000.0,1,0.010074,
28,KAREN SANTOS,PSOL,31,PAULA JULIANA PERES DA ROSA,***.636.960-**,CPF,4575.0,1,0.009218,
28,KAREN SANTOS,PSOL,32,FRANCINE SUELEN DA ROSA MARTINS,***.302.460-**,CPF,4125.0,1,0.008311,
28,KAREN SANTOS,PSOL,33,FRANCIELI DA ROSA MARTINS,***.118.430-**,CPF,3850.0,1,0.007757,
28,KAREN SANTOS,PSOL,34,WILLIAM CHAGAS PEDROSO,***.887.600-**,CPF,3825.0,1,0.007707,
28,KAREN SANTOS,PSOL,35,LETICIA CAMARGO DE SA SILVA,***.552.229-**,CPF,3750.0,1,0.007556,
28,KAREN SANTOS,PSOL,36,CAIO DOS SANTOS PIRES,***.117.840-**,CPF,3300.0,1,0.006649,
28,KAREN SANTOS,PSOL,37,RAFAELLA CAMARGO NUNES,***.025.350-**,CPF,3100.0,1,0.006246,
28,KAREN SANTOS,PSOL,38,GIOVANNI FRANCIONI KUHN,***.740.920-**,CPF,3000.0,1,0.006044,
28,KAREN SANTOS,PSOL,39,RAFAELA GRINAS GOWERT GABE,***.034.900-**,CPF,3000.0,1,0.006044,
28,KAREN SANTOS,PSOL,40,ROSELAINE PERES MOTA,***.667.410-**,CPF,3000.0,1,0.006044,
28,KAREN SANTOS,PSOL,41,ANDRIELI DA ROSA MARTINS,***.084.140-**,CPF,2925.0,1,0.005893,
28,KAREN SANTOS,PSOL,42,GABRIEL PORTILHO TENORIO,***.247.027-**,CPF,2925.0,1,0.005893,
28,KAREN SANTOS,PSOL,43,PAULO ROBERTO DA SILVA FURTADO,***.220.710-**,CPF,2925.0,1,0.005893,
28,KAREN SANTOS,PSOL,44,ENDRIW LOUZADA GONCALVES,***.840.770-**,CPF,2775.0,1,0.005591,
28,KAREN SANTOS,PSOL,45,PYERRE SCHANTZ GARCIAS,***.011.630-**,CPF,2775.0,1,0.005591,
28,KAREN SANTOS,PSOL,46,KEVIN DA ROSA MARTINS,***.608.360-**,CPF,2750.0,1,0.005541,
28,KAREN SANTOS,PSOL,47,SILVIA LETICIA CORREIA,***.798.500-**,CPF,2725.0,1,0.00549,
28,KAREN SANTOS,PSOL,48,AMANDA ROSOLEN MATOS,***.078.830-**,CPF,2700.0,1,0.00544,
28,KAREN SANTOS,PSOL,49,LETICIA HELENA LIMA FERRI,***.322.840-**,CPF,2700.0,1,0.00544,
28,KAREN SANTOS,PSOL,50,REJANE DOS SANTOS AQUINO,***.649.780-**,CPF,2650.0,1,0.005339,
28,KAREN SANTOS,PSOL,51,DIOGO WESLEY PEREIRA NASCIMENTO DA SILVA,***.790.050-**,CPF,2575.0,1,0.005188,
28,KAREN SANTOS,PSOL,52,THAMIRES CRISTINA DE OLIVEIRA GONCALVES,***.453.570-**,CPF,2450.0,1,0.004936,
28,KAREN SANTOS,PSOL,53,ADRYAN LEONARDO PERES CONCEICAO,***.361.620-**,CPF,2100.0,1,0.004231,
28,KAREN SANTOS,PSOL,54,LUIZ ALBERTO DOS SANTOS FERREIRA,***.514.050-**,CPF,2000.0,1,0.00403,
28,KAREN SANTOS,PSOL,55,MARCIO LUCIANO MARTINS,***.453.460-**,CPF,1975.0,1,0.003979,
28,KAREN SANTOS,PSOL,56,DILMAIR MONTE DOS SANTOS,***.167.330-**,CPF,1950.0,1,0.003929,
28,KAREN SANTOS,PSOL,57,SHARA MARIA GONCALVES MACHADO,***.361.060-**,CPF,1875.0,1,0.003778,
28,KAREN SANTOS,PSOL,58,FILIPE BEZERRA RIBEIRO,***.131.790-**,CPF,1800.0,1,0.003627,
28,KAREN SANTOS,PSOL,59,JULIANO BARCELOS FISTINALI,***.853.660-**,CPF,1800.0,1,0.003627,
28,KAREN SANTOS,PSOL,60,RITTIELI D AVILA QUAIATTO,***.144.800-**,CPF,1800.0,1,0.003627,
28,KAREN SANTOS,PSOL,61,FERNANDA DA PAZ TASSONI,***.679.450-**,CPF,1750.0,1,0.003526,
28,KAREN SANTOS,PSOL,62,NADIA RAQUEL SILVA DA SILVA,***.648.600-**,CPF,1750.0,1,0.003526,
28,KAREN SANTOS,PSOL,63,JANARA ETIANA GONCALVES MACHADO,***.942.360-**,CPF,1725.0,1,0.003476,
28,KAREN SANTOS,PSOL,64,CINTIA MAYARA ARAUJO SANTOS,***.642.954-**,CPF,1675.0,1,0.003375,
28,KAREN SANTOS,PSOL,65,BARBARA DOS SANTOS ALVERAR,***.392.710-**,CPF,1650.0,1,0.003324,
28,KAREN SANTOS,PSOL,66,HELENARA BEATRIZ MARTINS DA SILVA,***.033.550-**,CPF,1650.0,1,0.003324,
28,KAREN SANTOS,PSOL,67,JEFERSON ADRIANO PEREIRA MARQUES,***.659.090-**,CPF,1650.0,1,0.003324,
28,KAREN SANTOS,PSOL,68,JOSE CARLOS SANTOS,***.186.050-**,CPF,1650.0,1,0.003324,
28,KAREN SANTOS,PSOL,69,LUIS FERNANDO MARTINS NOVAIS JUNIOR,***.102.300-**,CPF,1650.0,1,0.003324,
28,KAREN SANTOS,PSOL,70,MAIARA DA SILVA ROLIM,***.486.340-**,CPF,1650.0,1,0.003324,
28,KAREN SANTOS,PSOL,71,THIAGO DOS SANTOS FERREIRA,***.495.610-**,CPF,1650.0,1,0.003324,
28,KAREN SANTOS,PSOL,72,VANDA TAMIRES DA SILVA ANTUNES,***.349.950-**,CPF,1575.0,1,0.003173,
28,KAREN SANTOS,PSOL,73,ANA CRISTINA PEREIRA SOARES,***.492.490-**,CPF,1500.0,1,0.003022,
28,KAREN SANTOS,PSOL,74,ARIANE DA SILVA MARQUES,***.424.850-**,CPF,1500.0,1,0.003022,
28,KAREN SANTOS,PSOL,75,LUCIMAR DA SILVA,***.687.170-**,CPF,1500.0,1,0.003022,
28,KAREN SANTOS,PSOL,76,ROSMARI GOMES CARDOSO,***.329.250-**,CPF,1500.0,1,0.003022,
28,KAREN SANTOS,PSOL,77,TELISMAR DA SILVA LEMOS JUNIOR,***.067.860-**,CPF,1500.0,1,0.003022,
28,KAREN SANTOS,PSOL,78,PAULO ROBERTO DOS SANTOS JUNIOR,***.016.370-**,CPF,1275.0,1,0.002569,
28,KAREN SANTOS,PSOL,79,MARINA BARAO BERBIGIER,***.364.940-**,CPF,1075.0,1,0.002166,
28,KAREN SANTOS,PSOL,80,DAVI FELIX DA SILVA,***.610.910-**,CPF,1050.0,1,0.002116,
28,KAREN SANTOS,PSOL,81,EZEQUIEL CARVALHO VIAPIANA,***.963.380-**,CPF,1050.0,1,0.002116,
28,KAREN SANTOS,PSOL,82,PONTTO DA IMPRESSAO COMERCIO E REPRESENTACAO LTDA,42.902.279/0001-49,CNPJ,1014.0,2,0.002043,
28,KAREN SANTOS,PSOL,83,ANDRIELY DAVID DE MORAIS,***.570.890-**,CPF,1000.0,1,0.002015,
28,KAREN SANTOS,PSOL,84,CINTIA FERREIRA SOARES,***.833.328-**,CPF,975.0,1,0.001964,
28,KAREN SANTOS,PSOL,85,RENATO AMORIM SILVA,***.368.120-**,CPF,975.0,1,0.001964,
28,KAREN SANTOS,PSOL,86,FABIOLA BARCELOS,***.120.870-**,CPF,900.0,1,0.001813,
28,KAREN SANTOS,PSOL,87,RYUU GAZOLA PEZZI VERLINDO,***.707.420-**,CPF,900.0,1,0.001813,
28,KAREN SANTOS,PSOL,88,SUANE SOUZA ALVES,***.926.130-**,CPF,825.0,1,0.001662,
28,KAREN SANTOS,PSOL,89,ALESSANDRA VIANA DE MIRANDA,***.811.790-**,CPF,750.0,1,0.001511,
28,KAREN SANTOS,PSOL,90,ANDERSON VIEIRA DORNELES,***.608.510-**,CPF,750.0,1,0.001511,
28,KAREN SANTOS,PSOL,91,KATIA FLORES FONTOURA,***.134.500-**,CPF,750.0,1,0.001511,
28,KAREN SANTOS,PSOL,92,MARIANA QUEVEDO ARAUJO,***.747.950-**,CPF,675.0,1,0.00136,
28,KAREN SANTOS,PSOL,93,SANDRA ESPINDOLA DA SILVA,***.206.290-**,CPF,675.0,1,0.00136,
28,KAREN SANTOS,PSOL,94,JUAN GUILHERME LUZ DA SILVA,***.380.600-**,CPF,600.0,1,0.001209,
28,KAREN SANTOS,PSOL,95,HENRIQUE ROSA JUGUERO,***.291.140-**,CPF,525.0,1,0.001058,
28,KAREN SANTOS,PSOL,96,NELSON DE OLIVEIRA,***.135.930-**,CPF,500.0,1,0.001007,
28,KAREN SANTOS,PSOL,97,THALES CASSIEL WALTER,***.650.920-**,CPF,500.0,1,0.001007,
28,KAREN SANTOS,PSOL,98,JATAIR MARTINS COSTA,***.905.030-**,CPF,450.0,1,0.000907,
28,KAREN SANTOS,PSOL,99,RONI VASQUES CHAVES,***.610.340-**,CPF,450.0,1,0.000907,
28,KAREN SANTOS,PSOL,100,JOAO VITOR ALMEIDA SANTOS,***.226.610-**,CPF,375.0,1,0.000756,
28,KAREN SANTOS,PSOL,101,RITA BEATRIZ SANTOS PORTELLA,***.574.560-**,CPF,375.0,1,0.000756,
28,KAREN SANTOS,PSOL,102,VIVIAN ROCHA PORTELA,***.507.510-**,CPF,350.0,1,0.000705,
28,KAREN SANTOS,PSOL,103,BRAULIO AMARAL LOURENCO,***.068.000-**,CPF,300.0,1,0.000604,
28,KAREN SANTOS,PSOL,104,JUSSARA DA SILVA MARTINS,***.716.770-**,CPF,300.0,1,0.000604,
28,KAREN SANTOS,PSOL,105,LUIS FELIPE MELO BALHEGO,***.761.830-**,CPF,300.0,1,0.000604,
28,KAREN SANTOS,PSOL,106,ROBERTO DOS SANTOS PEREIRA,***.536.880-**,CPF,300.0,1,0.000604,
28,KAREN SANTOS,PSOL,107,ROGER SILVA DE OLIVEIRA,***.694.460-**,CPF,300.0,1,0.000604,
28,KAREN SANTOS,PSOL,108,SAUL IVAN DE LIMA FONTOURA,***.028.300-**,CPF,300.0,1,0.000604,
28,KAREN SANTOS,PSOL,109,THIAGO DE OLIVEIRA CAMEJO,***.653.600-**,CPF,300.0,1,0.000604,
28,KAREN SANTOS,PSOL,110,VITOR ARAUJO MARTINS,***.507.018-**,CPF,300.0,1,0.000604,
28,KAREN SANTOS,PSOL,111,MARCELO COSTA DOS SANTOS,***.355.590-**,CPF,225.0,1,0.000453,
28,KAREN SANTOS,PSOL,112,MARIA FERNANDA FORMIGONI DA SILVA FONTOURA,***.722.990-**,CPF,225.0,1,0.000453,
28,KAREN SANTOS,PSOL,113,VALENTINE SOARES PIAGETTI,***.603.920-**,CPF,225.0,1,0.000453,
28,KAREN SANTOS,PSOL,114,MARIANI MARTINS SANTANA,***.017.290-**,CPF,175.0,1,0.000353,
28,KAREN SANTOS,PSOL,115,ADRIANO DOS SANTOS CONCEICAO,***.218.620-**,CPF,150.0,1,0.000302,
28,KAREN SANTOS,PSOL,116,ALEXSANDER PERES DOS SANTOS,***.143.180-**,CPF,150.0,1,0.000302,
28,KAREN SANTOS,PSOL,117,DEBORA DOS SANTOS,***.569.880-**,CPF,150.0,1,0.000302,
28,KAREN SANTOS,PSOL,118,JUNIO LUIZ RIBEIRO,***.781.120-**,CPF,150.0,1,0.000302,
28,KAREN SANTOS,PSOL,119,PABLO HERCULANO DA CRUZ RODRIGUES,***.199.990-**,CPF,150.0,1,0.000302,
28,KAREN SANTOS,PSOL,120,"ENCARGOS FINANCEIROS, TAXAS BANCÁRIAS E/OU OP. CARTÃO DE CRÉDITO",,,48.0,10,9.7e-05,
28,KAREN SANTOS,PSOL,121,QUEROAPOIAR.COM.BR LTDA,39.586.155/0001-97,CNPJ,47.53,1,9.6e-05,
29,KELLY MORAES,PL,1,DENIA ALICE BRUM,***.785.330-**,CPF,10000.0,1,0.071939,
29,KELLY MORAES,PL,2,DLOCAL BRASIL INSTITUICAO DE PAGAMENTO S.A.,25.021.356/0001-32,CNPJ,10000.0,1,0.071939,
29,KELLY MORAES,PL,3,ELAINE MARIA CASTOLDI,***.253.890-**,CPF,6000.0,1,0.043163,
29,KELLY MORAES,PL,4,ALV MARKETING E PERFORMANCE LTDA,66.553.700/0001-11,CNPJ,5000.0,1,0.03597,
29,KELLY MORAES,PL,5,DANIELLE IGNEZ VIEIRA,***.802.460-**,CPF,5000.0,1,0.03597,
29,KELLY MORAES,PL,6,EDUARDO WANILSON MARTINS,***.489.590-**,CPF,5000.0,1,0.03597,
29,KELLY MORAES,PL,7,ERACI EDINETE ROMERO DE FREITAS,***.545.930-**,CPF,5000.0,1,0.03597,
29,KELLY MORAES,PL,8,FACEBOOK SERVICOS ONLINE DO BRASIL LTDA.,13.347.016/0001-17,CNPJ,5000.0,1,0.03597,
29,KELLY MORAES,PL,9,GABRIELI DA SILVEIRA MARQUES,***.940.220-**,CPF,4600.0,1,0.033092,
29,KELLY MORAES,PL,10,ANDREA AVILA BRUCH,***.594.650-**,CPF,4000.0,1,0.028776,
29,KELLY MORAES,PL,11,CELSO ALVARE SILVA DE MELLO,***.888.970-**,CPF,4000.0,1,0.028776,
29,KELLY MORAES,PL,12,MADHIELE SALAZAR SCOPEL,***.727.060-**,CPF,4000.0,1,0.028776,
29,KELLY MORAES,PL,13,GRAFICA LUPATINI LTDA.,91.128.173/0001-45,CNPJ,3501.5,1,0.025189,
29,KELLY MORAES,PL,14,VIVIANE BEATRIZ CARVALHO SOARES,***.498.900-**,CPF,3500.0,1,0.025179,
29,KELLY MORAES,PL,15,HENRIQUE B AMARAL,***.821.820-**,CPF,3300.0,1,0.02374,
29,KELLY MORAES,PL,16,CRISTIANE ELISE HOFF GALVAN,***.736.500-**,CPF,3000.0,1,0.021582,
29,KELLY MORAES,PL,17,MARISA MARIA SCHUCK,***.460.100-**,CPF,3000.0,1,0.021582,
29,KELLY MORAES,PL,18,NICOLI LUISA ISER,***.376.470-**,CPF,3000.0,1,0.021582,
29,KELLY MORAES,PL,19,ROBINSON LUIS DA SILVA BORGES,***.114.690-**,CPF,3000.0,1,0.021582,
29,KELLY MORAES,PL,20,NAGATHA VITORIA GRAFF,***.672.710-**,CPF,2500.0,1,0.017985,
29,KELLY MORAES,PL,21,SANDRA GABRIELE FEISTLER,***.560.580-**,CPF,2500.0,1,0.017985,
29,KELLY MORAES,PL,22,SONIA MARIA DA SILVA RAMOS,***.125.980-**,CPF,2500.0,1,0.017985,
29,KELLY MORAES,PL,23,JORDANA ISABEL RAMBO,***.577.260-**,CPF,2400.0,1,0.017265,
29,KELLY MORAES,PL,24,ABASTECEDORA DE COMBUSTIVEIS T W LTDA,00.110.559/0002-55,CNPJ,2263.86,1,0.016286,
29,KELLY MORAES,PL,25,CARLOS LEANDRO PADILHA,***.901.680-**,CPF,2250.0,1,0.016186,
29,KELLY MORAES,PL,26,ADRIANA R W MELZ,***.189.350-**,CPF,2000.0,1,0.014388,
29,KELLY MORAES,PL,27,DAIANA SCHERER,***.119.500-**,CPF,2000.0,1,0.014388,
29,KELLY MORAES,PL,28,GIANE RAMIRO,***.871.340-**,CPF,2000.0,1,0.014388,
29,KELLY MORAES,PL,29,MARLENE LOPES,***.594.270-**,CPF,2000.0,1,0.014388,
29,KELLY MORAES,PL,30,MONIQUE SILVEIRA,***.137.090-**,CPF,2000.0,1,0.014388,
29,KELLY MORAES,PL,31,ORLY REBELLO SOUZA,***.403.110-**,CPF,2000.0,1,0.014388,
29,KELLY MORAES,PL,32,PERCI JUSTEN,***.525.450-**,CPF,2000.0,1,0.014388,
29,KELLY MORAES,PL,33,SAIMON KONIG,***.071.210-**,CPF,2000.0,1,0.014388,
29,KELLY MORAES,PL,34,SANDRA TERESINHA SCHERER,***.654.600-**,CPF,2000.0,1,0.014388,
29,KELLY MORAES,PL,35,JOSE ARNILDO EYMAEL,***.268.200-**,CPF,1750.0,1,0.012589,
29,KELLY MORAES,PL,36,LENI FERREIRA GOMES,***.030.320-**,CPF,1600.0,1,0.01151,
29,KELLY MORAES,PL,37,TATIANE RAMOS,***.544.190-**,CPF,1250.0,1,0.008992,
29,KELLY MORAES,PL,38,DIOMAR FERREIRA,***.815.690-**,CPF,1000.0,1,0.007194,
29,KELLY MORAES,PL,39,MARIA ROMESILDA DE OLIVEIRA,***.240.340-**,CPF,1000.0,1,0.007194,
29,KELLY MORAES,PL,40,CESAR A RODRIGUES,***.663.290-**,CPF,800.0,1,0.005755,
29,KELLY MORAES,PL,41,TACIANE RATHKE DE OLIVEIRA,***.000.760-**,CPF,800.0,1,0.005755,
29,KELLY MORAES,PL,42,JULIANA SANTOS PEREIRA,***.856.160-**,CPF,750.0,1,0.005395,
29,KELLY MORAES,PL,43,MARA NICE VIANA PEDROSO,***.097.640-**,CPF,750.0,1,0.005395,
29,KELLY MORAES,PL,44,MARIZA BEATRIZ DA CRUZ FERREIRA,***.318.960-**,CPF,750.0,1,0.005395,
29,KELLY MORAES,PL,45,SOLANGE MARIA SILVEIRA GENTIL,***.664.650-**,CPF,750.0,1,0.005395,
29,KELLY MORAES,PL,46,ADAIR LOPES SILVA,***.673.460-**,CPF,500.0,1,0.003597,
29,KELLY MORAES,PL,47,GUILHERME BICCA,***.617.000-**,CPF,500.0,1,0.003597,
29,KELLY MORAES,PL,48,JOANA D ARC SANTOS,***.050.010-**,CPF,500.0,1,0.003597,
29,KELLY MORAES,PL,49,KAREN D SCHULLER,***.827.150-**,CPF,500.0,1,0.003597,
29,KELLY MORAES,PL,50,MARLEI DE FATIMA OLIVEIRA HENNIG,***.072.770-**,CPF,500.0,1,0.003597,
29,KELLY MORAES,PL,51,RENATA ALVES DE SOUZA,***.520.170-**,CPF,500.0,1,0.003597,
29,KELLY MORAES,PL,52,TATIELE RAMOS,***.290.870-**,CPF,500.0,1,0.003597,
29,KELLY MORAES,PL,53,VANIA ROSA CALISTO,***.432.640-**,CPF,500.0,1,0.003597,
29,KELLY MORAES,PL,54,BEBIDAS SCHUCK LTDA,03.177.494/0001-72,CNPJ,440.0,1,0.003165,
29,KELLY MORAES,PL,55,JULIA MEDEIROS GONÇALVES,***.733.740-**,CPF,400.0,1,0.002878,
29,KELLY MORAES,PL,56,MARIELEN DE FATIMA MENEZES SEVERO,***.475.190-**,CPF,400.0,1,0.002878,
29,KELLY MORAES,PL,57,65.876.749 MONIKE FAGUNDES DA SILVA,65.876.749/0001-42,CNPJ,170.0,1,0.001223,
29,KELLY MORAES,PL,58,63.455.210 LEONARDO DORNELLES VERGUTZ,63.455.210/0001-94,CNPJ,54.0,1,0.000388,
29,KELLY MORAES,PL,59,"ENCARGOS FINANCEIROS, TAXAS BANCÁRIAS E/OU OP. CARTÃO DE CRÉDITO",,,27.0,6,0.000194,
30,LEONEL RADDE,PT,1,ANTONIO CARLOS DE LIMA,93.102.663/0001-06,CNPJ,76896.0,17,0.369977,
30,LEONEL RADDE,PT,2,IBES ERON ALVES VAZ LTDA,50.981.660/0001-79,CNPJ,15000.0,1,0.072171,
30,LEONEL RADDE,PT,3,LUCAS ROSA DA SILVA,***.282.500-**,CPF,8000.0,1,0.038491,
30,LEONEL RADDE,PT,4,IVANO JORGE DE CASTRO CORREA,***.646.130-**,CPF,7330.0,1,0.035268,
30,LEONEL RADDE,PT,5,JESSICA GIMENEZ DE ALBUQUERQUE,***.489.530-**,CPF,6000.0,1,0.028868,
30,LEONEL RADDE,PT,6,LILIANE DA COSTA RODRIGUES,***.842.470-**,CPF,6000.0,1,0.028868,
30,LEONEL RADDE,PT,7,MARIZAR MANSILHA DE MELO,***.488.370-**,CPF,6000.0,1,0.028868,
30,LEONEL RADDE,PT,8,MARCO RODRIGO CHIMENDES,***.138.680-**,CPF,3700.0,1,0.017802,
30,LEONEL RADDE,PT,9,ROBERTO STRINGHINI,06.847.868/0001-08,CNPJ,3410.0,5,0.016407,
30,LEONEL RADDE,PT,10,OUTROS 500 LTDA,23.147.452/0001-04,CNPJ,3200.0,1,0.015396,
30,LEONEL RADDE,PT,11,ALAN PINHEIRO DUTRA BAUM,***.611.390-**,CPF,2500.0,1,0.012028,
30,LEONEL RADDE,PT,12,ALBERTINA BEZ BATTI SANTANA,***.497.980-**,CPF,2500.0,1,0.012028,
30,LEONEL RADDE,PT,13,ANA CRISTINA FARIAS RODRIGUES,***.021.410-**,CPF,2500.0,1,0.012028,
30,LEONEL RADDE,PT,14,ANGELA BEATRIZ ROXO RODRIGUES,***.565.770-**,CPF,2500.0,1,0.012028,
30,LEONEL RADDE,PT,15,BARBARA LUZ FERREIRA,***.600.390-**,CPF,2500.0,1,0.012028,
30,LEONEL RADDE,PT,16,CARMEN MARIA PEREIRA DIAS,***.861.230-**,CPF,2500.0,1,0.012028,
30,LEONEL RADDE,PT,17,CECILIA ALDINA LOPES GARCIA,***.690.020-**,CPF,2500.0,1,0.012028,
30,LEONEL RADDE,PT,18,CESAR PEREIRA FERREIRA,***.949.280-**,CPF,2500.0,1,0.012028,
30,LEONEL RADDE,PT,19,DIEGO DA ROCHA LONDERO,***.226.990-**,CPF,2500.0,1,0.012028,
30,LEONEL RADDE,PT,20,DIELI DE AVILA LEMES,***.974.820-**,CPF,2500.0,1,0.012028,
30,LEONEL RADDE,PT,21,DIMITRI KLIPPEL,***.249.140-**,CPF,2500.0,1,0.012028,
30,LEONEL RADDE,PT,22,DOUGLAS EMMANUEL DOS REIS SCHEIMER,***.447.970-**,CPF,2500.0,1,0.012028,
30,LEONEL RADDE,PT,23,FLAVIO DA SILVA,***.976.520-**,CPF,2500.0,1,0.012028,
30,LEONEL RADDE,PT,24,JORGE GIULIANO,***.146.150-**,CPF,2500.0,1,0.012028,
30,LEONEL RADDE,PT,25,JOSINA JUREMA CORREA MARCOLINO,***.929.190-**,CPF,2500.0,1,0.012028,
30,LEONEL RADDE,PT,26,LETICIA FRANCIELE MACIEL DE VARGAS,***.793.390-**,CPF,2500.0,1,0.012028,
30,LEONEL RADDE,PT,27,LISANDRA REJANE DA SILVA MACHADO,***.723.490-**,CPF,2500.0,1,0.012028,
30,LEONEL RADDE,PT,28,MARIA IZADORA GONCALVES SERAFIN,***.471.410-**,CPF,2500.0,1,0.012028,
30,LEONEL RADDE,PT,29,MARIO MACIEL MACHADO,***.160.150-**,CPF,2500.0,1,0.012028,
30,LEONEL RADDE,PT,30,MARLENE CLEMENTINA DA SILVA PAIM,***.116.320-**,CPF,2500.0,1,0.012028,
30,LEONEL RADDE,PT,31,MARLY IZALTINA ARCE MEDEIROS,***.776.590-**,CPF,2500.0,1,0.012028,
30,LEONEL RADDE,PT,32,RYAN AGUIAR FERNANDES DORNELLES,***.615.900-**,CPF,2500.0,1,0.012028,
30,LEONEL RADDE,PT,33,SUSANA CLARINA DA ROSA,***.922.720-**,CPF,2500.0,1,0.012028,
30,LEONEL RADDE,PT,34,VINICIUS MESQUITA DOS SANTOS,***.723.030-**,CPF,2500.0,1,0.012028,
30,LEONEL RADDE,PT,35,FR PUBLICIDADE LTDA,48.059.766/0001-78,CNPJ,2310.0,1,0.011114,
30,LEONEL RADDE,PT,36,ROBSON SILVA DE ABREU,***.185.710-**,CPF,2000.0,1,0.009623,
30,LEONEL RADDE,PT,37,JACY DOS SANTOS,***.945.070-**,CPF,1600.0,1,0.007698,
30,LEONEL RADDE,PT,38,VEPPO CIA LIMITADA,92.660.760/0001-43,CNPJ,916.3,39,0.004409,
30,LEONEL RADDE,PT,39,CARLOS ROBERTO DORNELLES DOS SANTOS,***.507.040-**,CPF,834.0,1,0.004013,
30,LEONEL RADDE,PT,40,GRAFICA GAUCHA LTDA,07.368.646/0001-75,CNPJ,807.5,2,0.003885,
30,LEONEL RADDE,PT,41,LEANDRO MACHADO CABRAL,***.925.090-**,CPF,722.15,1,0.003475,
30,LEONEL RADDE,PT,42,REDE DE POSTOS AUTO POSTO CENTER LTDA,43.648.976/0009-35,CNPJ,592.77,3,0.002852,
30,LEONEL RADDE,PT,43,CAMALEOA STORE INDUSTRIA E COMERCIO DE TECIDOS LTDA,64.015.582/0001-62,CNPJ,429.0,1,0.002064,
30,LEONEL RADDE,PT,44,GABRIELA DE OLIVEIRA DA SILVA,***.179.490-**,CPF,389.0,1,0.001872,
30,LEONEL RADDE,PT,45,WLADMIR CUNHA DOS REIS,***.538.262-**,CPF,389.0,1,0.001872,
30,LEONEL RADDE,PT,46,VANESSA RODRIGUES MANCILHA,***.020.010-**,CPF,277.75,1,0.001336,
30,LEONEL RADDE,PT,47,AG COMERCIO DE COMBUSTIVEIS LTDA,63.528.929/0001-08,CNPJ,238.04,1,0.001145,
30,LEONEL RADDE,PT,48,POSTO DELTA TORRES LTDA,59.110.926/0001-82,CNPJ,236.24,1,0.001137,
30,LEONEL RADDE,PT,49,APPCIVICO CONSULTORIA LTDA,08.746.641/0001-00,CNPJ,224.81,2,0.001082,
30,LEONEL RADDE,PT,50,COMERCIAL DE COMBUSTIVEIS ROSUL LTDA,89.371.058/0004-06,CNPJ,203.0,1,0.000977,
30,LEONEL RADDE,PT,51,AGF LIMA E SILVA LTDA,73.446.635/0001-90,CNPJ,81.4,2,0.000392,
30,LEONEL RADDE,PT,52,"ENCARGOS FINANCEIROS, TAXAS BANCÁRIAS E/OU OP. CARTÃO DE CRÉDITO",,,53.04,10,0.000255,
31,LUCIANA GENRO,PSOL,1,FACEBOOK SERVICOS ONLINE DO BRASIL LTDA.,13.347.016/0001-17,CNPJ,223100.0,17,0.227368,
31,LUCIANA GENRO,PSOL,2,RS GRAFICA IMPRESSAO LTDA,55.008.753/0001-35,CNPJ,98853.66,68,0.100745,
31,LUCIANA GENRO,PSOL,3,CRISTINA GRANDEMAGNE DISTRIBUIDORA,19.264.763/0001-78,CNPJ,34000.0,2,0.03465,
31,LUCIANA GENRO,PSOL,4,JOKA SUBLIMACAO DIGITAL LTDA,94.350.113/0001-60,CNPJ,24573.0,7,0.025043,
31,LUCIANA GENRO,PSOL,5,SANDRO LUIS PEREIRA DE SOUZA,***.613.300-**,CPF,17500.0,6,0.017835,
31,LUCIANA GENRO,PSOL,6,REGINA BERNADETE DE MOURA TAVARES,***.452.330-**,CPF,14000.0,6,0.014268,
31,LUCIANA GENRO,PSOL,7,RUBEN QUINTANA DA COSTA FILHO,***.516.290-**,CPF,14000.0,7,0.014268,
31,LUCIANA GENRO,PSOL,8,JOSE ROBERTO DOS SANTOS PALADINI,***.989.730-**,CPF,10000.0,5,0.010191,
31,LUCIANA GENRO,PSOL,9,CARLOS ROBERTO SANTANA,***.594.640-**,CPF,9500.0,4,0.009682,
31,LUCIANA GENRO,PSOL,10,DENIS REMI CARDOSO SILVEIRA,***.393.400-**,CPF,7000.0,6,0.007134,
31,LUCIANA GENRO,PSOL,11,ENIO DA COSTA,***.286.779-**,CPF,7000.0,6,0.007134,
31,LUCIANA GENRO,PSOL,12,OLMAR DOS ANJOS FARIAS,***.686.840-**,CPF,7000.0,6,0.007134,
31,LUCIANA GENRO,PSOL,13,PEDRO HENRIQUE OLIVEIRA DOS SANTOS,***.697.950-**,CPF,7000.0,6,0.007134,
31,LUCIANA GENRO,PSOL,14,SHEILA VALESKA LISBOA DA SILVA,***.821.280-**,CPF,7000.0,6,0.007134,
31,LUCIANA GENRO,PSOL,15,WILLIAM AZZOLINI,***.150.780-**,CPF,7000.0,6,0.007134,
31,LUCIANA GENRO,PSOL,16,ANA LAURA DE SOUZA BARONI,34.149.747/0001-28,CNPJ,6639.0,2,0.006766,
31,LUCIANA GENRO,PSOL,17,ALVARO DE OLIVEIRA MARTINS,***.930.700-**,CPF,6000.0,3,0.006115,
31,LUCIANA GENRO,PSOL,18,CRISTIANO NUNES,***.896.660-**,CPF,6000.0,2,0.006115,
31,LUCIANA GENRO,PSOL,19,FABRICIO PRATES AZEVEDO,***.906.800-**,CPF,6000.0,3,0.006115,
31,LUCIANA GENRO,PSOL,20,LUCIANA CRISTINA MAIDANA LEAL,***.522.340-**,CPF,6000.0,3,0.006115,
31,LUCIANA GENRO,PSOL,21,MARCELO GODOY CAMBRAIA,***.290.420-**,CPF,6000.0,3,0.006115,
31,LUCIANA GENRO,PSOL,22,SANDRA NARA ROCHA FREITAS,***.896.620-**,CPF,6000.0,3,0.006115,
31,LUCIANA GENRO,PSOL,23,WILLIAM AXEL DUARTE DO NASCIMENTO,***.837.120-**,CPF,6000.0,3,0.006115,
31,LUCIANA GENRO,PSOL,24,WILLIAM COSTA DOS SANTOS JUNIOR,***.022.510-**,CPF,6000.0,2,0.006115,
31,LUCIANA GENRO,PSOL,25,KIMBERLY DO COUTO PAZ,***.933.160-**,CPF,5250.0,6,0.00535,
31,LUCIANA GENRO,PSOL,26,CASSIANE SANTIAGO,***.454.120-**,CPF,5000.0,9,0.005096,
31,LUCIANA GENRO,PSOL,27,30.643.459 ALLAN LEAL DA SILVA,30.643.459/0001-74,CNPJ,4750.0,1,0.004841,
31,LUCIANA GENRO,PSOL,28,JADER MAYER DA SILVA,***.580.150-**,CPF,4374.9,6,0.004459,
31,LUCIANA GENRO,PSOL,29,RAMON ALEJANDRO RUIZ VELAZCO,***.490.920-**,CPF,4250.0,5,0.004331,
31,LUCIANA GENRO,PSOL,30,GILMAR DE OLIVEIRA BORGES,***.948.200-**,CPF,4150.0,7,0.004229,
31,LUCIANA GENRO,PSOL,31,NATACHA DA SILVA DE OLIVEIRA,***.731.020-**,CPF,4150.0,7,0.004229,
31,LUCIANA GENRO,PSOL,32,RUBIA DANIELLE MENEZES DA COSTA GODOY,***.639.430-**,CPF,4150.0,7,0.004229,
31,LUCIANA GENRO,PSOL,33,HIAGO ALVES,***.950.710-**,CPF,4000.0,3,0.004077,
31,LUCIANA GENRO,PSOL,34,THALES MAGNO RODRIGUES DE CARVALHO,***.104.030-**,CPF,3920.0,6,0.003995,
31,LUCIANA GENRO,PSOL,35,DEBORA VITORIA DA SILVA LEMOS,***.549.250-**,CPF,3830.0,6,0.003903,
31,LUCIANA GENRO,PSOL,36,GUSTAVO DOS SANTOS SOARES,***.749.560-**,CPF,3650.0,7,0.00372,
31,LUCIANA GENRO,PSOL,37,ADRIANA CUNHA MACHADO,***.600.850-**,CPF,3500.0,6,0.003567,
31,LUCIANA GENRO,PSOL,38,AMANDA PAZ PEREIRA,***.252.450-**,CPF,3500.0,6,0.003567,
31,LUCIANA GENRO,PSOL,39,ANA DE LOURDES FERREIRA ROCKENBACH,***.064.220-**,CPF,3500.0,6,0.003567,
31,LUCIANA GENRO,PSOL,40,ANA LUISA DRESCH,***.084.500-**,CPF,3500.0,6,0.003567,
31,LUCIANA GENRO,PSOL,41,BERNADETE CARVALHO FLORES,***.377.360-**,CPF,3500.0,6,0.003567,
31,LUCIANA GENRO,PSOL,42,BRUNO CARDOSO DO MATTO,***.116.150-**,CPF,3500.0,6,0.003567,
31,LUCIANA GENRO,PSOL,43,CASSIA REGINA SASSI MACIEL,***.844.620-**,CPF,3500.0,6,0.003567,
31,LUCIANA GENRO,PSOL,44,CINTIA FRANCA MOREJANO BARRETO,***.129.650-**,CPF,3500.0,6,0.003567,
31,LUCIANA GENRO,PSOL,45,CRISTIANO DA COSTA TRINDADE,***.102.320-**,CPF,3500.0,6,0.003567,
31,LUCIANA GENRO,PSOL,46,DAIANA PAZ PEREIRA,***.044.020-**,CPF,3500.0,6,0.003567,
31,LUCIANA GENRO,PSOL,47,DIEGO BATEZINI SCHERER,***.366.780-**,CPF,3500.0,6,0.003567,
31,LUCIANA GENRO,PSOL,48,DNIFEER CORRALES ARAUJO,***.387.290-**,CPF,3500.0,6,0.003567,
31,LUCIANA GENRO,PSOL,49,ELIAS MACHADO,***.632.760-**,CPF,3500.0,6,0.003567,
31,LUCIANA GENRO,PSOL,50,ELIEZE DA ROSA LIDIO,***.819.500-**,CPF,3500.0,6,0.003567,
31,LUCIANA GENRO,PSOL,51,ELISANGELA COLLARES FERNANDES,***.334.310-**,CPF,3500.0,6,0.003567,
31,LUCIANA GENRO,PSOL,52,FATIMA REJANE SILVA DOS SANTOS,***.265.980-**,CPF,3500.0,6,0.003567,
31,LUCIANA GENRO,PSOL,53,FERNANDO DA CUNHA FONTOURA,***.695.360-**,CPF,3500.0,6,0.003567,
31,LUCIANA GENRO,PSOL,54,HENRIQUE ALMEIDA SILVEIRA,***.935.500-**,CPF,3500.0,6,0.003567,
31,LUCIANA GENRO,PSOL,55,HENRIQUE EDUARDO DE OLIVEIRA DA SILVEIRA,***.763.250-**,CPF,3500.0,6,0.003567,
31,LUCIANA GENRO,PSOL,56,HIRAN DA ROSA LEMOS,***.817.830-**,CPF,3500.0,6,0.003567,
31,LUCIANA GENRO,PSOL,57,ISADORA LAUREANE DE CASTRO DA SILVA,***.280.650-**,CPF,3500.0,6,0.003567,
31,LUCIANA GENRO,PSOL,58,JANICE PERANSONI DA SILVA,***.456.140-**,CPF,3500.0,6,0.003567,
31,LUCIANA GENRO,PSOL,59,JULIANA DA FONTOURA CARDOSO,***.736.370-**,CPF,3500.0,6,0.003567,
31,LUCIANA GENRO,PSOL,60,KATIA AIGLES DO VAL KULLINGER,***.268.070-**,CPF,3500.0,6,0.003567,
31,LUCIANA GENRO,PSOL,61,LAYSE SOUZA DE SOUZA,***.782.150-**,CPF,3500.0,6,0.003567,
31,LUCIANA GENRO,PSOL,62,LEONOR EUGENIA SOARES FERREIRA,***.632.530-**,CPF,3500.0,6,0.003567,
31,LUCIANA GENRO,PSOL,63,LETICIA DE BRITTO VIEIRA,***.194.630-**,CPF,3500.0,6,0.003567,
31,LUCIANA GENRO,PSOL,64,LIDIANE DOS SANTOS DE LIMA,***.484.950-**,CPF,3500.0,6,0.003567,
31,LUCIANA GENRO,PSOL,65,LIZ GEOVANA ROSA CHAVES,***.149.200-**,CPF,3500.0,6,0.003567,
31,LUCIANA GENRO,PSOL,66,LURIANE VARGAS DA SILVA,***.288.270-**,CPF,3500.0,5,0.003567,
31,LUCIANA GENRO,PSOL,67,MARA NUBIA BUENO DA ROSA,***.702.300-**,CPF,3500.0,6,0.003567,
31,LUCIANA GENRO,PSOL,68,MARCO ANTONIO DE ALMEIDA,***.471.840-**,CPF,3500.0,6,0.003567,
31,LUCIANA GENRO,PSOL,69,MARCO ANTONIO HORTENCIO SABINO,***.091.900-**,CPF,3500.0,6,0.003567,
31,LUCIANA GENRO,PSOL,70,MARCONE FILLIPIN CAMPODONIO,***.087.730-**,CPF,3500.0,6,0.003567,
31,LUCIANA GENRO,PSOL,71,MARCONES PEDRO DA SILVA,***.621.900-**,CPF,3500.0,6,0.003567,
31,LUCIANA GENRO,PSOL,72,MARIA APARECIDA DA SILVA BARBOZA,***.182.940-**,CPF,3500.0,6,0.003567,
31,LUCIANA GENRO,PSOL,73,MARIA BEATRIZ SALDANHA SEVERO,***.225.870-**,CPF,3500.0,6,0.003567,
31,LUCIANA GENRO,PSOL,74,MARIVONE FOLLE DA SILVA,***.532.600-**,CPF,3500.0,6,0.003567,
31,LUCIANA GENRO,PSOL,75,OSMAR DE ALMEIDA,***.910.700-**,CPF,3500.0,6,0.003567,
31,LUCIANA GENRO,PSOL,76,REGINA CONCEICAO SOUZA DE SOUZA,***.513.510-**,CPF,3500.0,6,0.003567,
31,LUCIANA GENRO,PSOL,77,REGINALDO RODRIGO RAMOS DA SILVA,***.243.020-**,CPF,3500.0,6,0.003567,
31,LUCIANA GENRO,PSOL,78,RENATA SOARES DE SOUSA,***.837.150-**,CPF,3500.0,6,0.003567,
31,LUCIANA GENRO,PSOL,79,ROSA GABRIELE FREIESLEBEN MOTTA,***.175.840-**,CPF,3500.0,6,0.003567,
31,LUCIANA GENRO,PSOL,80,SANDRA NOELI FERREIRA,***.797.950-**,CPF,3500.0,6,0.003567,
31,LUCIANA GENRO,PSOL,81,SANTA GRACIELA LADWIG RODRIGUES,***.350.930-**,CPF,3500.0,6,0.003567,
31,LUCIANA GENRO,PSOL,82,SHEILA MELO DA SILVA,***.610.970-**,CPF,3500.0,6,0.003567,
31,LUCIANA GENRO,PSOL,83,SILVANA MARCELO DE OLIVEIRA,***.749.100-**,CPF,3500.0,6,0.003567,
31,LUCIANA GENRO,PSOL,84,SILVIA CRISTINA XAVIER FARIAS,***.544.761-**,CPF,3500.0,6,0.003567,
31,LUCIANA GENRO,PSOL,85,SIRLENE DA SILVA AMARAL,***.583.060-**,CPF,3500.0,6,0.003567,
31,LUCIANA GENRO,PSOL,86,SONIA CRISTINA DOS SANTOS,***.752.510-**,CPF,3500.0,6,0.003567,
31,LUCIANA GENRO,PSOL,87,SONIA MARIA RODRIGUES PEREIRA,***.478.610-**,CPF,3500.0,6,0.003567,
31,LUCIANA GENRO,PSOL,88,TAUANA MACIEL DE ANDRADE SANTANA,***.656.530-**,CPF,3500.0,6,0.003567,
31,LUCIANA GENRO,PSOL,89,THAINARA LOPES RODRIGUES,***.998.270-**,CPF,3500.0,6,0.003567,
31,LUCIANA GENRO,PSOL,90,VALERIA REGINA LEOTTE SCHEFER,***.819.280-**,CPF,3500.0,6,0.003567,
31,LUCIANA GENRO,PSOL,91,VALTENCIR DOS SANTOS ARESI,***.643.400-**,CPF,3500.0,6,0.003567,
31,LUCIANA GENRO,PSOL,92,VERA LUCIA MAYORCA ALVES,***.407.400-**,CPF,3500.0,6,0.003567,
31,LUCIANA GENRO,PSOL,93,VERA REGINA CAINELLI DA FONTOURA,***.854.150-**,CPF,3500.0,6,0.003567,
31,LUCIANA GENRO,PSOL,94,VINICIUS DOS SANTOS SILVA,***.912.210-**,CPF,3500.0,6,0.003567,
31,LUCIANA GENRO,PSOL,95,WAGNER NAZARENO DE SOUZA VIEIRA,***.313.370-**,CPF,3500.0,6,0.003567,
31,LUCIANA GENRO,PSOL,96,WYARA TAUANA BARBOSA DE SOUSA,***.770.253-**,CPF,3500.0,6,0.003567,
31,LUCIANA GENRO,PSOL,97,ZOE OTILIA DA SILVA BRAZ,***.076.520-**,CPF,3500.0,6,0.003567,
31,LUCIANA GENRO,PSOL,98,LEANDRO JOSE CARDOSO,***.866.880-**,CPF,3335.0,7,0.003399,
31,LUCIANA GENRO,PSOL,99,LETICIA DE CANTOS MOTA,***.612.820-**,CPF,3250.0,6,0.003312,
31,LUCIANA GENRO,PSOL,100,ADROALDO DE SOUZA MENEZES,***.752.030-**,CPF,3000.0,1,0.003057,
31,LUCIANA GENRO,PSOL,101,GUILHERME VIANA TEIXEIRA,***.538.300-**,CPF,3000.0,5,0.003057,
31,LUCIANA GENRO,PSOL,102,JOAO BATISTA DE SOUZA SOARES,***.006.920-**,CPF,3000.0,5,0.003057,
31,LUCIANA GENRO,PSOL,103,RODRIGO LEITE DOS SANTOS,***.065.720-**,CPF,3000.0,3,0.003057,
31,LUCIANA GENRO,PSOL,104,SIM REDE DE POSTOS LTDA,07.473.735/0001-81,CNPJ,3000.0,1,0.003057,
31,LUCIANA GENRO,PSOL,105,DIOGO VILVI BORTOLIN SARI,***.043.610-**,CPF,2916.4,6,0.002972,
31,LUCIANA GENRO,PSOL,106,ELIZABETH RAMOS TRINDADE,***.740.080-**,CPF,2916.4,6,0.002972,
31,LUCIANA GENRO,PSOL,107,ISABEL IRACEMA FONTOURA SEVERO,***.281.260-**,CPF,2916.4,6,0.002972,
31,LUCIANA GENRO,PSOL,108,EVAG COMUNICACAO E TECNOLOGIA LTDA.,15.705.697/0001-73,CNPJ,2719.0,1,0.002771,
31,LUCIANA GENRO,PSOL,109,NEWCO SM - EMPRESA JORNALISTICA LTDA,26.748.774/0001-99,CNPJ,2558.02,1,0.002607,
31,LUCIANA GENRO,PSOL,110,GUSTAVO DE SOUZA DORNELES,***.358.460-**,CPF,2500.0,4,0.002548,
31,LUCIANA GENRO,PSOL,111,JOAO ANTONIO DOS SANTOS,***.463.310-**,CPF,2500.0,5,0.002548,
31,LUCIANA GENRO,PSOL,112,LUIS ENRIQUE SANTOS DE OLIVEIRA,***.053.410-**,CPF,2500.0,5,0.002548,
31,LUCIANA GENRO,PSOL,113,NICOLAS MILCHAREK BITTENCOURT,***.552.820-**,CPF,2500.0,5,0.002548,
31,LUCIANA GENRO,PSOL,114,PROMOCOES E EVENTOS RM LTDA,49.464.089/0001-36,CNPJ,2500.0,1,0.002548,
31,LUCIANA GENRO,PSOL,115,ANA CRISTINA DOS SANTOS PEREIRA,***.225.960-**,CPF,2300.0,5,0.002344,
31,LUCIANA GENRO,PSOL,116,DANIELA DE CASSIA DUARTE VENSKE,***.202.590-**,CPF,2300.0,5,0.002344,
31,LUCIANA GENRO,PSOL,117,MAURICIO DE OLIVEIRA BARRETO FILHO,***.065.780-**,CPF,2270.0,1,0.002313,
31,LUCIANA GENRO,PSOL,118,ANA PAULA FRANCO NORONHA,***.862.760-**,CPF,2100.0,6,0.00214,
31,LUCIANA GENRO,PSOL,119,ANTONIO EZEQUIEL ANTUNES DE MORAIS,***.209.160-**,CPF,2100.0,6,0.00214,
31,LUCIANA GENRO,PSOL,120,BIANCA FERREIRA GARCIA,***.836.700-**,CPF,2100.0,6,0.00214,
31,LUCIANA GENRO,PSOL,121,CLAUDIA DA SILVA BIBIANO,***.186.120-**,CPF,2100.0,6,0.00214,
31,LUCIANA GENRO,PSOL,122,EDUARDA NORONHA TAROUCO,***.418.930-**,CPF,2100.0,6,0.00214,
31,LUCIANA GENRO,PSOL,123,ELIANE DOS SANTOS,***.318.680-**,CPF,2100.0,6,0.00214,
31,LUCIANA GENRO,PSOL,124,FRANCO RIBEIRO DA ROSA,***.347.830-**,CPF,2100.0,6,0.00214,
31,LUCIANA GENRO,PSOL,125,LAURIANE NORONHA VAZ,***.277.250-**,CPF,2100.0,6,0.00214,
31,LUCIANA GENRO,PSOL,126,LEONICE OLIVEIRA PEREIRA,***.152.790-**,CPF,2100.0,6,0.00214,
31,LUCIANA GENRO,PSOL,127,MARIA HELENA GONCALVES DOS SANTOS,***.711.550-**,CPF,2100.0,6,0.00214,
31,LUCIANA GENRO,PSOL,128,SANDRA MARA DE OLIVEIRA CZERWINSKY,***.336.430-**,CPF,2100.0,6,0.00214,
31,LUCIANA GENRO,PSOL,129,SARALAINE ARENCI SILVA,***.895.970-**,CPF,2100.0,6,0.00214,
31,LUCIANA GENRO,PSOL,130,VANESSA BUENO,***.995.870-**,CPF,2100.0,6,0.00214,
31,LUCIANA GENRO,PSOL,131,VERA MARIA CRUZ DA SILVA,***.690.020-**,CPF,2100.0,6,0.00214,
31,LUCIANA GENRO,PSOL,132,ANILSON WINSKOSKI DA CRUZ,***.033.660-**,CPF,2000.0,3,0.002038,
31,LUCIANA GENRO,PSOL,133,CELSO EDUARDO DE ALVES BATISTA,***.602.440-**,CPF,2000.0,2,0.002038,
31,LUCIANA GENRO,PSOL,134,CIRCE ELAINE DA SILVA DIAS,***.564.440-**,CPF,2000.0,4,0.002038,
31,LUCIANA GENRO,PSOL,135,DANIELA QUARESMA DE ALMEIDA DA ROSA,***.105.710-**,CPF,2000.0,4,0.002038,
31,LUCIANA GENRO,PSOL,136,GABRIELA SEVERO DE SOUZA,***.630.740-**,CPF,2000.0,3,0.002038,
31,LUCIANA GENRO,PSOL,137,LUCELAINE TRINDADE FLORES,***.589.460-**,CPF,2000.0,3,0.002038,
31,LUCIANA GENRO,PSOL,138,LUCIANA DA SILVA VIEIRA,***.732.910-**,CPF,2000.0,4,0.002038,
31,LUCIANA GENRO,PSOL,139,LUCIANE CRISTINA DA SILVA PACHECO SOARES,***.121.400-**,CPF,2000.0,3,0.002038,
31,LUCIANA GENRO,PSOL,140,MARCELO IRINEU VIEIRA NUNES,***.926.730-**,CPF,2000.0,3,0.002038,
31,LUCIANA GENRO,PSOL,141,MARLIANE FERREIRA DOS SANTOS,***.872.500-**,CPF,2000.0,4,0.002038,
31,LUCIANA GENRO,PSOL,142,PAULO ODONI DE AVILA,***.345.030-**,CPF,2000.0,4,0.002038,
31,LUCIANA GENRO,PSOL,143,MATEUS MULLER ***.306.060-**,33.043.805/0001-71,CNPJ,1700.0,2,0.001733,
31,LUCIANA GENRO,PSOL,144,TAIANA SANTANA MACEDO,***.656.450-**,CPF,1600.0,4,0.001631,
31,LUCIANA GENRO,PSOL,145,60.629.000 CASSIANO FERNANDES GEMELLI,60.629.000/0001-87,CNPJ,1595.0,1,0.001626,
31,LUCIANA GENRO,PSOL,146,ALINE CRISTINA MELLO TIL,***.808.509-**,CPF,1500.0,3,0.001529,
31,LUCIANA GENRO,PSOL,147,BRYAN MACART NEY,***.664.620-**,CPF,1500.0,3,0.001529,
31,LUCIANA GENRO,PSOL,148,CATIA GESSI MIGUEL PEDROSO,***.829.580-**,CPF,1500.0,3,0.001529,
31,LUCIANA GENRO,PSOL,149,CRISTINA AZEVEDO GONCALVES,***.267.400-**,CPF,1500.0,2,0.001529,
31,LUCIANA GENRO,PSOL,150,DAIANE MONFRIN MEIATO,***.954.310-**,CPF,1500.0,3,0.001529,
31,LUCIANA GENRO,PSOL,151,ENAURA DA SILVA BARBOSA,***.650.890-**,CPF,1500.0,5,0.001529,
31,LUCIANA GENRO,PSOL,152,FERNANDA MARISA LUZ MACHADO,***.701.780-**,CPF,1500.0,3,0.001529,
31,LUCIANA GENRO,PSOL,153,FRANCIELE DIAS DOS SANTOS,***.165.290-**,CPF,1500.0,5,0.001529,
31,LUCIANA GENRO,PSOL,154,HEBERT ARDENGHI OLIVEIRA AZEREDO,***.172.510-**,CPF,1500.0,2,0.001529,
31,LUCIANA GENRO,PSOL,155,JEAN ROBERTO DA SILVA,***.072.200-**,CPF,1500.0,2,0.001529,
31,LUCIANA GENRO,PSOL,156,MARISTELA APARECIDA CARDOSO PINTO,***.934.959-**,CPF,1500.0,3,0.001529,
31,LUCIANA GENRO,PSOL,157,MAURA DE LOURDES DA SILVA VASCONCELLOS,***.719.220-**,CPF,1500.0,3,0.001529,
31,LUCIANA GENRO,PSOL,158,MELINA BALLEJOS DO AMARAL,***.340.430-**,CPF,1500.0,2,0.001529,
31,LUCIANA GENRO,PSOL,159,NOAH GRIFFIN BARBOSA MEDEIROS,***.765.750-**,CPF,1500.0,5,0.001529,
31,LUCIANA GENRO,PSOL,160,SHAIENE EDUARDA VASCONCELLOS DA ROSA,***.364.170-**,CPF,1500.0,3,0.001529,
31,LUCIANA GENRO,PSOL,161,CEDEIR SANTOS,***.267.940-**,CPF,1200.0,4,0.001223,
31,LUCIANA GENRO,PSOL,162,DIOGO MARQUES DA SILVA,***.860.370-**,CPF,1200.0,1,0.001223,
31,LUCIANA GENRO,PSOL,163,EDERSON EDENIR FERREIRA,***.073.570-**,CPF,1200.0,3,0.001223,
31,LUCIANA GENRO,PSOL,164,EDNA DA ROCHA CORREA,***.454.180-**,CPF,1200.0,4,0.001223,
31,LUCIANA GENRO,PSOL,165,MARIA BERNARDETE DA FONSECA LIMA,***.637.470-**,CPF,1200.0,4,0.001223,
31,LUCIANA GENRO,PSOL,166,TATIANE BEATRIZ DE MELLO,***.170.200-**,CPF,1200.0,3,0.001223,
31,LUCIANA GENRO,PSOL,167,VALENTINA VIANA RODRIGUES,***.384.320-**,CPF,1200.0,4,0.001223,
31,LUCIANA GENRO,PSOL,168,BRENDHA DA SILVA CRUZ,***.145.780-**,CPF,1150.0,2,0.001172,
31,LUCIANA GENRO,PSOL,169,INGRID DANIELLY ALVES SOUZA,***.494.160-**,CPF,1150.0,2,0.001172,
31,LUCIANA GENRO,PSOL,170,LUANNY VICTORIA BARRETO MAIDANA,***.264.670-**,CPF,1150.0,2,0.001172,
31,LUCIANA GENRO,PSOL,171,LUIS BENHUR PEDROSO,***.635.370-**,CPF,1150.0,1,0.001172,
31,LUCIANA GENRO,PSOL,172,SONIA MARA TORMES DE OLIVEIRA,***.727.280-**,CPF,1150.0,2,0.001172,
31,LUCIANA GENRO,PSOL,173,ADRIANO MIRANDA GOMES DOS SANTOS,***.201.260-**,CPF,1120.0,2,0.001141,
31,LUCIANA GENRO,PSOL,174,BRUNA PEDROSO DE SOUZA,***.896.740-**,CPF,1120.0,2,0.001141,
31,LUCIANA GENRO,PSOL,175,KETLYN VEDOY GOULART,***.811.000-**,CPF,1120.0,1,0.001141,
31,LUCIANA GENRO,PSOL,176,ANA CAROLINE VEIGA MORAES GRANVILLE,***.352.460-**,CPF,1000.0,2,0.001019,
31,LUCIANA GENRO,PSOL,177,EVERTON RODRIGUES PASCAL,***.261.020-**,CPF,1000.0,2,0.001019,
31,LUCIANA GENRO,PSOL,178,FABRICIO SANCHES MEDEIROS,***.720.180-**,CPF,1000.0,2,0.001019,
31,LUCIANA GENRO,PSOL,179,FRANCIELE PAOLA MOLEC DE OLIVEIRA,***.741.810-**,CPF,1000.0,1,0.001019,
31,LUCIANA GENRO,PSOL,180,GABRIEL DE LIMA PRADO,***.571.420-**,CPF,1000.0,1,0.001019,
31,LUCIANA GENRO,PSOL,181,JOSE EDUARDO DA SILVA,***.995.360-**,CPF,1000.0,2,0.001019,
31,LUCIANA GENRO,PSOL,182,MARCOS DEVANIR DOS SANTOS,***.454.350-**,CPF,1000.0,1,0.001019,
31,LUCIANA GENRO,PSOL,183,MILTON DE VARGAS,***.036.700-**,CPF,1000.0,1,0.001019,
31,LUCIANA GENRO,PSOL,184,NATAN CORREA DA ROSA,***.465.340-**,CPF,1000.0,2,0.001019,
31,LUCIANA GENRO,PSOL,185,TAMARA SILVA SILVEIRA,***.442.280-**,CPF,1000.0,2,0.001019,
31,LUCIANA GENRO,PSOL,186,VICTOR RAFAEL DA MOTA GOMES,***.423.320-**,CPF,1000.0,2,0.001019,
31,LUCIANA GENRO,PSOL,187,VINICIUS DE SOUZA SARAIVA,***.472.450-**,CPF,1000.0,2,0.001019,
31,LUCIANA GENRO,PSOL,188,EMILY DE OLIVEIRA CZERWINSKI,***.463.910-**,CPF,900.0,2,0.000917,
31,LUCIANA GENRO,PSOL,189,LUCAS YAGO DOS SANTOS,***.854.090-**,CPF,720.0,2,0.000734,
31,LUCIANA GENRO,PSOL,190,JOICE SILVA DE SOUZA,***.836.050-**,CPF,660.0,1,0.000673,
31,LUCIANA GENRO,PSOL,191,KADU MALHAS COMERCIO DE ROUPAS LTDA,88.804.513/0001-04,CNPJ,645.0,1,0.000657,
31,LUCIANA GENRO,PSOL,192,ANDREWS GUIMARAES MARTINS,***.761.880-**,CPF,560.0,1,0.000571,
31,LUCIANA GENRO,PSOL,193,ALEX PRUSS LOVATO,***.495.340-**,CPF,560.0,1,0.000571,
31,LUCIANA GENRO,PSOL,194,ERYCK REIS DE SOUZA,***.192.300-**,CPF,560.0,2,0.000571,
31,LUCIANA GENRO,PSOL,195,FRANCIELLY RODRIGUES DE SOUZA,***.956.760-**,CPF,560.0,2,0.000571,
31,LUCIANA GENRO,PSOL,196,LUCAS FREITAS DA SILVA,***.304.060-**,CPF,560.0,2,0.000571,
31,LUCIANA GENRO,PSOL,197,MORGANA PERONDI DE CESERO,***.349.400-**,CPF,560.0,2,0.000571,
31,LUCIANA GENRO,PSOL,198,RAFAEL CARLOS JACOBS,***.970.100-**,CPF,560.0,2,0.000571,
31,LUCIANA GENRO,PSOL,199,SABRINA RODRIGUES DE OLIVEIRA PORTO,***.749.800-**,CPF,560.0,1,0.000571,
31,LUCIANA GENRO,PSOL,200,CAMILA FERREIRA DA ROSA,***.110.070-**,CPF,500.0,1,0.00051,
31,LUCIANA GENRO,PSOL,201,CAUÊ AMARO DOS SANTOS,***.944.820-**,CPF,500.0,1,0.00051,
31,LUCIANA GENRO,PSOL,202,DIEGO FAGUNDES FOGACA,***.132.910-**,CPF,500.0,1,0.00051,
31,LUCIANA GENRO,PSOL,203,DIENIFER SOUZA DA SILVA,***.863.560-**,CPF,500.0,1,0.00051,
31,LUCIANA GENRO,PSOL,204,DOUGLAS PACHECO DE OLIVEIRA,***.801.170-**,CPF,500.0,1,0.00051,
31,LUCIANA GENRO,PSOL,205,LUANA MACHADO BARRETO,***.544.830-**,CPF,500.0,1,0.00051,
31,LUCIANA GENRO,PSOL,206,"ENCARGOS FINANCEIROS, TAXAS BANCÁRIAS E/OU OP. CARTÃO DE CRÉDITO",,,399.0,28,0.000407,
32,LUCIANO SILVEIRA,MDB,1,FACEBOOK SERVICOS ONLINE DO BRASIL LTDA.,13.347.016/0001-17,CNPJ,69000.0,4,0.308124,
32,LUCIANO SILVEIRA,MDB,2,NOSCHANG ARTES GRAFICAS LTDA,07.027.856/0001-08,CNPJ,64769.0,38,0.28923,
32,LUCIANO SILVEIRA,MDB,3,SPEED PROMOCIONAL INDUSTRIA DE BRINDES LTDA,15.115.234/0001-51,CNPJ,30000.0,2,0.133967,
32,LUCIANO SILVEIRA,MDB,4,IBES ERON ALVES VAZ LTDA,50.981.660/0001-79,CNPJ,17568.5,1,0.078453,
32,LUCIANO SILVEIRA,MDB,5,PULSAR IMOBILIARIO LTDA,55.499.435/0001-14,CNPJ,17000.0,1,0.075915,
32,LUCIANO SILVEIRA,MDB,6,THS IMPRESSAO DIGITAL LTDA,08.537.010/0001-72,CNPJ,10520.0,3,0.046978,
32,LUCIANO SILVEIRA,MDB,7,JOAO CARLOS ANDERSON BEMFICA,***.627.040-**,CPF,6000.0,1,0.026793,
32,LUCIANO SILVEIRA,MDB,8,D. C. VEICULOS LTDA,13.507.524/0002-04,CNPJ,5360.42,1,0.023937,
32,LUCIANO SILVEIRA,MDB,9,RICARDO DANI BECKER,***.014.410-**,CPF,2431.5,1,0.010858,
32,LUCIANO SILVEIRA,MDB,10,COMERCIAL DE COMBUSTIVEIS COELHO LTDA,73.535.536/0001-85,CNPJ,1286.52,6,0.005745,
33,LUÍS FERNANDO PIRES,PP,1,CRITERIO COMUNICACAO LTDA,14.938.065/0001-97,CNPJ,100000.0,2,0.223417,
33,LUÍS FERNANDO PIRES,PP,2,GRAFICA E EDITORA SANTA ROSA LTDA,73.253.999/0001-54,CNPJ,58225.0,17,0.130085,
33,LUÍS FERNANDO PIRES,PP,3,PROMUS IMPRESSAO DIGITAL E BRINDES LTDA,10.188.616/0001-91,CNPJ,28261.0,6,0.06314,
33,LUÍS FERNANDO PIRES,PP,4,LOCADORA DE VEICULOS SANTA CRUZ LTDA.,03.000.720/0001-45,CNPJ,25186.5,6,0.056271,
33,LUÍS FERNANDO PIRES,PP,5,SILVIO ROBERTO WEBER DE VARGAS,17.783.076/0001-33,CNPJ,24186.0,5,0.054036,
33,LUÍS FERNANDO PIRES,PP,6,65.869.804 ISADORA LIMA RIBEIRO,65.869.804/0001-77,CNPJ,12522.0,1,0.027976,
33,LUÍS FERNANDO PIRES,PP,7,RENATA AGUZZOLLI PROENCA SOCIEDADE INDIVIDUAL DE ADVOCACIA,65.928.501/0001-88,CNPJ,12000.0,1,0.02681,
33,LUÍS FERNANDO PIRES,PP,8,AUDITEC ASSESSORIA E CONSULTORIA CONTABIL LTDA,01.512.358/0001-66,CNPJ,10000.0,1,0.022342,
33,LUÍS FERNANDO PIRES,PP,9,ANS IMPRESSOES GRAFICAS LTDA.,05.677.050/0001-21,CNPJ,8386.0,5,0.018736,
33,LUÍS FERNANDO PIRES,PP,10,PURANCI BARCELOS DOS SANTOS,***.967.930-**,CPF,7000.0,1,0.015639,
33,LUÍS FERNANDO PIRES,PP,11,ALEXANDRE DA SILVA FIGUEIREDO,***.833.630-**,CPF,6000.0,1,0.013405,
33,LUÍS FERNANDO PIRES,PP,12,FACEBOOK SERVICOS ONLINE DO BRASIL LTDA.,13.347.016/0001-17,CNPJ,6000.0,3,0.013405,
33,LUÍS FERNANDO PIRES,PP,13,STEFANO WITT VIELMO,***.825.370-**,CPF,6000.0,1,0.013405,
33,LUÍS FERNANDO PIRES,PP,14,GRUPO SEPE TIARAJU DE COMUNICACOES LTDA,07.982.466/0001-89,CNPJ,4718.75,1,0.010542,
33,LUÍS FERNANDO PIRES,PP,15,CLECI LOURDES GABERT,10.630.666/0001-87,CNPJ,4500.0,2,0.010054,
33,LUÍS FERNANDO PIRES,PP,16,GISELA AUGUSTA CHIANA BREMM,***.609.520-**,CPF,4000.0,1,0.008937,
33,LUÍS FERNANDO PIRES,PP,17,RAFAEL REJALA GUERRERO,***.717.980-**,CPF,3600.0,1,0.008043,
33,LUÍS FERNANDO PIRES,PP,18,ANDREIA PERINI,***.298.740-**,CPF,3500.0,1,0.00782,
33,LUÍS FERNANDO PIRES,PP,19,EDUARDO MOREIRA CARVALHO,***.584.360-**,CPF,3500.0,1,0.00782,
33,LUÍS FERNANDO PIRES,PP,20,MARIA CONCEICAO PRESTES DE OLIVEIRA,***.929.021-**,CPF,3500.0,1,0.00782,
33,LUÍS FERNANDO PIRES,PP,21,PEDRO EVANIR DA SILVA SOUZA,***.492.590-**,CPF,3500.0,1,0.00782,
33,LUÍS FERNANDO PIRES,PP,22,COOPERATIVA TRITICOLA REGIONAL SAOLUIZENSE LTDA,97.078.463/0055-09,CNPJ,3390.39,18,0.007575,
33,LUÍS FERNANDO PIRES,PP,23,51.254.602 CHARLES JUNIOR VIEIRA PAZ,51.254.602/0001-06,CNPJ,3000.0,1,0.006703,
33,LUÍS FERNANDO PIRES,PP,24,ADELMO PRZYCZYNSKI,***.099.010-**,CPF,3000.0,1,0.006703,
33,LUÍS FERNANDO PIRES,PP,25,ANNYELLY GUEDES DA SILVA,***.036.890-**,CPF,3000.0,1,0.006703,
33,LUÍS FERNANDO PIRES,PP,26,CATHIA CILENE MAZZANTI BARROSO,***.392.470-**,CPF,3000.0,1,0.006703,
33,LUÍS FERNANDO PIRES,PP,27,ELIANDRO PEREIRA,***.086.450-**,CPF,3000.0,1,0.006703,
33,LUÍS FERNANDO PIRES,PP,28,JOAO LUIZ ANTUNES DE MELO,***.433.320-**,CPF,3000.0,1,0.006703,
33,LUÍS FERNANDO PIRES,PP,29,KAUA ANDRE DEGE,***.279.890-**,CPF,3000.0,1,0.006703,
33,LUÍS FERNANDO PIRES,PP,30,KERLI LEDESMA ESPINDOLA,***.703.100-**,CPF,3000.0,1,0.006703,
33,LUÍS FERNANDO PIRES,PP,31,MARCIA REGINA FEIX HAIM,***.199.480-**,CPF,3000.0,1,0.006703,
33,LUÍS FERNANDO PIRES,PP,32,MARIANE NENE CARDOSO,***.938.310-**,CPF,3000.0,1,0.006703,
33,LUÍS FERNANDO PIRES,PP,33,MARILE FFNER TOLFO,***.240.400-**,CPF,3000.0,1,0.006703,
33,LUÍS FERNANDO PIRES,PP,34,NEUSA ROSANGELA MARQUES DE MATOS,***.862.820-**,CPF,3000.0,1,0.006703,
33,LUÍS FERNANDO PIRES,PP,35,AUTO POSTO NAVEGANTES LTDA,00.185.858/0001-78,CNPJ,2991.91,4,0.006684,
33,LUÍS FERNANDO PIRES,PP,36,SONIA REJANE DOS SANTOS ALBRECHT,***.199.130-**,CPF,2800.0,1,0.006256,
33,LUÍS FERNANDO PIRES,PP,37,ANDREA DA SILVA CAPRA,***.374.930-**,CPF,2500.0,1,0.005585,
33,LUÍS FERNANDO PIRES,PP,38,JAQUELINE TAINARA HEINRICH DA ROSA,***.921.910-**,CPF,2500.0,1,0.005585,
33,LUÍS FERNANDO PIRES,PP,39,JOCELAINE DIAS BARROS SCHAURICH,***.831.290-**,CPF,2500.0,1,0.005585,
33,LUÍS FERNANDO PIRES,PP,40,TIAGO DA SILVA BUENO,***.787.040-**,CPF,2500.0,1,0.005585,
33,LUÍS FERNANDO PIRES,PP,41,WILLIAN JUNIOR DA SILVA,***.633.270-**,CPF,2500.0,1,0.005585,
33,LUÍS FERNANDO PIRES,PP,42,GRAFICA E JORNAL GAZETA INTEGRACAO LTDA,18.863.315/0001-28,CNPJ,2295.0,2,0.005127,
33,LUÍS FERNANDO PIRES,PP,43,CLAUDIA TEIXEIRA BELITZ,***.076.820-**,CPF,2100.0,1,0.004692,
33,LUÍS FERNANDO PIRES,PP,44,LAURI JULIANI,***.374.320-**,CPF,2100.0,1,0.004692,
33,LUÍS FERNANDO PIRES,PP,45,LISIANE TERESINHA DA LUZ SARASSUA,***.468.070-**,CPF,2100.0,1,0.004692,
33,LUÍS FERNANDO PIRES,PP,46,ROSANE GARCIA BRATZ,***.038.130-**,CPF,2100.0,1,0.004692,
33,LUÍS FERNANDO PIRES,PP,47,LIVIANN LUIZA NATHELLY APARECIDA KOCZKODAY,***.821.251-**,CPF,2000.0,1,0.004468,
33,LUÍS FERNANDO PIRES,PP,48,PAULO RICARDO SANTIAGO NIVINSKI,***.356.500-**,CPF,2000.0,1,0.004468,
33,LUÍS FERNANDO PIRES,PP,49,CARINA IRISO DOS SANTOS,***.556.270-**,CPF,1800.0,1,0.004022,
33,LUÍS FERNANDO PIRES,PP,50,GILBERTO BECKER,***.771.059-**,CPF,1800.0,1,0.004022,Documento exibido pelo TSE não passa na verificação de dígitos
33,LUÍS FERNANDO PIRES,PP,51,MARCIO CRISTIANO CABRAL,***.194.220-**,CPF,1800.0,1,0.004022,
33,LUÍS FERNANDO PIRES,PP,52,ROSANE DE FATIMA MOURA DOS SANTOS,***.128.740-**,CPF,1800.0,1,0.004022,
33,LUÍS FERNANDO PIRES,PP,53,NOVA DESIGN COMUNICACAO VISUAL LTDA.,02.667.133/0001-41,CNPJ,1786.0,5,0.00399,
33,LUÍS FERNANDO PIRES,PP,54,PAULO ADEMIR DE MORAES,***.629.270-**,CPF,1750.0,1,0.00391,
33,LUÍS FERNANDO PIRES,PP,55,GABRIELA MARTINS SCHERER,***.208.340-**,CPF,1700.0,1,0.003798,
33,LUÍS FERNANDO PIRES,PP,56,JULIO CESAR ZAMBERLAN NUNES,***.789.610-**,CPF,1700.0,1,0.003798,
33,LUÍS FERNANDO PIRES,PP,57,MARA HORST,***.113.850-**,CPF,1700.0,1,0.003798,
33,LUÍS FERNANDO PIRES,PP,58,INDAIA DOS SANTOS FERREIRA,***.827.380-**,CPF,1600.0,1,0.003575,
33,LUÍS FERNANDO PIRES,PP,59,ADRIANE RATAYCZYK,***.107.530-**,CPF,1500.0,1,0.003351,
33,LUÍS FERNANDO PIRES,PP,60,ALADIO LUIZ FIORIN,***.498.230-**,CPF,1500.0,1,0.003351,
33,LUÍS FERNANDO PIRES,PP,61,ANIDRIA SANTOS DE FREITAS,***.289.800-**,CPF,1500.0,1,0.003351,
33,LUÍS FERNANDO PIRES,PP,62,CANANEIA CAMARGO,***.238.470-**,CPF,1500.0,1,0.003351,
33,LUÍS FERNANDO PIRES,PP,63,CARLOS EDUARDO DIEHL,***.377.150-**,CPF,1500.0,1,0.003351,
33,LUÍS FERNANDO PIRES,PP,64,KARINE GARCIA,***.842.710-**,CPF,1500.0,1,0.003351,
33,LUÍS FERNANDO PIRES,PP,65,LAURO IVO KNEBEL,***.593.240-**,CPF,1500.0,1,0.003351,
33,LUÍS FERNANDO PIRES,PP,66,MARIA EDUARDA FERREIRA DOS SANTOS,***.618.010-**,CPF,1500.0,1,0.003351,
33,LUÍS FERNANDO PIRES,PP,67,PEDRO YURI ANTUNES LEDUR,***.650.570-**,CPF,1500.0,1,0.003351,
33,LUÍS FERNANDO PIRES,PP,68,POSTO MINUSSI LTDA,48.890.408/0001-02,CNPJ,1404.84,4,0.003139,
33,LUÍS FERNANDO PIRES,PP,69,IRACI PEDROSO,***.368.730-**,CPF,1380.0,1,0.003083,
33,LUÍS FERNANDO PIRES,PP,70,CIDE PEREIRA DOS SANTOS,***.887.520-**,CPF,1320.0,1,0.002949,
33,LUÍS FERNANDO PIRES,PP,71,IZALDINA MARQUES VIEIRA,***.602.100-**,CPF,1320.0,1,0.002949,
33,LUÍS FERNANDO PIRES,PP,72,AUTO POSTO EXPEDICIONARIO LTDA,04.265.280/0001-10,CNPJ,1017.19,3,0.002273,
33,LUÍS FERNANDO PIRES,PP,73,JOEL DA ROSA,***.235.070-**,CPF,910.0,1,0.002033,
33,LUÍS FERNANDO PIRES,PP,74,EMPRESA JORNALISTICA GRUPO EDITORIAL ARMANJE LTDA,10.418.021/0001-85,CNPJ,816.0,2,0.001823,
33,LUÍS FERNANDO PIRES,PP,75,MAIRON FERREIRA DOS SANTOS,***.214.920-**,CPF,800.0,1,0.001787,
33,LUÍS FERNANDO PIRES,PP,76,POSTO 44 IJUI COMERCIO DE COMBUSTIVEIS LTDA,01.892.399/0001-25,CNPJ,300.0,3,0.00067,
33,LUÍS FERNANDO PIRES,PP,77,LUIZ ANTONIO MEIRELES LUNARDI ***.081.100-**,28.774.989/0001-00,CNPJ,225.0,1,0.000503,
33,LUÍS FERNANDO PIRES,PP,78,L M RECORTES E SINALIZACAO LTDA,20.790.493/0001-18,CNPJ,120.0,1,0.000268,
33,LUÍS FERNANDO PIRES,PP,79,"ENCARGOS FINANCEIROS, TAXAS BANCÁRIAS E/OU OP. CARTÃO DE CRÉDITO",,,82.0,18,0.000183,
34,MARCELO ARRUDA,PSD,1,VGRAF IMPRESSOS E EMBALAGENS LTDA,93.630.788/0001-09,CNPJ,70490.0,12,0.249649,
34,MARCELO ARRUDA,PSD,2,P23 COMUNICACAO LTDA,58.145.834/0001-75,CNPJ,39500.0,1,0.139894,
34,MARCELO ARRUDA,PSD,3,55.599.049 DANIELE DELLAGOSTIN,55.599.049/0001-02,CNPJ,22625.0,6,0.080129,
34,MARCELO ARRUDA,PSD,4,AUTOLANDIA ERECHIM S A COMERCIO E INDUSTRIA,89.420.681/0001-50,CNPJ,18000.0,1,0.063749,
34,MARCELO ARRUDA,PSD,5,APPROPRIATO COMERCIO DE UTILIDADES LTDA,08.415.939/0001-29,CNPJ,17275.0,1,0.061181,
34,MARCELO ARRUDA,PSD,6,EMPRESA BRASILEIRA DE CORREIOS E TELEGRAFOS,34.028.316/0001-03,CNPJ,16849.25,1,0.059674,
34,MARCELO ARRUDA,PSD,7,DUKA OLIVEIRA COMUNICACAO VISUAL LTDA,59.447.429/0001-74,CNPJ,11400.0,2,0.040374,
34,MARCELO ARRUDA,PSD,8,GRAFICA TRACOS LTDA,02.781.274/0001-90,CNPJ,9980.0,1,0.035345,
34,MARCELO ARRUDA,PSD,9,COMAR LOGISTICA LTDA,20.275.520/0001-14,CNPJ,7500.0,1,0.026562,
34,MARCELO ARRUDA,PSD,10,JM ZANIN LTDA,05.762.657/0001-00,CNPJ,7500.0,1,0.026562,
34,MARCELO ARRUDA,PSD,11,ALUPRINT IMPRESSOS E COMUNICACAO VISUAL LTDA,49.851.417/0001-57,CNPJ,6650.0,2,0.023552,
34,MARCELO ARRUDA,PSD,12,KADU MALHAS COMERCIO DE ROUPAS LTDA,88.804.513/0001-04,CNPJ,5250.0,1,0.018593,
34,MARCELO ARRUDA,PSD,13,IMPACT SERVICOS DE COMUNICACAO VISUAL LTDA,03.271.370/0001-51,CNPJ,5000.0,2,0.017708,
34,MARCELO ARRUDA,PSD,14,SUBLIMAX COMUNICACAO VISUAL LTDA,34.867.510/0001-82,CNPJ,5000.0,1,0.017708,
34,MARCELO ARRUDA,PSD,15,'GALPAO CAMPEIRO - CENTRO DE TRADICOES GAUCHAS',88.205.125/0001-07,CNPJ,4000.0,1,0.014166,
34,MARCELO ARRUDA,PSD,16,EDGAR JOSE ROSSET LTDA,92.285.808/0001-80,CNPJ,3640.0,2,0.012891,
34,MARCELO ARRUDA,PSD,17,FACEBOOK SERVICOS ONLINE DO BRASIL LTDA.,13.347.016/0001-17,CNPJ,3500.0,2,0.012396,
34,MARCELO ARRUDA,PSD,18,LH RENT A CAR LTDA,15.626.876/0001-15,CNPJ,3000.0,1,0.010625,
34,MARCELO ARRUDA,PSD,19,FARINA - COMERCIO DE COMBUSTIVEIS E LUBRIFICANTES LTDA,18.518.668/0001-90,CNPJ,2934.11,3,0.010391,
34,MARCELO ARRUDA,PSD,20,Z. BRASIL LTDA,86.989.548/0001-21,CNPJ,2750.0,1,0.009739,
34,MARCELO ARRUDA,PSD,21,CICERO DA SILVA ARAUJO,***.486.280-**,CPF,2579.25,1,0.009135,
34,MARCELO ARRUDA,PSD,22,VANESSA INSELSPERGER,***.684.170-**,CPF,2325.5,1,0.008236,
34,MARCELO ARRUDA,PSD,23,IGOR BRENDLER CHINAZZO,***.865.630-**,CPF,2218.75,1,0.007858,
34,MARCELO ARRUDA,PSD,24,ITAMIR ANTONIO GARBIN,***.349.400-**,CPF,2200.0,1,0.007792,
34,MARCELO ARRUDA,PSD,25,IVETE FERREIRA SCHELSKE,***.380.280-**,CPF,2188.5,1,0.007751,
34,MARCELO ARRUDA,PSD,26,MARLUCI MICHELI BALDO SCHELSKE,***.227.779-**,CPF,2184.5,1,0.007737,
34,MARCELO ARRUDA,PSD,27,ROSELAINE MACHADO,***.657.010-**,CPF,2160.5,1,0.007652,
34,MARCELO ARRUDA,PSD,28,CRISTIANE LUCIANA CAMPOS,***.067.970-**,CPF,2087.5,1,0.007393,
34,MARCELO ARRUDA,PSD,29,PEDRO ANTONIO SANTIN HERMES,***.798.280-**,CPF,950.0,1,0.003365,
34,MARCELO ARRUDA,PSD,30,CRISTIANE COSTA DA CONCEICAO,***.657.740-**,CPF,300.0,1,0.001062,
34,MARCELO ARRUDA,PSD,31,MARLEI VEIGA DA SILVA,***.195.680-**,CPF,300.0,1,0.001062,
34,MARCELO ARRUDA,PSD,32,"ENCARGOS FINANCEIROS, TAXAS BANCÁRIAS E/OU OP. CARTÃO DE CRÉDITO",,,19.0,9,6.7e-05,
35,MARCUS VINÍCIUS,PP,1,EDITORA SCHUCH LTDA,59.820.866/0001-91,CNPJ,53770.0,10,0.074723,
35,MARCUS VINÍCIUS,PP,2,LOCADORA DE VEICULOS SANTA CRUZ LTDA.,03.000.720/0001-45,CNPJ,35181.9,9,0.048892,
35,MARCUS VINÍCIUS,PP,3,DANIEL PRIMO PICCINI,02.603.092/0001-20,CNPJ,25360.0,4,0.035242,
35,MARCUS VINÍCIUS,PP,4,ANS IMPRESSOES GRAFICAS LTDA.,05.677.050/0001-21,CNPJ,23312.85,4,0.032398,
35,MARCUS VINÍCIUS,PP,5,MURILO ANTONIO PEREZ,***.137.810-**,CPF,20000.0,1,0.027794,
35,MARCUS VINÍCIUS,PP,6,SALA 41 CONSULTORIA DE PUBLICIDADE LTDA,68.076.528/0001-88,CNPJ,20000.0,1,0.027794,
35,MARCUS VINÍCIUS,PP,7,54.826.602 ALINE BISCHOFF LAUX,54.826.602/0001-21,CNPJ,17210.0,8,0.023917,
35,MARCUS VINÍCIUS,PP,8,IMPRESSOS SCHUCH LTDA,22.952.916/0001-84,CNPJ,15420.0,2,0.021429,
35,MARCUS VINÍCIUS,PP,9,CUERVO LO PUMO SOCIEDADE INDIVIDUAL DE ADVOCACIA,50.231.355/0001-60,CNPJ,15000.0,1,0.020845,
35,MARCUS VINÍCIUS,PP,10,FRANCISCO OSORIO BARCELOS OURIQUE,***.223.710-**,CPF,15000.0,1,0.020845,
35,MARCUS VINÍCIUS,PP,11,ABASTECEDORA DE COMBUSTIVEIS RIOXEL LTDA,03.358.858/0003-82,CNPJ,12358.1,52,0.017174,
35,MARCUS VINÍCIUS,PP,12,GLADIS WINGERT,***.205.920-**,CPF,12000.0,1,0.016676,
35,MARCUS VINÍCIUS,PP,13,JOKA SUBLIMACAO DIGITAL LTDA,94.350.113/0001-60,CNPJ,8575.0,3,0.011917,
35,MARCUS VINÍCIUS,PP,14,ROGER MOREIRA,***.224.730-**,CPF,7520.0,1,0.01045,
35,MARCUS VINÍCIUS,PP,15,59.819.370 LEANDRO NUNES DA SILVEIRA,59.819.370/0001-06,CNPJ,6000.0,1,0.008338,
35,MARCUS VINÍCIUS,PP,16,PAULO RICARDO RAMOS GOMES,***.925.320-**,CPF,6000.0,1,0.008338,
35,MARCUS VINÍCIUS,PP,17,JORNAL O CELEIRO LTDA,10.480.535/0001-60,CNPJ,5805.25,3,0.008067,
35,MARCUS VINÍCIUS,PP,18,66.162.014 ELANE TERESINHA NUNES DA SILVEIRA,66.162.014/0001-10,CNPJ,5500.0,1,0.007643,
35,MARCUS VINÍCIUS,PP,19,DAIANO MARTINS RAMOS,***.914.740-**,CPF,5000.0,1,0.006948,
35,MARCUS VINÍCIUS,PP,20,LUCAS CAR LOCATELLI,***.609.420-**,CPF,5000.0,1,0.006948,
35,MARCUS VINÍCIUS,PP,21,48.315.107 MARIA HELENA SILVA DA CUNHA,48.315.107/0001-55,CNPJ,4500.0,2,0.006254,
35,MARCUS VINÍCIUS,PP,22,VINICIUS RAAB,***.685.730-**,CPF,4500.0,1,0.006254,
35,MARCUS VINÍCIUS,PP,23,PONTO E VIRGULA COMUNICACAO VISUAL LTDA,00.537.782/0001-00,CNPJ,4431.5,3,0.006158,
35,MARCUS VINÍCIUS,PP,24,DENISE ALMADA LEMOS,***.014.390-**,CPF,4300.0,1,0.005976,
35,MARCUS VINÍCIUS,PP,25,MARCELO ALMADA,***.210.280-**,CPF,4300.0,1,0.005976,
35,MARCUS VINÍCIUS,PP,26,RAFAEL OLIVEIRA VIEIRA,***.911.990-**,CPF,4300.0,1,0.005976,
35,MARCUS VINÍCIUS,PP,27,RODRIGO JESUS FOLMER,***.426.610-**,CPF,4000.0,1,0.005559,
35,MARCUS VINÍCIUS,PP,28,GUSTAVO DE LEON FUCILINI,***.849.940-**,CPF,3800.0,1,0.005281,
35,MARCUS VINÍCIUS,PP,29,MARCELO SANTI DE OLIVEIRA,***.072.880-**,CPF,3800.0,1,0.005281,
35,MARCUS VINÍCIUS,PP,30,AMABILE GABRIELY WEGLER DE SOUZA,***.946.260-**,CPF,3500.0,1,0.004864,
35,MARCUS VINÍCIUS,PP,31,JAQUELINE CARDOSO,***.600.800-**,CPF,3500.0,1,0.004864,
35,MARCUS VINÍCIUS,PP,32,LETICIA BOHN,***.598.340-**,CPF,3500.0,1,0.004864,
35,MARCUS VINÍCIUS,PP,33,PAULO SERGIO BERGAMO,***.202.380-**,CPF,3500.0,1,0.004864,
35,MARCUS VINÍCIUS,PP,34,RODRIGO CHIARELLO,***.252.920-**,CPF,3500.0,1,0.004864,
35,MARCUS VINÍCIUS,PP,35,KAYKE GABRIEL SILVA MOREIRA,***.117.740-**,CPF,3240.0,1,0.004503,
35,MARCUS VINÍCIUS,PP,36,ADRIANO SILVEIRA VAN DER EIJK,***.637.740-**,CPF,3000.0,1,0.004169,
35,MARCUS VINÍCIUS,PP,37,CLAIR MARIA MACHADO MOREIRA,***.617.500-**,CPF,3000.0,1,0.004169,
35,MARCUS VINÍCIUS,PP,38,FACEBOOK SERVICOS ONLINE DO BRASIL LTDA.,13.347.016/0001-17,CNPJ,3000.0,2,0.004169,
35,MARCUS VINÍCIUS,PP,39,DIONATA LIMA JUSTO DA CUNHA,***.072.300-**,CPF,2934.0,1,0.004077,
35,MARCUS VINÍCIUS,PP,40,SUL EDITORA GRAFICA LTDA,01.580.931/0001-79,CNPJ,2900.0,1,0.00403,
35,MARCUS VINÍCIUS,PP,41,DORIVAL DIAS,***.910.440-**,CPF,2620.0,1,0.003641,
35,MARCUS VINÍCIUS,PP,42,TIAGO DE OLIVEIRA CARPES,***.166.210-**,CPF,2550.0,1,0.003544,
35,MARCUS VINÍCIUS,PP,43,ELIAS GOMES SANT ANA,***.834.620-**,CPF,2510.0,1,0.003488,
35,MARCUS VINÍCIUS,PP,44,ALEXIA DA COSTA MENDES,***.977.900-**,CPF,2500.0,1,0.003474,
35,MARCUS VINÍCIUS,PP,45,ALINE DE SOUZA QUEIROZ,***.398.190-**,CPF,2500.0,1,0.003474,
35,MARCUS VINÍCIUS,PP,46,ALIRIO SALVADOR GOULART RODRIGUES,***.318.290-**,CPF,2500.0,1,0.003474,
35,MARCUS VINÍCIUS,PP,47,ALLAN MICHAEL KLAUS,***.638.220-**,CPF,2500.0,1,0.003474,
35,MARCUS VINÍCIUS,PP,48,ANDREIA AZAMBUJA DA SILVA BUENO,***.401.420-**,CPF,2500.0,1,0.003474,
35,MARCUS VINÍCIUS,PP,49,CAMILLI MACHADO TERRACIANO FAGUNDES,***.143.980-**,CPF,2500.0,1,0.003474,
35,MARCUS VINÍCIUS,PP,50,CESAR SCHREIBER CAMILO,***.532.600-**,CPF,2500.0,1,0.003474,
35,MARCUS VINÍCIUS,PP,51,CLAUDIO JAIR DA SILVA,***.914.600-**,CPF,2500.0,1,0.003474,
35,MARCUS VINÍCIUS,PP,52,CRISTINA BEATRIZ BUTTES WURDIG,***.680.500-**,CPF,2500.0,1,0.003474,
35,MARCUS VINÍCIUS,PP,53,DAIANE LEMOS CRESCENCIO,***.453.430-**,CPF,2500.0,1,0.003474,
35,MARCUS VINÍCIUS,PP,54,DIEGO GABRIEL SANTOS DA SILVA,***.632.890-**,CPF,2500.0,1,0.003474,
35,MARCUS VINÍCIUS,PP,55,EMANUELLI BORBA DOS SANTOS,***.054.640-**,CPF,2500.0,1,0.003474,
35,MARCUS VINÍCIUS,PP,56,ERICA NOGUEIRA DA SILVA,***.242.320-**,CPF,2500.0,1,0.003474,
35,MARCUS VINÍCIUS,PP,57,IURI DANIEL TEIXEIRA DAS NEVES,***.962.130-**,CPF,2500.0,1,0.003474,
35,MARCUS VINÍCIUS,PP,58,JANETE CECILIA DA SILVA,***.055.530-**,CPF,2500.0,1,0.003474,
35,MARCUS VINÍCIUS,PP,59,KAROLINE SANTOS ALMADA,***.246.750-**,CPF,2500.0,1,0.003474,
35,MARCUS VINÍCIUS,PP,60,LEONE MARIA COSTA CANCEIRO,***.987.480-**,CPF,2500.0,1,0.003474,
35,MARCUS VINÍCIUS,PP,61,MANUELLA MATTOS DA CONCEICAO,***.623.670-**,CPF,2500.0,1,0.003474,
35,MARCUS VINÍCIUS,PP,62,MARCELO SOUZA CARDOSO,***.207.580-**,CPF,2500.0,1,0.003474,
35,MARCUS VINÍCIUS,PP,63,MARINO DAVILA FERNANDES,***.899.990-**,CPF,2500.0,1,0.003474,
35,MARCUS VINÍCIUS,PP,64,PATRICIA DA COSTA MENDES,***.448.550-**,CPF,2500.0,1,0.003474,
35,MARCUS VINÍCIUS,PP,65,RITA JAQUELINE PEREIRA FERNANDES,***.168.990-**,CPF,2500.0,1,0.003474,
35,MARCUS VINÍCIUS,PP,66,ROSELAINE DE FATIMA MELLO ALMADA,***.511.730-**,CPF,2500.0,1,0.003474,
35,MARCUS VINÍCIUS,PP,67,THIAGO VARGAS PINHEIRO,***.905.030-**,CPF,2500.0,1,0.003474,
35,MARCUS VINÍCIUS,PP,68,THIELI LEMOS CRESCENCIO,***.853.010-**,CPF,2500.0,1,0.003474,
35,MARCUS VINÍCIUS,PP,69,THIELI VARGAS DE SOUZA,***.471.380-**,CPF,2500.0,1,0.003474,
35,MARCUS VINÍCIUS,PP,70,VICTOR DA SILVA PACHECO,***.352.610-**,CPF,2500.0,1,0.003474,
35,MARCUS VINÍCIUS,PP,71,ALDEMIR LACERDA CAMILLO,***.197.010-**,CPF,2400.0,1,0.003335,
35,MARCUS VINÍCIUS,PP,72,AMANDA OLIVEIRA DA SILVA,***.227.260-**,CPF,2400.0,1,0.003335,
35,MARCUS VINÍCIUS,PP,73,ANA PAULA CONCEICAO PERES OLIVEIRA,***.856.300-**,CPF,2400.0,1,0.003335,
35,MARCUS VINÍCIUS,PP,74,ANTONIO CARLOS DOS SANTOS ROCHA,***.360.327-**,CPF,2400.0,1,0.003335,
35,MARCUS VINÍCIUS,PP,75,ARIEL DOS SANTOS SCHWANZ,***.955.510-**,CPF,2400.0,1,0.003335,
35,MARCUS VINÍCIUS,PP,76,CARLOS MIGUEL DA SILVA LIMA,***.724.830-**,CPF,2400.0,1,0.003335,
35,MARCUS VINÍCIUS,PP,77,CHEILA REGINA DOS SANTOS DA ROCHA,***.387.860-**,CPF,2400.0,1,0.003335,
35,MARCUS VINÍCIUS,PP,78,CLEBER LUIS RODRIGUES BILHALVA,***.378.690-**,CPF,2400.0,1,0.003335,
35,MARCUS VINÍCIUS,PP,79,ELAINE PACHECO DOS SANTOS BIERHALS,***.661.480-**,CPF,2400.0,1,0.003335,
35,MARCUS VINÍCIUS,PP,80,ERIOVALDO DA SILVA BILHALVA,***.560.480-**,CPF,2400.0,1,0.003335,
35,MARCUS VINÍCIUS,PP,81,GISELE RIBEIRO RIBEIRO,***.563.340-**,CPF,2400.0,1,0.003335,
35,MARCUS VINÍCIUS,PP,82,GRACE KELLY BARBOSA MOREIRA,***.678.830-**,CPF,2400.0,1,0.003335,
35,MARCUS VINÍCIUS,PP,83,JEFER NAUAN CAMARGO LAROQUE,***.749.860-**,CPF,2400.0,1,0.003335,
35,MARCUS VINÍCIUS,PP,84,JEFERSON COSTA DA SILVA,***.686.380-**,CPF,2400.0,1,0.003335,
35,MARCUS VINÍCIUS,PP,85,JILVANI ANDRADE DA SILVA,***.078.730-**,CPF,2400.0,1,0.003335,
35,MARCUS VINÍCIUS,PP,86,KASSIANE LIDIANE LACERDA LUCENA,***.175.420-**,CPF,2400.0,1,0.003335,
35,MARCUS VINÍCIUS,PP,87,KAUANI SILVA DA SILVA,***.151.180-**,CPF,2400.0,1,0.003335,
35,MARCUS VINÍCIUS,PP,88,KELVIN PEREIRA GODOY,***.589.460-**,CPF,2400.0,1,0.003335,
35,MARCUS VINÍCIUS,PP,89,LAUSANNE AMARAL SOUZA ABREU,***.273.600-**,CPF,2400.0,1,0.003335,
35,MARCUS VINÍCIUS,PP,90,LEONELA BASTOS DA ROSA,***.003.450-**,CPF,2400.0,1,0.003335,
35,MARCUS VINÍCIUS,PP,91,MANUELLA ABEL SEVERGNINI,***.865.120-**,CPF,2400.0,1,0.003335,
35,MARCUS VINÍCIUS,PP,92,MARCIO SIDINEI DIETRICH,***.399.696-**,CPF,2400.0,1,0.003335,
35,MARCUS VINÍCIUS,PP,93,MARIA INES SANTOS DE OLIVEIRA,***.672.450-**,CPF,2400.0,1,0.003335,
35,MARCUS VINÍCIUS,PP,94,MAURICIO RYAN VENCATO DA SILVA,***.297.180-**,CPF,2400.0,1,0.003335,
35,MARCUS VINÍCIUS,PP,95,MICHELE MOREIRA DA SILVA,***.946.450-**,CPF,2400.0,1,0.003335,
35,MARCUS VINÍCIUS,PP,96,RAFAEL AMBOS COLLOVINI,***.550.540-**,CPF,2400.0,1,0.003335,
35,MARCUS VINÍCIUS,PP,97,RAISSA SIGALES DE QUEVEDO,***.543.140-**,CPF,2400.0,1,0.003335,
35,MARCUS VINÍCIUS,PP,98,REGIS GONCALVES BROCHADO,***.732.730-**,CPF,2400.0,1,0.003335,
35,MARCUS VINÍCIUS,PP,99,ROSIELE PEIXOTO DOS SANTOS DA SILVA,***.244.690-**,CPF,2400.0,1,0.003335,
35,MARCUS VINÍCIUS,PP,100,SABRINA MIRANDA DOS SANTOS,***.771.290-**,CPF,2400.0,1,0.003335,
35,MARCUS VINÍCIUS,PP,101,SERGIO LUIZ DE FREITAS,***.384.720-**,CPF,2400.0,1,0.003335,
35,MARCUS VINÍCIUS,PP,102,SILVANA HUBNER ALVES,***.253.450-**,CPF,2400.0,1,0.003335,
35,MARCUS VINÍCIUS,PP,103,STEFANY FERREIRA BRUM,***.694.450-**,CPF,2400.0,1,0.003335,
35,MARCUS VINÍCIUS,PP,104,THAYSSA SILVA LAMPE,***.203.860-**,CPF,2400.0,1,0.003335,
35,MARCUS VINÍCIUS,PP,105,TUANE DA ROSA MARQUES,***.372.080-**,CPF,2400.0,1,0.003335,
35,MARCUS VINÍCIUS,PP,106,TYELLE DUARTE SARAIVA,***.808.520-**,CPF,2400.0,1,0.003335,
35,MARCUS VINÍCIUS,PP,107,VERONICA EDILENE RUBIM BASTOS,***.726.250-**,CPF,2400.0,1,0.003335,
35,MARCUS VINÍCIUS,PP,108,VITORIA OLIVEIRA STANT,***.116.060-**,CPF,2400.0,1,0.003335,
35,MARCUS VINÍCIUS,PP,109,WELLINGTON DA SILVA LIMA,***.797.990-**,CPF,2400.0,1,0.003335,
35,MARCUS VINÍCIUS,PP,110,PAULO VINICIUS E SILVA,***.371.480-**,CPF,2221.0,1,0.003086,
35,MARCUS VINÍCIUS,PP,111,VILSON ARTUR BESKOW,***.182.490-**,CPF,2221.0,1,0.003086,
35,MARCUS VINÍCIUS,PP,112,ELTON FEIJO DUTRA,***.978.570-**,CPF,2160.0,1,0.003002,
35,MARCUS VINÍCIUS,PP,113,JULIELE BARBOSA PRESTES,***.208.890-**,CPF,2160.0,1,0.003002,
35,MARCUS VINÍCIUS,PP,114,CAMILA VITORIA NASCIMENTO DOS SANTOS,***.253.840-**,CPF,2100.0,1,0.002918,
35,MARCUS VINÍCIUS,PP,115,KYMBERLYN VITÓRIA TORRESAN DO NASCIMENTO,***.241.460-**,CPF,2100.0,1,0.002918,
35,MARCUS VINÍCIUS,PP,116,DAIANE LUCAS RODRIGUES,***.401.210-**,CPF,2080.0,1,0.002891,
35,MARCUS VINÍCIUS,PP,117,KAYLAINE RODRIGUES,***.959.650-**,CPF,2080.0,1,0.002891,
35,MARCUS VINÍCIUS,PP,118,MARCO AURELIO ROCHA DOS SANTOS,***.917.710-**,CPF,2080.0,1,0.002891,
35,MARCUS VINÍCIUS,PP,119,TAIS MOREIRA SANTOS,***.941.810-**,CPF,2080.0,1,0.002891,
35,MARCUS VINÍCIUS,PP,120,ANA RITA DA SILVA MACHADO RODRIGUES,***.668.960-**,CPF,2000.0,1,0.002779,
35,MARCUS VINÍCIUS,PP,121,ANA RITA SCHNEIGER,***.369.170-**,CPF,2000.0,1,0.002779,
35,MARCUS VINÍCIUS,PP,122,DAIANE MITTMANN SCHNEIGER,***.072.510-**,CPF,2000.0,1,0.002779,
35,MARCUS VINÍCIUS,PP,123,FLAVIO OTERO AVILA,***.855.190-**,CPF,2000.0,1,0.002779,
35,MARCUS VINÍCIUS,PP,124,JEFERSON LUIZ AGUIRRE DO NASCIMENTO JUNIOR,***.371.010-**,CPF,2000.0,1,0.002779,
35,MARCUS VINÍCIUS,PP,125,JENIFER DE MATOS VALIM,***.397.960-**,CPF,2000.0,1,0.002779,
35,MARCUS VINÍCIUS,PP,126,JENIFFER FERNANDES DE OLIVEIRA,***.851.760-**,CPF,2000.0,1,0.002779,
35,MARCUS VINÍCIUS,PP,127,JOSE CARLOS ROSO LIMA,07.573.474/0001-71,CNPJ,2000.0,1,0.002779,
35,MARCUS VINÍCIUS,PP,128,JOSE MARTIM MACHADO DA SILVA,***.194.970-**,CPF,2000.0,1,0.002779,
35,MARCUS VINÍCIUS,PP,129,KEILLA TAVARES BIERHALS,***.261.420-**,CPF,2000.0,1,0.002779,
35,MARCUS VINÍCIUS,PP,130,MURILO DA SILVA VARGAS,***.429.680-**,CPF,2000.0,1,0.002779,
35,MARCUS VINÍCIUS,PP,131,NEIVA DE FATIMA RODRIGUES DREY,***.418.570-**,CPF,2000.0,1,0.002779,
35,MARCUS VINÍCIUS,PP,132,OTAVIO COUTO MARQUES DA SILVA,***.643.920-**,CPF,2000.0,1,0.002779,
35,MARCUS VINÍCIUS,PP,133,VLADIMIR BELAR CASTRO MARQUES,***.578.110-**,CPF,2000.0,1,0.002779,
35,MARCUS VINÍCIUS,PP,134,VLADIMIR BELAR CASTRO MARQUES JUNIOR,***.736.360-**,CPF,2000.0,1,0.002779,
35,MARCUS VINÍCIUS,PP,135,GRAZIELA CENTENO TAVARES,***.475.710-**,CPF,1930.0,1,0.002682,
35,MARCUS VINÍCIUS,PP,136,MARIA JUDITE PORTELA ESTULA,***.401.200-**,CPF,1800.0,1,0.002501,
35,MARCUS VINÍCIUS,PP,137,MARLA TATIANA VIEIRA MALHEIROS,***.171.950-**,CPF,1800.0,1,0.002501,
35,MARCUS VINÍCIUS,PP,138,ANA MARCIELI LAGUNA MARTINS,***.626.830-**,CPF,1720.0,1,0.00239,
35,MARCUS VINÍCIUS,PP,139,ANDRE MARCELO DE LIMA CENTENO,***.670.980-**,CPF,1720.0,1,0.00239,
35,MARCUS VINÍCIUS,PP,140,GABRIEL BROCHADO SOARES,***.120.440-**,CPF,1720.0,1,0.00239,
35,MARCUS VINÍCIUS,PP,141,GABRIELA BROCHADO SOARES,***.132.370-**,CPF,1720.0,1,0.00239,
35,MARCUS VINÍCIUS,PP,142,IZETE DUARTE DIAS,***.013.860-**,CPF,1720.0,1,0.00239,
35,MARCUS VINÍCIUS,PP,143,JAMILI DOS SANTOS NUNES,***.018.660-**,CPF,1720.0,1,0.00239,
35,MARCUS VINÍCIUS,PP,144,JENIFER DOS SANTOS NUNES,***.640.020-**,CPF,1720.0,1,0.00239,
35,MARCUS VINÍCIUS,PP,145,MAIKON JUNIOR DE OLIVEIRA PEREIRA,***.420.710-**,CPF,1720.0,1,0.00239,
35,MARCUS VINÍCIUS,PP,146,NICOLY PEREIRA TAVARES,***.355.340-**,CPF,1720.0,1,0.00239,
35,MARCUS VINÍCIUS,PP,147,POSTO RODA MAIS 9 LTDA,55.929.655/0001-30,CNPJ,1682.76,5,0.002339,
35,MARCUS VINÍCIUS,PP,148,EDITORIAL NOVA FOLHA LTDA,00.373.634/0001-90,CNPJ,1650.0,1,0.002293,
35,MARCUS VINÍCIUS,PP,149,ALINE PEREIRA DA SILVA,***.117.110-**,CPF,1600.0,1,0.002223,
35,MARCUS VINÍCIUS,PP,150,IANSA SOARES DA SILVA,***.044.660-**,CPF,1600.0,1,0.002223,
35,MARCUS VINÍCIUS,PP,151,ADEMILSON PASSOS DE SOUZA,***.950.240-**,CPF,1500.0,1,0.002085,
35,MARCUS VINÍCIUS,PP,152,ALPHA COMUNICACAO VISUAL LTDA,21.477.396/0001-32,CNPJ,1500.0,1,0.002085,
35,MARCUS VINÍCIUS,PP,153,ARIDES PINTO DE ALMEIDA,***.009.339-**,CPF,1500.0,1,0.002085,
35,MARCUS VINÍCIUS,PP,154,EMANUELLY SENA BATISTA,***.467.490-**,CPF,1500.0,1,0.002085,
35,MARCUS VINÍCIUS,PP,155,FABIO HENRIQUE DAME NUNES,***.920.200-**,CPF,1500.0,1,0.002085,
35,MARCUS VINÍCIUS,PP,156,FELIX AUGUSTO REZENDE FERNANDES,***.081.600-**,CPF,1500.0,1,0.002085,
35,MARCUS VINÍCIUS,PP,157,GRUPO MUSICAL QUERENCIA LTDA,00.760.026/0001-38,CNPJ,1500.0,1,0.002085,
35,MARCUS VINÍCIUS,PP,158,MARIA NELI GROSS,***.979.910-**,CPF,1500.0,1,0.002085,
35,MARCUS VINÍCIUS,PP,159,VANESSA PASSOS DA ROSA,***.074.930-**,CPF,1500.0,1,0.002085,
35,MARCUS VINÍCIUS,PP,160,ZELIA DE SOUZA MILBRATS,***.950.500-**,CPF,1500.0,1,0.002085,
35,MARCUS VINÍCIUS,PP,161,ABASTECEDORA DE COMBUSTIVEIS RIOXEL LTDA,03.358.858/0008-97,CNPJ,1459.56,7,0.002028,
35,MARCUS VINÍCIUS,PP,162,TRACO PRODUCOES GRAFICAS LTDA,07.279.542/0001-94,CNPJ,1455.0,2,0.002022,
35,MARCUS VINÍCIUS,PP,163,MARLETE SPERB,***.303.590-**,CPF,1450.0,1,0.002015,
35,MARCUS VINÍCIUS,PP,164,CLENI SCHMEGEL DA SILVA,***.542.270-**,CPF,1400.0,1,0.001946,
35,MARCUS VINÍCIUS,PP,165,ABASTECEDORA DE COMBUSTIVEIS RIOXEL LTDA,03.358.858/0002-00,CNPJ,1350.25,6,0.001876,
35,MARCUS VINÍCIUS,PP,166,ADAO ONILTON OLIVEIRA DA SILVA,***.574.500-**,CPF,1340.0,1,0.001862,
35,MARCUS VINÍCIUS,PP,167,IDENIZ DA SILVA DE ARAUJO,***.378.460-**,CPF,1340.0,1,0.001862,
35,MARCUS VINÍCIUS,PP,168,IEDA MARIA DA ROSA,***.841.060-**,CPF,1340.0,1,0.001862,
35,MARCUS VINÍCIUS,PP,169,ISABEL CRISTINA PEREIRA DE PEREIRA,***.888.880-**,CPF,1340.0,1,0.001862,
35,MARCUS VINÍCIUS,PP,170,JUAN DE OLIVEIRA FARIAS,***.817.270-**,CPF,1340.0,1,0.001862,
35,MARCUS VINÍCIUS,PP,171,FERNANDA DAIANE KONFLANZ DOS SANTOS CORREIA,***.969.160-**,CPF,1330.0,1,0.001848,
35,MARCUS VINÍCIUS,PP,172,CRISTIANE TASSINARI PIRES,***.263.840-**,CPF,1300.0,1,0.001807,
35,MARCUS VINÍCIUS,PP,173,ALINE DAL SASSO MIGUEL,***.572.080-**,CPF,1250.0,1,0.001737,
35,MARCUS VINÍCIUS,PP,174,DANIELA CRISTIANE RODRIGUES RAMOS FREITAS,***.607.480-**,CPF,1250.0,1,0.001737,
35,MARCUS VINÍCIUS,PP,175,DAVI ALVES,***.475.320-**,CPF,1250.0,1,0.001737,
35,MARCUS VINÍCIUS,PP,176,JULIA KAYLANI DA SILVA TAVARES,***.299.180-**,CPF,1250.0,1,0.001737,
35,MARCUS VINÍCIUS,PP,177,ANDREIA DE MELOS MENEZES,***.876.790-**,CPF,1200.0,1,0.001668,
35,MARCUS VINÍCIUS,PP,178,CRISTIANO MORAES SCHERER,***.274.780-**,CPF,1200.0,1,0.001668,
35,MARCUS VINÍCIUS,PP,179,GRACIELLA SABALLA DE OLIVEIRA CASTRO,***.156.070-**,CPF,1200.0,1,0.001668,
35,MARCUS VINÍCIUS,PP,180,JOAO JOSE PEREIRA,***.922.920-**,CPF,1200.0,1,0.001668,
35,MARCUS VINÍCIUS,PP,181,LEONARDO LACORTE CANCIAN,***.634.470-**,CPF,1200.0,1,0.001668,
35,MARCUS VINÍCIUS,PP,182,LOHANA ARAUJO DA SILVA COUTINHO FRANCA,***.279.990-**,CPF,1200.0,1,0.001668,
35,MARCUS VINÍCIUS,PP,183,MARIA DANIELA MONTEIRO TEIXEIRA,***.140.150-**,CPF,1200.0,1,0.001668,
35,MARCUS VINÍCIUS,PP,184,STELLA RENZ ASSIS,***.772.800-**,CPF,1200.0,1,0.001668,
35,MARCUS VINÍCIUS,PP,185,ANDREI PEDROSO MELO,***.394.830-**,CPF,1000.0,1,0.00139,
35,MARCUS VINÍCIUS,PP,186,BETINA PEREIRA SOARES,***.086.530-**,CPF,1000.0,1,0.00139,
35,MARCUS VINÍCIUS,PP,187,CAMILA SOARES NOBRE,***.486.870-**,CPF,1000.0,1,0.00139,
35,MARCUS VINÍCIUS,PP,188,CAUANA INOCENCIO BRUM,***.879.250-**,CPF,1000.0,1,0.00139,
35,MARCUS VINÍCIUS,PP,189,DANIELA RODRIGUES LEMOS,***.167.560-**,CPF,1000.0,1,0.00139,
35,MARCUS VINÍCIUS,PP,190,ELIZABETE FAGUNDES DA ROSA,***.806.900-**,CPF,1000.0,1,0.00139,
35,MARCUS VINÍCIUS,PP,191,ERALDO FELICIANO DE MORAIS MARQUES,***.940.100-**,CPF,1000.0,1,0.00139,
35,MARCUS VINÍCIUS,PP,192,GABRIELA FAGUNDES DANELI,***.692.770-**,CPF,1000.0,1,0.00139,
35,MARCUS VINÍCIUS,PP,193,JANAINA BLUMBERG NUNES,***.914.150-**,CPF,1000.0,1,0.00139,
35,MARCUS VINÍCIUS,PP,194,JESSICA LEAL GONCALVES,***.853.620-**,CPF,1000.0,1,0.00139,
35,MARCUS VINÍCIUS,PP,195,LEONEI MARIA DE ARAUJO PACHECO,***.348.250-**,CPF,1000.0,1,0.00139,
35,MARCUS VINÍCIUS,PP,196,LUIZ FERNANDO DE MEDEIROS SILVA,***.836.090-**,CPF,1000.0,1,0.00139,
35,MARCUS VINÍCIUS,PP,197,MAICON ROCHA ALVES,***.304.080-**,CPF,1000.0,1,0.00139,
35,MARCUS VINÍCIUS,PP,198,SANDRIELE SENA DE SENA,***.938.640-**,CPF,1000.0,1,0.00139,
35,MARCUS VINÍCIUS,PP,199,TAMIRES SERAFIM VIANA,***.077.529-**,CPF,1000.0,1,0.00139,
35,MARCUS VINÍCIUS,PP,200,TEREZINHA ARAUJO TERRA,***.681.140-**,CPF,1000.0,1,0.00139,
35,MARCUS VINÍCIUS,PP,201,TIAGO NASCIMENTO E SILVA,***.614.430-**,CPF,1000.0,1,0.00139,
35,MARCUS VINÍCIUS,PP,202,TUBIAS BUENO PEREIRA,***.576.200-**,CPF,1000.0,1,0.00139,
35,MARCUS VINÍCIUS,PP,203,VANUSA INOCENCIO BRUM,***.872.830-**,CPF,1000.0,1,0.00139,
35,MARCUS VINÍCIUS,PP,204,MARCOS VINICIUS PEREIRA STUDZINSKI,***.071.070-**,CPF,940.0,1,0.001306,
35,MARCUS VINÍCIUS,PP,205,TATIANA DA SILVA,***.146.050-**,CPF,940.0,1,0.001306,
35,MARCUS VINÍCIUS,PP,206,VITORIA MULLER LEMOS,***.065.090-**,CPF,940.0,1,0.001306,
35,MARCUS VINÍCIUS,PP,207,MAYRON BUENO RIBEIRO,***.360.150-**,CPF,840.0,1,0.001167,
35,MARCUS VINÍCIUS,PP,208,NARA LUCIA SILVA VENCATO,***.035.150-**,CPF,840.0,1,0.001167,
35,MARCUS VINÍCIUS,PP,209,ABASTECEDORA DE COMBUSTIVEIS RIOXEL LTDA,03.358.858/0016-05,CNPJ,805.24,6,0.001119,
35,MARCUS VINÍCIUS,PP,210,ADRIANA ARAUJO MACHADO,***.727.960-**,CPF,800.0,1,0.001112,
35,MARCUS VINÍCIUS,PP,211,CHARLENE DA SILVA DE ANDRADE,***.536.210-**,CPF,800.0,1,0.001112,
35,MARCUS VINÍCIUS,PP,212,FLAVIANE GOULART TERRA,***.234.460-**,CPF,800.0,1,0.001112,
35,MARCUS VINÍCIUS,PP,213,GABRIEL NUNES PEREIRA,***.631.800-**,CPF,800.0,1,0.001112,
35,MARCUS VINÍCIUS,PP,214,GERUSA SANTOS DA SILVA,***.875.350-**,CPF,800.0,1,0.001112,
35,MARCUS VINÍCIUS,PP,215,JUQUIELE TORRES BELASQUEM,***.223.330-**,CPF,800.0,1,0.001112,
35,MARCUS VINÍCIUS,PP,216,LUTIELO FERRAZ,***.295.150-**,CPF,800.0,1,0.001112,
35,MARCUS VINÍCIUS,PP,217,MARIA EDUARDA SILVEIRA SEIXAS,***.856.280-**,CPF,800.0,1,0.001112,
35,MARCUS VINÍCIUS,PP,218,NATALIA MADRID BALTEZAN,***.602.220-**,CPF,800.0,1,0.001112,
35,MARCUS VINÍCIUS,PP,219,PATRICIA MICHAELIS,***.556.120-**,CPF,800.0,1,0.001112,
35,MARCUS VINÍCIUS,PP,220,JULIANO VEIGE STIFFT,***.821.780-**,CPF,740.0,1,0.001028,
35,MARCUS VINÍCIUS,PP,221,PLANALTO TRANSPORTES LTDA,95.592.077/0001-04,CNPJ,710.8,10,0.000988,
35,MARCUS VINÍCIUS,PP,222,VIACAO OURO E PRATA SA,92.954.106/0001-42,CNPJ,669.4,8,0.00093,
35,MARCUS VINÍCIUS,PP,223,LUCAS BERNARDINO,***.705.120-**,CPF,500.0,1,0.000695,
35,MARCUS VINÍCIUS,PP,224,EMPRESA BRASILEIRA DE CORREIOS E TELEGRAFOS,34.028.316/5664-41,CNPJ,486.5,3,0.000676,
35,MARCUS VINÍCIUS,PP,225,R DE F ALTMANN,05.144.730/0001-80,CNPJ,470.0,1,0.000653,
35,MARCUS VINÍCIUS,PP,226,COMERCIAL DE COMBUSTIVEIS BISSIGO ROSA LTDA,10.987.133/0001-57,CNPJ,400.0,2,0.000556,
35,MARCUS VINÍCIUS,PP,227,POSTO DE COMBUSTIVEIS DO JACARE LTDA,39.761.647/0001-71,CNPJ,280.0,1,0.000389,
35,MARCUS VINÍCIUS,PP,228,DEZ REDE DE POSTOS LTDA,94.652.898/0005-50,CNPJ,250.0,1,0.000347,
35,MARCUS VINÍCIUS,PP,229,JOCILENE TODESCATTO CIRTOLI,05.556.976/0001-69,CNPJ,250.0,1,0.000347,
35,MARCUS VINÍCIUS,PP,230,CRISTIANO SILVEIRA KLEIN,15.716.733/0001-02,CNPJ,200.0,1,0.000278,
35,MARCUS VINÍCIUS,PP,231,POSTO DE COMBUSTIVEIS DEA LTDA,03.299.835/0003-44,CNPJ,200.0,1,0.000278,
35,MARCUS VINÍCIUS,PP,232,POSTO DE COMBUSTIVEIS GIBBON LTDA.,07.777.572/0001-20,CNPJ,200.0,1,0.000278,
35,MARCUS VINÍCIUS,PP,233,CITRAL TRANSPORTE E TURISMO SA,97.755.607/0001-13,CNPJ,153.8,3,0.000214,
35,MARCUS VINÍCIUS,PP,234,NASCER COMERCIO DE COMBUSTIVEIS LTDA,17.237.180/0002-03,CNPJ,100.0,1,0.000139,
35,MARCUS VINÍCIUS,PP,235,SIM REDE DE POSTOS LTDA,07.473.735/0153-75,CNPJ,100.0,1,0.000139,
35,MARCUS VINÍCIUS,PP,236,SIM REDE DE POSTOS LTDA,07.473.735/0001-81,CNPJ,100.0,1,0.000139,
35,MARCUS VINÍCIUS,PP,237,TIAGO RENOSTO,32.320.318/0001-46,CNPJ,100.0,1,0.000139,
35,MARCUS VINÍCIUS,PP,238,VIP COMBUSTIVEIS LTDA,59.760.325/0002-04,CNPJ,100.0,1,0.000139,
35,MARCUS VINÍCIUS,PP,239,VIACAO UNIAO SANTA CRUZ LTDA,95.424.735/0001-59,CNPJ,71.95,1,0.0001,
35,MARCUS VINÍCIUS,PP,240,VIACAO MONTENEGRO LTDA,91.359.281/0001-29,CNPJ,30.45,1,4.2e-05,
36,MATHEUS GOMES,PSOL,1,ALZIMERI O. FERNANDES & ANTONIO CARLOS LIMA DE OLIVEIRA LTDA,44.691.407/0001-88,CNPJ,124263.0,18,0.226167,
36,MATHEUS GOMES,PSOL,2,PRINTER INDUSTRIA E COMERCIO LTDA,45.876.852/0001-85,CNPJ,111729.0,14,0.203354,
36,MATHEUS GOMES,PSOL,3,AUGUSTA JORNALISMO LTDA,52.296.991/0001-03,CNPJ,20000.0,1,0.036401,
36,MATHEUS GOMES,PSOL,4,NICOLE JUNGES ***.010.550-**,38.302.104/0001-23,CNPJ,18000.0,1,0.032761,
36,MATHEUS GOMES,PSOL,5,55.438.966 MARIANA SILVA DE OLIVEIRA,55.438.966/0001-05,CNPJ,15231.92,1,0.027723,
36,MATHEUS GOMES,PSOL,6,JEAN FELIPE MONTEZUMA DOS SANTOS,***.538.525-**,CPF,15050.0,1,0.027392,
36,MATHEUS GOMES,PSOL,7,55.568.705 CAROLINA FERRARI LEMOS,55.568.705/0001-00,CNPJ,12770.0,1,0.023242,
36,MATHEUS GOMES,PSOL,8,FACEBOOK SERVICOS ONLINE DO BRASIL LTDA.,13.347.016/0001-17,CNPJ,10000.0,2,0.018201,
36,MATHEUS GOMES,PSOL,9,PEDRO DA SILVA SILVEIRA,***.685.270-**,CPF,9100.0,1,0.016563,
36,MATHEUS GOMES,PSOL,10,CARLOS ALBERTO POLETTI,***.336.300-**,CPF,9000.0,1,0.016381,
36,MATHEUS GOMES,PSOL,11,HAYANE LUIZ TELLES LEOTTE ***.076.770-**,30.579.500/0001-90,CNPJ,8000.0,1,0.014561,
36,MATHEUS GOMES,PSOL,12,20.365.511 KARINE DOS SANTOS VIANA,20.365.511/0001-14,CNPJ,7500.0,1,0.01365,
36,MATHEUS GOMES,PSOL,13,AXIL DE MOURA DA COSTA,***.697.100-**,CPF,7000.0,1,0.01274,
36,MATHEUS GOMES,PSOL,14,BRUNA LUISA THIAGO TELES,***.747.580-**,CPF,7000.0,1,0.01274,
36,MATHEUS GOMES,PSOL,15,GABRIELLI DORNELES AMERICO,***.150.310-**,CPF,7000.0,1,0.01274,
36,MATHEUS GOMES,PSOL,16,GIULLIA GOMES LARRE SCOLMEISTER DA SILVA,***.868.980-**,CPF,7000.0,1,0.01274,
36,MATHEUS GOMES,PSOL,17,LAUREN DOS SANTOS DA CUNHA,***.760.900-**,CPF,7000.0,1,0.01274,
36,MATHEUS GOMES,PSOL,18,LUCAS GERTZ MONTEIRO,***.715.000-**,CPF,7000.0,1,0.01274,
36,MATHEUS GOMES,PSOL,19,ANNA THEREZA PRATES GRILLO,***.166.340-**,CPF,6500.0,1,0.01183,
36,MATHEUS GOMES,PSOL,20,MARCOS ALEXANDRE DA SILVA RODRIGUES,***.480.540-**,CPF,6500.0,1,0.01183,
36,MATHEUS GOMES,PSOL,21,SHIRLEI RHAIANE FERREIRA DA SILVA,***.316.614-**,CPF,6000.0,1,0.01092,
36,MATHEUS GOMES,PSOL,22,ELIAS FINGER DE VARGAS,***.721.260-**,CPF,5600.0,1,0.010192,
36,MATHEUS GOMES,PSOL,23,LAURA CRISTINA CARDONA PAIM LTDA,11.402.903/0001-15,CNPJ,4700.0,1,0.008554,
36,MATHEUS GOMES,PSOL,24,HABITACIONAL IMOVEIS LTDA,01.267.659/0001-71,CNPJ,4453.66,1,0.008106,
36,MATHEUS GOMES,PSOL,25,DANIELA CONTE,***.433.530-**,CPF,4125.0,1,0.007508,
36,MATHEUS GOMES,PSOL,26,WELLIGNTON LUAN PORTO,***.259.570-**,CPF,3960.0,1,0.007207,
36,MATHEUS GOMES,PSOL,27,ADRIANE LINDEMANN,***.878.740-**,CPF,3300.0,1,0.006006,
36,MATHEUS GOMES,PSOL,28,EDUARDO THADEU GALHART,***.049.690-**,CPF,3300.0,1,0.006006,
36,MATHEUS GOMES,PSOL,29,JENIFER TAINA AYROSO PROCOPIO,***.131.310-**,CPF,3300.0,1,0.006006,
36,MATHEUS GOMES,PSOL,30,KELLY REGINA JESUINO,***.478.010-**,CPF,3300.0,1,0.006006,
36,MATHEUS GOMES,PSOL,31,LINCON LEONARDO FONSECA PROCOPIO,***.763.190-**,CPF,3300.0,1,0.006006,
36,MATHEUS GOMES,PSOL,32,ISADORA RODRIGUES DOS SANTOS,***.851.050-**,CPF,3135.0,1,0.005706,
36,MATHEUS GOMES,PSOL,33,RM TUR TRANSPORTE RODOVIARIO DE PESSOAS LTDA,07.975.403/0001-03,CNPJ,2600.0,1,0.004732,
36,MATHEUS GOMES,PSOL,34,RAFAEL MARTINS DE LIMA,***.612.880-**,CPF,2475.0,1,0.004505,
36,MATHEUS GOMES,PSOL,35,CARLOS ENZO DE BARROS FRANCELINO,***.507.420-**,CPF,2400.0,1,0.004368,
36,MATHEUS GOMES,PSOL,36,KESLLEY MENDES GONCALVES,***.474.440-**,CPF,2400.0,1,0.004368,
36,MATHEUS GOMES,PSOL,37,LISBET DOS SANTOS PINHEIRO,***.678.720-**,CPF,2400.0,1,0.004368,
36,MATHEUS GOMES,PSOL,38,RITIELE ROSA RIBEIRO,***.177.100-**,CPF,2400.0,1,0.004368,
36,MATHEUS GOMES,PSOL,39,THOMAZ ATAUALPA HAHN GASSO DE GASSO,***.185.750-**,CPF,2400.0,1,0.004368,
36,MATHEUS GOMES,PSOL,40,HUGO SIDNEI DA ROSA,***.022.940-**,CPF,2040.0,1,0.003713,
36,MATHEUS GOMES,PSOL,41,ANTONIO RICARDO SILVEIRA,***.052.690-**,CPF,2000.0,1,0.00364,
36,MATHEUS GOMES,PSOL,42,MARIA LUIZA BRASIL FURQUIM,***.859.350-**,CPF,2000.0,1,0.00364,
36,MATHEUS GOMES,PSOL,43,GABRIELA SARAIVA DA SILVA,***.833.810-**,CPF,1980.0,1,0.003604,
36,MATHEUS GOMES,PSOL,44,ANDRESSA MINOSSI SACRAMENTO,***.929.827-**,CPF,1800.0,1,0.003276,
36,MATHEUS GOMES,PSOL,45,EMILLYN KAPLAN BARCELOS,***.865.200-**,CPF,1780.0,1,0.00324,
36,MATHEUS GOMES,PSOL,46,THAUAN LUIZ CARDOSO FERREIRA,***.701.550-**,CPF,1680.0,1,0.003058,
36,MATHEUS GOMES,PSOL,47,AGF LIMA E SILVA LTDA,73.446.635/0001-90,CNPJ,1572.9,48,0.002863,
36,MATHEUS GOMES,PSOL,48,LUCAS DA ROSA SILVA,***.241.930-**,CPF,1440.0,1,0.002621,
36,MATHEUS GOMES,PSOL,49,PEDRO HENRIQUE FERREIRA DA SILVA,***.006.840-**,CPF,1440.0,1,0.002621,
36,MATHEUS GOMES,PSOL,50,VINICIUS DOS SANTOS GARCIA,***.507.680-**,CPF,1440.0,1,0.002621,
36,MATHEUS GOMES,PSOL,51,CARLOS NEI DIAS ALVES,***.933.170-**,CPF,1320.0,1,0.002402,
36,MATHEUS GOMES,PSOL,52,56.183.133 SANDRO MULLER,56.183.133/0001-03,CNPJ,1200.0,1,0.002184,
36,MATHEUS GOMES,PSOL,53,HELENA SANTOS MOREIRA,***.986.700-**,CPF,1200.0,1,0.002184,
36,MATHEUS GOMES,PSOL,54,KAMMILE VICTORIA DA COSTA RODRIGUES,***.249.450-**,CPF,1200.0,1,0.002184,
36,MATHEUS GOMES,PSOL,55,MARCELO CHAVES RODRIGUES,***.797.910-**,CPF,1200.0,1,0.002184,
36,MATHEUS GOMES,PSOL,56,PEDRO SANTOS MOREIRA,***.748.540-**,CPF,1200.0,1,0.002184,
36,MATHEUS GOMES,PSOL,57,BARBARA VALMIRA SANTOS FERREIRA,***.125.640-**,CPF,1140.0,1,0.002075,
36,MATHEUS GOMES,PSOL,58,43.343.787 ANA CLAUDIA CARDOSO ENTROCASSI,43.343.787/0001-05,CNPJ,1100.0,1,0.002002,
36,MATHEUS GOMES,PSOL,59,ALEXANDRE SILVA DOS SANTOS,***.672.660-**,CPF,1080.0,1,0.001966,
36,MATHEUS GOMES,PSOL,60,ANA CLARA JESUINO DE SOUZA,***.007.040-**,CPF,1080.0,1,0.001966,
36,MATHEUS GOMES,PSOL,61,ARIANE PEREIRA ROSARIO RIOS,***.020.840-**,CPF,1080.0,1,0.001966,
36,MATHEUS GOMES,PSOL,62,CRISTIANE DA SILVA CORREA,***.197.500-**,CPF,1080.0,1,0.001966,
36,MATHEUS GOMES,PSOL,63,JOSEANE RODRIGUES DOS SANTOS,***.487.460-**,CPF,1080.0,1,0.001966,
36,MATHEUS GOMES,PSOL,64,LAIS DA SILVA NUNES,***.117.940-**,CPF,1080.0,1,0.001966,
36,MATHEUS GOMES,PSOL,65,MAYRA DE OLIVEIRA PINHEIRO,***.397.020-**,CPF,1080.0,1,0.001966,
36,MATHEUS GOMES,PSOL,66,DANIELA DOS SANTOS DA SILVA,***.675.910-**,CPF,1020.0,1,0.001856,
36,MATHEUS GOMES,PSOL,67,DANION MARLON DOS SANTOS,***.002.360-**,CPF,1020.0,1,0.001856,
36,MATHEUS GOMES,PSOL,68,VINICIUS LOPES RAMOS,***.153.210-**,CPF,1020.0,1,0.001856,
36,MATHEUS GOMES,PSOL,69,EDEMAR DA SILVA - COPIADORAS,07.628.673/0001-30,CNPJ,1018.0,2,0.001853,
36,MATHEUS GOMES,PSOL,70,BRENDA RODRIGUES DA ROSA,***.019.720-**,CPF,840.0,1,0.001529,
36,MATHEUS GOMES,PSOL,71,CARLA FERNANDA TEIXEIRA,***.246.630-**,CPF,840.0,1,0.001529,
36,MATHEUS GOMES,PSOL,72,GABRIEL MILLANI DIAS,***.635.300-**,CPF,840.0,1,0.001529,
36,MATHEUS GOMES,PSOL,73,GEORGIA MEDEIROS TORRES,***.837.900-**,CPF,840.0,1,0.001529,
36,MATHEUS GOMES,PSOL,74,JULLYA CARDOSO DE SOUZA,***.899.200-**,CPF,840.0,1,0.001529,
36,MATHEUS GOMES,PSOL,75,KATHREIN AMANDA ROSA DA SILVA,***.882.420-**,CPF,840.0,1,0.001529,
36,MATHEUS GOMES,PSOL,76,KELLY HELOISA TEIXEIRA,***.894.380-**,CPF,840.0,1,0.001529,
36,MATHEUS GOMES,PSOL,77,TUMELERO MATERIAIS DE CONSTRUCAO LTDA,10.280.765/0002-67,CNPJ,839.9,1,0.001529,
36,MATHEUS GOMES,PSOL,78,EDUARDO RAFAEL SANTOS DOS SANTOS,***.577.250-**,CPF,780.0,1,0.00142,
36,MATHEUS GOMES,PSOL,79,EVA CAROLINE SILVEIRA DA ROSA,***.954.470-**,CPF,780.0,1,0.00142,
36,MATHEUS GOMES,PSOL,80,IARA JANDIRA BICA,***.799.310-**,CPF,780.0,1,0.00142,
36,MATHEUS GOMES,PSOL,81,JOAO CARLOS ANTUNES DOS SANTOS,***.270.190-**,CPF,780.0,1,0.00142,
36,MATHEUS GOMES,PSOL,82,MARIA ALAIDE BICA DOS SANTOS,***.943.480-**,CPF,780.0,1,0.00142,
36,MATHEUS GOMES,PSOL,83,EXPRESSO EMBAIXADOR LTDA,92.189.612/0001-92,CNPJ,745.35,5,0.001357,
36,MATHEUS GOMES,PSOL,84,PLANALTO TRANSPORTES LTDA,95.592.077/0001-04,CNPJ,729.7,7,0.001328,
36,MATHEUS GOMES,PSOL,85,CARLOS RODRIGO MARTINS DOS SANTOS,***.642.550-**,CPF,720.0,1,0.00131,
36,MATHEUS GOMES,PSOL,86,RAFAELA DA COSTA FREITAS,***.806.130-**,CPF,720.0,1,0.00131,
36,MATHEUS GOMES,PSOL,87,ISAINE SANCHES FERREIRA,***.840.790-**,CPF,660.0,1,0.001201,
36,MATHEUS GOMES,PSOL,88,ANNA LUIZA MENDONCA RODRIGUES,***.274.750-**,CPF,600.0,1,0.001092,
36,MATHEUS GOMES,PSOL,89,CATIA CRISTINA DO AMARAL RAYMUNDO,***.802.710-**,CPF,600.0,1,0.001092,
36,MATHEUS GOMES,PSOL,90,PRISCILA BATISTA DOS SANTOS,***.443.600-**,CPF,600.0,1,0.001092,
36,MATHEUS GOMES,PSOL,91,ROSELAINE DO AMARAL RAYMUNDO,***.645.980-**,CPF,600.0,1,0.001092,
36,MATHEUS GOMES,PSOL,92,JANINE DA SILVA FERREIRA,***.039.450-**,CPF,540.0,1,0.000983,
36,MATHEUS GOMES,PSOL,93,41.890.535 ALEXSANDER SILVA DE LIMA,41.890.535/0001-62,CNPJ,520.0,1,0.000946,
36,MATHEUS GOMES,PSOL,94,BIANCA DE MORAES JANKE,***.746.320-**,CPF,480.0,1,0.000874,
36,MATHEUS GOMES,PSOL,95,CESAR MARCHEL BARCELOS DE OLIVEIRA,***.261.320-**,CPF,480.0,1,0.000874,
36,MATHEUS GOMES,PSOL,96,ELISANDRA FLORES DA SILVA,***.245.160-**,CPF,480.0,1,0.000874,
36,MATHEUS GOMES,PSOL,97,LAIS MARQUES MATTE,***.464.300-**,CPF,480.0,1,0.000874,
36,MATHEUS GOMES,PSOL,98,LEANDRO AIRES DE LIMA,***.412.490-**,CPF,480.0,1,0.000874,
36,MATHEUS GOMES,PSOL,99,VALDIR SOARES DE OLIVEIRA,***.211.150-**,CPF,480.0,1,0.000874,
36,MATHEUS GOMES,PSOL,100,IMOBILIARIA SERGIO MADALENA LTDA,10.143.959/0001-30,CNPJ,461.79,1,0.00084,
36,MATHEUS GOMES,PSOL,101,COMAPLA CENTRAL DOS DESCARTAVEIS LTDA,57.214.311/0001-70,CNPJ,452.45,12,0.000823,
36,MATHEUS GOMES,PSOL,102,JEFERSON DARIVA,03.949.149/0001-00,CNPJ,430.0,1,0.000783,
36,MATHEUS GOMES,PSOL,103,SUELI FARIAS DA SILVA,***.789.080-**,CPF,420.0,1,0.000764,
36,MATHEUS GOMES,PSOL,104,BRENDON TAUA FERREIRA DE SOUZA,***.501.050-**,CPF,360.0,1,0.000655,
36,MATHEUS GOMES,PSOL,105,KATIA REJANE DOS SANTOS NASCIMENTO CARDOSO,***.437.340-**,CPF,360.0,1,0.000655,
36,MATHEUS GOMES,PSOL,106,ANDRIELE SILVA DA SILVA,***.820.340-**,CPF,300.0,1,0.000546,
36,MATHEUS GOMES,PSOL,107,HECCTOR MATHEUS SANTAREM DA SILVA,***.391.960-**,CPF,300.0,1,0.000546,
36,MATHEUS GOMES,PSOL,108,MAX CENTER COMERCIO DE COMBUSTIVEIS LTDA,63.117.677/0001-24,CNPJ,300.0,3,0.000546,
36,MATHEUS GOMES,PSOL,109,COMERCIO DE COMBUSTIVEIS IPIRANGA 4672 LTDA,45.917.667/0001-91,CNPJ,286.86,1,0.000522,
36,MATHEUS GOMES,PSOL,110,ANGELA MARIA FLORES DA SILVA,***.546.050-**,CPF,240.0,1,0.000437,
36,MATHEUS GOMES,PSOL,111,CARINA DIAS MACHADO,***.105.280-**,CPF,240.0,1,0.000437,
36,MATHEUS GOMES,PSOL,112,CLAUDIA MARTINS DOS SANTOS,***.445.720-**,CPF,240.0,1,0.000437,
36,MATHEUS GOMES,PSOL,113,JONATHAS AUGUSTO SIQUEIRA FARIAS,***.767.560-**,CPF,240.0,1,0.000437,
36,MATHEUS GOMES,PSOL,114,KAIKY SILVA DE JEZUS,***.649.190-**,CPF,240.0,1,0.000437,
36,MATHEUS GOMES,PSOL,115,MARINA RODRIGUES DE SOUZA,***.889.910-**,CPF,240.0,1,0.000437,
36,MATHEUS GOMES,PSOL,116,RAISSA OLIVEIRA BRUM,***.651.760-**,CPF,240.0,1,0.000437,
36,MATHEUS GOMES,PSOL,117,COMPANHIA ZAFFARI COMERCIO E INDUSTRIA,93.015.006/0017-80,CNPJ,234.9,12,0.000428,
36,MATHEUS GOMES,PSOL,118,LIVRARIA CERVO LTDA,94.460.052/0001-94,CNPJ,228.0,3,0.000415,
36,MATHEUS GOMES,PSOL,119,JOSE DO PATROCINIO COMERCIO DE COMBUSTIVEIS LTDA,54.139.330/0001-91,CNPJ,194.54,1,0.000354,
36,MATHEUS GOMES,PSOL,120,DIONATA MIZAEL CORREIA,***.365.180-**,CPF,180.0,1,0.000328,
36,MATHEUS GOMES,PSOL,121,FABIANE SANTOS DA SILVA,***.174.620-**,CPF,180.0,1,0.000328,
36,MATHEUS GOMES,PSOL,122,JOSE LUCIANO DA SILVA,***.242.140-**,CPF,180.0,1,0.000328,
36,MATHEUS GOMES,PSOL,123,VIACAO OURO E PRATA SA,92.954.106/0001-42,CNPJ,169.65,2,0.000309,
36,MATHEUS GOMES,PSOL,124,BELLER COMERCIO DE PAPEIS LTDA,05.563.868/0007-09,CNPJ,140.93,5,0.000257,
36,MATHEUS GOMES,PSOL,125,"ENCARGOS FINANCEIROS, TAXAS BANCÁRIAS E/OU OP. CARTÃO DE CRÉDITO",,,130.3,21,0.000237,
36,MATHEUS GOMES,PSOL,126,KARINE CAMARGO VARELLA,***.624.230-**,CPF,120.0,1,0.000218,
36,MATHEUS GOMES,PSOL,127,COMERCIAL DE COMBUSTIVEIS RUBEM BERTA LTDA,08.069.026/0001-06,CNPJ,100.0,1,0.000182,
36,MATHEUS GOMES,PSOL,128,EXPRESSO FREDERES S/A - VIAGENS E TURISMO,92.745.991/0001-50,CNPJ,76.45,1,0.000139,
36,MATHEUS GOMES,PSOL,129,CITRAL TRANSPORTE E TURISMO SA,97.755.607/0001-13,CNPJ,45.3,1,8.2e-05,
36,MATHEUS GOMES,PSOL,130,QUEROAPOIAR.COM.BR LTDA,39.586.155/0001-97,CNPJ,1.09,1,2e-06,
37,MIGUEL ROSSETTO,PT,1,FACEBOOK SERVICOS ONLINE DO BRASIL LTDA.,13.347.016/0001-17,CNPJ,35000.0,5,0.100705,
37,MIGUEL ROSSETTO,PT,2,MOSS UNIFORMES E BRINDES PERSONALIZADOS LTDA,61.135.041/0001-80,CNPJ,24705.0,6,0.071083,
37,MIGUEL ROSSETTO,PT,3,JOSE AUGUSTO DUARTE CONSULTORIA EM NEGOCIOS IMOBILIARIOS LTDA,06.250.715/0001-89,CNPJ,24000.0,1,0.069055,
37,MIGUEL ROSSETTO,PT,4,EMPRESA BRASILEIRA DE CORREIOS E TELEGRAFOS,34.028.316/5664-41,CNPJ,15955.5,1,0.045909,
37,MIGUEL ROSSETTO,PT,5,MARCELO ROCHA,***.737.250-**,CPF,12000.0,1,0.034527,
37,MIGUEL ROSSETTO,PT,6,SANDRO FALEIRO SILVEIRA,***.132.510-**,CPF,12000.0,1,0.034527,
37,MIGUEL ROSSETTO,PT,7,NUMEM NEGOCIOS E SOLUCOES EMPRESARIAIS LTDA,49.636.141/0001-94,CNPJ,11000.0,1,0.03165,
37,MIGUEL ROSSETTO,PT,8,LUIZA CASTRO DA SILVA,***.501.050-**,CPF,10000.0,1,0.028773,
37,MIGUEL ROSSETTO,PT,9,NAURA DE LOURDES ZANCO,***.237.900-**,CPF,10000.0,1,0.028773,
37,MIGUEL ROSSETTO,PT,10,WALDEMARQUE BOTELHO,***.718.130-**,CPF,10000.0,1,0.028773,
37,MIGUEL ROSSETTO,PT,11,ALMMAC ADMINISTRACAO E PARTICIPACOES SOCIETARIAS LTDA,21.434.940/0001-69,CNPJ,8261.1,1,0.02377,
37,MIGUEL ROSSETTO,PT,12,GRUPO EDITORIAL SINOS SA,91.665.570/0001-56,CNPJ,6640.0,3,0.019105,
37,MIGUEL ROSSETTO,PT,13,JORGE ZIMMER,***.388.800-**,CPF,5600.0,1,0.016113,
37,MIGUEL ROSSETTO,PT,14,RBS - ZERO HORA EDITORA JORNALISTICA S.A.,92.821.701/0001-00,CNPJ,5387.93,1,0.015503,
37,MIGUEL ROSSETTO,PT,15,CRISTIANA MATHIAS,***.306.630-**,CPF,5000.0,1,0.014386,
37,MIGUEL ROSSETTO,PT,16,DLOCAL BRASIL INSTITUICAO DE PAGAMENTO S.A.,25.021.356/0001-32,CNPJ,5000.0,1,0.014386,
37,MIGUEL ROSSETTO,PT,17,ELIANE FATIMA DA COSTA,***.833.830-**,CPF,5000.0,1,0.014386,
37,MIGUEL ROSSETTO,PT,18,MANOEL FRANCISCO GOULARTE,***.214.700-**,CPF,5000.0,1,0.014386,
37,MIGUEL ROSSETTO,PT,19,EMPRESA JORNALISTICA CALDAS JUNIOR LTDA,92.757.798/0001-39,CNPJ,4200.0,1,0.012085,
37,MIGUEL ROSSETTO,PT,20,COMBUSTIVEIS PEGASUS IPIRANGA LTDA,08.786.193/0001-60,CNPJ,4000.0,2,0.011509,
37,MIGUEL ROSSETTO,PT,21,MATHEUS HENRIQUE BRUM OLIVEIRA,***.437.010-**,CPF,4000.0,1,0.011509,
37,MIGUEL ROSSETTO,PT,22,NELSON TARCISIO JAHN,***.133.300-**,CPF,4000.0,1,0.011509,
37,MIGUEL ROSSETTO,PT,23,DIOS VIEIRA MARKETING E PROPAGANDA LTDA,93.741.312/0001-37,CNPJ,3658.52,5,0.010527,
37,MIGUEL ROSSETTO,PT,24,IVONETE DE FATIMA SILVA BALON SCHIMITEZ,***.567.400-**,CPF,3500.0,1,0.01007,
37,MIGUEL ROSSETTO,PT,25,VERA REGINA MENDES DA SILVA GOMES,***.078.240-**,CPF,3400.0,1,0.009783,
37,MIGUEL ROSSETTO,PT,26,DANIELA SOARES TESKE,***.580.290-**,CPF,3000.0,1,0.008632,
37,MIGUEL ROSSETTO,PT,27,ELOI GOMES DO NASCIMENTO,***.898.460-**,CPF,3000.0,1,0.008632,
37,MIGUEL ROSSETTO,PT,28,GABRIELI AMARAL DA ROSA,***.131.620-**,CPF,3000.0,1,0.008632,
37,MIGUEL ROSSETTO,PT,29,JOSUE FRANCO LOPES,***.009.080-**,CPF,3000.0,1,0.008632,
37,MIGUEL ROSSETTO,PT,30,LEONARDO MACHADO PIRES,***.243.958-**,CPF,3000.0,1,0.008632,
37,MIGUEL ROSSETTO,PT,31,YURI SILVA KNIPHOFF,***.076.242-**,CPF,3000.0,1,0.008632,
37,MIGUEL ROSSETTO,PT,32,AUGUSTO NAPP,***.817.400-**,CPF,2500.0,1,0.007193,
37,MIGUEL ROSSETTO,PT,33,DANIEL FERRAZ DIAS,***.754.370-**,CPF,2500.0,1,0.007193,
37,MIGUEL ROSSETTO,PT,34,JOSE LUIZ DA SILVA NETO,***.726.280-**,CPF,2500.0,1,0.007193,
37,MIGUEL ROSSETTO,PT,35,MICHELE DOS SANTOS DE CAMPOS,***.496.960-**,CPF,2500.0,1,0.007193,
37,MIGUEL ROSSETTO,PT,36,ROSALINA BATISTA DE SOUZA,***.514.700-**,CPF,2500.0,1,0.007193,
37,MIGUEL ROSSETTO,PT,37,SHEILA DA SILVA,***.126.600-**,CPF,2500.0,1,0.007193,
37,MIGUEL ROSSETTO,PT,38,WILMAR PEDRO SUPTITZ,***.453.540-**,CPF,2500.0,1,0.007193,
37,MIGUEL ROSSETTO,PT,39,AMANDA CONTREIRAS PIRES,***.637.940-**,CPF,2400.0,1,0.006905,
37,MIGUEL ROSSETTO,PT,40,ELOI GASTAO,***.034.800-**,CPF,2100.0,1,0.006042,
37,MIGUEL ROSSETTO,PT,41,TANIA REGINA VENANCIO DE OLIVEIRA,***.119.280-**,CPF,2100.0,1,0.006042,
37,MIGUEL ROSSETTO,PT,42,34.993.647 RUDIMAR ROMANCINI,34.993.647/0001-83,CNPJ,2000.0,1,0.005755,
37,MIGUEL ROSSETTO,PT,43,ALEXIA DOS SANTOS CRUZ,***.273.140-**,CPF,2000.0,1,0.005755,
37,MIGUEL ROSSETTO,PT,44,DAIANA DALVA MOREIRA,***.517.970-**,CPF,2000.0,1,0.005755,
37,MIGUEL ROSSETTO,PT,45,EDIO INACIO VOGEL,***.120.900-**,CPF,2000.0,1,0.005755,
37,MIGUEL ROSSETTO,PT,46,JULIO CESAR DE SA,***.085.120-**,CPF,2000.0,1,0.005755,
37,MIGUEL ROSSETTO,PT,47,LORENCO BERNARDO DASENBROCK,***.899.460-**,CPF,2000.0,1,0.005755,
37,MIGUEL ROSSETTO,PT,48,LUCIANE NUNES,***.356.750-**,CPF,2000.0,1,0.005755,
37,MIGUEL ROSSETTO,PT,49,LUIZ HOMERO OLABARRIAGA CABISTANI,***.060.100-**,CPF,2000.0,1,0.005755,
37,MIGUEL ROSSETTO,PT,50,MURIEL MOREIRA BAUERMANN,***.660.540-**,CPF,2000.0,1,0.005755,
37,MIGUEL ROSSETTO,PT,51,OTILIA TERESA DE ALMEIDA,***.046.870-**,CPF,2000.0,1,0.005755,
37,MIGUEL ROSSETTO,PT,52,PAULO ROGERIO LOURENCO,***.743.570-**,CPF,2000.0,1,0.005755,
37,MIGUEL ROSSETTO,PT,53,SALVADOR DA SILVA OLIVEIRA,***.425.480-**,CPF,2000.0,1,0.005755,
37,MIGUEL ROSSETTO,PT,54,SAMUEL MOREIRA BAUERMANN,***.105.130-**,CPF,2000.0,1,0.005755,
37,MIGUEL ROSSETTO,PT,55,BAR OCIDENTE LTDA,87.198.511/0001-48,CNPJ,1900.0,1,0.005467,
37,MIGUEL ROSSETTO,PT,56,KILARY RAPAAKI BURTET,***.247.810-**,CPF,1875.0,1,0.005395,
37,MIGUEL ROSSETTO,PT,57,GABRIELA DA SILVA NETO DE MORAIS,***.134.680-**,CPF,1800.0,1,0.005179,
37,MIGUEL ROSSETTO,PT,58,JOAO GABRIEL STEFFEN,***.725.640-**,CPF,1800.0,1,0.005179,
37,MIGUEL ROSSETTO,PT,59,WILLIAM ZITKOSKI,***.397.950-**,CPF,1600.0,1,0.004604,
37,MIGUEL ROSSETTO,PT,60,GILBERTO MARCIO IUNGTON,***.835.620-**,CPF,1500.0,1,0.004316,
37,MIGUEL ROSSETTO,PT,61,MARIA LUCIA MATTOS IZABEL,***.458.530-**,CPF,1500.0,1,0.004316,
37,MIGUEL ROSSETTO,PT,62,VYVIAN CERES KONTZ,***.565.470-**,CPF,1500.0,1,0.004316,
37,MIGUEL ROSSETTO,PT,63,ADRIANA CORREA DE FARIAS,***.578.600-**,CPF,1200.0,1,0.003453,
37,MIGUEL ROSSETTO,PT,64,ANNA PAULLA CORREA PEDROSO,***.923.450-**,CPF,1200.0,1,0.003453,
37,MIGUEL ROSSETTO,PT,65,BEATRIZ FERREIRA DA SILVA,***.547.830-**,CPF,1200.0,1,0.003453,
37,MIGUEL ROSSETTO,PT,66,DEBORA BARBOSA DA COSTA,***.228.110-**,CPF,1200.0,1,0.003453,
37,MIGUEL ROSSETTO,PT,67,JOAO FRANCISCO ALVES DE BASTOS,***.549.906-**,CPF,1200.0,1,0.003453,
37,MIGUEL ROSSETTO,PT,68,KATIA FERREIRA DA COSTA,***.006.530-**,CPF,1200.0,1,0.003453,
37,MIGUEL ROSSETTO,PT,69,KATIUSCIA PORCIUNCULA DA FONSECA,***.434.850-**,CPF,1200.0,1,0.003453,
37,MIGUEL ROSSETTO,PT,70,LUCIANA CORREA DE FARIAS,***.859.060-**,CPF,1200.0,1,0.003453,
37,MIGUEL ROSSETTO,PT,71,MARIA ISABEL DOS PASSOS BARBOSA,***.436.630-**,CPF,1200.0,1,0.003453,
37,MIGUEL ROSSETTO,PT,72,NAIR ALVES BARBOSA,***.866.480-**,CPF,1200.0,1,0.003453,
37,MIGUEL ROSSETTO,PT,73,PGM VIDEO PRODUCOES DE FOTOGRAFIAS E COMERCIO LTDA,60.746.603/0001-69,CNPJ,1200.0,1,0.003453,
37,MIGUEL ROSSETTO,PT,74,ROMILDA BARBOSA GUIMARAES,***.191.730-**,CPF,1200.0,1,0.003453,
37,MIGUEL ROSSETTO,PT,75,SHAIANE SILVA DA SILVA,***.395.630-**,CPF,1200.0,1,0.003453,
37,MIGUEL ROSSETTO,PT,76,TERESINHA ALVES BARBOSA MACHADO,***.906.560-**,CPF,1200.0,1,0.003453,
37,MIGUEL ROSSETTO,PT,77,THAIS BARBOSA TEIXEIRA,***.293.240-**,CPF,1200.0,1,0.003453,
37,MIGUEL ROSSETTO,PT,78,THAIS CARDOSO VIEIRA,***.875.220-**,CPF,1200.0,1,0.003453,
37,MIGUEL ROSSETTO,PT,79,VOSMAR NASCIMENTO VIANA,***.164.080-**,CPF,1200.0,1,0.003453,
37,MIGUEL ROSSETTO,PT,80,EDITORA A HORA DO SUL LTDA,55.764.184/0001-58,CNPJ,1100.0,1,0.003165,
37,MIGUEL ROSSETTO,PT,81,JORNAL A HORA LTDA,04.280.850/0001-41,CNPJ,1100.0,1,0.003165,
37,MIGUEL ROSSETTO,PT,82,LARA JAQUELINE SPARREMBERGER MASCHMANN,***.006.900-**,CPF,1080.0,1,0.003107,
37,MIGUEL ROSSETTO,PT,83,PEDRO GABRIEL REITER FOGACA,***.861.970-**,CPF,1080.0,1,0.003107,
37,MIGUEL ROSSETTO,PT,84,17.267.376 ANDRE LUIZ LISBOA JARDIM,17.267.376/0001-60,CNPJ,1060.0,1,0.00305,
37,MIGUEL ROSSETTO,PT,85,ELOILDA DOS SANTOS OLIVEIRA,***.143.250-**,CPF,1000.0,1,0.002877,
37,MIGUEL ROSSETTO,PT,86,IAN TUTIDA COLATTO PACHECO,***.120.530-**,CPF,600.0,1,0.001726,
37,MIGUEL ROSSETTO,PT,87,63.086.754 PAMELA CAROLINE PEREIRA GARCIA,63.086.754/0001-26,CNPJ,440.0,1,0.001266,
37,MIGUEL ROSSETTO,PT,88,GABRIELA CARDOSO ALVES,***.189.590-**,CPF,440.0,1,0.001266,
37,MIGUEL ROSSETTO,PT,89,CYBER DIM SERVICOS GRAFICOS E BRINDES LTDA,13.739.341/0001-25,CNPJ,175.0,1,0.000504,
37,MIGUEL ROSSETTO,PT,90,GERMANN CERTIFICACAO DIGITAL LTDA,35.365.023/0001-84,CNPJ,100.0,1,0.000288,
37,MIGUEL ROSSETTO,PT,91,QUEROAPOIAR.COM.BR LTDA,39.586.155/0001-97,CNPJ,91.96,2,0.000265,
38,MOISÉS BARBOZA,PSDB,1,FACEBOOK SERVICOS ONLINE DO BRASIL LTDA.,13.347.016/0001-17,CNPJ,36000.0,3,0.46596,
38,MOISÉS BARBOZA,PSDB,2,CGA - EMPREENDIMENTOS IMOBILIARIOS LTDA,10.438.480/0001-20,CNPJ,35000.0,1,0.453017,
38,MOISÉS BARBOZA,PSDB,3,PHD COMUNICACOES E MARKETING LTDA,67.166.901/0001-29,CNPJ,4219.0,11,0.054608,
38,MOISÉS BARBOZA,PSDB,4,G BENEFICIAMENTO E COMERCIO DE TECIDOS LTDA,88.000.377/0001-91,CNPJ,2025.0,2,0.02621,
38,MOISÉS BARBOZA,PSDB,5,QUEROAPOIAR.COM.BR LTDA,39.586.155/0001-97,CNPJ,15.8,1,0.000205,
39,NATASHA,PT,1,FACEBOOK SERVICOS ONLINE DO BRASIL LTDA.,13.347.016/0001-17,CNPJ,90000.0,3,0.322484,
39,NATASHA,PT,2,ALX BUREAU PRINT LTDA,12.856.326/0001-02,CNPJ,50231.5,10,0.179987,
39,NATASHA,PT,3,CYBER DIM SERVICOS GRAFICOS E BRINDES LTDA,13.739.341/0001-25,CNPJ,27297.8,9,0.097812,
39,NATASHA,PT,4,"FELIX, FLORIANO, RONDON E RIBEIRO ADVOGADOS ASSOCIADOS",23.339.084/0001-98,CNPJ,20000.0,1,0.071663,
39,NATASHA,PT,5,PRINTER INDUSTRIA E COMERCIO LTDA,45.876.852/0001-85,CNPJ,11902.0,5,0.042647,
39,NATASHA,PT,6,A GOMES BAR E RESTAURANTE LTDA,11.836.230/0001-01,CNPJ,8000.0,1,0.028665,
39,NATASHA,PT,7,NUMEM NEGOCIOS E SOLUCOES EMPRESARIAIS LTDA,49.636.141/0001-94,CNPJ,8000.0,1,0.028665,
39,NATASHA,PT,8,58.402.463 VICTORIA SILVEIRA PAZ,58.402.463/0001-60,CNPJ,6000.0,1,0.021499,
39,NATASHA,PT,9,CREDITO REAL IMOVEIS E CONDOMINIOS S A,92.691.336/0001-66,CNPJ,5296.77,2,0.018979,
39,NATASHA,PT,10,JULIANNE GABRIELLA TRASLATTI FLORES,***.447.420-**,CPF,5000.0,1,0.017916,
39,NATASHA,PT,11,MARCELO SCHNEIDER,***.727.850-**,CPF,4000.0,1,0.014333,
39,NATASHA,PT,12,FERNANDA DE ANDRADE ANTUNES,***.288.800-**,CPF,3598.0,1,0.012892,
39,NATASHA,PT,13,IGOR DA SILVA,***.569.720-**,CPF,3598.0,1,0.012892,
39,NATASHA,PT,14,JOICE ALVARENGA,***.843.580-**,CPF,3598.0,1,0.012892,
39,NATASHA,PT,15,MOZART MATHEUS DE ANDRADE CARVALHO,***.897.917-**,CPF,3598.0,1,0.012892,
39,NATASHA,PT,16,NANDA CAROLINA CASTRO DA SILVEIRA,***.528.572-**,CPF,3598.0,1,0.012892,
39,NATASHA,PT,17,PEDRO SPAGNOL,***.657.700-**,CPF,3598.0,1,0.012892,
39,NATASHA,PT,18,GAEL BARROS FERREIRA,***.609.200-**,CPF,2250.0,1,0.008062,
39,NATASHA,PT,19,RUDINEI DE SOUZA BORGES,***.544.949-**,CPF,2250.0,1,0.008062,
39,NATASHA,PT,20,VITORIA PEREIRA DA SILVA,***.447.860-**,CPF,2250.0,1,0.008062,
39,NATASHA,PT,21,DENISE BILHA TERRAGNO PEREZ,***.689.250-**,CPF,2025.0,1,0.007256,
39,NATASHA,PT,22,JOAO SEBASTIANY ARRUDA,***.259.130-**,CPF,1975.0,1,0.007077,
39,NATASHA,PT,23,KAROLINE SOUZA DOS PASSOS,***.492.140-**,CPF,1975.0,1,0.007077,
39,NATASHA,PT,24,ANC VIDEO LTDA,15.036.686/0001-48,CNPJ,1770.0,1,0.006342,
39,NATASHA,PT,25,CLARA WITT LIMBERGER,***.957.410-**,CPF,1500.0,1,0.005375,
39,NATASHA,PT,26,DEBORA DIAS SILVA,***.969.720-**,CPF,1500.0,1,0.005375,
39,NATASHA,PT,27,FILIPE GUIMARAES BATISTA,***.583.390-**,CPF,1500.0,1,0.005375,
39,NATASHA,PT,28,VIVIAN DE OLIVEIRA FARIAS,***.254.780-**,CPF,1125.0,1,0.004031,
39,NATASHA,PT,29,KEVIN LUCIANO PRADO DE SOUZA,***.296.380-**,CPF,425.0,1,0.001523,
39,NATASHA,PT,30,STEVEN SUAN JESUS DE ALBERNAZ,***.809.610-**,CPF,300.0,1,0.001075,
39,NATASHA,PT,31,THAIS MARINA COLUSSI PIMENTA,***.896.550-**,CPF,300.0,1,0.001075,
39,NATASHA,PT,32,LEONARDO DE OLIVEIRA MENDONCA,***.182.550-**,CPF,250.0,1,0.000896,
39,NATASHA,PT,33,RAFAELA TRINDADE DOS SANTOS,***.363.150-**,CPF,200.0,1,0.000717,
39,NATASHA,PT,34,APOIA SERVICOS DE PORTAL E INTERMEDIACAO DE NEGOCIOS LTDA,20.986.786/0001-75,CNPJ,150.28,2,0.000538,
39,NATASHA,PT,35,"ENCARGOS FINANCEIROS, TAXAS BANCÁRIAS E/OU OP. CARTÃO DE CRÉDITO",,,22.5,6,8.1e-05,
40,NICOLE WEBER COVATTI,PP,1,GRAFICA E EDITORA COMUNICACAO IMPRESSA LTDA,89.840.797/0001-49,CNPJ,98890.0,7,0.200198,
40,NICOLE WEBER COVATTI,PP,2,FACEBOOK SERVICOS ONLINE DO BRASIL LTDA.,13.347.016/0001-17,CNPJ,55000.0,2,0.111345,
40,NICOLE WEBER COVATTI,PP,3,DLOCAL BRASIL INSTITUICAO DE PAGAMENTO S.A.,25.021.356/0001-32,CNPJ,50000.0,1,0.101223,
40,NICOLE WEBER COVATTI,PP,4,ALFA LATINO AMERICA LTDA,02.868.231/0001-47,CNPJ,44443.0,6,0.089973,
40,NICOLE WEBER COVATTI,PP,5,ELF LOCADORA DE VEICULOS LTDA,07.447.405/0001-11,CNPJ,42185.0,6,0.085402,
40,NICOLE WEBER COVATTI,PP,6,ZILIO HOLDING E PARTICIPACOES LTDA,66.133.900/0001-15,CNPJ,33000.0,1,0.066807,
40,NICOLE WEBER COVATTI,PP,7,PRINT PRESS FORMULARIOS LTDA,94.990.835/0001-80,CNPJ,29475.0,4,0.059671,
40,NICOLE WEBER COVATTI,PP,8,CARLOS EDUARDO VILELA NUNES LTDA.,56.441.320/0001-31,CNPJ,16400.0,3,0.033201,
40,NICOLE WEBER COVATTI,PP,9,CESAR SCHMITT SOUSA SOCIEDADE INDIVIDUAL DE ADVOCACIA,43.957.904/0001-12,CNPJ,9600.0,1,0.019435,
40,NICOLE WEBER COVATTI,PP,10,SUBLIMY PRINT LTDA,58.411.181/0001-29,CNPJ,7343.0,2,0.014866,
40,NICOLE WEBER COVATTI,PP,11,AMC CONSULTORIA E CONTABILIDADE LTDA,93.711.224/0001-92,CNPJ,4000.0,1,0.008098,
40,NICOLE WEBER COVATTI,PP,12,ALESSANDRO JORGE VIEIRA,11.064.349/0001-03,CNPJ,2500.0,1,0.005061,
40,NICOLE WEBER COVATTI,PP,13,ABASTECEDORA DE COMBUSTIVEIS T W LTDA,00.110.559/0001-74,CNPJ,2332.11,1,0.004721,
40,NICOLE WEBER COVATTI,PP,14,POSTO SANTA TEREZINHA LTDA,87.723.417/0017-28,CNPJ,1541.22,4,0.00312,
40,NICOLE WEBER COVATTI,PP,15,GUSTAVO DOS SANTOS CAMILLO,***.614.100-**,CPF,1500.0,1,0.003037,
40,NICOLE WEBER COVATTI,PP,16,JADIR DE SOUZA,***.547.600-**,CPF,1500.0,1,0.003037,
40,NICOLE WEBER COVATTI,PP,17,LARISSA GABRIELA GRAUNKE CIOTTI,***.857.950-**,CPF,1500.0,1,0.003037,
40,NICOLE WEBER COVATTI,PP,18,LUANA DA SILVA LIRIO,***.743.119-**,CPF,1500.0,1,0.003037,
40,NICOLE WEBER COVATTI,PP,19,COMERCIAL DE COMBUSTIVEIS B & C LTDA,94.972.825/0001-11,CNPJ,1294.21,5,0.00262,
40,NICOLE WEBER COVATTI,PP,20,ABASTECEDORA DE COMBUSTIVEIS T W LTDA,00.110.559/0003-36,CNPJ,1102.81,1,0.002233,
40,NICOLE WEBER COVATTI,PP,21,ANDERSON PALMA DE MORAES DIAS,***.810.690-**,CPF,750.0,1,0.001518,
40,NICOLE WEBER COVATTI,PP,22,ANDRE LUIS DE SIQUEIRA,***.811.840-**,CPF,750.0,1,0.001518,
40,NICOLE WEBER COVATTI,PP,23,ANDREW MAKXIMUS MORAES SOARES,***.118.712-**,CPF,750.0,1,0.001518,
40,NICOLE WEBER COVATTI,PP,24,ANGELA SANTOS MORAES,***.338.900-**,CPF,750.0,1,0.001518,
40,NICOLE WEBER COVATTI,PP,25,ANGELICA BERLT SILVEIRA DE OLIVEIRA,***.854.700-**,CPF,750.0,1,0.001518,
40,NICOLE WEBER COVATTI,PP,26,ANTENOR BRUINSMA,***.667.410-**,CPF,750.0,1,0.001518,
40,NICOLE WEBER COVATTI,PP,27,ANTONIO CHAVES JARDIM,***.669.350-**,CPF,750.0,1,0.001518,
40,NICOLE WEBER COVATTI,PP,28,BERANICE VAGNER AMBROZI,***.341.590-**,CPF,750.0,1,0.001518,
40,NICOLE WEBER COVATTI,PP,29,BRUNA DE FATIMA DOS SANTOS,***.448.310-**,CPF,750.0,1,0.001518,
40,NICOLE WEBER COVATTI,PP,30,CARMEN MARIA PASA CORREA DE FREITAS,***.917.760-**,CPF,750.0,1,0.001518,
40,NICOLE WEBER COVATTI,PP,31,CARMEN SILVIA RODRIGUES NOGUEIRA,***.518.490-**,CPF,750.0,1,0.001518,
40,NICOLE WEBER COVATTI,PP,32,CASSIO DAS CHAGAS,***.780.740-**,CPF,750.0,1,0.001518,
40,NICOLE WEBER COVATTI,PP,33,CLAUDIOMIRO DA SILVA,***.920.530-**,CPF,750.0,1,0.001518,
40,NICOLE WEBER COVATTI,PP,34,CLOVIS SADI LIMBERGER,***.221.980-**,CPF,750.0,1,0.001518,
40,NICOLE WEBER COVATTI,PP,35,DANIEL ROQUE MARIANI,***.333.820-**,CPF,750.0,1,0.001518,
40,NICOLE WEBER COVATTI,PP,36,DANIELA LUIZA MENIN,***.437.640-**,CPF,750.0,1,0.001518,
40,NICOLE WEBER COVATTI,PP,37,DIEGO RAMOS,***.259.080-**,CPF,750.0,1,0.001518,
40,NICOLE WEBER COVATTI,PP,38,DOUGLAS ANDRE RICHTER,***.633.000-**,CPF,750.0,1,0.001518,
40,NICOLE WEBER COVATTI,PP,39,DULCE TEREZINHA ANDRES,***.558.380-**,CPF,750.0,1,0.001518,
40,NICOLE WEBER COVATTI,PP,40,EDILSON DE CARVALHO,***.138.370-**,CPF,750.0,1,0.001518,
40,NICOLE WEBER COVATTI,PP,41,EDIO JULIANO OLIVEIRA,***.865.250-**,CPF,750.0,1,0.001518,
40,NICOLE WEBER COVATTI,PP,42,EDUARDA MIRANDA TOIGO,***.315.580-**,CPF,750.0,1,0.001518,
40,NICOLE WEBER COVATTI,PP,43,ELIANE SILVA DA SILVA,***.847.750-**,CPF,750.0,1,0.001518,
40,NICOLE WEBER COVATTI,PP,44,ESTHEVAN ORTIZ MARTINS,***.542.880-**,CPF,750.0,1,0.001518,
40,NICOLE WEBER COVATTI,PP,45,EUDETE TEREZINHA PALINSKI,***.249.480-**,CPF,750.0,1,0.001518,
40,NICOLE WEBER COVATTI,PP,46,FRANCIELE VIEIRA,***.310.770-**,CPF,750.0,1,0.001518,
40,NICOLE WEBER COVATTI,PP,47,FRANCIELI DE OLIVEIRA,***.422.650-**,CPF,750.0,1,0.001518,
40,NICOLE WEBER COVATTI,PP,48,GELSO LOCH,***.427.110-**,CPF,750.0,1,0.001518,
40,NICOLE WEBER COVATTI,PP,49,GENESSI DOMINGOS DE ANDRADE,***.736.440-**,CPF,750.0,1,0.001518,
40,NICOLE WEBER COVATTI,PP,50,GIAN ISMAEL SCHMELING,***.841.630-**,CPF,750.0,1,0.001518,
40,NICOLE WEBER COVATTI,PP,51,GUILHERME FRANCISCO ARNT,***.784.020-**,CPF,750.0,1,0.001518,
40,NICOLE WEBER COVATTI,PP,52,JAIR MEAZZA MATCIULEVICZ,***.706.700-**,CPF,750.0,1,0.001518,
40,NICOLE WEBER COVATTI,PP,53,JANIO ALOISIO SOARES,***.904.320-**,CPF,750.0,1,0.001518,
40,NICOLE WEBER COVATTI,PP,54,JAQUELINE DOS SANTOS CLARO,***.786.870-**,CPF,750.0,1,0.001518,
40,NICOLE WEBER COVATTI,PP,55,JARDEL SILVEIRA,***.107.680-**,CPF,750.0,1,0.001518,
40,NICOLE WEBER COVATTI,PP,56,JEFERSON PEDRONI DA SILVA,***.843.700-**,CPF,750.0,1,0.001518,
40,NICOLE WEBER COVATTI,PP,57,JOAO PEDRO LODI SCHEFFER,***.103.280-**,CPF,750.0,1,0.001518,
40,NICOLE WEBER COVATTI,PP,58,JOARES SCAPIN,***.222.870-**,CPF,750.0,1,0.001518,
40,NICOLE WEBER COVATTI,PP,59,JONATHAN ANDRIEL ISER,***.066.740-**,CPF,750.0,1,0.001518,
40,NICOLE WEBER COVATTI,PP,60,JOSE LAURI KLERING,***.659.480-**,CPF,750.0,1,0.001518,
40,NICOLE WEBER COVATTI,PP,61,JOSE LUIZ VIANA,***.481.770-**,CPF,750.0,1,0.001518,
40,NICOLE WEBER COVATTI,PP,62,JULIANO WOICICHOWSKI MANN,***.340.200-**,CPF,750.0,1,0.001518,
40,NICOLE WEBER COVATTI,PP,63,JULIO CESAR PASE,***.851.570-**,CPF,750.0,1,0.001518,
40,NICOLE WEBER COVATTI,PP,64,KELLI DE QUADROS FERREIRA,***.772.400-**,CPF,750.0,1,0.001518,
40,NICOLE WEBER COVATTI,PP,65,KEMILIN DA ROSA DIAS,***.055.720-**,CPF,750.0,1,0.001518,
40,NICOLE WEBER COVATTI,PP,66,KEVIN LORENZO THEISEN,***.381.060-**,CPF,750.0,1,0.001518,
40,NICOLE WEBER COVATTI,PP,67,LIA BEATRIZ HOLTERMANN,***.725.220-**,CPF,750.0,1,0.001518,
40,NICOLE WEBER COVATTI,PP,68,LIDIO LEO FRIEDRICH,***.794.720-**,CPF,750.0,1,0.001518,
40,NICOLE WEBER COVATTI,PP,69,LISIANE POLITOWSKI,***.383.560-**,CPF,750.0,1,0.001518,
40,NICOLE WEBER COVATTI,PP,70,LORENI MACHADO DE OLIVEIRA,***.921.190-**,CPF,750.0,1,0.001518,
40,NICOLE WEBER COVATTI,PP,71,LUCIANA BASSANI DACHERY,***.383.300-**,CPF,750.0,1,0.001518,
40,NICOLE WEBER COVATTI,PP,72,LUIS FERNANDO CEOLIN,***.601.340-**,CPF,750.0,1,0.001518,
40,NICOLE WEBER COVATTI,PP,73,LUIZ DE OLIVEIRA,***.998.650-**,CPF,750.0,1,0.001518,
40,NICOLE WEBER COVATTI,PP,74,MAIRA GOULARTE TEIXEIRA,***.753.300-**,CPF,750.0,1,0.001518,
40,NICOLE WEBER COVATTI,PP,75,MARCELO DA SILVA REBOLHO,***.824.470-**,CPF,750.0,1,0.001518,
40,NICOLE WEBER COVATTI,PP,76,MARCONE ANGELO DECONTI,***.191.220-**,CPF,750.0,1,0.001518,
40,NICOLE WEBER COVATTI,PP,77,MARELI VIEIRA,***.994.870-**,CPF,750.0,1,0.001518,
40,NICOLE WEBER COVATTI,PP,78,MARIA IRLETI MACHADO GODOI,***.085.360-**,CPF,750.0,1,0.001518,
40,NICOLE WEBER COVATTI,PP,79,MARIA NELI MONTAGNER BASSO,***.583.920-**,CPF,750.0,1,0.001518,
40,NICOLE WEBER COVATTI,PP,80,MARLI SCHONINGER,***.600.420-**,CPF,750.0,1,0.001518,
40,NICOLE WEBER COVATTI,PP,81,MARLISE FRITSCH,***.605.400-**,CPF,750.0,1,0.001518,
40,NICOLE WEBER COVATTI,PP,82,NATANAEL HENRIQUE DAMETTO,***.590.270-**,CPF,750.0,1,0.001518,
40,NICOLE WEBER COVATTI,PP,83,NICOLLAS KELLERMANN,***.192.490-**,CPF,750.0,1,0.001518,
40,NICOLE WEBER COVATTI,PP,84,NORLEI LUIZ MARIANI JUNIOR,***.044.410-**,CPF,750.0,1,0.001518,
40,NICOLE WEBER COVATTI,PP,85,OTAVIO SILVA DE OLIVEIRA,***.849.470-**,CPF,750.0,1,0.001518,
40,NICOLE WEBER COVATTI,PP,86,PAOLA DE SOUZA DOS SANTOS,***.834.850-**,CPF,750.0,1,0.001518,
40,NICOLE WEBER COVATTI,PP,87,PAOLO SANTOS PACHECO,***.963.180-**,CPF,750.0,1,0.001518,
40,NICOLE WEBER COVATTI,PP,88,PRICILA DA SILVA,***.540.980-**,CPF,750.0,1,0.001518,
40,NICOLE WEBER COVATTI,PP,89,RITA PRZYCZYNSKI,***.500.050-**,CPF,750.0,1,0.001518,
40,NICOLE WEBER COVATTI,PP,90,ROBSON GUILHERME LODOVICH,***.973.460-**,CPF,750.0,1,0.001518,
40,NICOLE WEBER COVATTI,PP,91,RODRIGO DA SILVEIRA MORAIS,***.926.750-**,CPF,750.0,1,0.001518,
40,NICOLE WEBER COVATTI,PP,92,RODRIGO PAULO MACHADO,***.205.600-**,CPF,750.0,1,0.001518,
40,NICOLE WEBER COVATTI,PP,93,ROMEU BENNO SCHNEIDER,***.537.990-**,CPF,750.0,1,0.001518,
40,NICOLE WEBER COVATTI,PP,94,ROSANGELA MARIA ROHRIG,***.763.010-**,CPF,750.0,1,0.001518,
40,NICOLE WEBER COVATTI,PP,95,ROSELENE MARIA DREISSIG WERMUTH,***.800.400-**,CPF,750.0,1,0.001518,
40,NICOLE WEBER COVATTI,PP,96,SAMUEL ANDRE DE LIMA RAEL,***.720.630-**,CPF,750.0,1,0.001518,
40,NICOLE WEBER COVATTI,PP,97,SAMUEL FERNANDO LEOPOLD,***.545.740-**,CPF,750.0,1,0.001518,
40,NICOLE WEBER COVATTI,PP,98,SANDRA DA SILVA DOS SANTOS,***.508.520-**,CPF,750.0,1,0.001518,
40,NICOLE WEBER COVATTI,PP,99,SERGIO CARNIELL,***.467.460-**,CPF,750.0,1,0.001518,
40,NICOLE WEBER COVATTI,PP,100,SHEILA VIVIANE NERY CROVATTO,***.895.270-**,CPF,750.0,1,0.001518,
40,NICOLE WEBER COVATTI,PP,101,SILVIA REGINA DOS SANTOS,***.764.380-**,CPF,750.0,1,0.001518,
40,NICOLE WEBER COVATTI,PP,102,SIMILDO VALDI HATSCHBACH,***.489.500-**,CPF,750.0,1,0.001518,
40,NICOLE WEBER COVATTI,PP,103,SIMONE CEMIN DEWES,***.723.740-**,CPF,750.0,1,0.001518,
40,NICOLE WEBER COVATTI,PP,104,SOFIA REIS KRGWANSKI,***.074.410-**,CPF,750.0,1,0.001518,
40,NICOLE WEBER COVATTI,PP,105,SYLVIA DE VARGAS SILVA,***.629.740-**,CPF,750.0,1,0.001518,
40,NICOLE WEBER COVATTI,PP,106,TASSIA JOANA BROD,***.310.970-**,CPF,750.0,1,0.001518,
40,NICOLE WEBER COVATTI,PP,107,THIAGO DANIEL DA SILVA,***.673.500-**,CPF,750.0,1,0.001518,
40,NICOLE WEBER COVATTI,PP,108,VERANICE PARISOTTO,***.951.730-**,CPF,750.0,1,0.001518,
40,NICOLE WEBER COVATTI,PP,109,VITOR DANIEL RECH BUTZKE,***.970.160-**,CPF,750.0,1,0.001518,
40,NICOLE WEBER COVATTI,PP,110,VIVIANE SIEBENBORN,***.867.620-**,CPF,750.0,1,0.001518,
40,NICOLE WEBER COVATTI,PP,111,WALKIRIA MARIZEIRO MORAES,***.400.102-**,CPF,750.0,1,0.001518,
40,NICOLE WEBER COVATTI,PP,112,ALINE PAIVA DA SILVA,***.836.930-**,CPF,625.0,1,0.001265,
40,NICOLE WEBER COVATTI,PP,113,ANDRE LUIZ FABRA CORREA,***.566.730-**,CPF,625.0,1,0.001265,
40,NICOLE WEBER COVATTI,PP,114,ANIELE RODRIGUES DE OLIVEIRA,***.681.050-**,CPF,625.0,1,0.001265,
40,NICOLE WEBER COVATTI,PP,115,CIBELE CRAVO NOGUEZ,***.917.200-**,CPF,625.0,1,0.001265,
40,NICOLE WEBER COVATTI,PP,116,DARA ARAUJO DE ANTIQUEIRA,***.442.480-**,CPF,625.0,1,0.001265,
40,NICOLE WEBER COVATTI,PP,117,DEBORA PINTO DA SILVA,***.389.420-**,CPF,625.0,1,0.001265,
40,NICOLE WEBER COVATTI,PP,118,EVERTON CANILHA DE OLIVEIRA,***.812.040-**,CPF,625.0,1,0.001265,
40,NICOLE WEBER COVATTI,PP,119,FERNANDA DE CASTRO BLANK,***.403.600-**,CPF,625.0,1,0.001265,
40,NICOLE WEBER COVATTI,PP,120,IRANI BATISTA DA SILVA,***.472.930-**,CPF,625.0,1,0.001265,
40,NICOLE WEBER COVATTI,PP,121,KELLY OSORIO BERNARDES,***.042.900-**,CPF,625.0,1,0.001265,
40,NICOLE WEBER COVATTI,PP,122,LANTIER MORALES DOMINGUES,***.321.570-**,CPF,625.0,1,0.001265,
40,NICOLE WEBER COVATTI,PP,123,LIVIA CRAVO DE CASTRO,***.996.030-**,CPF,625.0,1,0.001265,
40,NICOLE WEBER COVATTI,PP,124,MARCO ANTONIO OLIVEIRA MOREIRA,***.076.020-**,CPF,625.0,1,0.001265,
40,NICOLE WEBER COVATTI,PP,125,MAURO DE ALMEIDA RODRIGUES,***.260.850-**,CPF,625.0,1,0.001265,
40,NICOLE WEBER COVATTI,PP,126,MICAEL LUAN TIMM,***.527.010-**,CPF,625.0,1,0.001265,
40,NICOLE WEBER COVATTI,PP,127,MIGUEL ALAOR COZZA MACHADO,***.755.540-**,CPF,625.0,1,0.001265,
40,NICOLE WEBER COVATTI,PP,128,PAULO RICARDO DOS SANTOS RODRIGUES,***.065.310-**,CPF,625.0,1,0.001265,
40,NICOLE WEBER COVATTI,PP,129,RAFAELLA ROSA DOS SANTOS,***.845.920-**,CPF,625.0,1,0.001265,
40,NICOLE WEBER COVATTI,PP,130,SALISES RADMANN AQUINO BARCELOS MENDES,***.895.370-**,CPF,625.0,1,0.001265,
40,NICOLE WEBER COVATTI,PP,131,VAN GULLIT SILVA DE OLIVEIRA,***.682.580-**,CPF,625.0,1,0.001265,
40,NICOLE WEBER COVATTI,PP,132,WILSON DA ROSA LUCAS,***.873.800-**,CPF,625.0,1,0.001265,
40,NICOLE WEBER COVATTI,PP,133,EMPRESA BRASILEIRA DE CORREIOS E TELEGRAFOS,34.028.316/0977-86,CNPJ,600.7,1,0.001216,
40,NICOLE WEBER COVATTI,PP,134,EMBAIXADOR PRIME HOTEL LTDA,07.747.151/0001-57,CNPJ,572.95,1,0.00116,
40,NICOLE WEBER COVATTI,PP,135,SAGAS COMERCIO DE OLEOS E COMBUSTIVEIS LTDA,04.895.663/0001-72,CNPJ,562.94,1,0.00114,
40,NICOLE WEBER COVATTI,PP,136,CHARLES FELIPE CARDONETTI GALL,***.491.350-**,CPF,500.0,1,0.001012,
40,NICOLE WEBER COVATTI,PP,137,CRISTIELLE KONIG MARIN,***.558.880-**,CPF,500.0,1,0.001012,
40,NICOLE WEBER COVATTI,PP,138,DITMAR BLANK,***.932.630-**,CPF,500.0,1,0.001012,
40,NICOLE WEBER COVATTI,PP,139,ENIO DA SILVEIRA MOLINELLI,***.529.540-**,CPF,500.0,1,0.001012,
40,NICOLE WEBER COVATTI,PP,140,GUSTAVO DANIEL KUPPE SCHWENGBER,***.901.010-**,CPF,500.0,1,0.001012,
40,NICOLE WEBER COVATTI,PP,141,MONICA DA SILVA PASCHOAL,***.554.040-**,CPF,500.0,1,0.001012,
40,NICOLE WEBER COVATTI,PP,142,VILBERTO KUNTZ,***.486.030-**,CPF,500.0,1,0.001012,
40,NICOLE WEBER COVATTI,PP,143,SIM REDE DE POSTOS LTDA,07.473.735/0065-46,CNPJ,435.69,1,0.000882,
40,NICOLE WEBER COVATTI,PP,144,ABASTECEDORA DE COMBUSTIVEIS NONOAI LTDA,05.491.962/0001-04,CNPJ,375.33,1,0.00076,
40,NICOLE WEBER COVATTI,PP,145,PAULO ROBERTO DE JESUS SCHMIDT,***.192.820-**,CPF,375.0,1,0.000759,
40,NICOLE WEBER COVATTI,PP,146,P. C. B. RANGEL,42.606.075/0001-60,CNPJ,350.0,1,0.000709,
40,NICOLE WEBER COVATTI,PP,147,PAULO RENATO BOHN E CIA LTDA,90.533.316/0001-31,CNPJ,346.13,1,0.000701,
40,NICOLE WEBER COVATTI,PP,148,RG COMERCIO DE COMBUSTIVEIS LTDA,19.210.534/0001-70,CNPJ,223.76,1,0.000453,
40,NICOLE WEBER COVATTI,PP,149,CALDAS - RESTAURANTE VIDA & SAUDE LTDA.,44.009.101/0001-07,CNPJ,135.0,1,0.000273,
40,NICOLE WEBER COVATTI,PP,150,"ENCARGOS FINANCEIROS, TAXAS BANCÁRIAS E/OU OP. CARTÃO DE CRÉDITO",,,1.5,1,3e-06,
41,PAPARICO BACCHI,PL,1,LUIS GUSTAVO BERNICKER,02.054.848/0001-29,CNPJ,250630.0,15,0.259373,
41,PAPARICO BACCHI,PL,2,MAIRO INDUSTRIA TEXTIL LTDA,19.543.786/0001-11,CNPJ,107190.0,5,0.110929,
41,PAPARICO BACCHI,PL,3,FACEBOOK SERVICOS ONLINE DO BRASIL LTDA.,13.347.016/0001-17,CNPJ,97000.0,5,0.100384,
41,PAPARICO BACCHI,PL,4,EDIVANDRO PAVAN GRAFICA,31.135.987/0001-85,CNPJ,84100.0,5,0.087034,
41,PAPARICO BACCHI,PL,5,IDEA ADVOGADOS ASSOCIADOS,27.081.412/0001-50,CNPJ,50000.0,2,0.051744,
41,PAPARICO BACCHI,PL,6,GRAFICA E EDITORA BOTA AMARELA LTDA,92.390.525/0001-07,CNPJ,27170.0,4,0.028118,
41,PAPARICO BACCHI,PL,7,DANIEL JUK,***.536.020-**,CPF,27000.0,1,0.027942,
41,PAPARICO BACCHI,PL,8,RS ONIBUS TRANSPORTES LTDA,11.061.205/0001-01,CNPJ,16500.0,1,0.017076,
41,PAPARICO BACCHI,PL,9,COMERCIO DE COMBUSTIVEIS RIEDER LTDA,17.364.448/0001-97,CNPJ,15849.9,17,0.016403,
41,PAPARICO BACCHI,PL,10,VGRAF IMPRESSOS E EMBALAGENS LTDA,93.630.788/0001-09,CNPJ,13200.0,1,0.01366,
41,PAPARICO BACCHI,PL,11,57.302.037 JOSIELE SIQUEIRA DA SILVA,57.302.037/0001-91,CNPJ,12000.0,1,0.012419,
41,PAPARICO BACCHI,PL,12,ANGELO GENTIL BALVEDI,***.035.450-**,CPF,10500.0,1,0.010866,
41,PAPARICO BACCHI,PL,13,CAREN DILENE SODRE KULMAN D AVILA,***.678.160-**,CPF,10000.0,1,0.010349,
41,PAPARICO BACCHI,PL,14,LISBERTO IDEA,***.772.130-**,CPF,10000.0,1,0.010349,
41,PAPARICO BACCHI,PL,15,ROZIBEL TEIXEIRA DE ALMEIDA,***.494.540-**,CPF,10000.0,1,0.010349,
41,PAPARICO BACCHI,PL,16,ANS IMPRESSOES GRAFICAS LTDA.,05.677.050/0001-21,CNPJ,7002.79,6,0.007247,
41,PAPARICO BACCHI,PL,17,ADENIR CESAR DEON,***.090.650-**,CPF,7000.0,1,0.007244,
41,PAPARICO BACCHI,PL,18,KLAUS C. FISCHER SOM E EVENTOS,11.299.003/0001-94,CNPJ,7000.0,1,0.007244,
41,PAPARICO BACCHI,PL,19,NOVA COMUNICACAO TREINAMENTO E MARKETING LTDA,50.318.753/0001-18,CNPJ,7000.0,1,0.007244,
41,PAPARICO BACCHI,PL,20,65.053.713 DULCIMARA SALETE MUNARINI COLLA,65.053.713/0001-69,CNPJ,6575.0,2,0.006804,
41,PAPARICO BACCHI,PL,21,LUISA CARLA PASQUALOTTO,***.454.970-**,CPF,6500.0,1,0.006727,
41,PAPARICO BACCHI,PL,22,JOSE HONORIO GOIA ALVES,***.399.360-**,CPF,6000.0,1,0.006209,
41,PAPARICO BACCHI,PL,23,KATIA ZANANDREA,***.426.510-**,CPF,6000.0,1,0.006209,
41,PAPARICO BACCHI,PL,24,NERI ZALESKI,***.427.740-**,CPF,6000.0,1,0.006209,
41,PAPARICO BACCHI,PL,25,RODRIGO ROSA MACHADO,***.272.030-**,CPF,6000.0,1,0.006209,
41,PAPARICO BACCHI,PL,26,EMPRESAS JORNALISTICA FOLHA DE MARAU LTDA,03.119.050/0001-80,CNPJ,5490.0,1,0.005682,
41,PAPARICO BACCHI,PL,27,CLERIA FERRAZ BRIZOLLA,***.006.670-**,CPF,5000.0,1,0.005174,
41,PAPARICO BACCHI,PL,28,GABRIEL FERREIRA PERES,***.081.670-**,CPF,5000.0,1,0.005174,
41,PAPARICO BACCHI,PL,29,ONIRA GOMES FERREIRA,***.302.830-**,CPF,5000.0,1,0.005174,
41,PAPARICO BACCHI,PL,30,PRISCILA SOUZA SILVA,***.189.840-**,CPF,5000.0,1,0.005174,
41,PAPARICO BACCHI,PL,31,RUILEI EDER MODZINSKI,***.238.940-**,CPF,5000.0,1,0.005174,
41,PAPARICO BACCHI,PL,32,TIAGO TOMAZ PEREIRA,***.906.350-**,CPF,5000.0,1,0.005174,
41,PAPARICO BACCHI,PL,33,WOLMIR ANGELO DALL AGNOL,***.903.090-**,CPF,5000.0,1,0.005174,
41,PAPARICO BACCHI,PL,34,MECANICA DIESEL TRES ARROIOS LTDA,17.422.231/0001-96,CNPJ,4850.0,1,0.005019,
41,PAPARICO BACCHI,PL,35,JORGE ELEMAR BRUXEL,87.905.998/0001-51,CNPJ,4800.0,4,0.004967,
41,PAPARICO BACCHI,PL,36,LEANDRO KURZ,***.222.300-**,CPF,4800.0,1,0.004967,
41,PAPARICO BACCHI,PL,37,VANDERLAN MARQUES PEREIRA,***.278.520-**,CPF,4700.0,1,0.004864,
41,PAPARICO BACCHI,PL,38,AVS COMUNICACOES LTDA,53.349.077/0001-38,CNPJ,4680.0,4,0.004843,
41,PAPARICO BACCHI,PL,39,NEPOMUCENO EMPRESA JORNALISTICA LTDA,90.481.722/0001-06,CNPJ,4200.0,1,0.004347,
41,PAPARICO BACCHI,PL,40,JACI DA ROCHA,***.118.540-**,CPF,4000.0,1,0.00414,
41,PAPARICO BACCHI,PL,41,VITORIA DAL FORNO SMOLA,***.403.460-**,CPF,4000.0,1,0.00414,
41,PAPARICO BACCHI,PL,42,ECO REGIONAL EMPREENDIMENTOS JORNALISTICOS LTDA,04.066.340/0001-76,CNPJ,3920.0,1,0.004057,
41,PAPARICO BACCHI,PL,43,RODINEI AGOSTINI & CIA LTDA,03.228.557/0001-72,CNPJ,3850.0,1,0.003984,
41,PAPARICO BACCHI,PL,44,GISELE CALEFFI,***.277.230-**,CPF,3800.0,1,0.003933,
41,PAPARICO BACCHI,PL,45,JULIANA ROCHA MOREIRA OLIVEIRA,***.965.440-**,CPF,3500.0,1,0.003622,
41,PAPARICO BACCHI,PL,46,EMPRESA JORNALISTICA JORNAL ALTO URUGUAI LTDA,03.514.708/0001-59,CNPJ,3200.0,1,0.003312,
41,PAPARICO BACCHI,PL,47,ABASTECEDORA AZ ZANINI LTDA,25.260.684/0001-91,CNPJ,3012.9,1,0.003118,
41,PAPARICO BACCHI,PL,48,ASTA FUCHS DRESCHER,***.285.900-**,CPF,3000.0,1,0.003105,
41,PAPARICO BACCHI,PL,49,CARLOS AUGUSTO DA CRUZ SOARES,***.267.730-**,CPF,3000.0,1,0.003105,
41,PAPARICO BACCHI,PL,50,MARIZA DE PRUENCIA,***.255.130-**,CPF,3000.0,1,0.003105,
41,PAPARICO BACCHI,PL,51,WILLIAN LUTKEMEIER,***.692.460-**,CPF,3000.0,1,0.003105,
41,PAPARICO BACCHI,PL,52,LOANES FATIMA ARTUSI,***.399.750-**,CPF,2850.0,1,0.002949,
41,PAPARICO BACCHI,PL,53,COMERCIO DE COMBUSTIVEIS CARRA E DAMETTO LTDA,34.307.228/0001-40,CNPJ,2681.41,4,0.002775,
41,PAPARICO BACCHI,PL,54,DE MARCA JORNAL E EDITORA LTDA.,10.582.703/0001-29,CNPJ,2620.8,1,0.002712,
41,PAPARICO BACCHI,PL,55,PAULO ANTONIO BATISTELLA,***.451.490-**,CPF,2500.0,1,0.002587,
41,PAPARICO BACCHI,PL,56,RENATO DA SILVA FREITAS,***.577.200-**,CPF,2500.0,1,0.002587,
41,PAPARICO BACCHI,PL,57,SEVERINA BERNALDINO DA SILVA,***.677.908-**,CPF,2250.0,1,0.002328,
41,PAPARICO BACCHI,PL,58,MAICON DOUGLAS TRINDADE ***.270.130-**,30.307.407/0001-27,CNPJ,2120.0,2,0.002194,
41,PAPARICO BACCHI,PL,59,62.555.853 DOUGLAS WILLIAM CAMARGO,62.555.853/0001-47,CNPJ,2000.0,1,0.00207,
41,PAPARICO BACCHI,PL,60,ANDRION COUTO DA SILVA,***.012.280-**,CPF,2000.0,1,0.00207,
41,PAPARICO BACCHI,PL,61,BRENDA TERRA DA ROSA,***.649.400-**,CPF,2000.0,1,0.00207,
41,PAPARICO BACCHI,PL,62,DECIO MENEGAT,***.638.750-**,CPF,2000.0,1,0.00207,
41,PAPARICO BACCHI,PL,63,JUSSARA FERNANDES DE SOUZA,***.444.170-**,CPF,2000.0,1,0.00207,
41,PAPARICO BACCHI,PL,64,NOELI LUCIA MACHADO DOS SANTOS,***.036.310-**,CPF,2000.0,1,0.00207,
41,PAPARICO BACCHI,PL,65,RICHARD BRAZIL TOMAZ PEREIRA,***.317.560-**,CPF,2000.0,1,0.00207,
41,PAPARICO BACCHI,PL,66,FELIPE CECHET LTDA,36.530.084/0001-12,CNPJ,1825.0,6,0.001889,
41,PAPARICO BACCHI,PL,67,IRONI MARAN GREGOLIN,***.079.430-**,CPF,1800.0,1,0.001863,
41,PAPARICO BACCHI,PL,68,ROGERIO DARCY BRESOLIN,03.263.587/0001-10,CNPJ,1800.0,1,0.001863,
41,PAPARICO BACCHI,PL,69,FERNANDO GOMES DE CARVALHO,***.909.490-**,CPF,1500.0,1,0.001552,
41,PAPARICO BACCHI,PL,70,RAFAEL DIMAS MORON,***.915.000-**,CPF,1500.0,1,0.001552,
41,PAPARICO BACCHI,PL,71,TAINIZE RAMOS,***.356.690-**,CPF,1500.0,1,0.001552,
41,PAPARICO BACCHI,PL,72,COMERCIO DE MATERIAIS DE ESCRITORIO MORETTO LTDA EM RECUPERACAO JUDICIAL,97.476.451/0001-31,CNPJ,1391.66,30,0.00144,
41,PAPARICO BACCHI,PL,73,ROBSON FERNANDO MIOTO ***.255.760-**,35.441.231/0001-15,CNPJ,1270.0,1,0.001314,
41,PAPARICO BACCHI,PL,74,RAVIZONI & FILHO LTDA,11.490.699/0001-31,CNPJ,1210.0,1,0.001252,
41,PAPARICO BACCHI,PL,75,COMERCIO DE COMBUSTIVEIS MALLMANN LTDA,16.750.866/0002-30,CNPJ,914.73,3,0.000947,
41,PAPARICO BACCHI,PL,76,RODINEI AGOSTINI & CIA LTDA,03.228.557/0002-53,CNPJ,790.0,1,0.000818,
41,PAPARICO BACCHI,PL,77,ARMANDO DUPONT & IRMAO LTDA,05.976.038/0001-18,CNPJ,735.0,1,0.000761,
41,PAPARICO BACCHI,PL,78,DILAMAR ALAERCIO ALVES & CIA LTDA,07.405.405/0001-59,CNPJ,650.0,1,0.000673,
41,PAPARICO BACCHI,PL,79,INSTALACOES ELETRICAS MARINI LTDA,11.642.888/0001-82,CNPJ,650.0,1,0.000673,
41,PAPARICO BACCHI,PL,80,TAILOR MAFFINI,05.958.990/0001-99,CNPJ,576.0,17,0.000596,
41,PAPARICO BACCHI,PL,81,REPARA INFORMATICA E SERVICOS LTDA,10.484.017/0001-15,CNPJ,380.0,1,0.000393,
41,PAPARICO BACCHI,PL,82,POSTO DE COMBUSTIVEIS DICO LTDA,08.768.465/0001-07,CNPJ,256.51,1,0.000265,
42,PEPE VARGAS,PT,1,FACEBOOK SERVICOS ONLINE DO BRASIL LTDA.,13.347.016/0001-17,CNPJ,114000.0,9,0.309826,
42,PEPE VARGAS,PT,2,BULL BRAZIL CONFECCOES LTDA,48.758.074/0001-18,CNPJ,60560.0,3,0.164588,
42,PEPE VARGAS,PT,3,PAULO CEZAR DA ROSA,10.716.948/0001-00,CNPJ,25300.0,3,0.06876,
42,PEPE VARGAS,PT,4,COSTA&ADVOGADOS ASSOCIADOS,10.354.620/0001-82,CNPJ,20000.0,1,0.054355,
42,PEPE VARGAS,PT,5,MAGAZINE MODA VIVA LTDA EM RECUPERACAO JUDICIAL,88.439.997/0001-21,CNPJ,20000.0,1,0.054355,
42,PEPE VARGAS,PT,6,LORIGRAF GRAFICA E EDITORA LTDA,93.532.968/0001-40,CNPJ,16840.0,8,0.045767,
42,PEPE VARGAS,PT,7,DANIEL FERRETTI ***.945.520-**,14.121.025/0001-58,CNPJ,16040.0,1,0.043593,
42,PEPE VARGAS,PT,8,GUSTAVO CARDOZO DA SILVA,***.942.950-**,CPF,6500.0,1,0.017666,
42,PEPE VARGAS,PT,9,AUTO POSTO ZM LTDA,07.011.546/0001-97,CNPJ,6363.34,9,0.017294,
42,PEPE VARGAS,PT,10,RBS - ZERO HORA EDITORA JORNALISTICA S.A.,92.821.701/0001-00,CNPJ,5951.09,1,0.016174,
42,PEPE VARGAS,PT,11,PREDOMINA CONTABILIDADE E ASSESSORIA LTDA,02.647.652/0001-48,CNPJ,5000.0,1,0.013589,
42,PEPE VARGAS,PT,12,LUCAS RODRIGUES DOS SANTOS,***.200.310-**,CPF,4241.0,2,0.011526,
42,PEPE VARGAS,PT,13,ROBERTA RODRIGUES,***.762.080-**,CPF,4241.0,2,0.011526,
42,PEPE VARGAS,PT,14,NEIVA DA CONCEICAO,***.323.310-**,CPF,3431.0,1,0.009325,
42,PEPE VARGAS,PT,15,STEFANI CAROL DA SILVA OLIVEIRA,***.803.660-**,CPF,2931.0,1,0.007966,
42,PEPE VARGAS,PT,16,JORGE ELEMAR BRUXEL,87.905.998/0001-51,CNPJ,2560.0,1,0.006957,
42,PEPE VARGAS,PT,17,CECILIA MONSANI,***.116.080-**,CPF,2431.0,1,0.006607,
42,PEPE VARGAS,PT,18,JOAO PEDRO TUMELERO,***.968.200-**,CPF,2431.0,1,0.006607,
42,PEPE VARGAS,PT,19,LEANDRO BACCIN PIMENTEL,***.028.070-**,CPF,2431.0,1,0.006607,
42,PEPE VARGAS,PT,20,LEILA DALLA CORTE,***.314.220-**,CPF,2431.0,1,0.006607,
42,PEPE VARGAS,PT,21,MIRZA CLAUDIA COSTA ROSA,***.554.740-**,CPF,2431.0,1,0.006607,
42,PEPE VARGAS,PT,22,VANUSA LAUREANO DOS SANTOS,***.512.470-**,CPF,2431.0,1,0.006607,
42,PEPE VARGAS,PT,23,ISADORA CASTRO DE OLIVEIRA,***.400.310-**,CPF,2120.5,1,0.005763,
42,PEPE VARGAS,PT,24,AMANDA LOPES NAZARIO,***.998.340-**,CPF,2084.0,2,0.005664,
42,PEPE VARGAS,PT,25,FRANCIS FERNANDES DE OLIVEIRA,***.073.310-**,CPF,2084.0,2,0.005664,
42,PEPE VARGAS,PT,26,GABRIELA MEIRELLES,***.475.610-**,CPF,2084.0,2,0.005664,
42,PEPE VARGAS,PT,27,GILDELENA PEREIRA GHIZONI,***.631.650-**,CPF,2084.0,2,0.005664,
42,PEPE VARGAS,PT,28,NATALIA RODRIGUES,***.290.570-**,CPF,2084.0,2,0.005664,
42,PEPE VARGAS,PT,29,RAYRA PACHECO FARINA,***.139.860-**,CPF,2084.0,2,0.005664,
42,PEPE VARGAS,PT,30,ANDRESSA MOREIRA BEDIN,***.801.560-**,CPF,2052.0,2,0.005577,
42,PEPE VARGAS,PT,31,HILDO CORREA DA SILVA,***.704.890-**,CPF,1992.0,1,0.005414,
42,PEPE VARGAS,PT,32,ALEXANDER DE BARROS LIMA,***.267.300-**,CPF,1936.5,3,0.005263,
42,PEPE VARGAS,PT,33,LIMA JORNALISMO LTDA,44.158.932/0001-32,CNPJ,1800.0,1,0.004892,
42,PEPE VARGAS,PT,34,INGRID DA SILVA PINTO,***.550.320-**,CPF,1780.0,2,0.004838,
42,PEPE VARGAS,PT,35,ODETE DA SILVA,***.823.290-**,CPF,1780.0,2,0.004838,
42,PEPE VARGAS,PT,36,NATALY PATRICIA RIBEIRO,***.485.460-**,CPF,1702.0,1,0.004626,
42,PEPE VARGAS,PT,37,MARCOS ANTONIO CAMARGO,***.734.130-**,CPF,1657.5,1,0.004505,
42,PEPE VARGAS,PT,38,GUILHERME DEDECEK,***.243.350-**,CPF,1411.0,1,0.003835,
42,PEPE VARGAS,PT,39,RALF ZAGO DA COSTA,***.421.000-**,CPF,1411.0,1,0.003835,
42,PEPE VARGAS,PT,40,EDITORA SECULO NOVO LTDA,73.795.668/0001-46,CNPJ,1360.0,1,0.003696,
42,PEPE VARGAS,PT,41,JORNAL A HORA LTDA,04.280.850/0001-41,CNPJ,1050.0,1,0.002854,
42,PEPE VARGAS,PT,42,VINCERE INDUSTRIA DE ADESIVOS LTDA,16.918.198/0001-27,CNPJ,860.0,1,0.002337,
42,PEPE VARGAS,PT,43,CAPRARA EDITORA IMPRESSORA PUBLICIDADE E PROMOCOES LTDA,87.555.710/0001-66,CNPJ,834.38,1,0.002268,
42,PEPE VARGAS,PT,44,EMPRESA JORNALISTICA INDEPENDENTE LTDA,06.789.331/0001-39,CNPJ,775.0,1,0.002106,
42,PEPE VARGAS,PT,45,COMBUSTIVEIS PRATA SANTO ANTONIO LTDA,15.372.384/0001-40,CNPJ,699.26,3,0.0019,
42,PEPE VARGAS,PT,46,EDITORA JORNALISTICA BOM PRINCIPIO LTDA,93.605.046/0001-15,CNPJ,405.0,1,0.001101,
42,PEPE VARGAS,PT,47,DE FATO EDITORA LTDA,01.794.132/0001-03,CNPJ,375.0,1,0.001019,
42,PEPE VARGAS,PT,48,UNIAO DAS ASSOCIACOES DE BAIRROS,90.774.159/0001-56,CNPJ,350.0,1,0.000951,
42,PEPE VARGAS,PT,49,PULSO SOLUCOES EM COMUNICACAO E CULTURA LTDA,59.549.786/0001-43,CNPJ,278.85,1,0.000758,
42,PEPE VARGAS,PT,50,QUEROAPOIAR.COM.BR LTDA,39.586.155/0001-97,CNPJ,165.26,1,0.000449,
42,PEPE VARGAS,PT,51,GRAFICA PRINT SERRA LTDA,24.291.969/0001-27,CNPJ,105.0,1,0.000285,
43,PROFESSOR CLÁUDIO BRANCHIERI,PL,1,FACEBOOK SERVICOS ONLINE DO BRASIL LTDA.,13.347.016/0001-17,CNPJ,200000.0,3,0.184442,
43,PROFESSOR CLÁUDIO BRANCHIERI,PL,2,1000 IMPRESSOES NH LTDA,13.844.156/0001-09,CNPJ,142197.5,25,0.131136,
43,PROFESSOR CLÁUDIO BRANCHIERI,PL,3,CROMO GRAFICA E EDITORA LTDA,05.476.664/0001-45,CNPJ,94830.0,16,0.087453,
43,PROFESSOR CLÁUDIO BRANCHIERI,PL,4,67.025.051 LUIS CESAR SCHULZ VIEIRA,67.025.051/0001-49,CNPJ,39120.0,2,0.036077,
43,PROFESSOR CLÁUDIO BRANCHIERI,PL,5,BP EDUCACAO E CONSULTORIA LTDA,39.492.142/0001-59,CNPJ,30000.0,1,0.027666,
43,PROFESSOR CLÁUDIO BRANCHIERI,PL,6,WSW - WAIMER & STACHLESKI SOCIEDADE DE ADVOGADOS,21.352.229/0001-65,CNPJ,30000.0,1,0.027666,
43,PROFESSOR CLÁUDIO BRANCHIERI,PL,7,DANIEL ISAC VICENTE ANTONIO DE CASTRO GONCALVES LTDA,64.549.540/0001-01,CNPJ,20500.0,1,0.018905,
43,PROFESSOR CLÁUDIO BRANCHIERI,PL,8,ELEICAO 2026 MAURICIO BEDIN MARCON DEPUTADO FEDERAL,68.312.534/0001-97,CNPJ,20000.0,1,0.018444,
43,PROFESSOR CLÁUDIO BRANCHIERI,PL,9,GUAIBA SERVICOS CONTABEIS LTDA,90.828.401/0001-27,CNPJ,20000.0,1,0.018444,
43,PROFESSOR CLÁUDIO BRANCHIERI,PL,10,CORRETORA DE IMOVEIS CAXIAS LTDA,90.312.810/0001-76,CNPJ,18500.0,1,0.017061,
43,PROFESSOR CLÁUDIO BRANCHIERI,PL,11,63.142.156 DEISE DE ALMEIDA MODESTO MORAIS,63.142.156/0001-27,CNPJ,15000.0,1,0.013833,
43,PROFESSOR CLÁUDIO BRANCHIERI,PL,12,LETSROCKET COMUNICACAO DIGITAL LTDA,22.507.365/0001-40,CNPJ,15000.0,1,0.013833,
43,PROFESSOR CLÁUDIO BRANCHIERI,PL,13,MIRIAM JARDIM DE MELLO,***.258.700-**,CPF,12500.0,1,0.011528,
43,PROFESSOR CLÁUDIO BRANCHIERI,PL,14,J.M PASTECHAK TRANSPORTES LTDA,14.371.887/0001-39,CNPJ,10050.0,5,0.009268,
43,PROFESSOR CLÁUDIO BRANCHIERI,PL,15,SILVANA DOS SANTOS DE LIMA,***.898.130-**,CPF,10000.0,1,0.009222,
43,PROFESSOR CLÁUDIO BRANCHIERI,PL,16,PKR TRANSPORTES LTDA,14.976.214/0001-02,CNPJ,8920.99,5,0.008227,
43,PROFESSOR CLÁUDIO BRANCHIERI,PL,17,MARCOS ARTIFON,***.387.580-**,CPF,8750.0,1,0.008069,
43,PROFESSOR CLÁUDIO BRANCHIERI,PL,18,CLAUDIO COUTO JUNIOR,***.582.290-**,CPF,8000.0,1,0.007378,
43,PROFESSOR CLÁUDIO BRANCHIERI,PL,19,LEANDRO JESIEL SCHULZ VIEIRA,***.076.450-**,CPF,8000.0,1,0.007378,
43,PROFESSOR CLÁUDIO BRANCHIERI,PL,20,LUCIANO OSMAR SCHULZ VIEIRA,***.508.810-**,CPF,8000.0,1,0.007378,
43,PROFESSOR CLÁUDIO BRANCHIERI,PL,21,52.009.992 ROSANGELA MACHADO PRADELLA,52.009.992/0001-11,CNPJ,7050.0,2,0.006502,
43,PROFESSOR CLÁUDIO BRANCHIERI,PL,22,VIDIANE ELISABETI SELZLER,***.803.170-**,CPF,6400.0,1,0.005902,
43,PROFESSOR CLÁUDIO BRANCHIERI,PL,23,MARIVETE ZANELLA,***.974.860-**,CPF,6000.0,1,0.005533,
43,PROFESSOR CLÁUDIO BRANCHIERI,PL,24,CLAUDIOMIRO HANSEN,***.950.050-**,CPF,5100.0,1,0.004703,
43,PROFESSOR CLÁUDIO BRANCHIERI,PL,25,JESSICA SABINO FERNANDES,***.123.330-**,CPF,5100.0,1,0.004703,
43,PROFESSOR CLÁUDIO BRANCHIERI,PL,26,MARIO LUIS DA SILVA PIRES,***.030.110-**,CPF,5000.0,1,0.004611,
43,PROFESSOR CLÁUDIO BRANCHIERI,PL,27,VALDECIR TURELLO DE MACEDO,***.521.619-**,CPF,5000.0,1,0.004611,
43,PROFESSOR CLÁUDIO BRANCHIERI,PL,28,ELISANDRA PEREIRA,***.011.730-**,CPF,4950.0,2,0.004565,
43,PROFESSOR CLÁUDIO BRANCHIERI,PL,29,LUIZ HENRIQUE RIBEIRO,***.065.720-**,CPF,4900.0,1,0.004519,
43,PROFESSOR CLÁUDIO BRANCHIERI,PL,30,ROSMERI DOS PASSOS DA SILVA MERLIM,***.764.290-**,CPF,4900.0,1,0.004519,
43,PROFESSOR CLÁUDIO BRANCHIERI,PL,31,GEOVANE SCHNEIDER,***.697.700-**,CPF,4750.0,1,0.00438,
43,PROFESSOR CLÁUDIO BRANCHIERI,PL,32,GUILHERME DA SILVA DORNELES,***.435.770-**,CPF,4650.0,1,0.004288,
43,PROFESSOR CLÁUDIO BRANCHIERI,PL,33,MIRIELLI FERREIRA CHAVES,***.087.500-**,CPF,4650.0,1,0.004288,
43,PROFESSOR CLÁUDIO BRANCHIERI,PL,34,MAIARA MARIA PIETROBOM,***.243.860-**,CPF,4525.0,1,0.004173,
43,PROFESSOR CLÁUDIO BRANCHIERI,PL,35,JANETE DE ALMEIDA ROQUE,***.695.429-**,CPF,4500.0,1,0.00415,
43,PROFESSOR CLÁUDIO BRANCHIERI,PL,36,PAULO ROBERTO PEDROSO PEDROSO,***.752.770-**,CPF,4500.0,1,0.00415,
43,PROFESSOR CLÁUDIO BRANCHIERI,PL,37,RAFAELA DE FREITAS RODRIGUES,***.575.320-**,CPF,4400.0,1,0.004058,
43,PROFESSOR CLÁUDIO BRANCHIERI,PL,38,CAMILA BORGES SOUZA,***.188.220-**,CPF,4350.0,1,0.004012,
43,PROFESSOR CLÁUDIO BRANCHIERI,PL,39,FABIO LUIS DE FREITAS,***.331.510-**,CPF,4350.0,1,0.004012,
43,PROFESSOR CLÁUDIO BRANCHIERI,PL,40,MARIANA RIBEIRO BICCA,***.973.890-**,CPF,4200.0,1,0.003873,
43,PROFESSOR CLÁUDIO BRANCHIERI,PL,41,SUELEN DE MOURA RECK MENDES,***.204.530-**,CPF,4200.0,1,0.003873,
43,PROFESSOR CLÁUDIO BRANCHIERI,PL,42,DANIELA DA ROS ROSA,***.415.800-**,CPF,4000.0,1,0.003689,
43,PROFESSOR CLÁUDIO BRANCHIERI,PL,43,MARTA DO AMARAL RODRIGUES CARNEIRO,***.368.750-**,CPF,4000.0,1,0.003689,
43,PROFESSOR CLÁUDIO BRANCHIERI,PL,44,VIVIANE SELERI,***.535.860-**,CPF,4000.0,1,0.003689,
43,PROFESSOR CLÁUDIO BRANCHIERI,PL,45,GABRIELE SPANIOL,***.046.720-**,CPF,3850.0,1,0.00355,
43,PROFESSOR CLÁUDIO BRANCHIERI,PL,46,LOCADORA DE VEICULOS SANTA CRUZ LTDA.,03.000.720/0001-45,CNPJ,3809.73,2,0.003513,
43,PROFESSOR CLÁUDIO BRANCHIERI,PL,47,MARIANE SOUZA DA COSTA,***.701.880-**,CPF,3800.0,1,0.003504,
43,PROFESSOR CLÁUDIO BRANCHIERI,PL,48,ANDREIA WILMERS KNEIPP,***.111.510-**,CPF,3750.0,1,0.003458,
43,PROFESSOR CLÁUDIO BRANCHIERI,PL,49,DAIELY NATHALIE FLORES BATISTI,***.291.770-**,CPF,3750.0,1,0.003458,
43,PROFESSOR CLÁUDIO BRANCHIERI,PL,50,NOELI JUKOSKI,***.810.780-**,CPF,3720.0,1,0.003431,
43,PROFESSOR CLÁUDIO BRANCHIERI,PL,51,FABRICIA SILVA,***.552.920-**,CPF,3600.0,1,0.00332,
43,PROFESSOR CLÁUDIO BRANCHIERI,PL,52,JOSEANE DELLIBERALI DOS SANTOS,***.176.260-**,CPF,3600.0,1,0.00332,
43,PROFESSOR CLÁUDIO BRANCHIERI,PL,53,ARTHUR MOREIRA PAGANELA,***.962.930-**,CPF,3500.0,1,0.003228,
43,PROFESSOR CLÁUDIO BRANCHIERI,PL,54,CLAUDIA SCHENKEL IMOVEIS LTDA.,39.439.030/0001-34,CNPJ,3500.0,1,0.003228,
43,PROFESSOR CLÁUDIO BRANCHIERI,PL,55,ANA FLORA VERZA,***.613.390-**,CPF,3480.0,1,0.003209,
43,PROFESSOR CLÁUDIO BRANCHIERI,PL,56,ANA JULIA TORRESAN PEREIRA,***.445.510-**,CPF,3480.0,1,0.003209,
43,PROFESSOR CLÁUDIO BRANCHIERI,PL,57,AUTO POSTO ZM LTDA,07.011.546/0001-97,CNPJ,3432.98,12,0.003166,
43,PROFESSOR CLÁUDIO BRANCHIERI,PL,58,LUCAS PADILHA DE OLIVEIRA,***.666.530-**,CPF,3200.0,1,0.002951,
43,PROFESSOR CLÁUDIO BRANCHIERI,PL,59,JAQUESON BATISTI,***.297.680-**,CPF,3150.0,1,0.002905,
43,PROFESSOR CLÁUDIO BRANCHIERI,PL,60,JULIE SELAU BASILIO,***.002.000-**,CPF,3150.0,1,0.002905,
43,PROFESSOR CLÁUDIO BRANCHIERI,PL,61,JANICE BRANCALIONE,***.367.060-**,CPF,3100.0,1,0.002859,
43,PROFESSOR CLÁUDIO BRANCHIERI,PL,62,NATAN DA SILVA ALVES,***.508.310-**,CPF,3020.0,1,0.002785,
43,PROFESSOR CLÁUDIO BRANCHIERI,PL,63,ANA JULIA VERZA,***.613.860-**,CPF,3000.0,1,0.002767,
43,PROFESSOR CLÁUDIO BRANCHIERI,PL,64,ANDRE DA ROSA,***.751.500-**,CPF,3000.0,1,0.002767,
43,PROFESSOR CLÁUDIO BRANCHIERI,PL,65,ANTONIO NEVES DA CRUZ,***.389.870-**,CPF,3000.0,1,0.002767,
43,PROFESSOR CLÁUDIO BRANCHIERI,PL,66,CAROLINE RODRIGUES SILVA,***.250.600-**,CPF,3000.0,1,0.002767,
43,PROFESSOR CLÁUDIO BRANCHIERI,PL,67,CLAUDIA LISIANE DA SILVA,***.327.360-**,CPF,3000.0,1,0.002767,
43,PROFESSOR CLÁUDIO BRANCHIERI,PL,68,CRISTIANE PEREIRA RIBEIRO,***.523.710-**,CPF,3000.0,1,0.002767,
43,PROFESSOR CLÁUDIO BRANCHIERI,PL,69,EDILMA DIAS DA SILVA,***.731.070-**,CPF,3000.0,1,0.002767,
43,PROFESSOR CLÁUDIO BRANCHIERI,PL,70,EDUARDA ROZA BARBOSA,***.012.140-**,CPF,3000.0,1,0.002767,
43,PROFESSOR CLÁUDIO BRANCHIERI,PL,71,FABIANE DE OLIVEIRA LONGARAI,***.097.320-**,CPF,3000.0,1,0.002767,
43,PROFESSOR CLÁUDIO BRANCHIERI,PL,72,IORHAM PETERSON DA SILVA RIBEIRO,***.009.150-**,CPF,3000.0,1,0.002767,
43,PROFESSOR CLÁUDIO BRANCHIERI,PL,73,LUZIA SOMACAL,***.200.490-**,CPF,3000.0,1,0.002767,
43,PROFESSOR CLÁUDIO BRANCHIERI,PL,74,NAJARA MARIA PORTO SABINO,***.988.510-**,CPF,3000.0,1,0.002767,
43,PROFESSOR CLÁUDIO BRANCHIERI,PL,75,PAULO FERNANDO DE MATOS,***.714.450-**,CPF,3000.0,1,0.002767,
43,PROFESSOR CLÁUDIO BRANCHIERI,PL,76,RAFAELA FERRETO,***.748.180-**,CPF,3000.0,1,0.002767,
43,PROFESSOR CLÁUDIO BRANCHIERI,PL,77,TATIANE DA SILVA,***.750.520-**,CPF,3000.0,1,0.002767,
43,PROFESSOR CLÁUDIO BRANCHIERI,PL,78,TEREZINHA EDITE MEIREL DA SILVA,***.607.740-**,CPF,3000.0,1,0.002767,
43,PROFESSOR CLÁUDIO BRANCHIERI,PL,79,EDISON DOS SANTOS,***.646.520-**,CPF,2950.0,1,0.002721,
43,PROFESSOR CLÁUDIO BRANCHIERI,PL,80,ANA PAULA ROSA DE BRITO,***.101.890-**,CPF,2900.0,1,0.002674,
43,PROFESSOR CLÁUDIO BRANCHIERI,PL,81,EDER GIOVANE FAGUNDES CORREA,***.587.210-**,CPF,2900.0,1,0.002674,
43,PROFESSOR CLÁUDIO BRANCHIERI,PL,82,EDSON DANIEL MACEDO,***.543.810-**,CPF,2900.0,1,0.002674,
43,PROFESSOR CLÁUDIO BRANCHIERI,PL,83,LAVINIA RIBEIRO DE OLIVEIRA,***.613.360-**,CPF,2900.0,1,0.002674,
43,PROFESSOR CLÁUDIO BRANCHIERI,PL,84,LIDIANE RIBEIRO DE MATOS,***.448.920-**,CPF,2900.0,1,0.002674,
43,PROFESSOR CLÁUDIO BRANCHIERI,PL,85,LUAN DALA LANA,***.724.190-**,CPF,2900.0,1,0.002674,
43,PROFESSOR CLÁUDIO BRANCHIERI,PL,86,MARIANA MACHADO,***.594.850-**,CPF,2900.0,1,0.002674,
43,PROFESSOR CLÁUDIO BRANCHIERI,PL,87,MARIZANE PEREIRA VIEIRA,***.343.160-**,CPF,2900.0,1,0.002674,
43,PROFESSOR CLÁUDIO BRANCHIERI,PL,88,SABRINA SOARES RECH,***.587.750-**,CPF,2900.0,1,0.002674,
43,PROFESSOR CLÁUDIO BRANCHIERI,PL,89,TAMIRES RAUBER DE MELLO,***.128.410-**,CPF,2900.0,1,0.002674,
43,PROFESSOR CLÁUDIO BRANCHIERI,PL,90,ALINE ABREU DE ANDRADE,***.994.990-**,CPF,2800.0,1,0.002582,
43,PROFESSOR CLÁUDIO BRANCHIERI,PL,91,VERA LUCIA ORLANDI DALMINA,***.501.740-**,CPF,2750.0,1,0.002536,
43,PROFESSOR CLÁUDIO BRANCHIERI,PL,92,CARLOS HENRIQUE GRUESAG,***.961.090-**,CPF,2700.0,1,0.00249,
43,PROFESSOR CLÁUDIO BRANCHIERI,PL,93,OSEIAS PAULO MARTINS BRITES,***.975.290-**,CPF,2700.0,1,0.00249,
43,PROFESSOR CLÁUDIO BRANCHIERI,PL,94,RAQUEL ADRIANA PERONI,***.324.510-**,CPF,2700.0,1,0.00249,
43,PROFESSOR CLÁUDIO BRANCHIERI,PL,95,ARI JOAO DAS DORES PATRICIO,***.416.880-**,CPF,2640.0,1,0.002435,
43,PROFESSOR CLÁUDIO BRANCHIERI,PL,96,FRANCIELE DE SOUZA ALVES,***.489.930-**,CPF,2600.0,1,0.002398,
43,PROFESSOR CLÁUDIO BRANCHIERI,PL,97,GUILHERME OLIVEIRA MACHADO,***.140.440-**,CPF,2500.0,1,0.002306,
43,PROFESSOR CLÁUDIO BRANCHIERI,PL,98,MARIA CELOI MARTINS DE MEDEIROS,***.696.400-**,CPF,2500.0,1,0.002306,
43,PROFESSOR CLÁUDIO BRANCHIERI,PL,99,SIRINEU DALMINA,***.775.300-**,CPF,2500.0,1,0.002306,
43,PROFESSOR CLÁUDIO BRANCHIERI,PL,100,MATHEUS HENRIQUE DA SILVA GIACOMO,***.837.890-**,CPF,2400.0,1,0.002213,
43,PROFESSOR CLÁUDIO BRANCHIERI,PL,101,EDUARDA GOMES SILVEIRA,***.920.280-**,CPF,2300.0,1,0.002121,
43,PROFESSOR CLÁUDIO BRANCHIERI,PL,102,CLAUDIA MENEZES,***.748.050-**,CPF,2160.0,1,0.001992,
43,PROFESSOR CLÁUDIO BRANCHIERI,PL,103,JOANA JUKOSKI,***.946.920-**,CPF,2160.0,1,0.001992,
43,PROFESSOR CLÁUDIO BRANCHIERI,PL,104,BRENDA PEREIRA DO NASCIMENTO,***.310.840-**,CPF,2100.0,1,0.001937,
43,PROFESSOR CLÁUDIO BRANCHIERI,PL,105,DUANA LEMOS MACIEL,***.129.850-**,CPF,2100.0,1,0.001937,
43,PROFESSOR CLÁUDIO BRANCHIERI,PL,106,ERONILDA OCHOA DILLENBURG,***.484.110-**,CPF,2100.0,1,0.001937,
43,PROFESSOR CLÁUDIO BRANCHIERI,PL,107,INGRIDI RODRIGUES PINHEIRO,***.248.810-**,CPF,2000.0,1,0.001844,
43,PROFESSOR CLÁUDIO BRANCHIERI,PL,108,LUIZ GUSTAVO LIMA CARVALHO,***.309.560-**,CPF,2000.0,1,0.001844,
43,PROFESSOR CLÁUDIO BRANCHIERI,PL,109,MARIA CLARA ZINI BINOTTO,***.532.620-**,CPF,2000.0,1,0.001844,
43,PROFESSOR CLÁUDIO BRANCHIERI,PL,110,MATHEUS DOS SANTOS DE LIMA,***.388.650-**,CPF,2000.0,1,0.001844,
43,PROFESSOR CLÁUDIO BRANCHIERI,PL,111,FABIANE WERMUTH,***.042.770-**,CPF,1920.0,1,0.001771,
43,PROFESSOR CLÁUDIO BRANCHIERI,PL,112,GUAIBATEX INDUSTRIA E COMERCIO DE CONFECCOES LTDA,00.687.144/0001-68,CNPJ,1890.0,4,0.001743,
43,PROFESSOR CLÁUDIO BRANCHIERI,PL,113,DIOVANA SARAIVA MONTEIRO,***.115.730-**,CPF,1800.0,1,0.00166,
43,PROFESSOR CLÁUDIO BRANCHIERI,PL,114,EDI GUARAGNI,***.629.930-**,CPF,1800.0,1,0.00166,
43,PROFESSOR CLÁUDIO BRANCHIERI,PL,115,YURI DE OLIVEIRA AMERICO,***.597.640-**,CPF,1700.0,2,0.001568,
43,PROFESSOR CLÁUDIO BRANCHIERI,PL,116,CARLOS CRISTIANO ROOS NECKEL,***.583.620-**,CPF,1600.0,1,0.001476,
43,PROFESSOR CLÁUDIO BRANCHIERI,PL,117,GABRIEL DUARTE WITT,***.025.360-**,CPF,1600.0,1,0.001476,
43,PROFESSOR CLÁUDIO BRANCHIERI,PL,118,CHRISTIAN DE OLIVEIRA BRASIL SOARES,***.617.260-**,CPF,1500.0,1,0.001383,
43,PROFESSOR CLÁUDIO BRANCHIERI,PL,119,ELIZABETH MALU DEMETRIO RIBEIRO,***.829.200-**,CPF,1500.0,1,0.001383,
43,PROFESSOR CLÁUDIO BRANCHIERI,PL,120,JOSE HENRIQUE WEBER CAMARGO,***.821.760-**,CPF,1500.0,1,0.001383,
43,PROFESSOR CLÁUDIO BRANCHIERI,PL,121,ORLANDO CELESTINO ABBADY,***.702.870-**,CPF,1500.0,1,0.001383,
43,PROFESSOR CLÁUDIO BRANCHIERI,PL,122,PARTIDO LIBERAL - VERANOPOLIS - RS - MUNICIPAL,15.741.373/0001-90,CNPJ,1500.0,1,0.001383,
43,PROFESSOR CLÁUDIO BRANCHIERI,PL,123,RUDIMAR VALTER PEROTTINI,***.620.830-**,CPF,1500.0,1,0.001383,
43,PROFESSOR CLÁUDIO BRANCHIERI,PL,124,LIMA JORNALISMO LTDA,44.158.932/0001-32,CNPJ,1450.0,1,0.001337,
43,PROFESSOR CLÁUDIO BRANCHIERI,PL,125,CATIANE MARIA LORANDI,***.967.520-**,CPF,1400.0,1,0.001291,
43,PROFESSOR CLÁUDIO BRANCHIERI,PL,126,RENATA BRAZ MULLER,***.790.470-**,CPF,1400.0,1,0.001291,
43,PROFESSOR CLÁUDIO BRANCHIERI,PL,127,ROGERIO PLASENCIA RODRIGUES,***.541.770-**,CPF,1400.0,1,0.001291,
43,PROFESSOR CLÁUDIO BRANCHIERI,PL,128,MARCIEL SCHNEIDERS,***.259.750-**,CPF,1380.0,1,0.001273,
43,PROFESSOR CLÁUDIO BRANCHIERI,PL,129,G2NETSUL LTDA,09.278.399/0001-41,CNPJ,1318.8,1,0.001216,
43,PROFESSOR CLÁUDIO BRANCHIERI,PL,130,ALBACORA COMBUSTIVEIS LTDA,04.845.316/0001-35,CNPJ,1220.75,5,0.001126,
43,PROFESSOR CLÁUDIO BRANCHIERI,PL,131,KARINE CAGLIARI VILLA,***.310.740-**,CPF,1200.0,1,0.001107,
43,PROFESSOR CLÁUDIO BRANCHIERI,PL,132,LARISSA DO PRADO SOUZA,***.255.380-**,CPF,1200.0,1,0.001107,
43,PROFESSOR CLÁUDIO BRANCHIERI,PL,133,MARCO ANTONIO PAULA KONZEN,***.821.190-**,CPF,1190.0,1,0.001097,
43,PROFESSOR CLÁUDIO BRANCHIERI,PL,134,EDIANE ALMEIDA OLIVEIRA,***.857.460-**,CPF,1100.0,1,0.001014,
43,PROFESSOR CLÁUDIO BRANCHIERI,PL,135,LIARA FONSECA DA SILVA,***.180.099-**,CPF,1000.0,1,0.000922,
43,PROFESSOR CLÁUDIO BRANCHIERI,PL,136,MARCELO RODRIGO MELLO,***.508.250-**,CPF,1000.0,1,0.000922,
43,PROFESSOR CLÁUDIO BRANCHIERI,PL,137,MATHEUS MELLO ALENCASTRO,11.650.935/0001-30,CNPJ,1000.0,1,0.000922,
43,PROFESSOR CLÁUDIO BRANCHIERI,PL,138,ANA CAROLINA ROSA DE BRITO,***.101.760-**,CPF,900.0,1,0.00083,
43,PROFESSOR CLÁUDIO BRANCHIERI,PL,139,GUSTAVO FLACH,***.934.280-**,CPF,900.0,1,0.00083,
43,PROFESSOR CLÁUDIO BRANCHIERI,PL,140,JESSICA SANTANA DA SILVA,***.629.280-**,CPF,900.0,1,0.00083,
43,PROFESSOR CLÁUDIO BRANCHIERI,PL,141,GIONGUES RESTAURANTE BUFFET LTDA.,17.866.594/0001-10,CNPJ,896.0,1,0.000826,
43,PROFESSOR CLÁUDIO BRANCHIERI,PL,142,GRAZIELE MACHADO PINTO,***.601.360-**,CPF,850.0,1,0.000784,
43,PROFESSOR CLÁUDIO BRANCHIERI,PL,143,NEILA TERESINHA MACHADO PINTO,***.046.120-**,CPF,850.0,1,0.000784,
43,PROFESSOR CLÁUDIO BRANCHIERI,PL,144,LUIS CESAR SCHULZ VIEIRA,***.076.470-**,CPF,750.0,1,0.000692,
43,PROFESSOR CLÁUDIO BRANCHIERI,PL,145,PHELLIPE DE OLIVEIRA BRASIL SOARES,***.281.520-**,CPF,750.0,1,0.000692,
43,PROFESSOR CLÁUDIO BRANCHIERI,PL,146,KAUA SOUSA,***.810.920-**,CPF,700.0,1,0.000646,
43,PROFESSOR CLÁUDIO BRANCHIERI,PL,147,MORGANA COMERLATO SCHWEIZER,***.180.220-**,CPF,700.0,1,0.000646,
43,PROFESSOR CLÁUDIO BRANCHIERI,PL,148,RULER PROPAGANDA E MARKETING LTDA,17.661.809/0001-67,CNPJ,700.0,1,0.000646,
43,PROFESSOR CLÁUDIO BRANCHIERI,PL,149,ANTONIO AVILA NUNES,***.893.890-**,CPF,600.0,1,0.000553,
43,PROFESSOR CLÁUDIO BRANCHIERI,PL,150,ANTONIO CESAR FERREIRA VIEIRA JUNIOR,***.562.260-**,CPF,600.0,1,0.000553,
43,PROFESSOR CLÁUDIO BRANCHIERI,PL,151,CLAUDIA ANDRIELLE SCARIOT DE ANDRADE,***.739.750-**,CPF,600.0,1,0.000553,
43,PROFESSOR CLÁUDIO BRANCHIERI,PL,152,FERNANDA ALMEIDA DE OLIVEIRA,***.377.070-**,CPF,600.0,1,0.000553,
43,PROFESSOR CLÁUDIO BRANCHIERI,PL,153,ISMAEL ALMEIDA DE OLIVEIRA,***.484.630-**,CPF,600.0,1,0.000553,
43,PROFESSOR CLÁUDIO BRANCHIERI,PL,154,THALIA RODRIGUES DA SILVA,***.692.880-**,CPF,600.0,1,0.000553,
43,PROFESSOR CLÁUDIO BRANCHIERI,PL,155,THAYSSA RODRIGUES DA SILVA,***.739.180-**,CPF,600.0,1,0.000553,
43,PROFESSOR CLÁUDIO BRANCHIERI,PL,156,VERA REGINA DA FONSECA,***.124.380-**,CPF,600.0,1,0.000553,
43,PROFESSOR CLÁUDIO BRANCHIERI,PL,157,WANG COMUNICACAO LTDA,10.952.719/0001-86,CNPJ,600.0,1,0.000553,
43,PROFESSOR CLÁUDIO BRANCHIERI,PL,158,SEDINEI ANTONIO DO NASCIMENTO,***.153.640-**,CPF,510.0,1,0.00047,
43,PROFESSOR CLÁUDIO BRANCHIERI,PL,159,NATANAEL CHAVES,***.506.970-**,CPF,500.0,1,0.000461,
43,PROFESSOR CLÁUDIO BRANCHIERI,PL,160,PABLO DE FREITAS RIBEIRO,***.945.220-**,CPF,500.0,1,0.000461,
43,PROFESSOR CLÁUDIO BRANCHIERI,PL,161,SHAIANE GONCALVES CARDOSO,***.616.930-**,CPF,500.0,1,0.000461,
43,PROFESSOR CLÁUDIO BRANCHIERI,PL,162,"ENCARGOS FINANCEIROS, TAXAS BANCÁRIAS E/OU OP. CARTÃO DE CRÉDITO",,,408.7,34,0.000377,
43,PROFESSOR CLÁUDIO BRANCHIERI,PL,163,G.S.Z. COMERCIO DE SUPRIMENTOS PARA INFORMATICA LTDA,09.474.128/0001-61,CNPJ,388.65,2,0.000358,
43,PROFESSOR CLÁUDIO BRANCHIERI,PL,164,JAQUELINE ISABEL DE OLIVEIRA,***.154.540-**,CPF,300.0,1,0.000277,
43,PROFESSOR CLÁUDIO BRANCHIERI,PL,165,CAMINHOS DA SERRA GAUCHA S.A.,47.815.827/0001-17,CNPJ,285.27,2,0.000263,
43,PROFESSOR CLÁUDIO BRANCHIERI,PL,166,ISTEPHANI BRAGA DOS SANTOS,***.633.610-**,CPF,200.0,1,0.000184,
43,PROFESSOR CLÁUDIO BRANCHIERI,PL,167,RUBIA RENATA DA FONSECA MAGNAGUAGNO,***.786.150-**,CPF,200.0,1,0.000184,
43,PROFESSOR CLÁUDIO BRANCHIERI,PL,168,ALISSON GILBERTO BUENO DA SILVA BRASIL,***.479.280-**,CPF,100.0,1,9.2e-05,
43,PROFESSOR CLÁUDIO BRANCHIERI,PL,169,CLAUDIA MOREIRA MARTINS,***.797.380-**,CPF,100.0,1,9.2e-05,
43,PROFESSOR CLÁUDIO BRANCHIERI,PL,170,FRANCIELE APARECIDA BUENO RODRIGUES,***.079.400-**,CPF,100.0,1,9.2e-05,
44,RAFAEL BRAGA,MDB,1,GRAFICA E EDITORA IBIRUBA LTDA,90.330.622/0001-70,CNPJ,88460.0,23,0.319126,
44,RAFAEL BRAGA,MDB,2,ALINE ALESSANDRA ALMEIDA BRIZOLA,06.257.037/0001-86,CNPJ,22925.0,7,0.082704,
44,RAFAEL BRAGA,MDB,3,FACEBOOK SERVICOS ONLINE DO BRASIL LTDA.,13.347.016/0001-17,CNPJ,19830.0,6,0.071538,
44,RAFAEL BRAGA,MDB,4,ELEMENTO COMUNICACAO VISUAL LTDA,22.923.904/0001-21,CNPJ,17810.0,20,0.064251,
44,RAFAEL BRAGA,MDB,5,RODIMAR FERREIRA,***.881.060-**,CPF,15000.0,1,0.054114,
44,RAFAEL BRAGA,MDB,6,JAQUELINE MONTEIRO DA LUZ,***.247.630-**,CPF,10000.0,1,0.036076,
44,RAFAEL BRAGA,MDB,7,MARCIA PEREIRA DUARTE,***.451.700-**,CPF,10000.0,2,0.036076,
44,RAFAEL BRAGA,MDB,8,RITA DE CASSIA SIPPERT STRASSER,***.843.790-**,CPF,7099.95,1,0.025614,
44,RAFAEL BRAGA,MDB,9,DOM ARTE IMPRESSOS LTDA,37.307.177/0001-45,CNPJ,6250.0,2,0.022547,
44,RAFAEL BRAGA,MDB,10,MARCELO AUGUSTO VASCONCELOS,***.205.020-**,CPF,5200.0,1,0.018759,
44,RAFAEL BRAGA,MDB,11,ELIANE MARIA BRAUN MAYA,***.786.740-**,CPF,5000.0,1,0.018038,
44,RAFAEL BRAGA,MDB,12,TAISA DA ROSA,***.232.300-**,CPF,5000.0,2,0.018038,
44,RAFAEL BRAGA,MDB,13,GILMAR TELLES BUENO,***.097.960-**,CPF,4000.0,1,0.01443,
44,RAFAEL BRAGA,MDB,14,EVA SILVANA CORREA DE LIMA,***.464.130-**,CPF,3900.0,3,0.01407,
44,RAFAEL BRAGA,MDB,15,FRANCISCO DAROLD PEREIRA,11.683.319/0001-85,CNPJ,3780.0,1,0.013637,
44,RAFAEL BRAGA,MDB,16,JORNAL DIARIO SERRANO LTDA,12.665.863/0001-67,CNPJ,3600.0,1,0.012987,
44,RAFAEL BRAGA,MDB,17,SANTOS SERVICOS DE CONTABILIDADE LTDA,35.636.629/0001-07,CNPJ,3500.0,1,0.012626,
44,RAFAEL BRAGA,MDB,18,DAIELI FERNANDA GROODERS,***.434.040-**,CPF,3000.0,1,0.010823,
44,RAFAEL BRAGA,MDB,19,DEBORA CRISTINA MENDES,***.357.400-**,CPF,3000.0,1,0.010823,
44,RAFAEL BRAGA,MDB,20,FLAVIO PONCIANO ROCHA MOREIRA,***.623.330-**,CPF,3000.0,1,0.010823,
44,RAFAEL BRAGA,MDB,21,LORRANN DA COSTA VALAU,***.979.950-**,CPF,3000.0,1,0.010823,
44,RAFAEL BRAGA,MDB,22,MARCELO FARIA NOBRE,***.388.450-**,CPF,3000.0,1,0.010823,
44,RAFAEL BRAGA,MDB,23,MICHEL BERNARDI,***.623.930-**,CPF,3000.0,1,0.010823,
44,RAFAEL BRAGA,MDB,24,MIGUEL ADONES DE CAMPOS,***.692.730-**,CPF,3000.0,1,0.010823,
44,RAFAEL BRAGA,MDB,25,RAQUEL LUANA WIESNIEWSKI,***.650.130-**,CPF,3000.0,1,0.010823,
44,RAFAEL BRAGA,MDB,26,LAUREM RIBEIRO DA SILVA,***.557.340-**,CPF,2500.0,1,0.009019,
44,RAFAEL BRAGA,MDB,27,ROSALIA DA COSTA GARCIA,***.679.390-**,CPF,2500.0,4,0.009019,
44,RAFAEL BRAGA,MDB,28,CARINE DE LIMA,***.304.920-**,CPF,2400.0,2,0.008658,
44,RAFAEL BRAGA,MDB,29,JULIANA GONCALVES,***.298.320-**,CPF,2250.0,1,0.008117,
44,RAFAEL BRAGA,MDB,30,RICARDO CARPES ESTERIS,***.149.700-**,CPF,2250.0,1,0.008117,
44,RAFAEL BRAGA,MDB,31,EDUARDO OLIVEIRA DA SILVA,***.442.620-**,CPF,1400.0,4,0.005051,
44,RAFAEL BRAGA,MDB,32,ERICK SOARES FECK,***.358.230-**,CPF,1400.0,4,0.005051,
44,RAFAEL BRAGA,MDB,33,33.530.242 ZILMA TERESINHA DE OLIVEIRA,33.530.242/0001-46,CNPJ,1250.0,1,0.004509,
44,RAFAEL BRAGA,MDB,34,EVERALDO DE OLIVEIRA,***.825.800-**,CPF,1200.0,2,0.004329,
44,RAFAEL BRAGA,MDB,35,NAISSANDY OLEINICZAK DE LIMA,***.455.460-**,CPF,1200.0,1,0.004329,
44,RAFAEL BRAGA,MDB,36,MARCELO RIGO,***.099.700-**,CPF,1000.0,1,0.003608,
44,RAFAEL BRAGA,MDB,37,EPJIL EMPRESA PUBLICITARIA E JORNALISTICA IBIRUBA LTDA,88.641.741/0001-00,CNPJ,950.0,1,0.003427,
44,RAFAEL BRAGA,MDB,38,JULIANA SIEG GOULART,***.169.370-**,CPF,750.0,2,0.002706,
44,RAFAEL BRAGA,MDB,39,26.003.922 MARCELO CORTES DE CARVALHO,26.003.922/0001-46,CNPJ,400.0,1,0.001443,
44,RAFAEL BRAGA,MDB,40,LIVRO MAIS EDITORA EDUCACAO LTDA,52.504.183/0001-86,CNPJ,390.0,1,0.001407,
45,RAMIRO ROSÁRIO,Novo,1,GRAFICA R J R LTDA,93.439.313/0001-21,CNPJ,62815.5,9,0.140891,
45,RAMIRO ROSÁRIO,Novo,2,ELEICAO 2026 JULIA BUENO ZARDO DEPUTADO FEDERAL,68.237.019/0001-90,CNPJ,50000.0,1,0.112147,
45,RAMIRO ROSÁRIO,Novo,3,ELEICAO 2026 JOAO BATISTA GARCIA DIAS DEPUTADO FEDERAL,68.237.562/0001-97,CNPJ,32000.0,2,0.071774,
45,RAMIRO ROSÁRIO,Novo,4,FACEBOOK SERVICOS ONLINE DO BRASIL LTDA.,13.347.016/0001-17,CNPJ,23600.0,7,0.052933,
45,RAMIRO ROSÁRIO,Novo,5,ELEICAO 2026 JARBAS NEUMANN DEPUTADO FEDERAL,68.237.055/0001-53,CNPJ,23500.0,1,0.052709,
45,RAMIRO ROSÁRIO,Novo,6,ELEICAO 2026 CARLA RODRIGUES DAITX DEPUTADO FEDERAL,68.237.952/0001-67,CNPJ,20000.0,1,0.044859,
45,RAMIRO ROSÁRIO,Novo,7,ELEICAO 2026 EDUARDO GIL DA SILVA CARREIRA DEPUTADO FEDERAL,68.237.773/0001-20,CNPJ,20000.0,1,0.044859,
45,RAMIRO ROSÁRIO,Novo,8,ELEICAO 2026 ADEMAR RODRIGUES DE MORAES DEPUTADO FEDERAL,68.236.914/0001-90,CNPJ,18000.0,1,0.040373,
45,RAMIRO ROSÁRIO,Novo,9,BANG IMPRESSAO E PROGRAMACAO VISUAL LTDA,05.454.055/0001-95,CNPJ,15520.0,5,0.03481,
45,RAMIRO ROSÁRIO,Novo,10,LEONARDO NIGER WALTER GUICHARD DE PAIVA,***.143.360-**,CPF,14000.0,1,0.031401,
45,RAMIRO ROSÁRIO,Novo,11,GUSTAVO ECCHER LTDA,39.158.679/0001-87,CNPJ,13624.27,23,0.030558,
45,RAMIRO ROSÁRIO,Novo,12,51.089.907 PAULO HENRIQUE GONCALVES DE OLIVEIRA DA SILVA,51.089.907/0001-00,CNPJ,12592.0,1,0.028243,
45,RAMIRO ROSÁRIO,Novo,13,JORNAL REPERCUSSAO LTDA,17.376.797/0001-29,CNPJ,12400.0,1,0.027812,
45,RAMIRO ROSÁRIO,Novo,14,HENRIQUE FORNARI LEITE,***.110.940-**,CPF,11602.64,1,0.026024,
45,RAMIRO ROSÁRIO,Novo,15,68.778.764 ANDREA MAURER DE MORAES,68.778.764/0001-46,CNPJ,10000.0,1,0.022429,
45,RAMIRO ROSÁRIO,Novo,16,ANA PAULA MACHADO & MARTINS ADVOGADOS,48.253.677/0001-68,CNPJ,10000.0,1,0.022429,
45,RAMIRO ROSÁRIO,Novo,17,CUERVO LO PUMO SOCIEDADE INDIVIDUAL DE ADVOCACIA,50.231.355/0001-60,CNPJ,10000.0,1,0.022429,
45,RAMIRO ROSÁRIO,Novo,18,LAURA ELISA MACHADO,***.518.980-**,CPF,9162.91,1,0.020552,
45,RAMIRO ROSÁRIO,Novo,19,KADU MALHAS COMERCIO DE ROUPAS LTDA,88.804.513/0001-04,CNPJ,8400.0,4,0.018841,
45,RAMIRO ROSÁRIO,Novo,20,22.470.913 ALEXSANDRO FERNANDES PEREIRA DE OLIVEIRA,22.470.913/0001-04,CNPJ,8142.87,1,0.018264,
45,RAMIRO ROSÁRIO,Novo,21,ROBERTO MACHADO DE BARROS LIMA,***.697.990-**,CPF,7397.78,1,0.016593,
45,RAMIRO ROSÁRIO,Novo,22,46.759.332 CLEITON MARCELO ARTL RIBAS,46.759.332/0001-55,CNPJ,7157.13,1,0.016053,
45,RAMIRO ROSÁRIO,Novo,23,EMPRESA BRASILEIRA DE CORREIOS E TELEGRAFOS,34.028.316/4374-71,CNPJ,6701.31,1,0.015031,
45,RAMIRO ROSÁRIO,Novo,24,JOKA SUBLIMACAO DIGITAL LTDA,94.350.113/0001-60,CNPJ,6038.0,3,0.013543,
45,RAMIRO ROSÁRIO,Novo,25,RAFAEL DE LIMA ARGIMON,***.148.050-**,CPF,3657.13,1,0.008203,
45,RAMIRO ROSÁRIO,Novo,26,ANS IMPRESSOES GRAFICAS LTDA.,05.677.050/0001-21,CNPJ,3603.9,1,0.008083,
45,RAMIRO ROSÁRIO,Novo,27,ELEICAO 2026 VITOR HUGO PINHEIRO BICCA DEPUTADO FEDERAL,68.237.514/0001-07,CNPJ,3000.0,1,0.006729,
45,RAMIRO ROSÁRIO,Novo,28,RAFAEL DA SILVA ALVES,***.843.560-**,CPF,3000.0,1,0.006729,
45,RAMIRO ROSÁRIO,Novo,29,EDERSON COUTO CORREA,***.879.520-**,CPF,2571.42,1,0.005768,
45,RAMIRO ROSÁRIO,Novo,30,MARCELO DE OLIVEIRA MINAR,***.489.400-**,CPF,2500.0,1,0.005607,
45,RAMIRO ROSÁRIO,Novo,31,JOSE BELIZARIO LOPES DE LOPES,***.350.800-**,CPF,2142.87,1,0.004806,
45,RAMIRO ROSÁRIO,Novo,32,MILTON BRITO DOS SANTOS,***.785.770-**,CPF,2142.85,1,0.004806,
45,RAMIRO ROSÁRIO,Novo,33,JOAO VITOR BIDEMARDE MAIDANA,***.762.040-**,CPF,1928.58,1,0.004326,
45,RAMIRO ROSÁRIO,Novo,34,LUCIANA MARCIA SILVEIRA MENDES,***.848.380-**,CPF,1628.58,1,0.003653,
45,RAMIRO ROSÁRIO,Novo,35,EDER DANIEL DE SOUZA,***.982.080-**,CPF,1528.57,1,0.003428,
45,RAMIRO ROSÁRIO,Novo,36,LUIZ PAULO LIMA DA SILVEIRA,***.994.730-**,CPF,1285.71,1,0.002884,
45,RAMIRO ROSÁRIO,Novo,37,PEDRO PAULO CORREA,***.576.320-**,CPF,1285.71,1,0.002884,
45,RAMIRO ROSÁRIO,Novo,38,EVERTON JESUS FLORES SARTORIO,***.220.340-**,CPF,1071.42,1,0.002403,
45,RAMIRO ROSÁRIO,Novo,39,DAVI KNACK,***.608.240-**,CPF,857.13,1,0.001922,
45,RAMIRO ROSÁRIO,Novo,40,TIAGO EMANUEL PILGER,***.125.890-**,CPF,830.13,1,0.001862,
45,RAMIRO ROSÁRIO,Novo,41,"ENCARGOS FINANCEIROS, TAXAS BANCÁRIAS E/OU OP. CARTÃO DE CRÉDITO",,,155.5,22,0.000349,
46,ROBERTO LUCCHESE,MDB,1,JORNAL A HORA LTDA,04.280.850/0001-41,CNPJ,67500.0,2,0.557308,
46,ROBERTO LUCCHESE,MDB,2,DLOCAL BRASIL INSTITUICAO DE PAGAMENTO S.A.,25.021.356/0001-32,CNPJ,15000.0,4,0.123846,
46,ROBERTO LUCCHESE,MDB,3,SERGIO LUIS BATISTA,90.993.841/0001-30,CNPJ,15000.0,1,0.123846,
46,ROBERTO LUCCHESE,MDB,4,KROTH IMOVEIS E EMPREENDIMENTOS LTDA,08.853.338/0001-06,CNPJ,10000.0,1,0.082564,
46,ROBERTO LUCCHESE,MDB,5,VALE UNIFORMES INDUSTRIA E COMERCIO LTDA,48.475.284/0001-07,CNPJ,10000.0,10,0.082564,
46,ROBERTO LUCCHESE,MDB,6,ECO REGIONAL EMPREENDIMENTOS JORNALISTICOS LTDA,04.066.340/0001-76,CNPJ,1950.0,1,0.0161,
46,ROBERTO LUCCHESE,MDB,7,GRAFICA JORNAL DAS MISSOES LTDA,88.729.629/0001-18,CNPJ,1152.0,1,0.009511,
46,ROBERTO LUCCHESE,MDB,8,EMPRESA JORNALISTICA NOROESTE LTDA,87.687.703/0001-18,CNPJ,516.0,2,0.00426,
47,RONALDO SANTINI,Podemos,1,GRAFICA E EDITORA SAGRADA FAMILIA LTDA,07.528.530/0001-56,CNPJ,48976.4,24,0.268439,
47,RONALDO SANTINI,Podemos,2,FACEBOOK SERVICOS ONLINE DO BRASIL LTDA.,13.347.016/0001-17,CNPJ,20000.0,3,0.10962,
47,RONALDO SANTINI,Podemos,3,CROMO GRAFICA E EDITORA LTDA,05.476.664/0001-45,CNPJ,18930.0,23,0.103755,
47,RONALDO SANTINI,Podemos,4,COMERCIAL BUFFON COMBUSTIVEIS E TRANSPORTES LIMITADA,93.489.243/0001-16,CNPJ,15500.0,3,0.084955,
47,RONALDO SANTINI,Podemos,5,WON COMUNICACAO TOTAL LTDA,88.622.444/0001-00,CNPJ,10205.28,5,0.055935,
47,RONALDO SANTINI,Podemos,6,1000 IMPRESSOES NH LTDA,13.844.156/0001-09,CNPJ,8024.0,5,0.043979,
47,RONALDO SANTINI,Podemos,7,MANUELA VARGAS REBELLO,***.346.360-**,CPF,5500.0,1,0.030145,
47,RONALDO SANTINI,Podemos,8,LEANDRO GRAMS SOUTO,***.012.430-**,CPF,5000.0,1,0.027405,
47,RONALDO SANTINI,Podemos,9,MARIONE CRISTINA SOARES BRUNETTO,***.028.400-**,CPF,4000.0,1,0.021924,
47,RONALDO SANTINI,Podemos,10,FELIPE SANTOS DOS REIS,***.354.870-**,CPF,3800.0,1,0.020828,
47,RONALDO SANTINI,Podemos,11,JORGE BARBOSA DE SOUZA,***.536.210-**,CPF,2500.0,1,0.013702,
47,RONALDO SANTINI,Podemos,12,JOSE AIRTON DE MOURA GOME,***.716.710-**,CPF,2500.0,1,0.013702,
47,RONALDO SANTINI,Podemos,13,MARCIO FABIANO BORGES VALLES,***.563.180-**,CPF,2500.0,1,0.013702,
47,RONALDO SANTINI,Podemos,14,MARI DENIZ ESPIRITO SANTOS GONCALVES,***.615.980-**,CPF,2500.0,1,0.013702,
47,RONALDO SANTINI,Podemos,15,ROBSON LUIS DA SILVA,***.027.110-**,CPF,2500.0,1,0.013702,
47,RONALDO SANTINI,Podemos,16,TAIS POMIE,***.541.110-**,CPF,2500.0,2,0.013702,
47,RONALDO SANTINI,Podemos,17,ANDREIA JAQUELINE COUTINH,***.400.900-**,CPF,2000.0,1,0.010962,
47,RONALDO SANTINI,Podemos,18,SILVANI BUENO CABREIRA,***.141.430-**,CPF,2000.0,1,0.010962,
47,RONALDO SANTINI,Podemos,19,ARTHUR GABRIEL BATAGLIN GOMES,***.301.170-**,CPF,1700.0,2,0.009318,
47,RONALDO SANTINI,Podemos,20,JURANDIR PEREIRA DE OLIVEIRA,***.337.500-**,CPF,1600.0,1,0.00877,
47,RONALDO SANTINI,Podemos,21,DANILDO SIDINEI DE OLIVEIRA,***.271.540-**,CPF,1500.0,1,0.008221,
47,RONALDO SANTINI,Podemos,22,MAICON AZEVEDO RODRIGUES,***.013.850-**,CPF,1500.0,1,0.008221,
47,RONALDO SANTINI,Podemos,23,ROSANDRO HENRIQUE BELLORI,***.772.010-**,CPF,1500.0,2,0.008221,
47,RONALDO SANTINI,Podemos,24,THOMAS BRUCKMANN,***.817.070-**,CPF,1500.0,2,0.008221,
47,RONALDO SANTINI,Podemos,25,DAIANE FIGUEREDO PRETO,***.497.260-**,CPF,1250.0,1,0.006851,
47,RONALDO SANTINI,Podemos,26,MARILIA MATILDE DE JESUS,***.109.810-**,CPF,1250.0,1,0.006851,
47,RONALDO SANTINI,Podemos,27,PEDRO NEDYS BORGES DE PIETRO,***.919.080-**,CPF,1250.0,1,0.006851,
47,RONALDO SANTINI,Podemos,28,JEFERSON LUIS STRIEDER BARBOZA,***.284.248-**,CPF,1000.0,1,0.005481,
47,RONALDO SANTINI,Podemos,29,NG MARKETING E COMUNICACAO LTDA,07.910.717/0001-10,CNPJ,950.0,1,0.005207,
47,RONALDO SANTINI,Podemos,30,JEFFERSON LUIS DA ROCHA DA SILVA,***.986.880-**,CPF,800.0,2,0.004385,
47,RONALDO SANTINI,Podemos,31,LAURENTINO FERNANDES CARDOZO,***.854.880-**,CPF,800.0,2,0.004385,
47,RONALDO SANTINI,Podemos,32,MARCOS AURÉLIO DA SILVA,***.909.800-**,CPF,800.0,2,0.004385,
47,RONALDO SANTINI,Podemos,33,ROSELMA CENI CORREA LACER,***.171.670-**,CPF,800.0,2,0.004385,
47,RONALDO SANTINI,Podemos,34,ÉRICA CAMILA DA SILVA LONGARAY,***.445.810-**,CPF,800.0,2,0.004385,
47,RONALDO SANTINI,Podemos,35,ANDREIA KREMER DA ROSA,***.082.350-**,CPF,750.0,1,0.004111,
47,RONALDO SANTINI,Podemos,36,JULIA SILVA DE ALMEIDA,***.272.180-**,CPF,750.0,1,0.004111,
47,RONALDO SANTINI,Podemos,37,LAUREN FERNANDA PINHEIRO LOPES,***.720.730-**,CPF,750.0,1,0.004111,
47,RONALDO SANTINI,Podemos,38,PAMELA MOTA DA SILVA,***.381.620-**,CPF,750.0,1,0.004111,
47,RONALDO SANTINI,Podemos,39,ROSANGELA UMPIERRE LEAL,***.993.410-**,CPF,750.0,1,0.004111,
47,RONALDO SANTINI,Podemos,40,VALDINEI KREMER DA ROSA,***.037.060-**,CPF,750.0,1,0.004111,
47,RONALDO SANTINI,Podemos,41,"ENCARGOS FINANCEIROS, TAXAS BANCÁRIAS E/OU OP. CARTÃO DE CRÉDITO",,,13.5,2,7.4e-05,
48,RONIZE DAMASSINI,PP,1,GRAFICA E EDITORA COMUNICACAO IMPRESSA LTDA,89.840.797/0001-49,CNPJ,98890.0,7,0.211258,
48,RONIZE DAMASSINI,PP,2,SR INDUSTRIA GRAFICA LTDA,94.692.555/0001-95,CNPJ,43955.0,10,0.093901,
48,RONIZE DAMASSINI,PP,3,CESAR LUIZ BARD,***.470.220-**,CPF,25000.0,1,0.053407,
48,RONIZE DAMASSINI,PP,4,VIU COMUNICACAO E PUBLICIDADE LTDA,33.351.910/0001-78,CNPJ,23900.0,1,0.051057,
48,RONIZE DAMASSINI,PP,5,JACI MARIA TABORDA FASOLO,***.927.720-**,CPF,14000.0,1,0.029908,
48,RONIZE DAMASSINI,PP,6,JOHN AUTOLOCADORA LTDA,34.376.651/0001-00,CNPJ,11000.0,1,0.023499,
48,RONIZE DAMASSINI,PP,7,ODAIR JOSE KARLINSKI,***.634.170-**,CPF,10000.0,1,0.021363,
48,RONIZE DAMASSINI,PP,8,CESAR SCHMITT SOUSA SOCIEDADE INDIVIDUAL DE ADVOCACIA,43.957.904/0001-12,CNPJ,9600.0,1,0.020508,
48,RONIZE DAMASSINI,PP,9,VIVIANE ANAISA HEROLD,***.646.400-**,CPF,8500.0,1,0.018158,
48,RONIZE DAMASSINI,PP,10,LUCIAN ZORZAN ANDREOLA,***.400.470-**,CPF,7500.0,1,0.016022,
48,RONIZE DAMASSINI,PP,11,SUBLIMY PRINT LTDA,58.411.181/0001-29,CNPJ,6790.0,1,0.014505,
48,RONIZE DAMASSINI,PP,12,EDA MARIA FONTANA,***.116.800-**,CPF,5000.0,1,0.010681,
48,RONIZE DAMASSINI,PP,13,GERSON SAVIO JASIOWSKA VACARO,***.400.110-**,CPF,5000.0,1,0.010681,
48,RONIZE DAMASSINI,PP,14,GUILHERME ANDRE WEBER SCHNEIDERS,***.157.360-**,CPF,5000.0,1,0.010681,
48,RONIZE DAMASSINI,PP,15,AMC CONSULTORIA E CONTABILIDADE LTDA,93.711.224/0001-92,CNPJ,4000.0,1,0.008545,
48,RONIZE DAMASSINI,PP,16,AIRTON VAGNER CARDOSO SAMPAIO,***.854.790-**,CPF,2500.0,1,0.005341,
48,RONIZE DAMASSINI,PP,17,ALESSANDRO JORGE VIEIRA,11.064.349/0001-03,CNPJ,2500.0,1,0.005341,
48,RONIZE DAMASSINI,PP,18,CARLOS FRANCIEL ROSSI,***.620.170-**,CPF,2500.0,1,0.005341,
48,RONIZE DAMASSINI,PP,19,CARLOS RODRIGUES KOZLOWSKI,***.458.680-**,CPF,2500.0,1,0.005341,
48,RONIZE DAMASSINI,PP,20,CRISTIANO ANTONIO TREVISAN,***.138.640-**,CPF,2500.0,1,0.005341,
48,RONIZE DAMASSINI,PP,21,DOLIS MICAELA MEISSNER,***.931.620-**,CPF,2500.0,1,0.005341,
48,RONIZE DAMASSINI,PP,22,ETIANE AMARO SAUER FRIEDRICH,***.165.950-**,CPF,2500.0,1,0.005341,
48,RONIZE DAMASSINI,PP,23,FELIPE GASPARETTO VANDERVERT,***.125.700-**,CPF,2500.0,1,0.005341,
48,RONIZE DAMASSINI,PP,24,FERNANDO FASOLO,***.053.260-**,CPF,2500.0,1,0.005341,
48,RONIZE DAMASSINI,PP,25,FLADIMIR PEDROSO DE BASTOS,***.711.480-**,CPF,2500.0,1,0.005341,
48,RONIZE DAMASSINI,PP,26,HILDEGARD BENDER DE OLIVEIRA MACHADO,***.020.510-**,CPF,2500.0,1,0.005341,
48,RONIZE DAMASSINI,PP,27,JAIR ANTONIO TABORDA,***.266.380-**,CPF,2500.0,1,0.005341,
48,RONIZE DAMASSINI,PP,28,JOAO CANISIO GEBERT,***.373.270-**,CPF,2500.0,1,0.005341,
48,RONIZE DAMASSINI,PP,29,JOSE OLDEMAR WEBER,***.429.690-**,CPF,2500.0,1,0.005341,
48,RONIZE DAMASSINI,PP,30,KELIDA LUISA GIESE,***.832.440-**,CPF,2500.0,1,0.005341,
48,RONIZE DAMASSINI,PP,31,LEANDRO RAFAEL NORO,***.657.040-**,CPF,2500.0,1,0.005341,
48,RONIZE DAMASSINI,PP,32,MARCIA PILICAO FEYTH,***.527.450-**,CPF,2500.0,1,0.005341,
48,RONIZE DAMASSINI,PP,33,MARIA ELI ROQUE,***.875.010-**,CPF,2500.0,1,0.005341,
48,RONIZE DAMASSINI,PP,34,NEILA CRISTINA DELLA FLORA,***.856.800-**,CPF,2500.0,1,0.005341,
48,RONIZE DAMASSINI,PP,35,PEDRO AUGUSTO BORGMANN,***.338.830-**,CPF,2500.0,1,0.005341,
48,RONIZE DAMASSINI,PP,36,RENAN FLORES ROSSI,***.066.870-**,CPF,2000.0,1,0.004273,
48,RONIZE DAMASSINI,PP,37,RG COMERCIO DE COMBUSTIVEIS LTDA,19.210.534/0001-70,CNPJ,1938.67,7,0.004142,
48,RONIZE DAMASSINI,PP,38,ADILSON DE OLIVEIRA KOSCREVIC,***.658.430-**,CPF,1700.0,1,0.003632,
48,RONIZE DAMASSINI,PP,39,PAULO RENATO BOHN E CIA LTDA,90.533.316/0001-31,CNPJ,1521.12,4,0.00325,
48,RONIZE DAMASSINI,PP,40,AIRTON BRUM DOS REIS,***.575.980-**,CPF,1500.0,1,0.003204,
48,RONIZE DAMASSINI,PP,41,AIRTON BRUNO DA SILVA FREDRICH,***.878.510-**,CPF,1500.0,1,0.003204,
48,RONIZE DAMASSINI,PP,42,ANDRE QUEIROS DA FONSECA,***.802.190-**,CPF,1500.0,1,0.003204,
48,RONIZE DAMASSINI,PP,43,ANDRIELI DA SILVA OTEIRO ALVES,***.395.110-**,CPF,1500.0,1,0.003204,
48,RONIZE DAMASSINI,PP,44,ANTONIO LUIZ LONGHI,***.633.070-**,CPF,1500.0,1,0.003204,
48,RONIZE DAMASSINI,PP,45,APARECIDA DE FATIMA DORNELES DOS SANTOS,***.556.200-**,CPF,1500.0,1,0.003204,
48,RONIZE DAMASSINI,PP,46,CARLOS LEONARDO ALBUQUERQUE DE OLIVEIRA,***.570.440-**,CPF,1500.0,1,0.003204,
48,RONIZE DAMASSINI,PP,47,CARMEN MEDEIROS,***.157.480-**,CPF,1500.0,1,0.003204,
48,RONIZE DAMASSINI,PP,48,CATARINA MARTINS DOS SANTOS,***.699.840-**,CPF,1500.0,1,0.003204,
48,RONIZE DAMASSINI,PP,49,CLAIDIR TEREZINHA BORGES AMARO,***.912.300-**,CPF,1500.0,1,0.003204,
48,RONIZE DAMASSINI,PP,50,CLARICE MARIA STACH,***.861.650-**,CPF,1500.0,1,0.003204,
48,RONIZE DAMASSINI,PP,51,DAIANE DENISE DE SOUZA,***.900.740-**,CPF,1500.0,1,0.003204,
48,RONIZE DAMASSINI,PP,52,DAIANE FONTANA DE MELO,***.470.280-**,CPF,1500.0,1,0.003204,
48,RONIZE DAMASSINI,PP,53,DANIEL JEAN WENGRAT,***.751.410-**,CPF,1500.0,1,0.003204,
48,RONIZE DAMASSINI,PP,54,DANIEL VEIVERBERG,***.527.230-**,CPF,1500.0,1,0.003204,
48,RONIZE DAMASSINI,PP,55,DANIELA LETICIA ENGLER,***.017.160-**,CPF,1500.0,1,0.003204,
48,RONIZE DAMASSINI,PP,56,DEIVIS RICARDO BUZETTO,***.343.440-**,CPF,1500.0,1,0.003204,
48,RONIZE DAMASSINI,PP,57,DIARLES CHANGO STACH WENDT,***.616.040-**,CPF,1500.0,1,0.003204,
48,RONIZE DAMASSINI,PP,58,DIRCEI LIEBICH STEURER,***.543.140-**,CPF,1500.0,1,0.003204,
48,RONIZE DAMASSINI,PP,59,DIRCEU DA SILVEIRA TAVARES,***.359.770-**,CPF,1500.0,1,0.003204,
48,RONIZE DAMASSINI,PP,60,EDEMILSON DA SILVA SOUZA,***.110.170-**,CPF,1500.0,1,0.003204,
48,RONIZE DAMASSINI,PP,61,ELENIR SCHRODER KOPPENHAGEN,***.066.220-**,CPF,1500.0,1,0.003204,
48,RONIZE DAMASSINI,PP,62,ELISIANE SANTOS DOS SANTOS,***.818.750-**,CPF,1500.0,1,0.003204,
48,RONIZE DAMASSINI,PP,63,ELPIDIO ALVES DA SILVA,***.607.310-**,CPF,1500.0,1,0.003204,
48,RONIZE DAMASSINI,PP,64,EODIVA TERESINHA SELL,***.219.550-**,CPF,1500.0,1,0.003204,
48,RONIZE DAMASSINI,PP,65,EVA MARQUES KESSLER,***.830.880-**,CPF,1500.0,1,0.003204,
48,RONIZE DAMASSINI,PP,66,EVERTON KITTLAUS,***.016.330-**,CPF,1500.0,1,0.003204,
48,RONIZE DAMASSINI,PP,67,FERNANDA DORNELES DOS SANTOS,***.871.150-**,CPF,1500.0,1,0.003204,
48,RONIZE DAMASSINI,PP,68,FERNANDA MATIAS SILVA,***.970.350-**,CPF,1500.0,1,0.003204,
48,RONIZE DAMASSINI,PP,69,FERNANDO CASAROTTO OBREGAO,***.138.110-**,CPF,1500.0,1,0.003204,
48,RONIZE DAMASSINI,PP,70,FLAVIO SANMARTIN,***.619.470-**,CPF,1500.0,1,0.003204,
48,RONIZE DAMASSINI,PP,71,GILBERTO COLVERO,***.479.290-**,CPF,1500.0,1,0.003204,
48,RONIZE DAMASSINI,PP,72,GILBERTO ROCHA MENDONCA,***.294.650-**,CPF,1500.0,1,0.003204,
48,RONIZE DAMASSINI,PP,73,GUSTAVO DOS SANTOS CAMILLO,***.614.100-**,CPF,1500.0,1,0.003204,
48,RONIZE DAMASSINI,PP,74,GUSTAVO HENRIQUE LUFT,***.773.570-**,CPF,1500.0,1,0.003204,
48,RONIZE DAMASSINI,PP,75,HENRIQUE LENCINA DE SENNE,***.013.650-**,CPF,1500.0,1,0.003204,
48,RONIZE DAMASSINI,PP,76,ISAEL DA SILVEIRA GONCALVES,***.106.930-**,CPF,1500.0,1,0.003204,
48,RONIZE DAMASSINI,PP,77,IVETE TERESINHA DE SOUZA,***.300.610-**,CPF,1500.0,1,0.003204,
48,RONIZE DAMASSINI,PP,78,JADIR DE SOUZA,***.547.600-**,CPF,1500.0,1,0.003204,
48,RONIZE DAMASSINI,PP,79,JESSICA WEISS,***.274.210-**,CPF,1500.0,1,0.003204,
48,RONIZE DAMASSINI,PP,80,JULIANA MARQUES,***.347.600-**,CPF,1500.0,1,0.003204,
48,RONIZE DAMASSINI,PP,81,KAETANO KUHLER,***.634.740-**,CPF,1500.0,1,0.003204,
48,RONIZE DAMASSINI,PP,82,KAUA WOJAHN,***.277.110-**,CPF,1500.0,1,0.003204,
48,RONIZE DAMASSINI,PP,83,LARISSA GABRIELA GRAUNKE CIOTTI,***.857.950-**,CPF,1500.0,1,0.003204,
48,RONIZE DAMASSINI,PP,84,LICIVANI GONCALVES DOS SANTOS,***.735.280-**,CPF,1500.0,1,0.003204,
48,RONIZE DAMASSINI,PP,85,LILIA CAROLINE DA SILVA DA ROSA,***.499.550-**,CPF,1500.0,1,0.003204,
48,RONIZE DAMASSINI,PP,86,LUANA DA SILVA LIRIO,***.921.062-**,CPF,1500.0,1,0.003204,Documento exibido pelo TSE não passa na verificação de dígitos
48,RONIZE DAMASSINI,PP,87,LUCIMARA ROSEAK DA SILVA,***.019.830-**,CPF,1500.0,1,0.003204,
48,RONIZE DAMASSINI,PP,88,LUCIO OMAR AZEREDO FARIAS,***.216.860-**,CPF,1500.0,1,0.003204,
48,RONIZE DAMASSINI,PP,89,LUIZ CARLOS DE VARGAS,***.955.560-**,CPF,1500.0,1,0.003204,
48,RONIZE DAMASSINI,PP,90,LUIZ FERNANDO BOLFE,***.934.720-**,CPF,1500.0,1,0.003204,
48,RONIZE DAMASSINI,PP,91,MADALENA DORNELES DOS SANTOS,***.669.370-**,CPF,1500.0,1,0.003204,
48,RONIZE DAMASSINI,PP,92,MARCIA DUARTE DA SILVA,***.011.000-**,CPF,1500.0,1,0.003204,
48,RONIZE DAMASSINI,PP,93,MARCOS ANTONIO BIDIN,***.248.570-**,CPF,1500.0,1,0.003204,
48,RONIZE DAMASSINI,PP,94,MARIA GESSI CAETANO,***.327.770-**,CPF,1500.0,1,0.003204,
48,RONIZE DAMASSINI,PP,95,MARLETE FATIMA RADKE,***.361.390-**,CPF,1500.0,1,0.003204,
48,RONIZE DAMASSINI,PP,96,MARY DE JESUS CERQUEIRA,***.289.305-**,CPF,1500.0,1,0.003204,
48,RONIZE DAMASSINI,PP,97,NARDEL FERNANDES,***.730.550-**,CPF,1500.0,1,0.003204,
48,RONIZE DAMASSINI,PP,98,NORTON AUGUSTO MARTINI FILIPIN,***.006.740-**,CPF,1500.0,1,0.003204,
48,RONIZE DAMASSINI,PP,99,ODAIR MARCELIO FUHRMANN,***.787.080-**,CPF,1500.0,1,0.003204,
48,RONIZE DAMASSINI,PP,100,PABLO RODRIGUES DA SILVA,***.482.480-**,CPF,1500.0,1,0.003204,
48,RONIZE DAMASSINI,PP,101,PAULO ADEMIR BENVENUTI,***.466.400-**,CPF,1500.0,1,0.003204,
48,RONIZE DAMASSINI,PP,102,PAULO RICARDO BRUM,***.943.950-**,CPF,1500.0,1,0.003204,
48,RONIZE DAMASSINI,PP,103,PAULO SERGIO BARCELOS,***.413.270-**,CPF,1500.0,1,0.003204,
48,RONIZE DAMASSINI,PP,104,QUEILA FRANCA GONCALVES,***.728.170-**,CPF,1500.0,1,0.003204,
48,RONIZE DAMASSINI,PP,105,REGINA DE VARGAS,***.139.480-**,CPF,1500.0,1,0.003204,
48,RONIZE DAMASSINI,PP,106,ROBERTO PAULO ALBRING PREDIGER,***.866.850-**,CPF,1500.0,1,0.003204,
48,RONIZE DAMASSINI,PP,107,ROSANA MARIA DUTRA DE FREITAS,***.105.530-**,CPF,1500.0,1,0.003204,
48,RONIZE DAMASSINI,PP,108,ROSANE COSTA DA SILVEIRA,***.684.880-**,CPF,1500.0,1,0.003204,
48,RONIZE DAMASSINI,PP,109,SERGIO SILVA DA LUZ,***.494.500-**,CPF,1500.0,1,0.003204,
48,RONIZE DAMASSINI,PP,110,SILVANA VAIS SCHWINKS,***.256.410-**,CPF,1500.0,1,0.003204,
48,RONIZE DAMASSINI,PP,111,SIMONE DA SILVA VIEIRA,***.887.590-**,CPF,1500.0,1,0.003204,
48,RONIZE DAMASSINI,PP,112,SUELEN DA SILVEIRA GONCALVES,***.907.190-**,CPF,1500.0,1,0.003204,
48,RONIZE DAMASSINI,PP,113,TERESINHA SARTORI DA SILVA,***.622.990-**,CPF,1500.0,1,0.003204,
48,RONIZE DAMASSINI,PP,114,VANIA LEMOS CONTRI,***.082.300-**,CPF,1500.0,1,0.003204,
48,RONIZE DAMASSINI,PP,115,VINICIUS ZANELA RAZIA,***.576.750-**,CPF,1500.0,1,0.003204,
48,RONIZE DAMASSINI,PP,116,ZENAIDE DE ALMEIDA,***.386.780-**,CPF,1500.0,1,0.003204,
48,RONIZE DAMASSINI,PP,117,CRISTIAN ANTONIO KLEIN SCOLARI,***.531.900-**,CPF,1250.0,1,0.00267,
48,RONIZE DAMASSINI,PP,118,ELIANE NIMITT CANTINI,***.882.550-**,CPF,1250.0,1,0.00267,
48,RONIZE DAMASSINI,PP,119,ELISANDRA NASCIMENTO BARBOSA,***.822.430-**,CPF,1250.0,1,0.00267,
48,RONIZE DAMASSINI,PP,120,ENILDA KULMANN LEMOS,***.474.000-**,CPF,1250.0,1,0.00267,
48,RONIZE DAMASSINI,PP,121,EVA DOS SANTOS PEREIRA,***.100.390-**,CPF,1250.0,1,0.00267,
48,RONIZE DAMASSINI,PP,122,MARA ELIZETE GOMES FALCAO,***.451.820-**,CPF,1250.0,1,0.00267,
48,RONIZE DAMASSINI,PP,123,ROSANE OLIVEIRA DA SILVA,***.585.330-**,CPF,1250.0,1,0.00267,
48,RONIZE DAMASSINI,PP,124,ISABELA APARECIDA DAL MOLIN PEIXE,***.454.020-**,CPF,1000.0,1,0.002136,
48,RONIZE DAMASSINI,PP,125,KAMILLY BRITES SIMMI,***.572.420-**,CPF,1000.0,1,0.002136,
48,RONIZE DAMASSINI,PP,126,MILENE VARGAS RESMINI,***.795.180-**,CPF,1000.0,1,0.002136,
48,RONIZE DAMASSINI,PP,127,NEUZA DEUZINA LOUREIRO ARNDT,***.961.130-**,CPF,750.0,1,0.001602,
48,RONIZE DAMASSINI,PP,128,EMPRESA BRASILEIRA DE CORREIOS E TELEGRAFOS,34.028.316/0977-86,CNPJ,600.7,1,0.001283,
48,RONIZE DAMASSINI,PP,129,EMBAIXADOR PRIME HOTEL LTDA,07.747.151/0001-57,CNPJ,572.95,1,0.001224,
48,RONIZE DAMASSINI,PP,130,ANDREY ZIMMER DA SILVA,***.219.790-**,CPF,500.0,1,0.001068,
48,RONIZE DAMASSINI,PP,131,ROSEMERI DUTRA MARTINS,***.205.440-**,CPF,500.0,1,0.001068,
48,RONIZE DAMASSINI,PP,132,SANDRA TERESINHA KERBER LTDA,66.092.902/0001-03,CNPJ,467.48,5,0.000999,
48,RONIZE DAMASSINI,PP,133,EMPRESA BRASILEIRA DE CORREIOS E TELEGRAFOS,34.028.316/0001-03,CNPJ,461.5,1,0.000986,
48,RONIZE DAMASSINI,PP,134,SIM REDE DE POSTOS LTDA,07.473.735/0065-46,CNPJ,435.69,1,0.000931,
48,RONIZE DAMASSINI,PP,135,JP SANTA LUCIA COMERCIO DE COMBUSTIVEIS LTDA,17.695.813/0026-02,CNPJ,306.8,1,0.000655,
48,RONIZE DAMASSINI,PP,136,POSTO DE SERVICOS FRITSCH LTDA,98.042.294/0001-19,CNPJ,265.04,1,0.000566,
48,RONIZE DAMASSINI,PP,137,SEBALDO BUTZKE E CIA LTDA,91.452.102/0001-01,CNPJ,241.14,1,0.000515,
48,RONIZE DAMASSINI,PP,138,SAO JOAO PALACE HOTEL LTDA,01.084.728/0001-01,CNPJ,184.51,1,0.000394,
48,RONIZE DAMASSINI,PP,139,CALDAS - RESTAURANTE VIDA & SAUDE LTDA.,44.009.101/0001-07,CNPJ,135.0,1,0.000288,
48,RONIZE DAMASSINI,PP,140,"ENCARGOS FINANCEIROS, TAXAS BANCÁRIAS E/OU OP. CARTÃO DE CRÉDITO",,,64.5,9,0.000138,
48,RONIZE DAMASSINI,PP,141,SIM REDE DE POSTOS LTDA,07.473.735/0185-52,CNPJ,35.79,1,7.6e-05,
48,RONIZE DAMASSINI,PP,142,ALERCIO J CHRIST E CIA LTDA,92.332.246/0001-89,CNPJ,35.4,1,7.6e-05,
49,SALMO,PP,1,JAQUELINE CREMONINI DA SILVA LTDA,60.443.704/0001-60,CNPJ,78150.0,6,0.272678,
49,SALMO,PP,2,PRINTER INDUSTRIA E COMERCIO LTDA,45.876.852/0001-85,CNPJ,61500.0,1,0.214584,
49,SALMO,PP,3,CITYCAR ALUGUEL DE VEICULOS S.A.,68.765.049/0001-79,CNPJ,34860.0,6,0.121632,
49,SALMO,PP,4,VGRAF IMPRESSOS E EMBALAGENS LTDA,93.630.788/0001-09,CNPJ,29586.0,4,0.10323,
49,SALMO,PP,5,KADU MALHAS COMERCIO DE ROUPAS LTDA,88.804.513/0001-04,CNPJ,26700.0,2,0.093161,
49,SALMO,PP,6,NOVA CLASSE COMERCIO DE VEICULOS MULTIMARCAS LTDA,42.113.737/0001-60,CNPJ,18000.0,3,0.062805,
49,SALMO,PP,7,CONTABILIDADE APROVADA LTDA,56.659.546/0001-03,CNPJ,12000.0,1,0.04187,
49,SALMO,PP,8,GRAFICA E EDITORA VENANCIO AYRES LTDA,10.567.479/0001-04,CNPJ,4300.0,2,0.015003,
49,SALMO,PP,9,FACEBOOK SERVICOS ONLINE DO BRASIL LTDA.,13.347.016/0001-17,CNPJ,3000.0,1,0.010467,
49,SALMO,PP,10,ZEQUIAS DE MELO QUEIROZ,36.516.678/0001-79,CNPJ,2053.1,9,0.007164,
49,SALMO,PP,11,COMERCIO DE COMBUSTIVEIS MG LTDA,64.702.630/0001-90,CNPJ,1394.68,7,0.004866,
49,SALMO,PP,12,POSTO 44 INTERNACIONAL COMERCIO DE COMBUSTIVEIS LTDA,41.876.743/0001-07,CNPJ,1370.85,5,0.004783,
49,SALMO,PP,13,POSTO BORGES LTDA,34.267.208/0001-93,CNPJ,1319.38,5,0.004604,
49,SALMO,PP,14,MP POSTOS E LOGISTICA LTDA,23.448.964/0029-01,CNPJ,1229.21,6,0.004289,
49,SALMO,PP,15,ANTONIO DOLCI CIA LTDA,88.509.989/0001-04,CNPJ,1018.67,4,0.003554,
49,SALMO,PP,16,PEROLA EDITORA JORNALISTICA LTDA,87.856.738/0001-33,CNPJ,920.0,1,0.00321,
49,SALMO,PP,17,M & M COMERCIO E DERIVADOS DE PETROLEO LTDA,03.569.721/0001-05,CNPJ,815.41,3,0.002845,
49,SALMO,PP,18,GRUPO SEPE TIARAJU DE COMUNICACOES LTDA,07.982.466/0001-89,CNPJ,750.0,1,0.002617,
49,SALMO,PP,19,POSTO SANTA TEREZINHA LTDA,87.723.417/0011-32,CNPJ,622.04,3,0.00217,
49,SALMO,PP,20,AUTO POSTO GENERAL STORE LTDA,88.437.231/0001-08,CNPJ,527.03,2,0.001839,
49,SALMO,PP,21,ABASTECEDORA AGNOLIN LTDA,01.595.146/0002-70,CNPJ,447.77,2,0.001562,
49,SALMO,PP,22,PORTO GARIBALDI COMERCIO DE COMBUSTIVEIS LTDA,16.899.185/0001-58,CNPJ,427.02,2,0.00149,
49,SALMO,PP,23,COOPERATIVA TRITICOLA REGIONAL SAOLUIZENSE LTDA,97.078.463/0055-09,CNPJ,395.04,2,0.001378,
49,SALMO,PP,24,COMERCIO DE COMBUSTIVEIS D&G LTDA,64.560.924/0001-25,CNPJ,369.14,2,0.001288,
49,SALMO,PP,25,VALDIR DOS SANTOS PREVIATTI & FILHO LTDA,89.935.837/0001-36,CNPJ,287.01,1,0.001001,
49,SALMO,PP,26,SIM REDE DE POSTOS LTDA,07.473.735/0178-23,CNPJ,257.97,1,0.0009,
49,SALMO,PP,27,REDE DE POSTOS ZANELA LTDA,20.323.944/0002-98,CNPJ,256.48,1,0.000895,
49,SALMO,PP,28,WERKHAUSEN COMERCIO DE COMBUSTIVEIS LTDA,12.908.617/0001-99,CNPJ,250.0,1,0.000872,
49,SALMO,PP,29,COMERCIO DE COMBUSTIVEIS GRODERS LTDA,05.133.768/0001-57,CNPJ,243.0,1,0.000848,
49,SALMO,PP,30,COMERCIAL BUFFON COMBUSTIVEIS E TRANSPORTES LIMITADA,93.489.243/0030-50,CNPJ,240.97,1,0.000841,
49,SALMO,PP,31,MAPER COMBUSTIVEIS LTDA,42.355.028/0002-72,CNPJ,240.86,1,0.00084,
49,SALMO,PP,32,SIM REDE DE POSTOS LTDA,07.473.735/0242-85,CNPJ,240.49,1,0.000839,
49,SALMO,PP,33,MP POSTOS E LOGISTICA LTDA,23.448.964/0033-80,CNPJ,239.69,1,0.000836,
49,SALMO,PP,34,SIM REDE DE POSTOS LTDA,07.473.735/0023-97,CNPJ,232.73,1,0.000812,
49,SALMO,PP,35,ROSALVO H. OGLIARI & CIA LTDA,04.879.337/0001-71,CNPJ,232.03,1,0.00081,
49,SALMO,PP,36,COMERCIO DE COMBUSTIVEIS LAMBRETA LTDA,54.023.622/0001-64,CNPJ,225.5,1,0.000787,
49,SALMO,PP,37,COMERCIO DE COMBUSTIVEIS FLORESTAL LTDA,02.558.109/0009-21,CNPJ,225.44,2,0.000787,
49,SALMO,PP,38,ALCIDA MARIA MADALOZZO,10.241.276/0001-15,CNPJ,221.82,1,0.000774,
49,SALMO,PP,39,POSTO DE COMBUSTIVEL ARRANCADAO LTDA,48.051.097/0001-98,CNPJ,208.74,1,0.000728,
49,SALMO,PP,40,COTRISAL AGROINDUSTRIAL COOPERATIVA,97.320.451/0085-56,CNPJ,206.0,2,0.000719,
49,SALMO,PP,41,COMERCIO DE COMBUSTIVEIS MULLER MARTINS LTDA,90.730.748/0001-32,CNPJ,202.73,1,0.000707,
49,SALMO,PP,42,R C BARBI,90.903.667/0001-97,CNPJ,202.4,1,0.000706,
49,SALMO,PP,43,DANIELI E DANIELI AUTO POSTO LTDA,32.451.006/0001-71,CNPJ,183.51,1,0.00064,
49,SALMO,PP,44,AUTO POSTO KANINHA LTDA,88.305.412/0005-04,CNPJ,174.1,1,0.000607,
49,SALMO,PP,45,AUTO POSTO D & G LTDA,87.616.413/0002-64,CNPJ,153.36,1,0.000535,
49,SALMO,PP,46,POSTO 44 IJUI COMERCIO DE COMBUSTIVEIS LTDA,01.892.399/0001-25,CNPJ,121.43,1,0.000424,
50,SCALCO,PL,1,GUEGOO INDUSTRIA E COMERCIO DE PRODUTOS PARA COMUNICACAO VISUAL LTDA,41.645.885/0001-63,CNPJ,59217.0,2,0.155096,
50,SCALCO,PL,2,FACEBOOK SERVICOS ONLINE DO BRASIL LTDA.,13.347.016/0001-17,CNPJ,42500.0,3,0.111312,
50,SCALCO,PL,3,JOAO PEDROZANOTTO BRESSAN,***.637.000-**,CPF,33800.0,1,0.088526,
50,SCALCO,PL,4,L PEREIRA CONSULTORIA,27.807.819/0001-11,CNPJ,28780.0,1,0.075378,
50,SCALCO,PL,5,MI DIGITAL LTDA.,09.168.032/0001-75,CNPJ,21622.0,13,0.05663,
50,SCALCO,PL,6,34.360.084 CYNDY SHARON DRESCH DA SILVA,34.360.084/0001-96,CNPJ,20000.0,1,0.052382,
50,SCALCO,PL,7,68.369.189 DOUGLAS DE OLIVEIRA TELES,68.369.189/0001-28,CNPJ,20000.0,1,0.052382,
50,SCALCO,PL,8,LORIGRAF GRAFICA E EDITORA LTDA,93.532.968/0001-40,CNPJ,19600.0,3,0.051335,
50,SCALCO,PL,9,FERNADO FORLIN BIRCK,***.799.150-**,CPF,14000.0,1,0.036668,
50,SCALCO,PL,10,MARIA DE LOURDES RESADORI,***.845.730-**,CPF,10600.0,1,0.027763,
50,SCALCO,PL,11,ARKIO NEGOCIACOES E REPRESENTACOES LTDA,18.813.835/0001-26,CNPJ,10000.0,1,0.026191,
50,SCALCO,PL,12,RODRIGO PONTALTI,***.879.210-**,CPF,8000.0,2,0.020953,
50,SCALCO,PL,13,RYAN GABRIEL MOREIRA,***.611.610-**,CPF,8000.0,1,0.020953,
50,SCALCO,PL,14,MARTA GENI SLOMP,***.793.760-**,CPF,7500.0,1,0.019643,
50,SCALCO,PL,15,XPLAY DIGITAL LTDA,45.599.364/0001-78,CNPJ,6750.0,1,0.017679,
50,SCALCO,PL,16,VINIIUS JAENSEN,***.251.580-**,CPF,6000.0,1,0.015715,
50,SCALCO,PL,17,LOVISON & LOVISON LTDA,00.563.381/0001-17,CNPJ,5900.0,1,0.015453,
50,SCALCO,PL,18,ZITA ROSANE SLOMP DRAGO,***.959.380-**,CPF,5000.0,1,0.013096,
50,SCALCO,PL,19,GELSON TEIXEIRA DE SOUZA,***.940.320-**,CPF,4500.0,1,0.011786,
50,SCALCO,PL,20,AMARILDO DGAR ZAMPEZE,***.951.570-**,CPF,3500.0,1,0.009167,
50,SCALCO,PL,21,PRO PINK PAINEIS LTDA,89.566.673/0001-17,CNPJ,3489.42,1,0.009139,
50,SCALCO,PL,22,JULIANA LUISA PACHECO HAHN,***.952.450-**,CPF,2500.0,1,0.006548,
50,SCALCO,PL,23,REMI SONDA,***.062.190-**,CPF,2500.0,1,0.006548,
50,SCALCO,PL,24,GRAFICA IMIGRANTE LTDA,90.389.453/0001-44,CNPJ,2220.0,1,0.005814,
50,SCALCO,PL,25,MORRIS ALBERT BIANO,***.787.000-**,CPF,2000.0,1,0.005238,
50,SCALCO,PL,26,SANDRA MARIS DE OLIVEIRA,***.414.600-**,CPF,2000.0,1,0.005238,
50,SCALCO,PL,27,PAULO HIGINO FAVETTI,***.119.059-**,CPF,1500.0,1,0.003929,
50,SCALCO,PL,28,SEBASTIAO VALIMDE ANDRADE,***.251.580-**,CPF,1500.0,1,0.003929,
50,SCALCO,PL,29,CAROLINE DE AGUIAR,***.857.570-**,CPF,1080.0,1,0.002829,
50,SCALCO,PL,30,DAIANE MACIEL ESPINDOLA,***.436.930-**,CPF,1080.0,1,0.002829,
50,SCALCO,PL,31,JHONATEN NEVES MATOS,***.019.220-**,CPF,1080.0,1,0.002829,
50,SCALCO,PL,32,CAUA MOREIRA,***.845.210-**,CPF,1050.0,1,0.00275,
50,SCALCO,PL,33,LEONARDO LEVANDOSKIDAS NEVES,***.257.370-**,CPF,1050.0,1,0.00275,
50,SCALCO,PL,34,LETICIA SILVA DOS SANTOS,***.642.790-**,CPF,1050.0,2,0.00275,
50,SCALCO,PL,35,ALEXANDRA DE CARLI,***.414.320-**,CPF,960.0,1,0.002514,
50,SCALCO,PL,36,CAUANI VIANA POLI DE AGUIAR,***.827.620-**,CPF,960.0,1,0.002514,
50,SCALCO,PL,37,DANIELLE DE MIRANDA DOS SANTOS,***.502.350-**,CPF,960.0,1,0.002514,
50,SCALCO,PL,38,LEILA DAMIN DA SILVA,***.615.460-**,CPF,960.0,1,0.002514,
50,SCALCO,PL,39,MARCO ANTONIO OLIVEIRA DOS SANTOS,***.686.100-**,CPF,960.0,1,0.002514,
50,SCALCO,PL,40,RUBIANE MANFRON,***.965.820-**,CPF,960.0,1,0.002514,
50,SCALCO,PL,41,TIAGO FLORENCIO NETTO,***.315.700-**,CPF,960.0,1,0.002514,
50,SCALCO,PL,42,WILLIAN GALVAO DA SILVEIRA,***.536.970-**,CPF,960.0,1,0.002514,
50,SCALCO,PL,43,YASMIN APARECIDA DOS SANTOS ALVES,***.427.200-**,CPF,960.0,1,0.002514,
50,SCALCO,PL,44,MAIARA MOREIRA MACIEL,***.444.700-**,CPF,900.0,1,0.002357,
50,SCALCO,PL,45,ADENILDA MUSSATTO,***.955.360-**,CPF,840.0,1,0.0022,
50,SCALCO,PL,46,CATIANE APARECIDA DE AGUIAR,***.725.660-**,CPF,840.0,1,0.0022,
50,SCALCO,PL,47,NEUSA DA SILVA FREITAS,***.191.400-**,CPF,840.0,1,0.0022,
50,SCALCO,PL,48,VITORIA MACHADO FLORENCIO,***.571.760-**,CPF,840.0,1,0.0022,
50,SCALCO,PL,49,WILLIAN GABRIEL MULLER,***.279.460-**,CPF,840.0,1,0.0022,
50,SCALCO,PL,50,ERICK HENRIQUE MACIEL DE MELLO,***.018.890-**,CPF,720.0,1,0.001886,
50,SCALCO,PL,51,IUME CATIELE BICA,***.335.610-**,CPF,720.0,1,0.001886,
50,SCALCO,PL,52,COMERCIAL ZAFFARI LTDA,92.016.757/0073-66,CNPJ,664.01,1,0.001739,
50,SCALCO,PL,53,ALEXANDER DA ROCHA DOS REIS,***.307.470-**,CPF,600.0,1,0.001571,
50,SCALCO,PL,54,AMARILDO RAGNINI,***.844.170-**,CPF,600.0,1,0.001571,
50,SCALCO,PL,55,LEDIANE AIRES DE OLIVEIRA,***.471.100-**,CPF,600.0,1,0.001571,
50,SCALCO,PL,56,MARILDA GONCALVES DA FONS,***.604.600-**,CPF,600.0,1,0.001571,
50,SCALCO,PL,57,NILTO ALEX SALLES,***.868.700-**,CPF,600.0,1,0.001571,
50,SCALCO,PL,58,DAIANA DE LIMA DE BIAZZI,***.095.490-**,CPF,480.0,1,0.001257,
50,SCALCO,PL,59,PRISCILA RITTER MORAES,***.415.510-**,CPF,480.0,1,0.001257,
50,SCALCO,PL,60,THASSIANE NOGUEIRA DA SILVA,***.359.790-**,CPF,480.0,1,0.001257,
50,SCALCO,PL,61,ANNA VICTORIA MAGALHAES BITENCORT,***.454.870-**,CPF,360.0,1,0.000943,
50,SCALCO,PL,62,NEIVA MARIA DA SILVA FREITAS,***.255.440-**,CPF,360.0,1,0.000943,
50,SCALCO,PL,63,CAMILA FRANCA FARIAS,***.411.749-**,CPF,320.0,1,0.000838,
50,SCALCO,PL,64,FELIPE GABRIEL WITT,***.712.930-**,CPF,240.0,1,0.000629,
50,SCALCO,PL,65,ROSANE BANDEIRA DA SILVA,***.506.630-**,CPF,240.0,1,0.000629,
50,SCALCO,PL,66,ROSANGELA DOS SANTOS CAMARGO,***.103.160-**,CPF,240.0,1,0.000629,
50,SCALCO,PL,67,ISAMARA OLIVEIRA LIMA,***.248.150-**,CPF,120.0,1,0.000314,
50,SCALCO,PL,68,MARIA EDUANDA SANTOS GOMES,***.949.430-**,CPF,120.0,1,0.000314,
50,SCALCO,PL,69,PEDRO DAVID BRUM,***.639.330-**,CPF,120.0,1,0.000314,
50,SCALCO,PL,70,"ENCARGOS FINANCEIROS, TAXAS BANCÁRIAS E/OU OP. CARTÃO DE CRÉDITO",,,37.0,8,9.7e-05,
51,SERGIO PERES,Republicanos,1,WAGNER RIBEIRO MENTZ,12.378.228/0001-07,CNPJ,26400.0,4,0.13241,
51,SERGIO PERES,Republicanos,2,DLOCAL BRASIL INSTITUICAO DE PAGAMENTO S.A.,25.021.356/0001-32,CNPJ,19750.0,3,0.099057,
51,SERGIO PERES,Republicanos,3,MARCIO ROSNI GREGORIUS,***.492.250-**,CPF,11000.0,1,0.055171,
51,SERGIO PERES,Republicanos,4,LOCALIZA RENT A CAR SA,16.670.085/0001-55,CNPJ,9443.6,1,0.047365,
51,SERGIO PERES,Republicanos,5,MANUELLA CEZARINA SILVA CARDOSO,***.076.740-**,CPF,5000.0,1,0.025078,
51,SERGIO PERES,Republicanos,6,NAVI SERVICOS DE MIDIA LTDA,41.503.208/0001-00,CNPJ,4600.0,2,0.023071,
51,SERGIO PERES,Republicanos,7,POSTO DE COMBUSTIVEIS DICO LTDA,08.768.465/0001-07,CNPJ,4160.3,17,0.020866,
51,SERGIO PERES,Republicanos,8,RODRIGO DE MACEDO RAMOS,***.561.610-**,CPF,4000.0,1,0.020062,
51,SERGIO PERES,Republicanos,9,ADILSON FLORES DOS SANTOS,***.874.680-**,CPF,3000.0,1,0.015047,
51,SERGIO PERES,Republicanos,10,ALEXANDRE RONCATTO DA SILVEIRA,***.798.840-**,CPF,3000.0,1,0.015047,
51,SERGIO PERES,Republicanos,11,ANA PAULA DE MAGALHAES REMIAO,***.767.720-**,CPF,3000.0,1,0.015047,
51,SERGIO PERES,Republicanos,12,CARLA ADRIANA TEIXEIRA VARGAS NUNES,***.298.110-**,CPF,3000.0,1,0.015047,
51,SERGIO PERES,Republicanos,13,CASSIA DANIELE RIBEIRO VICTORIA,***.850.690-**,CPF,3000.0,1,0.015047,
51,SERGIO PERES,Republicanos,14,ELISETI KETTERMANN,***.697.100-**,CPF,3000.0,1,0.015047,
51,SERGIO PERES,Republicanos,15,FABIANO SANTOS DA SILVA,***.219.480-**,CPF,3000.0,1,0.015047,
51,SERGIO PERES,Republicanos,16,GABRIELI DEBORA DOS SANTOS,***.146.980-**,CPF,3000.0,1,0.015047,
51,SERGIO PERES,Republicanos,17,GILSON SEVERO,***.245.040-**,CPF,3000.0,1,0.015047,
51,SERGIO PERES,Republicanos,18,JORGE LUIZ MACHADO,***.297.840-**,CPF,3000.0,1,0.015047,
51,SERGIO PERES,Republicanos,19,LENIRA BEATRIS ROMEU ROLDAO,***.041.830-**,CPF,3000.0,1,0.015047,
51,SERGIO PERES,Republicanos,20,LUAN RODRIGUES CRUZ,***.997.250-**,CPF,3000.0,1,0.015047,
51,SERGIO PERES,Republicanos,21,MARLENE DE SOUZA MACEDO,***.984.570-**,CPF,3000.0,1,0.015047,
51,SERGIO PERES,Republicanos,22,MICHELE DA SILVA MARTINS,***.903.990-**,CPF,3000.0,1,0.015047,
51,SERGIO PERES,Republicanos,23,ROBERTO CARLOS SOARES CUSTODIO,***.844.630-**,CPF,3000.0,1,0.015047,
51,SERGIO PERES,Republicanos,24,ROBERTO HENKE CONTABILIDADE,12.812.628/0001-70,CNPJ,3000.0,1,0.015047,
51,SERGIO PERES,Republicanos,25,THIAGO BORGES TEIXEIRA,***.447.000-**,CPF,3000.0,1,0.015047,
51,SERGIO PERES,Republicanos,26,VICTOR ARTHUR DA SILVA MARINHO E SILVA,***.204.070-**,CPF,3000.0,1,0.015047,
51,SERGIO PERES,Republicanos,27,VITORIA SIMAS,***.507.270-**,CPF,3000.0,1,0.015047,
51,SERGIO PERES,Republicanos,28,ALISSON MATHEUS ALVES DA SILVA,***.686.880-**,CPF,2500.0,1,0.012539,
51,SERGIO PERES,Republicanos,29,BRUNO DE MELLO PRADO,***.899.940-**,CPF,2500.0,1,0.012539,
51,SERGIO PERES,Republicanos,30,CRISTIANE ROSA SCHNEIDER,***.145.370-**,CPF,2500.0,1,0.012539,
51,SERGIO PERES,Republicanos,31,GABRIEL RIBEIRO SCHUMANN,***.598.080-**,CPF,2500.0,1,0.012539,
51,SERGIO PERES,Republicanos,32,JOSE BENONI DOS SANTOS,***.135.980-**,CPF,2500.0,1,0.012539,
51,SERGIO PERES,Republicanos,33,VERA MARIA MAIA DOS SANTOS,***.888.660-**,CPF,2500.0,1,0.012539,
51,SERGIO PERES,Republicanos,34,ALICE DA ROSA LOPES,***.362.000-**,CPF,2000.0,1,0.010031,
51,SERGIO PERES,Republicanos,35,CARMEM SOUZA ARAUJO,***.886.970-**,CPF,2000.0,1,0.010031,
51,SERGIO PERES,Republicanos,36,CLAUDIOMIRO GOULARTE SALLAS,***.699.749-**,CPF,2000.0,1,0.010031,
51,SERGIO PERES,Republicanos,37,GABRIEL DA SILVA SANTANA,***.196.360-**,CPF,2000.0,1,0.010031,
51,SERGIO PERES,Republicanos,38,IVANETE TERESINHA ZIMMER,***.236.310-**,CPF,2000.0,1,0.010031,
51,SERGIO PERES,Republicanos,39,IVANI CLAIR LIPPERT REINHEIMER,***.713.480-**,CPF,2000.0,1,0.010031,
51,SERGIO PERES,Republicanos,40,JAIME ANTONIO PRATES DUARTE,***.479.600-**,CPF,2000.0,1,0.010031,
51,SERGIO PERES,Republicanos,41,JANAINA FERNANDES CUNHA,***.196.960-**,CPF,2000.0,1,0.010031,
51,SERGIO PERES,Republicanos,42,KATIA CRISTIANE MEDEIROS LOPES,***.020.730-**,CPF,2000.0,1,0.010031,
51,SERGIO PERES,Republicanos,43,LUCIANE MARLI DA SILVA,***.023.140-**,CPF,2000.0,1,0.010031,
51,SERGIO PERES,Republicanos,44,MARIA EDUARDA DE LOURDES CUNHA RODRIGUES,***.568.800-**,CPF,2000.0,1,0.010031,
51,SERGIO PERES,Republicanos,45,PAULO ROBERTO MARIN ROLDAO,***.475.010-**,CPF,2000.0,1,0.010031,
51,SERGIO PERES,Republicanos,46,PAULO RODRIGO VIEIRA FERNES,***.380.450-**,CPF,2000.0,1,0.010031,
51,SERGIO PERES,Republicanos,47,GRAFICA FAZENDO ARTE LTDA,11.792.532/0001-25,CNPJ,1620.0,1,0.008125,
51,SERGIO PERES,Republicanos,48,LETICIA OLIVEIRA DOMERASKI,***.929.690-**,CPF,1500.0,1,0.007523,
51,SERGIO PERES,Republicanos,49,LISIANE FERNANDA BITENCOURT DA LUZ SILVA,***.676.470-**,CPF,1500.0,1,0.007523,
51,SERGIO PERES,Republicanos,50,MARCOS LUAN MATOS VIANA,***.764.253-**,CPF,1500.0,1,0.007523,
51,SERGIO PERES,Republicanos,51,ROMARIO RODRIGUES DA CRUZ,***.025.300-**,CPF,1500.0,1,0.007523,
51,SERGIO PERES,Republicanos,52,ALEXANDRE BLANCO,***.785.810-**,CPF,1000.0,1,0.005016,
51,SERGIO PERES,Republicanos,53,CINTIA FELIX DA SILVEIRA,***.494.660-**,CPF,1000.0,1,0.005016,
51,SERGIO PERES,Republicanos,54,LARISSA MARASCA,***.096.780-**,CPF,1000.0,1,0.005016,
51,SERGIO PERES,Republicanos,55,COMERCIAL DE COMBUSTIVEIS PESSANO LTDA,88.407.556/0001-48,CNPJ,871.8,3,0.004373,
51,SERGIO PERES,Republicanos,56,CLODIA SORAYA PAZ SANDIM,***.142.730-**,CPF,700.0,1,0.003511,
51,SERGIO PERES,Republicanos,57,RAABE COMBUSTIVEIS LTDA,95.106.993/0001-97,CNPJ,653.42,3,0.003277,
51,SERGIO PERES,Republicanos,58,GRUPO MORETO LTDA,92.641.174/0002-32,CNPJ,530.23,2,0.002659,
51,SERGIO PERES,Republicanos,59,COMERCIO DE COMBUSTIVEIS FLORESTAL LTDA,02.558.109/0007-60,CNPJ,508.63,2,0.002551,
51,SERGIO PERES,Republicanos,60,GBI COMBUSTIVEIS LTDA.,90.589.698/0012-78,CNPJ,481.17,2,0.002413,
51,SERGIO PERES,Republicanos,61,SANDER COMERCIO DE COMBUSTIVEIS LTDA,91.411.256/0016-23,CNPJ,446.53,2,0.00224,
51,SERGIO PERES,Republicanos,62,SIM REDE DE POSTOS LTDA,07.473.735/0179-04,CNPJ,415.13,2,0.002082,
51,SERGIO PERES,Republicanos,63,SIM REDE DE POSTOS LTDA,07.473.735/0071-94,CNPJ,310.08,1,0.001555,
51,SERGIO PERES,Republicanos,64,"H.LANG FILHO COMERCIO,REPRESENTACOES E TRANSPORTES LTDA",91.010.082/0003-72,CNPJ,286.07,1,0.001435,
51,SERGIO PERES,Republicanos,65,COOPERATIVA TRITICOLA TAPERENSE LTDA,97.663.728/0057-90,CNPJ,274.74,1,0.001378,
51,SERGIO PERES,Republicanos,66,COMERCIAL BUFFON COMBUSTIVEIS E TRANSPORTES LIMITADA,93.489.243/0031-31,CNPJ,261.58,1,0.001312,
51,SERGIO PERES,Republicanos,67,GIOVANE F. PICK LTDA,94.405.396/0003-62,CNPJ,240.91,1,0.001208,
51,SERGIO PERES,Republicanos,68,SIM REDE DE POSTOS LTDA,07.473.735/0195-24,CNPJ,225.07,1,0.001129,
51,SERGIO PERES,Republicanos,69,SIM REDE DE POSTOS LTDA,07.473.735/0194-43,CNPJ,169.5,1,0.00085,
51,SERGIO PERES,Republicanos,70,"ENCARGOS FINANCEIROS, TAXAS BANCÁRIAS E/OU OP. CARTÃO DE CRÉDITO",,,31.5,16,0.000158,
52,SOFIA CAVEDON,PT,1,RS GRAFICA IMPRESSAO LTDA,55.008.753/0001-35,CNPJ,87782.5,48,0.111303,
52,SOFIA CAVEDON,PT,2,FACEBOOK SERVICOS ONLINE DO BRASIL LTDA.,13.347.016/0001-17,CNPJ,45000.0,6,0.057057,
52,SOFIA CAVEDON,PT,3,EMPRESA BRASILEIRA DE CORREIOS E TELEGRAFOS,34.028.316/4379-86,CNPJ,39727.1,3,0.050372,
52,SOFIA CAVEDON,PT,4,JOKA SUBLIMACAO DIGITAL LTDA,94.350.113/0001-60,CNPJ,39094.0,4,0.049569,
52,SOFIA CAVEDON,PT,5,KADU MALHAS COMERCIO DE ROUPAS LTDA,88.804.513/0001-04,CNPJ,30657.5,21,0.038872,
52,SOFIA CAVEDON,PT,6,VALDIR MOREIRA ROCHA,***.325.270-**,CPF,30000.0,1,0.038038,
52,SOFIA CAVEDON,PT,7,MUDANCAS MARCOS LTDA,60.092.172/0001-64,CNPJ,26934.38,4,0.034151,
52,SOFIA CAVEDON,PT,8,EMPRESA JORNALISTICA CALDAS JUNIOR LTDA,92.757.798/0001-39,CNPJ,21600.0,1,0.027388,
52,SOFIA CAVEDON,PT,9,GRAFICA E EDITORA GAUCHA LTDA,90.964.057/0001-01,CNPJ,13969.34,1,0.017712,
52,SOFIA CAVEDON,PT,10,CARLOS ALBERTO PEREIRA DORNELLES,***.000.190-**,CPF,13200.0,1,0.016737,
52,SOFIA CAVEDON,PT,11,BRUNO GABRIEL BOEIRA,***.007.180-**,CPF,10500.0,1,0.013313,
52,SOFIA CAVEDON,PT,12,PREDOMINA CONTABILIDADE E ASSESSORIA LTDA,02.647.652/0001-48,CNPJ,10000.0,2,0.012679,
52,SOFIA CAVEDON,PT,13,POA SIGN MIDIAS PARA COMUNICACAO VISUAL LTDA,20.977.341/0001-29,CNPJ,9600.0,2,0.012172,
52,SOFIA CAVEDON,PT,14,GISLAINE BEATRIZ DA ROSA SANTOS VIEGAS,***.865.040-**,CPF,8250.0,1,0.010461,
52,SOFIA CAVEDON,PT,15,SANDRA MARIA DA ROSA,***.399.010-**,CPF,8250.0,1,0.010461,
52,SOFIA CAVEDON,PT,16,ANA MARIA DE SOUZA KOREN,***.857.030-**,CPF,7000.0,1,0.008876,
52,SOFIA CAVEDON,PT,17,CHURRASQUITA RESTAURANTE E CHURRASCARIA LTDA,28.542.384/0001-93,CNPJ,6560.0,1,0.008318,
52,SOFIA CAVEDON,PT,18,FRANCIELLE BECK DA SILVA,***.969.080-**,CPF,6534.0,1,0.008285,
52,SOFIA CAVEDON,PT,19,COMBUSTIVEIS PEGASUS IPIRANGA LTDA,08.786.193/0001-60,CNPJ,6450.0,9,0.008178,
52,SOFIA CAVEDON,PT,20,KARINA DE OLIVEIRA SANTOS BASTOS,***.155.800-**,CPF,6215.62,1,0.007881,
52,SOFIA CAVEDON,PT,21,GRUPO EDITORIAL SINOS SA,91.665.570/0001-56,CNPJ,6000.0,2,0.007608,
52,SOFIA CAVEDON,PT,22,LAWRIN RITTER,***.219.350-**,CPF,5717.0,1,0.007249,
52,SOFIA CAVEDON,PT,23,FABIOLA SILVA DA COSTA,***.962.210-**,CPF,5400.0,1,0.006847,
52,SOFIA CAVEDON,PT,24,ADAIR COELHO BARCELOS,***.658.960-**,CPF,5110.0,1,0.006479,
52,SOFIA CAVEDON,PT,25,ANDRE DA SILVA,***.641.430-**,CPF,5110.0,1,0.006479,
52,SOFIA CAVEDON,PT,26,ANDRE SEVERO SOARES,***.155.560-**,CPF,5110.0,1,0.006479,
52,SOFIA CAVEDON,PT,27,CLAUDINOR DE MELLOS,***.319.250-**,CPF,5110.0,1,0.006479,
52,SOFIA CAVEDON,PT,28,EDISON LUIZ GOUTERRES FILHO,***.054.870-**,CPF,5110.0,1,0.006479,
52,SOFIA CAVEDON,PT,29,EZEQUIEL FAGUNDES DOS SANTOS,***.720.760-**,CPF,5110.0,1,0.006479,
52,SOFIA CAVEDON,PT,30,FRANCISCO CAVALCANTE DA SILVA,***.575.318-**,CPF,5110.0,1,0.006479,
52,SOFIA CAVEDON,PT,31,JOAO CLADENIR FARDIN,***.590.000-**,CPF,5110.0,1,0.006479,
52,SOFIA CAVEDON,PT,32,JORGE EDUARDO MACHADO MARTINS,***.274.080-**,CPF,5110.0,1,0.006479,
52,SOFIA CAVEDON,PT,33,JOSE OLMIRO ALVES PRATES,***.510.590-**,CPF,5110.0,1,0.006479,
52,SOFIA CAVEDON,PT,34,LUIZ ANTONIO FERREIRA LISBOA,***.910.580-**,CPF,5110.0,1,0.006479,
52,SOFIA CAVEDON,PT,35,MARIA CRISTINA DE PAULA SILVEIRA,***.091.200-**,CPF,5110.0,1,0.006479,
52,SOFIA CAVEDON,PT,36,MARIA DE LOURDES BRONDANI DAVILA,***.070.240-**,CPF,5110.0,1,0.006479,
52,SOFIA CAVEDON,PT,37,MARY INES DA ROSA VIVIAN,***.099.700-**,CPF,5110.0,1,0.006479,
52,SOFIA CAVEDON,PT,38,RAFAEL DE FRAGA RIBEIRO,***.722.760-**,CPF,5110.0,1,0.006479,
52,SOFIA CAVEDON,PT,39,RODRIGO RAFAEL DE MESQUITA STRENGE TORGO,***.756.770-**,CPF,5110.0,1,0.006479,
52,SOFIA CAVEDON,PT,40,DENISE REGINA LISBOA SANT ANA,***.309.600-**,CPF,5000.0,1,0.00634,
52,SOFIA CAVEDON,PT,41,LAYLA BUENO RAMIRES,***.354.580-**,CPF,4508.0,1,0.005716,
52,SOFIA CAVEDON,PT,42,YASMIN FERRARI DE QUEIROZ,***.462.808-**,CPF,4508.0,1,0.005716,
52,SOFIA CAVEDON,PT,43,KAUAN UILSON LUIS SANTANNA,***.193.330-**,CPF,4500.0,1,0.005706,
52,SOFIA CAVEDON,PT,44,EMERSON ARAUJO DE OLIVEIRA,***.007.560-**,CPF,4380.0,1,0.005554,
52,SOFIA CAVEDON,PT,45,LUCAS HENRIQUE HOMEM,***.932.730-**,CPF,4380.0,1,0.005554,
52,SOFIA CAVEDON,PT,46,VEPPO CIA LIMITADA,92.660.760/0001-43,CNPJ,4187.85,50,0.00531,
52,SOFIA CAVEDON,PT,47,VANIA PAES FERNANDES,***.397.600-**,CPF,4130.0,1,0.005237,
52,SOFIA CAVEDON,PT,48,JOELCI BATISTA DE MORAES,***.092.400-**,CPF,3850.0,1,0.004882,
52,SOFIA CAVEDON,PT,49,EVERSON LUIS PREVE GONCALVES,***.236.000-**,CPF,3690.0,1,0.004679,
52,SOFIA CAVEDON,PT,50,OLIBIO ESTEVAO NUNES DE FREITAS,***.484.720-**,CPF,3650.0,1,0.004628,
52,SOFIA CAVEDON,PT,51,ADRIANA FERREIRA,***.565.540-**,CPF,3600.0,1,0.004565,
52,SOFIA CAVEDON,PT,52,NORBERTO ANTONIO PELICIOLI,***.085.579-**,CPF,3200.0,1,0.004057,
52,SOFIA CAVEDON,PT,53,ANA CAROLINA DA SILVA BENITES,***.695.230-**,CPF,3010.0,1,0.003817,
52,SOFIA CAVEDON,PT,54,ANA PAULA COLATTO VASCONCELLOS,***.773.740-**,CPF,3010.0,1,0.003817,
52,SOFIA CAVEDON,PT,55,BERNARDO IOCHPE,***.202.200-**,CPF,3010.0,1,0.003817,
52,SOFIA CAVEDON,PT,56,CARLOS ALBERTO DOS SANTOS FUHRO,***.483.210-**,CPF,3010.0,1,0.003817,
52,SOFIA CAVEDON,PT,57,CLENI DE OLIVEIRA ROSA,***.998.540-**,CPF,3010.0,1,0.003817,
52,SOFIA CAVEDON,PT,58,DANIELA ROSA NEVES,***.416.270-**,CPF,3010.0,1,0.003817,
52,SOFIA CAVEDON,PT,59,DIRCE MARIA BLOEDOW,***.423.920-**,CPF,3010.0,1,0.003817,
52,SOFIA CAVEDON,PT,60,EDUARDO DA SILVA LIMA,***.062.630-**,CPF,3010.0,1,0.003817,
52,SOFIA CAVEDON,PT,61,EDUARDO SANTOS KRUGER,***.045.560-**,CPF,3010.0,1,0.003817,
52,SOFIA CAVEDON,PT,62,ELIS REGINA DA SILVA FURTADO,***.953.450-**,CPF,3010.0,1,0.003817,
52,SOFIA CAVEDON,PT,63,ELISABETE DE FATIMA SEVERO FONTOURA,***.706.920-**,CPF,3010.0,1,0.003817,
52,SOFIA CAVEDON,PT,64,FERNANDO DOS SANTOS CORREA,***.542.370-**,CPF,3010.0,1,0.003817,
52,SOFIA CAVEDON,PT,65,FRANCIELI MARTA FARIAS,***.504.610-**,CPF,3010.0,1,0.003817,
52,SOFIA CAVEDON,PT,66,JUSSARA BRUM MOTTA,***.559.350-**,CPF,3010.0,1,0.003817,
52,SOFIA CAVEDON,PT,67,LUIS HENRIQUE VILANOVA ZANONI,***.181.040-**,CPF,3010.0,1,0.003817,
52,SOFIA CAVEDON,PT,68,MARCELO CHARDOSIM FRAGA,***.897.160-**,CPF,3010.0,1,0.003817,
52,SOFIA CAVEDON,PT,69,MARIA AMELIA GENEROSI BRAUNER,***.271.370-**,CPF,3010.0,1,0.003817,
52,SOFIA CAVEDON,PT,70,MARIA DE FATIMA MARQUES RIBEIRO,***.893.140-**,CPF,3010.0,1,0.003817,
52,SOFIA CAVEDON,PT,71,MARIA EDUARDA DOS SANTOS HORST,***.137.690-**,CPF,3010.0,1,0.003817,
52,SOFIA CAVEDON,PT,72,MARIA ELETE VIANA FARIAS,***.048.140-**,CPF,3010.0,1,0.003817,
52,SOFIA CAVEDON,PT,73,MARIA EVA DA LUZ PITTHAN,***.817.290-**,CPF,3010.0,1,0.003817,
52,SOFIA CAVEDON,PT,74,MARLON DE PAULA SILVEIRA,***.826.720-**,CPF,3010.0,1,0.003817,
52,SOFIA CAVEDON,PT,75,MIGUEL IDIART GOMES,***.135.760-**,CPF,3010.0,1,0.003817,
52,SOFIA CAVEDON,PT,76,PAULO NILSON VILANOVA,***.365.500-**,CPF,3010.0,1,0.003817,
52,SOFIA CAVEDON,PT,77,RUI ANDRE DA SILVA D AVILA,***.145.160-**,CPF,3010.0,1,0.003817,
52,SOFIA CAVEDON,PT,78,SANDRA TEREZINHA ALBRING,***.862.480-**,CPF,3010.0,1,0.003817,
52,SOFIA CAVEDON,PT,79,YASMINE MULLER SILVA,***.666.050-**,CPF,3010.0,1,0.003817,
52,SOFIA CAVEDON,PT,80,BRUNA SEVERO PAGANO,***.918.880-**,CPF,3000.0,1,0.003804,
52,SOFIA CAVEDON,PT,81,JORNAL REPERCUSSAO LTDA,17.376.797/0001-29,CNPJ,2880.0,1,0.003652,
52,SOFIA CAVEDON,PT,82,LOGIC-PRESS BRASIL LTDA,07.263.602/0001-80,CNPJ,2620.8,1,0.003323,
52,SOFIA CAVEDON,PT,83,ANA LUCIA CASTRO BRUM,***.341.790-**,CPF,2580.0,1,0.003271,
52,SOFIA CAVEDON,PT,84,IARA MARIA CORDONEZ PORTO,***.273.230-**,CPF,2580.0,1,0.003271,
52,SOFIA CAVEDON,PT,85,LUCAS DA VEIGA COSTA,***.345.590-**,CPF,2580.0,1,0.003271,
52,SOFIA CAVEDON,PT,86,JOICE RENATA MOTTA CONCEICAO,***.171.340-**,CPF,2500.0,1,0.00317,
52,SOFIA CAVEDON,PT,87,LIDIO DENER CARATI SANTOS,***.722.540-**,CPF,2500.0,1,0.00317,
52,SOFIA CAVEDON,PT,88,LINDOMAR FERREIRA TAVARES,***.558.440-**,CPF,2500.0,1,0.00317,
52,SOFIA CAVEDON,PT,89,LUIZ AUGUSTO RODRIGUES,***.731.600-**,CPF,2500.0,1,0.00317,
52,SOFIA CAVEDON,PT,90,MARIA HELENA GOMES DE ANDRADE,***.276.900-**,CPF,2190.0,1,0.002777,
52,SOFIA CAVEDON,PT,91,SANDRA GRAZIELA GOUTERRES JESUS,***.864.160-**,CPF,2190.0,1,0.002777,
52,SOFIA CAVEDON,PT,92,CLEDIANA LIMA LANGNER,***.415.360-**,CPF,2150.0,1,0.002726,
52,SOFIA CAVEDON,PT,93,DANIEL SCOTT AZEREDO,***.611.680-**,CPF,2150.0,1,0.002726,
52,SOFIA CAVEDON,PT,94,GERSON MOREIRA DE ALMEIDA,***.223.700-**,CPF,2150.0,1,0.002726,
52,SOFIA CAVEDON,PT,95,NILVA MELLO DA SILVA,***.282.900-**,CPF,2150.0,1,0.002726,
52,SOFIA CAVEDON,PT,96,ROSI MERI SEVERO DA ROSA,***.407.660-**,CPF,2150.0,1,0.002726,
52,SOFIA CAVEDON,PT,97,TAIMARA VITORIA DO NASCIMENTO DE BRITES,***.697.340-**,CPF,2150.0,1,0.002726,
52,SOFIA CAVEDON,PT,98,JORNAL DO POVO LTDA,90.512.682/0001-04,CNPJ,2140.0,1,0.002713,
52,SOFIA CAVEDON,PT,99,DENISE DA ROCHA ALVES,***.926.050-**,CPF,2074.0,1,0.00263,
52,SOFIA CAVEDON,PT,100,ELLEN RODRIGUES JAQUET,***.013.120-**,CPF,2074.0,1,0.00263,
52,SOFIA CAVEDON,PT,101,60.362.875 CLARISSA FIGUEIRO FERREIRA,60.362.875/0001-65,CNPJ,2000.0,1,0.002536,
52,SOFIA CAVEDON,PT,102,JORNAL OPINIAO DE VIAMAO LTDA,03.080.511/0001-59,CNPJ,2000.0,1,0.002536,
52,SOFIA CAVEDON,PT,103,ELIAS MARQUES SODRE,***.645.760-**,CPF,1950.0,1,0.002472,
52,SOFIA CAVEDON,PT,104,BRUNA SABRINA NEVES DE FREITAS,***.918.550-**,CPF,1720.0,1,0.002181,
52,SOFIA CAVEDON,PT,105,CARMEM LUIZA PINHEIRO KERSTING,***.872.320-**,CPF,1720.0,1,0.002181,
52,SOFIA CAVEDON,PT,106,HELENA HEINSCH MENEZES,***.027.030-**,CPF,1720.0,1,0.002181,
52,SOFIA CAVEDON,PT,107,JOSE ADEMAR RODRIGUES,***.234.180-**,CPF,1720.0,1,0.002181,
52,SOFIA CAVEDON,PT,108,RENATA PAIM,***.885.690-**,CPF,1720.0,1,0.002181,
52,SOFIA CAVEDON,PT,109,REOMAR RODRIGUES DE OLIVEIRA,***.947.500-**,CPF,1720.0,1,0.002181,
52,SOFIA CAVEDON,PT,110,ELEICAO 2026 THAIS MARIA FERREIRA SAMPAIO DEPUTADO FEDERAL,68.306.862/0001-80,CNPJ,1700.0,2,0.002155,
52,SOFIA CAVEDON,PT,111,ANDREIA CARVALHO DOS SANTOS,***.768.280-**,CPF,1505.0,1,0.001908,
52,SOFIA CAVEDON,PT,112,ADECILVA DA SILVA CONCEICAO,***.486.890-**,CPF,1500.0,1,0.001902,
52,SOFIA CAVEDON,PT,113,ADRIANA DORNELES DE FREITAS,***.791.520-**,CPF,1500.0,1,0.001902,
52,SOFIA CAVEDON,PT,114,ALEX RODRIGUES LOBATO,***.478.230-**,CPF,1500.0,1,0.001902,
52,SOFIA CAVEDON,PT,115,GERSON DORNELLES BARBOSA,***.727.700-**,CPF,1500.0,1,0.001902,
52,SOFIA CAVEDON,PT,116,MARCELO DELVAR GOMES,***.777.550-**,CPF,1500.0,1,0.001902,
52,SOFIA CAVEDON,PT,117,NATHALIA MARTINS MEDEIROS,***.451.920-**,CPF,1500.0,1,0.001902,
52,SOFIA CAVEDON,PT,118,MARIA EDUARDA MOREIRA RODRIGUES,***.668.170-**,CPF,1460.0,1,0.001851,
52,SOFIA CAVEDON,PT,119,PULSO SOLUCOES EM COMUNICACAO E CULTURA LTDA,59.549.786/0001-43,CNPJ,1441.2,2,0.001827,
52,SOFIA CAVEDON,PT,120,MOSS UNIFORMES E BRINDES PERSONALIZADOS LTDA,61.135.041/0001-80,CNPJ,1305.0,2,0.001655,
52,SOFIA CAVEDON,PT,121,ANA CAROLINA SILVEIRA MARTINS,***.939.160-**,CPF,1290.0,1,0.001636,
52,SOFIA CAVEDON,PT,122,ANDREIA CRISTINA CARVALHO DE LIMA,***.669.630-**,CPF,1290.0,1,0.001636,
52,SOFIA CAVEDON,PT,123,CAREN CHAVES DOS SANTOS,***.013.200-**,CPF,1290.0,1,0.001636,
52,SOFIA CAVEDON,PT,124,GUSTAVO DA ROSA SPADER,***.501.960-**,CPF,1290.0,1,0.001636,
52,SOFIA CAVEDON,PT,125,IVONE RANSAN,***.504.960-**,CPF,1290.0,1,0.001636,
52,SOFIA CAVEDON,PT,126,LEONARDO LEITE JORGE,***.935.430-**,CPF,1290.0,1,0.001636,
52,SOFIA CAVEDON,PT,127,LISETE FONSECA,***.825.270-**,CPF,1290.0,1,0.001636,
52,SOFIA CAVEDON,PT,128,MARCOS AUGUSTO DA ROSA,***.614.500-**,CPF,1290.0,1,0.001636,
52,SOFIA CAVEDON,PT,129,MAURICIU DANIEL DE LIMA HANS,***.995.340-**,CPF,1290.0,1,0.001636,
52,SOFIA CAVEDON,PT,130,OLINDA ALVES DE VARGAS DE LIMA,***.984.400-**,CPF,1290.0,1,0.001636,
52,SOFIA CAVEDON,PT,131,ROGER UILIAN OLIVEIRA DE SOUZA,***.713.780-**,CPF,1290.0,1,0.001636,
52,SOFIA CAVEDON,PT,132,SUELI DA COSTA DE CAMARGO LIMA,***.386.150-**,CPF,1290.0,1,0.001636,
52,SOFIA CAVEDON,PT,133,SUELLEN FERNANDA FERREIRA RODRIGUES,***.542.990-**,CPF,1290.0,1,0.001636,
52,SOFIA CAVEDON,PT,134,LETICIA GARCIA SALVALAGGIO,***.779.220-**,CPF,1250.0,1,0.001585,
52,SOFIA CAVEDON,PT,135,ROGER SALVALAGGIO DOS SANTOS,***.656.350-**,CPF,1250.0,1,0.001585,
52,SOFIA CAVEDON,PT,136,CLAUDIOMIRO GARCIA,***.199.560-**,CPF,1200.0,1,0.001522,
52,SOFIA CAVEDON,PT,137,A SEMANA EDITORA JORNALISTICA LTDA,92.724.376/0001-67,CNPJ,1190.0,1,0.001509,
52,SOFIA CAVEDON,PT,138,EDITORIAL NOVA FOLHA LTDA,00.373.634/0001-90,CNPJ,1100.0,1,0.001395,
52,SOFIA CAVEDON,PT,139,DEBORA LUPIM FERNANDES,***.867.330-**,CPF,1050.0,1,0.001331,
52,SOFIA CAVEDON,PT,140,LUIZA GUTZ PEDDE DE OLIVEIRA,***.666.660-**,CPF,1050.0,1,0.001331,
52,SOFIA CAVEDON,PT,141,RAIANA DANIELA SOARES SELISTRE,***.003.600-**,CPF,1050.0,1,0.001331,
52,SOFIA CAVEDON,PT,142,ALEXANDRE AVILA DE TOLLA,***.979.210-**,CPF,1000.0,1,0.001268,
52,SOFIA CAVEDON,PT,143,BRUNO LUIS CRESCENCIO DUARTE,***.385.720-**,CPF,1000.0,1,0.001268,
52,SOFIA CAVEDON,PT,144,DENISE RADDE DE OLIVEIRA,***.559.590-**,CPF,1000.0,1,0.001268,
52,SOFIA CAVEDON,PT,145,FRANCIANE APARECIDA RAMOS GONCALVES,***.240.290-**,CPF,1000.0,1,0.001268,
52,SOFIA CAVEDON,PT,146,GABRIELLI CARDOSO GONÇALVES,***.857.820-**,CPF,1000.0,1,0.001268,
52,SOFIA CAVEDON,PT,147,GENI FATIMA NEVES,***.572.080-**,CPF,1000.0,1,0.001268,
52,SOFIA CAVEDON,PT,148,GILDETE DE CASSIA ROCKENBACH,***.519.220-**,CPF,1000.0,1,0.001268,
52,SOFIA CAVEDON,PT,149,LEONARDO MOREIRA LEON,***.837.060-**,CPF,1000.0,1,0.001268,
52,SOFIA CAVEDON,PT,150,LUISA FALCETTA DA SILVA ENGELSDORFF DIAS,***.306.320-**,CPF,1000.0,1,0.001268,
52,SOFIA CAVEDON,PT,151,MARIA EDNA DA SILVA MARCELINO,***.394.060-**,CPF,1000.0,1,0.001268,
52,SOFIA CAVEDON,PT,152,NATALIA DORIA DA COSTA,***.037.050-**,CPF,1000.0,1,0.001268,
52,SOFIA CAVEDON,PT,153,ROJOEL SIMAS DO AMARAL,94.555.141/0001-14,CNPJ,1000.0,1,0.001268,
52,SOFIA CAVEDON,PT,154,VALDIRENE BEATRIZ DA SILVA FREITAS VELOSO,***.195.330-**,CPF,1000.0,1,0.001268,
52,SOFIA CAVEDON,PT,155,VANESSA SENA DA SILVA,***.823.080-**,CPF,1000.0,1,0.001268,
52,SOFIA CAVEDON,PT,156,JULIO CESAR NUNES FILHO,***.142.260-**,CPF,860.0,1,0.00109,
52,SOFIA CAVEDON,PT,157,RODRIGO COSTA DA SILVEIRA,***.701.150-**,CPF,860.0,1,0.00109,
52,SOFIA CAVEDON,PT,158,VERA LUCIA SANTOS DE BORBA,***.041.400-**,CPF,860.0,1,0.00109,
52,SOFIA CAVEDON,PT,159,D2 CONSULTORIA E INTEGRACAO COMUNICACAO LTDA,53.018.874/0001-32,CNPJ,850.0,1,0.001078,
52,SOFIA CAVEDON,PT,160,CYBER DIM SERVICOS GRAFICOS E BRINDES LTDA,13.739.341/0001-25,CNPJ,518.0,3,0.000657,
52,SOFIA CAVEDON,PT,161,COMPANHIA ESTADUAL DE DISTRIBUICAO DE ENERGIA ELETRICA - CEEE-D,08.467.115/0001-00,CNPJ,487.02,1,0.000618,
52,SOFIA CAVEDON,PT,162,FERNANDA SILVA DA SILVA,***.405.300-**,CPF,430.0,1,0.000545,
52,SOFIA CAVEDON,PT,163,G C S EDITORA LTDA,97.178.560/0001-72,CNPJ,360.0,1,0.000456,
53,TIAGO CADÓ,PDT,1,SPEED PROMOCIONAL INDUSTRIA DE BRINDES LTDA,15.115.234/0001-51,CNPJ,56780.0,3,0.157683,
53,TIAGO CADÓ,PDT,2,GRAFICA LIDER LTDA,90.589.540/0001-45,CNPJ,56726.4,4,0.157534,
53,TIAGO CADÓ,PDT,3,SERGIO CLAUDIOMIRO MORAES PEREIRA,***.915.310-**,CPF,33000.0,1,0.091644,
53,TIAGO CADÓ,PDT,4,DLOCAL BRASIL INSTITUICAO DE PAGAMENTO S.A.,25.021.356/0001-32,CNPJ,25000.0,10,0.069427,
53,TIAGO CADÓ,PDT,5,CENTRO NATIVISTA BOITATA,88.814.785/0001-87,CNPJ,13575.0,1,0.037699,
53,TIAGO CADÓ,PDT,6,M. DOFF-SOTTA & CIA LTDA,94.058.492/0001-10,CNPJ,9800.0,1,0.027215,
53,TIAGO CADÓ,PDT,7,EDUARDO ANDRES ZOLIN,05.197.465/0001-06,CNPJ,9763.6,1,0.027114,
53,TIAGO CADÓ,PDT,8,JULIA ZAMBONATO GENRO,22.228.093/0001-49,CNPJ,9500.0,1,0.026382,
53,TIAGO CADÓ,PDT,9,JULIA OSORIO DA SILVA,***.477.100-**,CPF,6700.0,1,0.018606,
53,TIAGO CADÓ,PDT,10,ONILDO CARTEL SOARES,***.597.390-**,CPF,6700.0,1,0.018606,
53,TIAGO CADÓ,PDT,11,ADAO SELOI COELHO DA SILVA JUNIOR,***.156.920-**,CPF,5000.0,1,0.013885,
53,TIAGO CADÓ,PDT,12,FRANCISCA CELINA MACHADO DUARTE RODRIGUES,***.823.460-**,CPF,5000.0,1,0.013885,
53,TIAGO CADÓ,PDT,13,BARROSO & MACHADO LTDA,07.239.059/0001-86,CNPJ,4980.0,1,0.01383,
53,TIAGO CADÓ,PDT,14,LUIS AUGUSTO BALBUENO SILVEIRA,***.831.180-**,CPF,4863.0,1,0.013505,
53,TIAGO CADÓ,PDT,15,COMERCIO DE COMBUSTIVEIS DO CENTRO LTDA,04.642.623/0001-19,CNPJ,3677.34,4,0.010212,
53,TIAGO CADÓ,PDT,16,NERY WALDEMAR RODRIGUEZ PARODI,***.589.800-**,CPF,3500.0,1,0.00972,
53,TIAGO CADÓ,PDT,17,KENETH ANGER BARBIERI,***.749.130-**,CPF,3000.0,1,0.008331,
53,TIAGO CADÓ,PDT,18,MOACIR SILVEIRA CARIOLATO,***.444.380-**,CPF,3000.0,1,0.008331,
53,TIAGO CADÓ,PDT,19,SARA GUASSO GAVIOLI DOELER,***.099.520-**,CPF,3000.0,1,0.008331,
53,TIAGO CADÓ,PDT,20,ROSEMERI DUTRA BRONZONI,***.333.500-**,CPF,2600.0,1,0.00722,
53,TIAGO CADÓ,PDT,21,SIMONI DA ROSA VILAGRANDE,***.020.590-**,CPF,2200.0,2,0.00611,
53,TIAGO CADÓ,PDT,22,RICARDO ROCHA DE ARAUJO,***.410.650-**,CPF,2055.0,1,0.005707,
53,TIAGO CADÓ,PDT,23,ALINE CAMARGO ARAUJO,***.272.680-**,CPF,2000.0,1,0.005554,
53,TIAGO CADÓ,PDT,24,ANDRESSA AJALA ROBALLO,***.961.600-**,CPF,2000.0,1,0.005554,
53,TIAGO CADÓ,PDT,25,DAIANE BARCELOS DE MORAES,***.654.120-**,CPF,2000.0,1,0.005554,
53,TIAGO CADÓ,PDT,26,DANIEL ALVES COSTA GONCALVES,***.219.230-**,CPF,2000.0,1,0.005554,
53,TIAGO CADÓ,PDT,27,ELIANE TERESINHA LOPES AJALA,***.270.770-**,CPF,2000.0,1,0.005554,
53,TIAGO CADÓ,PDT,28,EVANI MARILDA MOREIRA SARAIVA,***.592.560-**,CPF,2000.0,1,0.005554,
53,TIAGO CADÓ,PDT,29,FERNANDA OLIVIA GUISOLFI WEIRICH,***.600.920-**,CPF,2000.0,1,0.005554,
53,TIAGO CADÓ,PDT,30,FERNANDA TOLENTINO BRISSOW,***.433.210-**,CPF,2000.0,1,0.005554,
53,TIAGO CADÓ,PDT,31,JULIANE SARAIVA DA SILVA,***.065.680-**,CPF,2000.0,1,0.005554,
53,TIAGO CADÓ,PDT,32,MARA ROSANE ESCOBAR RODRIGUES,***.408.320-**,CPF,2000.0,1,0.005554,
53,TIAGO CADÓ,PDT,33,MARIA ELAINE MARTINS DOS ANJOS,***.546.400-**,CPF,2000.0,1,0.005554,
53,TIAGO CADÓ,PDT,34,MARIELE LEAO ROCHA,***.255.970-**,CPF,2000.0,1,0.005554,
53,TIAGO CADÓ,PDT,35,NADINE VARGAS PEREIRA,***.492.660-**,CPF,2000.0,1,0.005554,
53,TIAGO CADÓ,PDT,36,PAULO SERGIO DA SILVA,***.139.170-**,CPF,2000.0,1,0.005554,
53,TIAGO CADÓ,PDT,37,VANELISE ALICER PAULA,***.195.400-**,CPF,2000.0,1,0.005554,
53,TIAGO CADÓ,PDT,38,VANESSA RIBEIRO MARQUES,***.705.620-**,CPF,2000.0,1,0.005554,
53,TIAGO CADÓ,PDT,39,VANUSA MORAES DA SILVA BOHN,***.442.780-**,CPF,2000.0,1,0.005554,
53,TIAGO CADÓ,PDT,40,VERIDIANA SILVA DA SILVA,***.064.400-**,CPF,2000.0,1,0.005554,
53,TIAGO CADÓ,PDT,41,JASSANE ELIETE FERREIRA FORNECK,***.328.250-**,CPF,1800.0,1,0.004999,
53,TIAGO CADÓ,PDT,42,VAGNER DE MATTOS POERSCHKE SOCIEDADE INDIVIDUAL DE ADVOCACIA,55.402.270/0001-10,CNPJ,1621.0,1,0.004502,
53,TIAGO CADÓ,PDT,43,KATIA PINTO LYRIO,***.189.340-**,CPF,1600.0,1,0.004443,
53,TIAGO CADÓ,PDT,44,LORENA PAOLA CHUQUEL RODRIGUEZ PARODI,***.253.480-**,CPF,1600.0,1,0.004443,
53,TIAGO CADÓ,PDT,45,VALACIR VENDRUSCULO,***.657.450-**,CPF,1600.0,1,0.004443,
53,TIAGO CADÓ,PDT,46,ALTAIR RODRIGUES REIS,***.119.460-**,CPF,1500.0,1,0.004166,
53,TIAGO CADÓ,PDT,47,DANIELE DOS SANTOS FERREIRA,***.886.750-**,CPF,1500.0,1,0.004166,
53,TIAGO CADÓ,PDT,48,DARLAN SILVA DA SILVA,***.248.270-**,CPF,1500.0,1,0.004166,
53,TIAGO CADÓ,PDT,49,FACEBOOK SERVICOS ONLINE DO BRASIL LTDA.,13.347.016/0001-17,CNPJ,1500.0,3,0.004166,
53,TIAGO CADÓ,PDT,50,KATHIUSSI CRUZ DA CRUZ,***.370.160-**,CPF,1500.0,1,0.004166,
53,TIAGO CADÓ,PDT,51,LUIZ WACLAW LEMPEK MALISZEWSKI,***.949.230-**,CPF,1500.0,1,0.004166,
53,TIAGO CADÓ,PDT,52,MARLUCI CRUZ DA CRUZ,***.005.750-**,CPF,1500.0,1,0.004166,
53,TIAGO CADÓ,PDT,53,ROSANA MARIA FERRAZ,***.783.360-**,CPF,1500.0,1,0.004166,
53,TIAGO CADÓ,PDT,54,SAMORAIS KUNZLER,***.294.340-**,CPF,1500.0,1,0.004166,
53,TIAGO CADÓ,PDT,55,VERIDIANE LUTZ MENDES,***.411.490-**,CPF,1500.0,1,0.004166,
53,TIAGO CADÓ,PDT,56,CARLA CRISTIANE GOMES DA COSTA,***.449.850-**,CPF,1400.0,1,0.003888,
53,TIAGO CADÓ,PDT,57,CRISTINA BEATRIZ FERRANDO CORTESE,***.044.470-**,CPF,1400.0,1,0.003888,
53,TIAGO CADÓ,PDT,58,JULCE DE PAULO LUIZ,***.790.660-**,CPF,1400.0,1,0.003888,
53,TIAGO CADÓ,PDT,59,TANIA TEREZINHA DE LIMA DA SILVA,***.191.200-**,CPF,1400.0,1,0.003888,
53,TIAGO CADÓ,PDT,60,ELIEZER GALVAO PASQUALI,***.473.510-**,CPF,1350.0,1,0.003749,
53,TIAGO CADÓ,PDT,61,MARLICE HERNANDES PEREIRA,***.979.940-**,CPF,1300.0,1,0.00361,
53,TIAGO CADÓ,PDT,62,RAFAEL DO NASCIMENTO FLORES,***.242.240-**,CPF,1300.0,1,0.00361,
53,TIAGO CADÓ,PDT,63,ANA CARLA BONETT AIL,***.159.660-**,CPF,1200.0,1,0.003332,
53,TIAGO CADÓ,PDT,64,ANA MARIA SANTOS DE MATOS,***.629.580-**,CPF,1200.0,1,0.003332,
53,TIAGO CADÓ,PDT,65,ARIANA PAINES BISCAINO,***.246.090-**,CPF,1200.0,1,0.003332,
53,TIAGO CADÓ,PDT,66,CARMEM LUCIA HOFFMANN DA FONTOURA,***.305.450-**,CPF,1200.0,1,0.003332,
53,TIAGO CADÓ,PDT,67,ELLANA DUARTE DA COSTA,***.253.940-**,CPF,1200.0,1,0.003332,
53,TIAGO CADÓ,PDT,68,ESEARA APARECIDA DOS SANTOS,***.534.830-**,CPF,1200.0,1,0.003332,
53,TIAGO CADÓ,PDT,69,GISELE MARTINS RODRIGUES,***.693.530-**,CPF,1200.0,1,0.003332,
53,TIAGO CADÓ,PDT,70,GLACI TEREZINHA MEIRA LOPES,***.745.920-**,CPF,1200.0,1,0.003332,
53,TIAGO CADÓ,PDT,71,JEFFERSON GOMES PINHEIRO,***.938.380-**,CPF,1200.0,1,0.003332,
53,TIAGO CADÓ,PDT,72,JOEL ORTIZ DOS SANTOS,***.550.080-**,CPF,1200.0,1,0.003332,
53,TIAGO CADÓ,PDT,73,JOSCELMAR FONSECA DE MATOS,***.362.640-**,CPF,1200.0,1,0.003332,
53,TIAGO CADÓ,PDT,74,LUCIANE CASTRO DE AZEVEDO,***.893.500-**,CPF,1200.0,1,0.003332,
53,TIAGO CADÓ,PDT,75,MARDIOLI JEK REGASSON,***.689.340-**,CPF,1200.0,1,0.003332,
53,TIAGO CADÓ,PDT,76,MARIELLI DA LUZ MORAES,***.855.730-**,CPF,1200.0,1,0.003332,
53,TIAGO CADÓ,PDT,77,TATIELE MARTINS DE LIMA,***.867.130-**,CPF,1200.0,1,0.003332,
53,TIAGO CADÓ,PDT,78,CAROLINE PRATES DA SILVA,***.609.990-**,CPF,1000.0,1,0.002777,
53,TIAGO CADÓ,PDT,79,MARIEL ROBERTO CORREA DA SILVA,***.033.210-**,CPF,800.0,1,0.002222,
53,TIAGO CADÓ,PDT,80,MEIRE PINHEIRO CORREA,***.077.480-**,CPF,800.0,1,0.002222,
53,TIAGO CADÓ,PDT,81,QUEROAPOIAR.COM.BR LTDA,39.586.155/0001-97,CNPJ,299.0,1,0.00083,
54,VANICE DE MATOS,PL,1,59.811.887 ERENI TERESINHA ROHDE,59.811.887/0001-40,CNPJ,45000.0,1,0.095836,
54,VANICE DE MATOS,PL,2,JOAO CLAUDIO JORGE DE OLIVEIRA,***.271.190-**,CPF,40000.0,1,0.085188,
54,VANICE DE MATOS,PL,3,JOAO LUIS ERHART,***.979.300-**,CPF,34000.0,1,0.07241,
54,VANICE DE MATOS,PL,4,JAIR ANTUNES DE ALMEIDA,***.992.100-**,CPF,20000.0,1,0.042594,
54,VANICE DE MATOS,PL,5,FACEBOOK SERVICOS ONLINE DO BRASIL LTDA.,13.347.016/0001-17,CNPJ,18500.0,7,0.039399,
54,VANICE DE MATOS,PL,6,CRISTIANO DUARTE,***.720.510-**,CPF,10000.0,1,0.021297,
54,VANICE DE MATOS,PL,7,ROMEO LUDWIG,***.869.370-**,CPF,10000.0,1,0.021297,
54,VANICE DE MATOS,PL,8,CRISTIANO ZARTH,***.090.620-**,CPF,8000.0,1,0.017038,
54,VANICE DE MATOS,PL,9,ALDAIR SCHMIDT,***.590.900-**,CPF,7000.0,1,0.014908,
54,VANICE DE MATOS,PL,10,FABIO FRANCA RIBEIRO,***.100.180-**,CPF,7000.0,1,0.014908,
54,VANICE DE MATOS,PL,11,FABIO LUIS CEZAR RACCOLTO,***.171.840-**,CPF,7000.0,1,0.014908,
54,VANICE DE MATOS,PL,12,MARCIO ANDRE AGNES,***.157.050-**,CPF,7000.0,1,0.014908,
54,VANICE DE MATOS,PL,13,SOLUCAO LOCADORA E TRANSPORTES LTDA,60.360.249/0001-30,CNPJ,7000.0,1,0.014908,
54,VANICE DE MATOS,PL,14,DANIELE BASTOS WILGES,***.607.240-**,CPF,6000.0,1,0.012778,
54,VANICE DE MATOS,PL,15,VIVIANE COLETO,***.161.720-**,CPF,5800.0,1,0.012352,
54,VANICE DE MATOS,PL,16,CLENIO PIENIZ,***.992.720-**,CPF,5000.0,1,0.010648,
54,VANICE DE MATOS,PL,17,EDERSON DOS ANJOS BIRKHAHN,***.923.360-**,CPF,5000.0,1,0.010648,
54,VANICE DE MATOS,PL,18,INES TRENTIN,***.381.620-**,CPF,5000.0,1,0.010648,
54,VANICE DE MATOS,PL,19,PAULO RICARDO LOPES FONSECA,***.637.200-**,CPF,5000.0,1,0.010648,
54,VANICE DE MATOS,PL,20,SERGIO BRAULIO DE OLIVEIRA,***.894.800-**,CPF,5000.0,1,0.010648,
54,VANICE DE MATOS,PL,21,ELMAR JOSE HECK,***.361.720-**,CPF,4500.0,1,0.009584,
54,VANICE DE MATOS,PL,22,ARIETE MARIA BORDIN,***.285.390-**,CPF,4400.0,1,0.009371,
54,VANICE DE MATOS,PL,23,DELVEQUIO ALBERTO CRIVILATTI,***.269.320-**,CPF,4000.0,1,0.008519,
54,VANICE DE MATOS,PL,24,ELIANE ROSLANIEC KOSLOWSKI,***.585.660-**,CPF,4000.0,1,0.008519,
54,VANICE DE MATOS,PL,25,FELIPE STASCO,***.968.430-**,CPF,4000.0,1,0.008519,
54,VANICE DE MATOS,PL,26,LUCIDIO VORPAGEL BERWALDT,***.448.400-**,CPF,4000.0,1,0.008519,
54,VANICE DE MATOS,PL,27,MARA MARLENE WILLERS SCHU,***.692.650-**,CPF,4000.0,1,0.008519,
54,VANICE DE MATOS,PL,28,ORCELEI DALLA BARBA,***.088.210-**,CPF,4000.0,1,0.008519,
54,VANICE DE MATOS,PL,29,PEDRO NERI FELIZ DE OLIVEIRA,***.964.600-**,CPF,4000.0,1,0.008519,
54,VANICE DE MATOS,PL,30,VANILDO MEBIUS DE CARVALHO,***.856.850-**,CPF,4000.0,1,0.008519,
54,VANICE DE MATOS,PL,31,ANDIELE KESSLER,***.782.640-**,CPF,3500.0,1,0.007454,
54,VANICE DE MATOS,PL,32,ANDREA SWAROWSKI,***.805.790-**,CPF,3500.0,1,0.007454,
54,VANICE DE MATOS,PL,33,LETICIA SWAROWSKI,***.280.080-**,CPF,3500.0,1,0.007454,
54,VANICE DE MATOS,PL,34,MARCIANO DE MEDEIROS,***.150.560-**,CPF,3500.0,1,0.007454,
54,VANICE DE MATOS,PL,35,NAIR MARIA HENNICKA,***.485.610-**,CPF,3500.0,1,0.007454,
54,VANICE DE MATOS,PL,36,NERCI RAMOS DE OLIVEIRA,***.107.620-**,CPF,3500.0,1,0.007454,
54,VANICE DE MATOS,PL,37,SANDRA HONORATA DE OLIVEIRA,***.778.080-**,CPF,3500.0,1,0.007454,
54,VANICE DE MATOS,PL,38,SUELI WINTER HERRMANN,***.420.160-**,CPF,3500.0,1,0.007454,
54,VANICE DE MATOS,PL,39,VALMIR POLONI,***.394.750-**,CPF,3500.0,1,0.007454,
54,VANICE DE MATOS,PL,40,CARLA CRISTINA MARTINS,***.112.610-**,CPF,3000.0,1,0.006389,
54,VANICE DE MATOS,PL,41,CLAIRTON MOTTA DA SILVA,***.929.000-**,CPF,3000.0,1,0.006389,
54,VANICE DE MATOS,PL,42,CLAUDINEI CRISTIANO SCHWINN,***.472.340-**,CPF,3000.0,1,0.006389,
54,VANICE DE MATOS,PL,43,CLAUDOMIRO CAUER SCHMITT,***.612.910-**,CPF,3000.0,1,0.006389,
54,VANICE DE MATOS,PL,44,CM COMUNICACAO VISUAL LTDA,43.297.439/0001-30,CNPJ,3000.0,2,0.006389,
54,VANICE DE MATOS,PL,45,DALVA TERESINHA SARAN DALENOGARE,***.701.980-**,CPF,3000.0,1,0.006389,
54,VANICE DE MATOS,PL,46,DIEGO MATTOS DE MATOS,***.537.420-**,CPF,3000.0,1,0.006389,
54,VANICE DE MATOS,PL,47,ISMAR FOLLMER,***.046.570-**,CPF,3000.0,1,0.006389,
54,VANICE DE MATOS,PL,48,IVONE RIBEIRO DA SILVA COSTA,***.820.960-**,CPF,3000.0,1,0.006389,
54,VANICE DE MATOS,PL,49,VILMAR LENZ,***.760.940-**,CPF,3000.0,1,0.006389,
54,VANICE DE MATOS,PL,50,ADAIL CEMIN,***.779.430-**,CPF,2500.0,1,0.005324,
54,VANICE DE MATOS,PL,51,ALEXANDRE BENITES FERNANDES,***.758.009-**,CPF,2500.0,1,0.005324,
54,VANICE DE MATOS,PL,52,DALVA DUTRA DOS SANTOS,***.221.390-**,CPF,2500.0,1,0.005324,
54,VANICE DE MATOS,PL,53,DINOR DE SOUZA CANABARRO,***.824.440-**,CPF,2500.0,1,0.005324,
54,VANICE DE MATOS,PL,54,EDUARDO FELIPPE VONTOBEL,***.172.160-**,CPF,2500.0,1,0.005324,
54,VANICE DE MATOS,PL,55,ELOI GUARNIERI,***.792.700-**,CPF,2500.0,1,0.005324,
54,VANICE DE MATOS,PL,56,ENEIAS DA SILVA,***.615.800-**,CPF,2500.0,1,0.005324,
54,VANICE DE MATOS,PL,57,GUSTAVO MAIER WEINHEIMER,***.087.050-**,CPF,2500.0,1,0.005324,
54,VANICE DE MATOS,PL,58,HILDO CELIO QUINTILIANO PAIANO,***.028.640-**,CPF,2500.0,1,0.005324,
54,VANICE DE MATOS,PL,59,IVANETE MARIA MANTOVANI,***.910.840-**,CPF,2500.0,1,0.005324,
54,VANICE DE MATOS,PL,60,MARLENE TEREZINHA HAAS KOCHHANN,***.584.510-**,CPF,2500.0,1,0.005324,
54,VANICE DE MATOS,PL,61,NELCI ANGELO RECALCATI,***.224.990-**,CPF,2500.0,1,0.005324,
54,VANICE DE MATOS,PL,62,OSMAR JOSE CHRIST,***.343.940-**,CPF,2500.0,1,0.005324,
54,VANICE DE MATOS,PL,63,ROSANGELA DE CASSIA CARABAJAL BULLING,***.812.570-**,CPF,2500.0,1,0.005324,
54,VANICE DE MATOS,PL,64,VALMIR SIEBEN JUNIOR,***.378.280-**,CPF,2500.0,1,0.005324,
54,VANICE DE MATOS,PL,65,VALMOCIR AVILA DE OLIVEIRA,***.429.940-**,CPF,2500.0,1,0.005324,
54,VANICE DE MATOS,PL,66,VALORIZE IMOVEIS LTDA,13.256.899/0001-50,CNPJ,2349.4,1,0.005004,
54,VANICE DE MATOS,PL,67,ADRIANE CARLISE ROHRIG,***.617.670-**,CPF,2000.0,1,0.004259,
54,VANICE DE MATOS,PL,68,CLAUDIOMIR ZANLUCHI,***.925.719-**,CPF,2000.0,1,0.004259,
54,VANICE DE MATOS,PL,69,ELENA CARVALHO DE CAMPOS,***.551.660-**,CPF,2000.0,1,0.004259,
54,VANICE DE MATOS,PL,70,ELISETE INES KASPARY PELLENZ,***.094.270-**,CPF,2000.0,1,0.004259,
54,VANICE DE MATOS,PL,71,ELOI JOSE MERGEN,***.533.830-**,CPF,2000.0,1,0.004259,
54,VANICE DE MATOS,PL,72,ERMELINO GOMES CORREA,***.394.690-**,CPF,2000.0,1,0.004259,
54,VANICE DE MATOS,PL,73,GERSON SAVIO JASIOWSKA VACARO,***.400.110-**,CPF,2000.0,1,0.004259,
54,VANICE DE MATOS,PL,74,ILDO PETRAZZINI,***.311.760-**,CPF,2000.0,1,0.004259,
54,VANICE DE MATOS,PL,75,JOAO SCHEEREN HAAS,***.088.890-**,CPF,2000.0,1,0.004259,
54,VANICE DE MATOS,PL,76,MARCELI INES SCHNEIDERS,***.187.970-**,CPF,2000.0,1,0.004259,
54,VANICE DE MATOS,PL,77,VALDEMAR SCHMITT,***.713.900-**,CPF,2000.0,1,0.004259,
54,VANICE DE MATOS,PL,78,VALDIR PATZER FIEDLER,***.138.080-**,CPF,2000.0,1,0.004259,
54,VANICE DE MATOS,PL,79,PEDRO INACIO BIRCK,***.062.500-**,CPF,1900.0,1,0.004046,
54,VANICE DE MATOS,PL,80,A&S FRAGA CONTABILIDADE LTDA,60.570.067/0001-93,CNPJ,1750.0,1,0.003727,
54,VANICE DE MATOS,PL,81,JOSE CARLOS FRIEDERICH MACHADO,***.202.431-**,CPF,1600.0,1,0.003408,
54,VANICE DE MATOS,PL,82,ALBINO DA LUZ ALMEIDA,***.285.780-**,CPF,1500.0,1,0.003195,
54,VANICE DE MATOS,PL,83,ANDREIA NITSCHE,***.438.760-**,CPF,1500.0,1,0.003195,
54,VANICE DE MATOS,PL,84,CATIA PINHEIRO,***.117.440-**,CPF,1500.0,1,0.003195,
54,VANICE DE MATOS,PL,85,CATIELI HOPPEN ALVES,***.606.730-**,CPF,1500.0,1,0.003195,
54,VANICE DE MATOS,PL,86,ELIANE CARMEN VALENZUELA,***.136.150-**,CPF,1500.0,1,0.003195,
54,VANICE DE MATOS,PL,87,ELISABETE TERESINHA BECK KRISTOSCHEK,***.516.550-**,CPF,1500.0,1,0.003195,
54,VANICE DE MATOS,PL,88,GERSON RODRIGUES,***.110.360-**,CPF,1500.0,1,0.003195,
54,VANICE DE MATOS,PL,89,IRENILDA NASCIMENTO,***.027.500-**,CPF,1500.0,1,0.003195,
54,VANICE DE MATOS,PL,90,IVETE CELI MAYER,***.114.080-**,CPF,1500.0,1,0.003195,
54,VANICE DE MATOS,PL,91,JADIR DOS SANTOS,***.430.850-**,CPF,1500.0,1,0.003195,
54,VANICE DE MATOS,PL,92,KASSIA NAIRANA PEREIRA TEIXEIRA,***.253.270-**,CPF,1500.0,1,0.003195,
54,VANICE DE MATOS,PL,93,LINO JOAO SCHNEIDER,***.081.400-**,CPF,1500.0,1,0.003195,
54,VANICE DE MATOS,PL,94,NILSON CAVALHEIRO DE ALMEIDA,***.639.070-**,CPF,1500.0,1,0.003195,
54,VANICE DE MATOS,PL,95,NILSON CORTES DOS SANTOS,***.526.510-**,CPF,1500.0,1,0.003195,
54,VANICE DE MATOS,PL,96,RUBIA OLIVEIRA BARBOSA,***.785.890-**,CPF,1500.0,1,0.003195,
54,VANICE DE MATOS,PL,97,SELVINO MARQUES,***.549.560-**,CPF,1500.0,1,0.003195,
54,VANICE DE MATOS,PL,98,SOLANGE IGLEIA FEIDEN,***.703.960-**,CPF,1500.0,1,0.003195,
54,VANICE DE MATOS,PL,99,VIVIANE RACCOLTO DOS SANTOS,***.299.560-**,CPF,1500.0,1,0.003195,
54,VANICE DE MATOS,PL,100,LUCIA CZAPLA,***.592.450-**,CPF,1455.0,1,0.003099,
54,VANICE DE MATOS,PL,101,MARCO AURELIO SEVERAL PINHEIRO,***.656.500-**,CPF,1300.0,1,0.002769,
54,VANICE DE MATOS,PL,102,COLI GRAFICA E EDITORA LTDA,90.921.263/0001-26,CNPJ,1135.0,1,0.002417,
54,VANICE DE MATOS,PL,103,BRENO NEISS,***.015.450-**,CPF,1000.0,1,0.00213,
54,VANICE DE MATOS,PL,104,DAURY VICENTE RIFFEL,***.609.800-**,CPF,1000.0,1,0.00213,
54,VANICE DE MATOS,PL,105,RITA DE CACIA SANTOS MIRANDA,***.711.430-**,CPF,1000.0,1,0.00213,
54,VANICE DE MATOS,PL,106,VALDEMAR JOAO KREIN,***.757.100-**,CPF,1000.0,1,0.00213,
54,VANICE DE MATOS,PL,107,VERNER WINKLER,93.699.619/0001-17,CNPJ,1000.0,2,0.00213,
54,VANICE DE MATOS,PL,108,KAISER COMERCIO DE COMBUSTIVEIS LTDA,04.227.306/0001-36,CNPJ,874.44,3,0.001862,
54,VANICE DE MATOS,PL,109,ESSENT INOVACAO CONTABIL LTDA,25.188.538/0001-00,CNPJ,750.0,1,0.001597,
54,VANICE DE MATOS,PL,110,MIRIAM TEREZINHA KNAPP CAVALINI,***.818.110-**,CPF,500.0,1,0.001065,
54,VANICE DE MATOS,PL,111,"ENCARGOS FINANCEIROS, TAXAS BANCÁRIAS E/OU OP. CARTÃO DE CRÉDITO",,,237.4,14,0.000506,
55,ZÉ NUNES,PT,1,LUIS GUSTAVO BERNICKER,02.054.848/0001-29,CNPJ,84155.0,13,0.180298,
55,ZÉ NUNES,PT,2,GRAFICA E EDITORA SOLIDUS LTDA,03.860.879/0001-30,CNPJ,83750.0,23,0.17943,
55,ZÉ NUNES,PT,3,FACEBOOK SERVICOS ONLINE DO BRASIL LTDA.,13.347.016/0001-17,CNPJ,46000.0,9,0.098553,
55,ZÉ NUNES,PT,4,LIZIANE QUEVEDO,07.086.926/0001-90,CNPJ,34260.0,14,0.0734,
55,ZÉ NUNES,PT,5,30.902.398 MARCOS ROBERTO BORK,30.902.398/0001-12,CNPJ,26518.0,22,0.056814,
55,ZÉ NUNES,PT,6,MARITANIA DALLAGNOL SOCIEDADE INDIVIDUAL DE ADVOCACIA,01.781.826/0001-06,CNPJ,25000.0,1,0.053561,
55,ZÉ NUNES,PT,7,EMPRESA BRASILEIRA DE CORREIOS E TELEGRAFOS,34.028.316/8965-81,CNPJ,15930.2,1,0.03413,
55,ZÉ NUNES,PT,8,EUGENIO CARLOS PASSOS NEVES,***.619.800-**,CPF,10000.0,1,0.021425,
55,ZÉ NUNES,PT,9,BOQUEIRAO COMBUSTIVEIS LTDA,39.340.564/0002-90,CNPJ,7664.4,5,0.016421,
55,ZÉ NUNES,PT,10,OSCAR LUIS DE ALMEIDA,03.850.404/0001-62,CNPJ,5040.0,2,0.010798,
55,ZÉ NUNES,PT,11,CONTAFER CONTABILIDADE E ASSESSORIA,90.075.078/0001-68,CNPJ,5000.0,1,0.010712,
55,ZÉ NUNES,PT,12,GILDOMAR BATALHA MOTA,***.521.560-**,CPF,5000.0,1,0.010712,
55,ZÉ NUNES,PT,13,VLADIMIR PEREZ VALENTE,***.945.030-**,CPF,5000.0,1,0.010712,
55,ZÉ NUNES,PT,14,ANDRIGO PINHO DE AVILA,***.113.910-**,CPF,4800.0,1,0.010284,
55,ZÉ NUNES,PT,15,OLIVEIRA CARDOSO COMERCIAL DE COMBUSTIVEIS LTDA,08.362.750/0002-04,CNPJ,4577.41,19,0.009807,
55,ZÉ NUNES,PT,16,CELESTINA MALISZEWSKI,***.938.620-**,CPF,4500.0,1,0.009641,
55,ZÉ NUNES,PT,17,DECA LOCACAO DE AUTOMOVEIS LTDA,05.110.583/0001-27,CNPJ,4500.0,1,0.009641,
55,ZÉ NUNES,PT,18,ESPORTE CLUBE PELOTAS,92.242.726/0001-59,CNPJ,4286.46,1,0.009184,
55,ZÉ NUNES,PT,19,FERNANDO LUIZ BETTIN LTDA,38.479.695/0001-09,CNPJ,4200.0,1,0.008998,
55,ZÉ NUNES,PT,20,DANIEL E SILVA VOLCAN,***.429.780-**,CPF,4000.0,1,0.00857,
55,ZÉ NUNES,PT,21,NILZA BIERHALS WESTPHAL,94.092.053/0001-23,CNPJ,3900.0,1,0.008356,
55,ZÉ NUNES,PT,22,D. C. VEICULOS LTDA,13.507.524/0002-04,CNPJ,3500.0,1,0.007499,
55,ZÉ NUNES,PT,23,EMPRESA BRASILEIRA DE CORREIOS E TELEGRAFOS,34.028.316/4404-21,CNPJ,3191.1,1,0.006837,
55,ZÉ NUNES,PT,24,IDERE SILVEIRA KRUGER,***.664.160-**,CPF,3000.0,1,0.006427,
55,ZÉ NUNES,PT,25,ILTON JOCLEI FRANZ,***.888.680-**,CPF,3000.0,1,0.006427,
55,ZÉ NUNES,PT,26,INGOLF JOSE JACOB KALTBACH,***.732.120-**,CPF,3000.0,1,0.006427,
55,ZÉ NUNES,PT,27,LUCIO MAURO BRASIL VASCONCELLOS,11.940.062/0001-08,CNPJ,3000.0,1,0.006427,
55,ZÉ NUNES,PT,28,IMOBILIARIA TONI NEUTZLING LTDA,89.427.488/0001-41,CNPJ,2801.55,6,0.006002,
55,ZÉ NUNES,PT,29,CLARINDA ANTON GAPINSKI,***.846.170-**,CPF,2800.0,1,0.005999,
55,ZÉ NUNES,PT,30,MIRIAN BRAGANCA DE OLIVEIRA,10.694.528/0001-61,CNPJ,2800.0,1,0.005999,
55,ZÉ NUNES,PT,31,RUTIERE DILLE MENDES,***.035.820-**,CPF,2800.0,1,0.005999,
55,ZÉ NUNES,PT,32,DILMAR SILVEIRA,***.714.640-**,CPF,2500.0,1,0.005356,
55,ZÉ NUNES,PT,33,LUIZ SIDNEI BRAVO GAUTERIO,***.948.700-**,CPF,2500.0,1,0.005356,
55,ZÉ NUNES,PT,34,PHAMELA ARAUJO ZAMBRANO,***.804.040-**,CPF,2300.0,1,0.004928,
55,ZÉ NUNES,PT,35,RODRIGO LESSA SAMPAIO,25.375.413/0001-81,CNPJ,2300.0,1,0.004928,
55,ZÉ NUNES,PT,36,EMPRESA BRASILEIRA DE CORREIOS E TELEGRAFOS,34.028.316/4313-50,CNPJ,2233.77,1,0.004786,
55,ZÉ NUNES,PT,37,ELIZANE BEATRIZ PASTORIM COSTA ROLIM,***.341.090-**,CPF,2000.0,1,0.004285,
55,ZÉ NUNES,PT,38,FLAVIA MOREIRA PEREIRA,***.136.240-**,CPF,2000.0,1,0.004285,
55,ZÉ NUNES,PT,39,MARIA CLEONI TERRES PERES,***.859.890-**,CPF,2000.0,3,0.004285,
55,ZÉ NUNES,PT,40,SANDRA DALILA LEAL COITINHO,***.310.800-**,CPF,2000.0,1,0.004285,
55,ZÉ NUNES,PT,41,SIBELI DA CUNHA,***.313.610-**,CPF,2000.0,1,0.004285,
55,ZÉ NUNES,PT,42,VILMAR DUARTE DE AVILA,***.684.870-**,CPF,2000.0,1,0.004285,
55,ZÉ NUNES,PT,43,LUISA ZANCHETT RADTKE,***.779.200-**,CPF,1600.0,1,0.003428,
55,ZÉ NUNES,PT,44,MAURO SERGIO DE OLIVEIRA,***.352.830-**,CPF,1600.0,1,0.003428,
55,ZÉ NUNES,PT,45,NEIDA BONETA DA LUZ,***.156.490-**,CPF,1600.0,1,0.003428,
55,ZÉ NUNES,PT,46,VITOR GOMES MOREIRA,***.286.760-**,CPF,1600.0,1,0.003428,
55,ZÉ NUNES,PT,47,65.509.324 GABRIEL DA SILVA PEREIRA,65.509.324/0001-03,CNPJ,1500.0,1,0.003214,
55,ZÉ NUNES,PT,48,RUBI TRANSPORTE E COMERCIO LTDA,18.950.448/0001-31,CNPJ,1253.91,3,0.002686,
55,ZÉ NUNES,PT,49,FABIANE DOS SANTOS MIRANDA,***.969.310-**,CPF,1200.0,3,0.002571,
55,ZÉ NUNES,PT,50,FRANCIELLE LESSA COSTA,***.644.720-**,CPF,1200.0,1,0.002571,
55,ZÉ NUNES,PT,51,KEROLLYN MACEDO LACERDA,***.249.010-**,CPF,1200.0,1,0.002571,
55,ZÉ NUNES,PT,52,WELINTON LUNA DA SILVA,***.992.200-**,CPF,1200.0,1,0.002571,
55,ZÉ NUNES,PT,53,WESLEY JESUS MOTA DA COSTA,***.874.430-**,CPF,1200.0,1,0.002571,
55,ZÉ NUNES,PT,54,ANA PAULA PEREZ LAGES,***.501.050-**,CPF,1140.0,1,0.002442,
55,ZÉ NUNES,PT,55,CARLOS DANIEL SOARES DA FONSECA,***.481.590-**,CPF,1140.0,1,0.002442,
55,ZÉ NUNES,PT,56,SD ESPORTES E EVENTOS LTDA,48.635.895/0001-67,CNPJ,1000.0,1,0.002142,
55,ZÉ NUNES,PT,57,EMPRESA BRASILEIRA DE CORREIOS E TELEGRAFOS,34.028.316/0001-03,CNPJ,957.33,1,0.002051,
55,ZÉ NUNES,PT,58,CYBER DIM SERVICOS GRAFICOS E BRINDES LTDA,13.739.341/0001-25,CNPJ,950.0,1,0.002035,
55,ZÉ NUNES,PT,59,LUCIMARA DA SILVA DOS SANTOS VIEIRA,***.991.460-**,CPF,855.0,3,0.001832,
55,ZÉ NUNES,PT,60,AUTO POSTO JV COMERCIO DE COMBUSTIVEIS LTDA,95.124.608/0001-34,CNPJ,615.91,3,0.00132,
55,ZÉ NUNES,PT,61,32.999.709 SANTIAGO RULLMANN PASSOS,32.999.709/0001-39,CNPJ,500.0,1,0.001071,
55,ZÉ NUNES,PT,62,COMERCIAL BUFFON COMBUSTIVEIS E TRANSPORTES LIMITADA,93.489.243/0018-64,CNPJ,300.04,1,0.000643,
55,ZÉ NUNES,PT,63,WILLIAN MALLMANN RIBAS,07.207.883/0001-54,CNPJ,273.79,1,0.000587,
55,ZÉ NUNES,PT,64,AGRO POSTO ARROIO DO PADRE LTDA,01.315.280/0001-90,CNPJ,269.86,1,0.000578,
55,ZÉ NUNES,PT,65,PAULO CESAR ELGART FUMAGALLI,***.016.660-**,CPF,268.97,1,0.000576,
55,ZÉ NUNES,PT,66,SANDER COMERCIO DE COMBUSTIVEIS LTDA,91.411.256/0001-47,CNPJ,267.29,1,0.000573,
55,ZÉ NUNES,PT,67,COMERCIO DE COMBUSTIVEIS NEVOEIRO LTDA,95.425.369/0001-52,CNPJ,266.95,1,0.000572,
55,ZÉ NUNES,PT,68,S S COMERCIO DE COMBUSTIVEIS SA,01.991.461/0019-65,CNPJ,261.03,1,0.000559,
55,ZÉ NUNES,PT,69,S S COMERCIO DE COMBUSTIVEIS SA,01.991.461/0014-50,CNPJ,250.0,1,0.000536,
55,ZÉ NUNES,PT,70,S S COMERCIO DE COMBUSTIVEIS SA,01.991.461/0006-40,CNPJ,241.27,1,0.000517,
55,ZÉ NUNES,PT,71,AUTO POSTO CLAGIL LTDA,89.425.243/0001-85,CNPJ,235.98,1,0.000506,
