ID deputado,Deputado(a),Partido,Posição na lista,Doador,CPF/CNPJ,Tipo de documento,Valor (R$),Doações (qtd),% da receita bruta do deputado,Observação
1,ADÃO PRETTO,PT,1,DIREÇÃO NACIONAL - PT,00.676.262/0001-70,CNPJ,265500.0,2,0.768452,
1,ADÃO PRETTO,PT,2,ANTONIO VALDECI OLIVEIRA DE OLIVEIRA,68.306.629/0001-06,CNPJ,40000.0,2,0.115774,
1,ADÃO PRETTO,PT,3,CLAUDIOMIRO AMBROSIO,***.760.539-**,CPF,10000.0,2,0.028944,
1,ADÃO PRETTO,PT,4,MARCELO DOS SANTOS PEREIRA JUNIOR,***.540.770-**,CPF,6000.0,1,0.017366,
1,ADÃO PRETTO,PT,5,EGIDIO FIOROTTI,***.878.170-**,CPF,5000.0,1,0.014472,
1,ADÃO PRETTO,PT,6,ELIZABETH DUTRA PICOLOTO,***.875.540-**,CPF,5000.0,1,0.014472,
1,ADÃO PRETTO,PT,7,PAULO CESAR DA SILVA,***.342.910-**,CPF,5000.0,1,0.014472,
1,ADÃO PRETTO,PT,8,"SEVERIANO HERMES TELLES,",***.520.360-**,CPF,5000.0,1,0.014472,
1,ADÃO PRETTO,PT,9,LUIZ PRETTO,***.078.320-**,CPF,3000.0,1,0.008683,
1,ADÃO PRETTO,PT,10,ANTONIO AVELANGE PADILHA BUENO,***.324.520-**,CPF,1000.0,1,0.002894,
2,ADRI CHERINI,PL,1,DIREÇÃO NACIONAL - PL,08.517.423/0001-95,CNPJ,540000.0,2,0.623557,
2,ADRI CHERINI,PL,2,GIOVANI CHERINI,68.312.614/0001-42,CNPJ,94000.0,2,0.108545,
2,ADRI CHERINI,PL,3,DIREÇÃO ESTADUAL/DISTRITAL - PL - RIO GRANDE DO SUL,08.892.050/0001-32,CNPJ,70000.0,1,0.080831,
2,ADRI CHERINI,PL,4,GABRIEL FELICIO GIACOMINI ROCCO,***.218.478-**,CPF,50000.0,1,0.057737,
2,ADRI CHERINI,PL,5,SUSANA STAPELBROEK TRENNEPOHL,***.484.020-**,CPF,50000.0,1,0.057737,
2,ADRI CHERINI,PL,6,CELSO PAULINO RIGO,***.174.980-**,CPF,20000.0,1,0.023095,
2,ADRI CHERINI,PL,7,CLEUNIR TERESINHA PAVANI PALHARINI,***.243.740-**,CPF,10000.0,1,0.011547,
2,ADRI CHERINI,PL,8,JACSON RENATO DA COSTA DA SILVA,***.268.380-**,CPF,10000.0,1,0.011547,
2,ADRI CHERINI,PL,9,JUAREZ LUIZ D AMBROS,***.619.900-**,CPF,9000.0,1,0.010393,
2,ADRI CHERINI,PL,10,CINTIA VIANA DUARTE,***.400.110-**,CPF,5000.0,1,0.005774,
2,ADRI CHERINI,PL,11,LUIZ FELIPE SCHIAVON,***.614.970-**,CPF,5000.0,1,0.005774,
2,ADRI CHERINI,PL,12,MARIA LUIZA REVERBEL DE SOUZA,***.571.250-**,CPF,2000.0,1,0.002309,
2,ADRI CHERINI,PL,13,LISIANE D AMBROS MARDINI,***.231.900-**,CPF,1000.0,1,0.001155,
3,ADRIANA LARA,PL,1,DIREÇÃO NACIONAL - PL,08.517.423/0001-95,CNPJ,1140000.0,3,0.957983,
3,ADRIANA LARA,PL,2,ADRIANA VIEIRA LARA,***.901.580-**,CPF,43150.0,2,0.036261,
3,ADRIANA LARA,PL,3,CLAUDIA BERENICE SOARES LACERDA MESSIAS,***.974.980-**,CPF,1500.0,1,0.001261,
3,ADRIANA LARA,PL,4,LEANDRO BRITTO DE MELO,***.099.540-**,CPF,1500.0,1,0.001261,
3,ADRIANA LARA,PL,5,LEANDRO WILLRICH RODRIGUES,***.330.360-**,CPF,1500.0,1,0.001261,
3,ADRIANA LARA,PL,6,CARLOS DAGOBERTO POLETT MARIN,***.920.900-**,CPF,1250.0,1,0.00105,
3,ADRIANA LARA,PL,7,JORGE LUIZ WESCHENFELDER DUARTE,***.110.530-**,CPF,1100.0,1,0.000924,
4,ALI KLEMT,PL,1,DIREÇÃO NACIONAL - PL,08.517.423/0001-95,CNPJ,450000.0,1,0.853081,
4,ALI KLEMT,PL,2,GILSON LARI TRENNEPOHL,***.387.010-**,CPF,40000.0,1,0.075829,
4,ALI KLEMT,PL,3,LUCIANE BROCK GASPERIN,***.696.820-**,CPF,2052.0,1,0.00389,
4,ALI KLEMT,PL,4,WILLIAM LING,***.540.130-**,CPF,1140.0,1,0.002161,
4,ALI KLEMT,PL,5,INGRID DE KROES,***.253.170-**,CPF,1000.0,1,0.001896,
4,ALI KLEMT,PL,6,ALDA SIMONE SIMON,***.912.260-**,CPF,912.0,1,0.001729,
4,ALI KLEMT,PL,7,IONE ROSA DA SILVA,***.819.030-**,CPF,700.0,1,0.001327,
4,ALI KLEMT,PL,8,DANIELE SALLABERRY DE SOUZA,***.972.350-**,CPF,460.0,1,0.000872,
4,ALI KLEMT,PL,9,ADRIANO VIANA MARCAL,***.370.480-**,CPF,456.0,1,0.000864,
4,ALI KLEMT,PL,10,ALCINDO OST,***.587.000-**,CPF,456.0,1,0.000864,
4,ALI KLEMT,PL,11,ANGELA MARIA SCHNEIDER LAU,***.901.300-**,CPF,456.0,1,0.000864,
4,ALI KLEMT,PL,12,DANIELLE LEIPNITZ ENE,***.496.580-**,CPF,456.0,1,0.000864,
4,ALI KLEMT,PL,13,DARIANE ANDRADE SILVA,***.511.830-**,CPF,456.0,2,0.000864,
4,ALI KLEMT,PL,14,FERNANDO VANINI MURR,***.026.960-**,CPF,456.0,1,0.000864,
4,ALI KLEMT,PL,15,FERNANDO WALLIG BRUSIUS LUDWIG,***.265.530-**,CPF,456.0,1,0.000864,
4,ALI KLEMT,PL,16,FLAVIO ANTONIO SANTOS BORGES,***.090.780-**,CPF,456.0,1,0.000864,
4,ALI KLEMT,PL,17,GEANCARLO KUNZLER,***.510.500-**,CPF,456.0,1,0.000864,
4,ALI KLEMT,PL,18,GUILHERME GUARAGNA FILHO,***.776.180-**,CPF,456.0,1,0.000864,
4,ALI KLEMT,PL,19,IVANISE LABOURDETTE MENEZES LEAL,***.455.010-**,CPF,456.0,1,0.000864,
4,ALI KLEMT,PL,20,JOSE MARIO AMORIM,***.579.200-**,CPF,456.0,1,0.000864,
4,ALI KLEMT,PL,21,KATHIUSCIA WOLOSKI MARTINS,***.870.900-**,CPF,456.0,1,0.000864,
4,ALI KLEMT,PL,22,KATIA REGINA CAPRA,***.967.820-**,CPF,456.0,1,0.000864,
4,ALI KLEMT,PL,23,LARISSA DALTOE PARIS,***.439.370-**,CPF,456.0,1,0.000864,
4,ALI KLEMT,PL,24,LEANDRO LEAL GHEZZI,***.194.730-**,CPF,456.0,1,0.000864,
4,ALI KLEMT,PL,25,MARCELO CAMPOS DE CARVALHO,***.056.000-**,CPF,456.0,1,0.000864,
4,ALI KLEMT,PL,26,MARCELO FREDO ESTIGARRIBIA,***.026.430-**,CPF,456.0,1,0.000864,
4,ALI KLEMT,PL,27,MARCELO MENTI MULLER,***.964.390-**,CPF,456.0,1,0.000864,
4,ALI KLEMT,PL,28,MARCELO SCHIAVON,***.647.760-**,CPF,456.0,1,0.000864,
4,ALI KLEMT,PL,29,MARCIA REGINA DE OLIVEIRA,***.041.920-**,CPF,456.0,1,0.000864,
4,ALI KLEMT,PL,30,MILENE SILVA DO NASCIMENTO,***.584.690-**,CPF,456.0,2,0.000864,
4,ALI KLEMT,PL,31,PAULO JULIO LIPP,***.428.470-**,CPF,456.0,1,0.000864,
4,ALI KLEMT,PL,32,RAPHAELLA DE MATTOS CRUZ,***.215.460-**,CPF,456.0,1,0.000864,
4,ALI KLEMT,PL,33,RICARDO FERREIRA DA SILVA,***.423.530-**,CPF,456.0,1,0.000864,
4,ALI KLEMT,PL,34,ROBERTO MARQUES GASPERIN,***.094.360-**,CPF,456.0,1,0.000864,
4,ALI KLEMT,PL,35,SABRINA RODRIGUES DORNELES PESSI,***.821.930-**,CPF,456.0,1,0.000864,
4,ALI KLEMT,PL,36,SUSANA DE FREITAS PRADEL,***.201.280-**,CPF,456.0,2,0.000864,
4,ALI KLEMT,PL,37,TANIRA BITTENCOURT BRAGA,***.256.700-**,CPF,456.0,1,0.000864,
4,ALI KLEMT,PL,38,ALEXANDRE EL KIK DOS SANTOS,***.585.860-**,CPF,228.0,1,0.000432,
4,ALI KLEMT,PL,39,ALEXANDRE MANICA DE SOUZA,***.555.570-**,CPF,228.0,1,0.000432,
4,ALI KLEMT,PL,40,ALINE GUERRA BERNARDI,***.221.870-**,CPF,228.0,1,0.000432,
4,ALI KLEMT,PL,41,ALINE NOGUEIRA HAAS,***.174.720-**,CPF,228.0,1,0.000432,
4,ALI KLEMT,PL,42,ALSONES BALESTRIN,***.587.800-**,CPF,228.0,1,0.000432,
4,ALI KLEMT,PL,43,ANA CASSIA LANGSCH MIGUEL,***.553.070-**,CPF,228.0,1,0.000432,
4,ALI KLEMT,PL,44,ANA PAULA QUINOT,***.683.430-**,CPF,228.0,1,0.000432,
4,ALI KLEMT,PL,45,ANDERSON SCHAEFER KORBES,***.272.969-**,CPF,228.0,1,0.000432,
4,ALI KLEMT,PL,46,ANDRE LUIS DOS SANTOS BARBOSA,***.864.560-**,CPF,228.0,1,0.000432,
4,ALI KLEMT,PL,47,ANDREIA ELIANE POLICARPO MEIRELLES,***.163.890-**,CPF,228.0,1,0.000432,
4,ALI KLEMT,PL,48,ANDRESSA DANIELE TORREL,***.948.680-**,CPF,228.0,1,0.000432,
4,ALI KLEMT,PL,49,ANGELA FELIPPIN PEDROSO,***.758.820-**,CPF,228.0,1,0.000432,
4,ALI KLEMT,PL,50,ARIANA DE LIMA BONFANTI LEIVA,***.652.220-**,CPF,228.0,1,0.000432,
4,ALI KLEMT,PL,51,CARLOS ALBERTO ZAFFARI,***.070.910-**,CPF,228.0,1,0.000432,
4,ALI KLEMT,PL,52,CAROLINA AYDOS VILLARINHO,***.338.120-**,CPF,228.0,1,0.000432,
4,ALI KLEMT,PL,53,CLAUDIA CRISTINA FLACH,***.569.210-**,CPF,228.0,1,0.000432,
4,ALI KLEMT,PL,54,CRISTIANE HILDA DIDONE BOARETTO,***.511.870-**,CPF,228.0,1,0.000432,
4,ALI KLEMT,PL,55,DANIELA ROZA MARTIN,***.259.370-**,CPF,228.0,1,0.000432,
4,ALI KLEMT,PL,56,DEBORA DA SILVA COUTINHO,***.077.870-**,CPF,228.0,1,0.000432,
4,ALI KLEMT,PL,57,EDUARDA DOS REIS ESCHBERGER,***.361.930-**,CPF,228.0,1,0.000432,
4,ALI KLEMT,PL,58,EDUARDO BARCELLOS CARNEIRO,***.918.200-**,CPF,228.0,1,0.000432,
4,ALI KLEMT,PL,59,ELIANA BARBOSA FERRI,***.466.340-**,CPF,228.0,1,0.000432,
4,ALI KLEMT,PL,60,ESTELA MORAES FERNANDEZ,***.111.288-**,CPF,228.0,1,0.000432,
4,ALI KLEMT,PL,61,ESTER DA SILVA GARCIA,***.261.350-**,CPF,228.0,1,0.000432,
4,ALI KLEMT,PL,62,EVANILDA KRESCH DA SILVA,***.751.690-**,CPF,228.0,1,0.000432,
4,ALI KLEMT,PL,63,FABIO SEADI LIPP,***.480.210-**,CPF,228.0,1,0.000432,
4,ALI KLEMT,PL,64,FERNANDA DE CASTRO ZANCHIN,***.685.180-**,CPF,228.0,1,0.000432,
4,ALI KLEMT,PL,65,FERNANDA DUARTE,***.655.630-**,CPF,228.0,1,0.000432,
4,ALI KLEMT,PL,66,FERNANDA VENTURELLA KORFF LOPES,***.647.410-**,CPF,228.0,1,0.000432,
4,ALI KLEMT,PL,67,FERNANDO CARLOS BROCK,***.814.900-**,CPF,228.0,1,0.000432,
4,ALI KLEMT,PL,68,FERNANDO XAVIER BORBA JOREJ,***.979.570-**,CPF,228.0,1,0.000432,
4,ALI KLEMT,PL,69,GABRIELA CHEUICHE PIRES,***.188.460-**,CPF,228.0,1,0.000432,
4,ALI KLEMT,PL,70,GABRIELA GRAU MAKOWSKI,***.666.030-**,CPF,228.0,1,0.000432,
4,ALI KLEMT,PL,71,GIRLENE ZUCHETTO BARROS,***.092.430-**,CPF,228.0,1,0.000432,
4,ALI KLEMT,PL,72,GUSTAVO FELIX DE SOUSA MARQUES,***.362.000-**,CPF,228.0,1,0.000432,
4,ALI KLEMT,PL,73,IONE DOS SANTOS PORTELA,***.717.200-**,CPF,228.0,1,0.000432,
4,ALI KLEMT,PL,74,ISADORA MADI ELY,***.947.228-**,CPF,228.0,1,0.000432,
4,ALI KLEMT,PL,75,JANINE MARQUES PASSINI LUCHT,***.765.470-**,CPF,228.0,1,0.000432,
4,ALI KLEMT,PL,76,JESSICA CARNEIRO DA SILVA,***.406.420-**,CPF,228.0,1,0.000432,
4,ALI KLEMT,PL,77,JORGE DOS SANTOS,***.889.150-**,CPF,228.0,1,0.000432,
4,ALI KLEMT,PL,78,JOSE FREITAS TOMAZ,***.735.938-**,CPF,228.0,1,0.000432,
4,ALI KLEMT,PL,79,JULIANA HOLLER PETRY,***.347.520-**,CPF,228.0,1,0.000432,
4,ALI KLEMT,PL,80,JULIANA LEAL MARKUSONS MARCHIORI,***.194.250-**,CPF,228.0,1,0.000432,
4,ALI KLEMT,PL,81,JULIANA PETRIKS,***.971.540-**,CPF,228.0,1,0.000432,
4,ALI KLEMT,PL,82,KATIA OLIVEIRA DE SOUZA LIMBERGER,***.578.390-**,CPF,228.0,1,0.000432,
4,ALI KLEMT,PL,83,LARISSA DURAES FRANCO DE OLIVEIRA,***.463.725-**,CPF,228.0,1,0.000432,
4,ALI KLEMT,PL,84,LAURA MARCON DE AZEVEDO,***.994.430-**,CPF,228.0,1,0.000432,
4,ALI KLEMT,PL,85,LETICIA STEIBEL,***.215.190-**,CPF,228.0,1,0.000432,
4,ALI KLEMT,PL,86,LISSANDRA COFFY CREMONTI WREGE,***.520.750-**,CPF,228.0,1,0.000432,
4,ALI KLEMT,PL,87,LUANA ARAUJO FLECK,***.555.780-**,CPF,228.0,1,0.000432,
4,ALI KLEMT,PL,88,LUCIANE DUARTE CALCARA,***.234.130-**,CPF,228.0,1,0.000432,
4,ALI KLEMT,PL,89,LUISA ONGARATTO VIEGAS,***.957.660-**,CPF,228.0,1,0.000432,
4,ALI KLEMT,PL,90,LUISA SOUZA PINTO RAMOS TEITELBAUM,***.612.180-**,CPF,228.0,1,0.000432,
4,ALI KLEMT,PL,91,LUIZ AUGUSTO FERREIRA ARAUJO,***.767.756-**,CPF,228.0,1,0.000432,
4,ALI KLEMT,PL,92,LUIZA SILVA GERMANI,***.170.570-**,CPF,228.0,1,0.000432,
4,ALI KLEMT,PL,93,MAGDA FATIMA ANTONIOLLI MOURA,***.685.230-**,CPF,228.0,1,0.000432,
4,ALI KLEMT,PL,94,MAIRA MACIEL OLIVEIRA SEVERO,***.150.310-**,CPF,228.0,1,0.000432,
4,ALI KLEMT,PL,95,MARGARETE DIPRAT TREVISAN,***.533.960-**,CPF,228.0,1,0.000432,
4,ALI KLEMT,PL,96,MARIA AUGUSTA MANSUR DE SOUZA,***.215.890-**,CPF,228.0,1,0.000432,
4,ALI KLEMT,PL,97,MARIA INES IBANEZ LEAL,***.539.570-**,CPF,228.0,1,0.000432,
4,ALI KLEMT,PL,98,MICHELE ANTONIAZZI PORTO,***.655.060-**,CPF,228.0,1,0.000432,
4,ALI KLEMT,PL,99,MICHELE DA SILVA NICOLAIDIS,***.352.720-**,CPF,228.0,1,0.000432,
4,ALI KLEMT,PL,100,PAULO FRANCO DOS REIS NETO,***.443.650-**,CPF,228.0,1,0.000432,
4,ALI KLEMT,PL,101,PAULO ROBERTO CHIELE,***.829.840-**,CPF,228.0,1,0.000432,
4,ALI KLEMT,PL,102,PRISCILA CORREA DADALT,***.855.770-**,CPF,228.0,1,0.000432,
4,ALI KLEMT,PL,103,PRISCILA DIEHL,***.130.860-**,CPF,228.0,1,0.000432,
4,ALI KLEMT,PL,104,RAFAEL MONTE,***.970.500-**,CPF,228.0,1,0.000432,
4,ALI KLEMT,PL,105,REGINA MARTINS BARBOSA,***.385.000-**,CPF,228.0,1,0.000432,
4,ALI KLEMT,PL,106,RENATA BRAGA RYFF MOREIRA,***.199.430-**,CPF,228.0,1,0.000432,
4,ALI KLEMT,PL,107,RICARDO MEDEIROS THEISEN,***.866.820-**,CPF,228.0,1,0.000432,
4,ALI KLEMT,PL,108,RITA NOEMIA LAUER WOLF RIBEIRO PRATO,***.671.810-**,CPF,228.0,1,0.000432,
4,ALI KLEMT,PL,109,ROBERTA FEITEN SILVA,***.427.730-**,CPF,228.0,1,0.000432,
4,ALI KLEMT,PL,110,SABRINA PEREIRA SOARES,***.766.070-**,CPF,228.0,1,0.000432,
4,ALI KLEMT,PL,111,SILVANA CAROLINE ESCALANTE MENDIVIL PERINO,***.205.980-**,CPF,228.0,1,0.000432,
4,ALI KLEMT,PL,112,SONIA MARIA SEADI VERISSIMO DA FONSECA,***.812.060-**,CPF,228.0,1,0.000432,
4,ALI KLEMT,PL,113,STEFANO CALCARA,***.528.090-**,CPF,228.0,1,0.000432,
4,ALI KLEMT,PL,114,TANIA ELIZABETE AULER,***.658.430-**,CPF,228.0,1,0.000432,
4,ALI KLEMT,PL,115,TATIANA BENDER CARPENA DE MENEZES DE OLIVEIRA,***.897.010-**,CPF,228.0,1,0.000432,
4,ALI KLEMT,PL,116,TIAGO LEAL GHEZZI,***.979.780-**,CPF,228.0,1,0.000432,
5,BETO FANTINEL,MDB,1,DIREÇÃO NACIONAL - MDB,00.676.213/0001-38,CNPJ,250000.0,3,0.498748,
5,BETO FANTINEL,MDB,2,LUIS HENRIQUE BENTO LEAL,***.896.910-**,CPF,60000.0,2,0.1197,
5,BETO FANTINEL,MDB,3,ROBERTO FANTINEL,***.574.790-**,CPF,50000.0,1,0.09975,
5,BETO FANTINEL,MDB,4,BASILICIO SARAVIA NETO,***.611.566-**,CPF,20000.0,1,0.0399,
5,BETO FANTINEL,MDB,5,IGOR ROSA TAMBARA,***.343.690-**,CPF,18000.0,1,0.03591,
5,BETO FANTINEL,MDB,6,FINANCIAMENTO COLETIVO,,,7700.0,1,0.015361,
5,BETO FANTINEL,MDB,7,VALERIO VILI TREBIEN,***.256.360-**,CPF,7000.0,2,0.013965,
5,BETO FANTINEL,MDB,8,JONES ALEXANDRE MARTINS,***.559.730-**,CPF,5000.0,5,0.009975,
5,BETO FANTINEL,MDB,9,LUCIANO LOEBLEIN,***.166.900-**,CPF,5000.0,5,0.009975,
5,BETO FANTINEL,MDB,10,LUIZ ALBERTO VERZA DA ROSA FILHO,***.669.340-**,CPF,5000.0,1,0.009975,
5,BETO FANTINEL,MDB,11,PAULO RICARDO LUDWIG JUNIOR,***.324.695-**,CPF,5000.0,2,0.009975,
5,BETO FANTINEL,MDB,12,FABIANO VILLANOVA,***.550.200-**,CPF,4000.0,2,0.00798,
5,BETO FANTINEL,MDB,13,RICARDO BARBOSA GALHO,***.254.680-**,CPF,4000.0,1,0.00798,
5,BETO FANTINEL,MDB,14,CARLOS CEZAR MODERNEL LENUZZA,***.094.980-**,CPF,3000.0,1,0.005985,
5,BETO FANTINEL,MDB,15,GUSTAVO SEGABINAZZI SALDANHA,***.917.860-**,CPF,3000.0,4,0.005985,
5,BETO FANTINEL,MDB,16,PAMELA CHAVES FERNANDES,***.081.130-**,CPF,2400.0,1,0.004788,
5,BETO FANTINEL,MDB,17,CARLA MAGALI CAPITANIO,***.009.200-**,CPF,2200.0,2,0.004389,
5,BETO FANTINEL,MDB,18,ALTEMAR RAZEIRA,***.214.840-**,CPF,2000.0,1,0.00399,
5,BETO FANTINEL,MDB,19,SONIA TERESINHA CARLESSO,***.255.000-**,CPF,2000.0,1,0.00399,
5,BETO FANTINEL,MDB,20,JULIANO MALLMANN CARDOSO,***.436.190-**,CPF,1500.0,1,0.002992,
5,BETO FANTINEL,MDB,21,LUIZ CELSO GIACOMINI,***.204.150-**,CPF,1500.0,1,0.002992,
5,BETO FANTINEL,MDB,22,ADEMAR SILVA JUNIOR,***.525.511-**,CPF,1000.0,1,0.001995,
5,BETO FANTINEL,MDB,23,ADRIANO ROGERIO GOETTEMS,***.216.210-**,CPF,1000.0,1,0.001995,
5,BETO FANTINEL,MDB,24,ALMIR FRANCISCO FOLETTO,***.150.260-**,CPF,1000.0,1,0.001995,
5,BETO FANTINEL,MDB,25,AMAURY FLESCH LENZ,***.528.630-**,CPF,1000.0,1,0.001995,
5,BETO FANTINEL,MDB,26,ARI FERNANDO FOLETTO,***.750.850-**,CPF,1000.0,1,0.001995,
5,BETO FANTINEL,MDB,27,CESAR OLIVEIRA RODRIGUES DE PAULO,***.324.740-**,CPF,1000.0,1,0.001995,
5,BETO FANTINEL,MDB,28,EDSON GABBI SALVIERI,***.927.100-**,CPF,1000.0,1,0.001995,
5,BETO FANTINEL,MDB,29,FLAVIO PANCOTTE DALL AGNOL,***.213.260-**,CPF,1000.0,1,0.001995,
5,BETO FANTINEL,MDB,30,JORGE TADEU CONCEICAO DE SOUZA,***.530.420-**,CPF,1000.0,1,0.001995,
5,BETO FANTINEL,MDB,31,LUCAS LOEBLEIN,***.235.270-**,CPF,1000.0,1,0.001995,
5,BETO FANTINEL,MDB,32,LUIZ ALBERTO HOMRICH GUSMAO,***.512.270-**,CPF,1000.0,1,0.001995,
5,BETO FANTINEL,MDB,33,MILENE MARCELI GUIMARAES SCALCO,***.560.090-**,CPF,1000.0,1,0.001995,
5,BETO FANTINEL,MDB,34,NORMELIO FERREIRA DE AMORIM,***.484.700-**,CPF,1000.0,1,0.001995,
5,BETO FANTINEL,MDB,35,NORTON SOARES DA ROSA,***.327.180-**,CPF,1000.0,1,0.001995,
5,BETO FANTINEL,MDB,36,RAFAEL LEANDRO FLECK,***.110.990-**,CPF,1000.0,1,0.001995,
5,BETO FANTINEL,MDB,37,ROBERTO SILVEIRA FIALHO,***.512.450-**,CPF,1000.0,1,0.001995,
5,BETO FANTINEL,MDB,38,RODRIGO DA SILVA DE BORBA,***.794.940-**,CPF,1000.0,1,0.001995,
5,BETO FANTINEL,MDB,39,ROGERIO CARVALHO DE ASSIS BRASIL,***.574.970-**,CPF,1000.0,1,0.001995,
5,BETO FANTINEL,MDB,40,ROQUE DELLA MEA,***.347.610-**,CPF,1000.0,1,0.001995,
5,BETO FANTINEL,MDB,41,ADEMIR KESSELER,***.195.450-**,CPF,500.0,1,0.000997,
5,BETO FANTINEL,MDB,42,ADRIANA TRINDADE VARGAS,***.631.730-**,CPF,500.0,1,0.000997,
5,BETO FANTINEL,MDB,43,ALCIONE PIASENTIN CLARO,***.459.750-**,CPF,500.0,1,0.000997,
5,BETO FANTINEL,MDB,44,ANDRE LUIZ ROSSATO,***.194.380-**,CPF,500.0,1,0.000997,
5,BETO FANTINEL,MDB,45,CARMEM REGINA FAGUNDES PACHECO,***.111.280-**,CPF,500.0,1,0.000997,
5,BETO FANTINEL,MDB,46,CLAUDIMIR JOSE PICCIN,***.739.560-**,CPF,500.0,1,0.000997,
5,BETO FANTINEL,MDB,47,CLOVIS COLETTO,***.279.700-**,CPF,500.0,1,0.000997,
5,BETO FANTINEL,MDB,48,DIEGO RIGON DE OLIVEIRA,***.926.530-**,CPF,500.0,1,0.000997,
5,BETO FANTINEL,MDB,49,DJAVAN DEIVES OESTREICH,***.317.940-**,CPF,500.0,1,0.000997,
5,BETO FANTINEL,MDB,50,DOUGLAS GRIPA SCHIO,***.437.970-**,CPF,500.0,1,0.000997,
5,BETO FANTINEL,MDB,51,EDER GUBIANI LONDERO,***.173.100-**,CPF,500.0,1,0.000997,
5,BETO FANTINEL,MDB,52,EDUARDO PAZINATO DA CUNHA,***.603.770-**,CPF,500.0,1,0.000997,
5,BETO FANTINEL,MDB,53,ENZO SCHLOSSMACKER LANGE,***.426.170-**,CPF,500.0,1,0.000997,
5,BETO FANTINEL,MDB,54,EVERTON MICHEL NIEMEYER,***.569.330-**,CPF,500.0,1,0.000997,
5,BETO FANTINEL,MDB,55,GERRI MACHADO RIBEIRO,***.623.160-**,CPF,500.0,1,0.000997,
5,BETO FANTINEL,MDB,56,GIANNE AGNE SOUZA,***.874.930-**,CPF,500.0,1,0.000997,
5,BETO FANTINEL,MDB,57,GUILHERME BALDISSERA TAMBARA,***.863.770-**,CPF,500.0,1,0.000997,
5,BETO FANTINEL,MDB,58,GUILHERME GODOY DOS SANTOS PASSAMANI,***.665.900-**,CPF,500.0,1,0.000997,
5,BETO FANTINEL,MDB,59,HELTON ADRIANO HAAS,***.359.790-**,CPF,500.0,1,0.000997,
5,BETO FANTINEL,MDB,60,JADER JAQUES DRESCHER,***.658.430-**,CPF,500.0,1,0.000997,
5,BETO FANTINEL,MDB,61,JEAN CARLOS DOS SANTOS CAVALHEIRO,***.706.170-**,CPF,500.0,1,0.000997,
5,BETO FANTINEL,MDB,62,JOAO RICARDO DA ROSA,***.679.740-**,CPF,500.0,1,0.000997,
5,BETO FANTINEL,MDB,63,JOSE ARIMATEIA DE OLIVEIRA,***.815.773-**,CPF,500.0,1,0.000997,
5,BETO FANTINEL,MDB,64,JOSE LUIS VIERA EGGRES,***.454.080-**,CPF,500.0,1,0.000997,
5,BETO FANTINEL,MDB,65,JOSE PREVEDELLO,***.486.530-**,CPF,500.0,1,0.000997,
5,BETO FANTINEL,MDB,66,LOURENCO DOMINGOS MORO,***.807.570-**,CPF,500.0,1,0.000997,
5,BETO FANTINEL,MDB,67,LUCAS PREVEDELLO DE AZAMBUJA,***.103.510-**,CPF,500.0,1,0.000997,
5,BETO FANTINEL,MDB,68,LUCIELI DOS SANTOS GOMES,***.350.350-**,CPF,500.0,1,0.000997,
5,BETO FANTINEL,MDB,69,MAGALI MARQUES DA ROCHA,***.346.500-**,CPF,500.0,1,0.000997,
5,BETO FANTINEL,MDB,70,MARIA LOURDES HARTMANN DE ALMEIDA,***.248.050-**,CPF,500.0,1,0.000997,
5,BETO FANTINEL,MDB,71,MARIZANDA GRIPA SCHIO,***.228.810-**,CPF,500.0,1,0.000997,
5,BETO FANTINEL,MDB,72,MARLEI OLIVA SEGABINAZZI,***.641.870-**,CPF,500.0,1,0.000997,
5,BETO FANTINEL,MDB,73,MARTA HELENA KEMEL ZANELLA,***.559.440-**,CPF,500.0,1,0.000997,
5,BETO FANTINEL,MDB,74,MATIONE SONEGO,***.948.970-**,CPF,500.0,1,0.000997,
5,BETO FANTINEL,MDB,75,NEUSA MARIA DALCIN ROSSATO,***.423.871-**,CPF,500.0,1,0.000997,
5,BETO FANTINEL,MDB,76,RAFAEL GONCALVES PEREIRA,***.196.500-**,CPF,500.0,1,0.000997,
5,BETO FANTINEL,MDB,77,ROBSON LUIS ZINN,***.675.030-**,CPF,500.0,1,0.000997,
5,BETO FANTINEL,MDB,78,ROGERIO DE MENEZES,***.076.610-**,CPF,500.0,1,0.000997,
5,BETO FANTINEL,MDB,79,ROSELENE MARIA RAMPELOTTO SEGABINAZZI,***.147.680-**,CPF,500.0,1,0.000997,
5,BETO FANTINEL,MDB,80,SERGIO AMILTON DA SILVA UHR DOS SANTOS,***.707.880-**,CPF,500.0,1,0.000997,
5,BETO FANTINEL,MDB,81,TAINARA KUYVEN,***.307.480-**,CPF,500.0,1,0.000997,
5,BETO FANTINEL,MDB,82,TOBIAS RAMOS SCHAEFER,***.896.430-**,CPF,500.0,1,0.000997,
5,BETO FANTINEL,MDB,83,VALSERINA MARIA BULEGON GASSEN,***.239.300-**,CPF,500.0,1,0.000997,
5,BETO FANTINEL,MDB,84,VALTERNEI CEOLIN,***.648.200-**,CPF,500.0,1,0.000997,
5,BETO FANTINEL,MDB,85,VANIA MARTINI,***.167.660-**,CPF,500.0,1,0.000997,
5,BETO FANTINEL,MDB,86,VANUSA ROSANGELA DA ROSA,***.160.070-**,CPF,500.0,1,0.000997,
5,BETO FANTINEL,MDB,87,VILMAR JOAO FOLETTO,***.898.400-**,CPF,500.0,1,0.000997,
5,BETO FANTINEL,MDB,88,JUNIOR DE MELLO,***.315.220-**,CPF,300.0,1,0.000598,
5,BETO FANTINEL,MDB,89,FLAVIANE SILVEIRA RAHTS,***.930.800-**,CPF,155.0,1,0.000309,
6,BRUNA MOLZ,Podemos,1,DIREÇÃO NACIONAL - PODE,01.248.362/0001-69,CNPJ,662034.0,1,0.934073,
6,BRUNA MOLZ,Podemos,2,GILSON LARI TRENNEPOHL,***.387.010-**,CPF,40000.0,1,0.056437,
6,BRUNA MOLZ,Podemos,3,BRUNA JEANINE MOLZ NOAL,***.677.450-**,CPF,6500.0,4,0.009171,
6,BRUNA MOLZ,Podemos,4,DIREÇÃO ESTADUAL/DISTRITAL - PODE - RIO GRANDE DO SUL,11.036.509/0001-00,CNPJ,226.29,2,0.000319,
7,CAPITÃO MARTIM,Republicanos,1,DIREÇÃO NACIONAL - REPUBLICANOS,07.665.132/0001-81,CNPJ,250000.0,1,0.51036,
7,CAPITÃO MARTIM,Republicanos,2,MARTIM TODESCO ADREANI,***.889.950-**,CPF,124000.0,7,0.253139,
7,CAPITÃO MARTIM,Republicanos,3,GILSON LARI TRENNEPOHL,***.387.010-**,CPF,50000.0,1,0.102072,
7,CAPITÃO MARTIM,Republicanos,4,DIREÇÃO ESTADUAL/DISTRITAL - REPUBLICANOS - RIO GRANDE DO SUL,07.919.379/0001-87,CNPJ,20000.0,1,0.040829,
7,CAPITÃO MARTIM,Republicanos,5,JOSE EDUARDO DOS SANTOS,***.717.950-**,CPF,10000.0,1,0.020414,
7,CAPITÃO MARTIM,Republicanos,6,RENAN SILVA DOS SANTOS,***.996.530-**,CPF,9000.0,1,0.018373,
7,CAPITÃO MARTIM,Republicanos,7,ABMAEL ALMEIDA DE OLIVEIRA,***.817.130-**,CPF,7000.0,1,0.01429,
7,CAPITÃO MARTIM,Republicanos,8,CARLOS ALBERTO CORREIA FERNANDES,***.317.180-**,CPF,5000.0,1,0.010207,
7,CAPITÃO MARTIM,Republicanos,9,EDUARDO ALVES REIS,***.158.190-**,CPF,2000.0,1,0.004083,
7,CAPITÃO MARTIM,Republicanos,10,LENARA CRISTINA RIBEIRO,***.342.500-**,CPF,2000.0,1,0.004083,
7,CAPITÃO MARTIM,Republicanos,11,LETICIA DE MORAIS,***.717.870-**,CPF,2000.0,1,0.004083,
7,CAPITÃO MARTIM,Republicanos,12,LUIS PAULO DE SOUZA MORTAZA,***.845.670-**,CPF,2000.0,1,0.004083,
7,CAPITÃO MARTIM,Republicanos,13,SOLANGE HOCHSCHEIDT,***.508.800-**,CPF,2000.0,1,0.004083,
7,CAPITÃO MARTIM,Republicanos,14,VINICIUS FRANCISCO AMARANTE ANTUNES,***.852.470-**,CPF,2000.0,1,0.004083,
7,CAPITÃO MARTIM,Republicanos,15,GABRIEL FLORENTINO GOLDANI,***.037.880-**,CPF,1400.0,1,0.002858,
7,CAPITÃO MARTIM,Republicanos,16,FERNANDO EMILIO DOS SANTOS MACHADO,***.441.770-**,CPF,1000.0,2,0.002041,
7,CAPITÃO MARTIM,Republicanos,17,OSCAR CLAUDINO GALLI,***.900.890-**,CPF,350.0,1,0.000715,
7,CAPITÃO MARTIM,Republicanos,18,LUCI TERESINHA MACHADO BRITTES,***.212.670-**,CPF,100.0,1,0.000204,
8,CLÁUDIO TATSCH,PL,1,DIREÇÃO NACIONAL - PL,08.517.423/0001-95,CNPJ,500000.0,1,0.889205,
8,CLÁUDIO TATSCH,PL,2,GIOVANI CHERINI,68.312.614/0001-42,CNPJ,40000.0,2,0.071136,
8,CLÁUDIO TATSCH,PL,3,ALUIZIO MERLIN RIBEIRO,***.757.780-**,CPF,10000.0,1,0.017784,
8,CLÁUDIO TATSCH,PL,4,ROGERIO MERLIN RIBEIRO,***.631.550-**,CPF,10000.0,1,0.017784,
8,CLÁUDIO TATSCH,PL,5,FERNANDA NICOLA JORGE RIBEIRO MACHADO,***.719.890-**,CPF,2000.0,2,0.003557,
8,CLÁUDIO TATSCH,PL,6,JEFERSON FAGUNDES DE OLIVEIRA,***.073.260-**,CPF,300.0,1,0.000534,
9,COMANDANTE NÁDIA,PL,1,DIREÇÃO NACIONAL - PL,08.517.423/0001-95,CNPJ,1120000.0,3,0.842219,
9,COMANDANTE NÁDIA,PL,2,DIREÇÃO ESTADUAL/DISTRITAL - PL - RIO GRANDE DO SUL,08.892.050/0001-32,CNPJ,20000.0,1,0.01504,
9,COMANDANTE NÁDIA,PL,3,SAUL VERAS BOF,***.581.180-**,CPF,20000.0,1,0.01504,
9,COMANDANTE NÁDIA,PL,4,CELINA THERESINHA LARANJA DA FONSECA,***.482.130-**,CPF,15000.0,1,0.01128,
9,COMANDANTE NÁDIA,PL,5,ARMANDO PULGATI,***.051.900-**,CPF,12000.0,1,0.009024,
9,COMANDANTE NÁDIA,PL,6,DANIEL FRANCESCHI MONTEIRO,***.949.340-**,CPF,12000.0,2,0.009024,
9,COMANDANTE NÁDIA,PL,7,GABRIELA RUSCHEL MICHAELSEN,***.081.760-**,CPF,10000.0,1,0.00752,
9,COMANDANTE NÁDIA,PL,8,RICARDO ACCIOLY GERHARD,***.985.390-**,CPF,9000.0,2,0.006768,
9,COMANDANTE NÁDIA,PL,9,FERNANDA DA CUNHA BARTH,68.312.681/0001-67,CNPJ,6720.0,1,0.005053,
9,COMANDANTE NÁDIA,PL,10,CRISTINA MENIN SCHNEIDER,***.174.030-**,CPF,5000.0,1,0.00376,
9,COMANDANTE NÁDIA,PL,11,MARCELO PIRES MORAES,68.312.720/0001-26,CNPJ,5000.0,1,0.00376,
9,COMANDANTE NÁDIA,PL,12,ANA PAULA RODRIGUES DA SILVA,***.821.370-**,CPF,4950.0,1,0.003722,
9,COMANDANTE NÁDIA,PL,13,CASSIA IRAJARA SEQUEIRA RIBEIRO,***.479.550-**,CPF,4950.0,1,0.003722,
9,COMANDANTE NÁDIA,PL,14,EDUARDO RIOS SCHOSSLER,***.396.910-**,CPF,4950.0,1,0.003722,
9,COMANDANTE NÁDIA,PL,15,FERNANDA DOS SANTOS FERNANDES,***.813.050-**,CPF,4950.0,1,0.003722,
9,COMANDANTE NÁDIA,PL,16,NATASHA GOSTINSKI ROMERO,***.705.890-**,CPF,4950.0,1,0.003722,
9,COMANDANTE NÁDIA,PL,17,NILDA TERESINHA MAIA,***.009.970-**,CPF,4950.0,1,0.003722,
9,COMANDANTE NÁDIA,PL,18,SOLANO CESAR GHENO,***.745.080-**,CPF,4950.0,1,0.003722,
9,COMANDANTE NÁDIA,PL,19,FRANCIELI KELLER VILLANOVA,***.671.500-**,CPF,4800.0,1,0.00361,
9,COMANDANTE NÁDIA,PL,20,DANIELA BOCORNY DA ROSA,***.684.100-**,CPF,4650.0,1,0.003497,
9,COMANDANTE NÁDIA,PL,21,ELENICE SOUZA MAIOCCHI,***.608.750-**,CPF,4650.0,1,0.003497,
9,COMANDANTE NÁDIA,PL,22,FULVIO REICHERT SCHEEREN,***.069.330-**,CPF,4650.0,1,0.003497,
9,COMANDANTE NÁDIA,PL,23,MARCOS AURELIO MAUSOLFF SOUZA,***.214.760-**,CPF,3000.0,1,0.002256,
9,COMANDANTE NÁDIA,PL,24,ANDRE LUIZ RONCATTO,***.583.140-**,CPF,2000.0,1,0.001504,
9,COMANDANTE NÁDIA,PL,25,EDUARDO FERRET OYARZABAL DE CASTRO,***.993.280-**,CPF,2000.0,1,0.001504,
9,COMANDANTE NÁDIA,PL,26,JULIANO MALLMANN CARDOSO,***.436.190-**,CPF,2000.0,1,0.001504,
9,COMANDANTE NÁDIA,PL,27,PEDRO HENRIQUE BERTOLUCCI,***.119.210-**,CPF,2000.0,1,0.001504,
9,COMANDANTE NÁDIA,PL,28,WAGNER MALTA MARTINS,***.422.370-**,CPF,2000.0,1,0.001504,
9,COMANDANTE NÁDIA,PL,29,FINANCIAMENTO COLETIVO,,,1703.9,2,0.001281,
9,COMANDANTE NÁDIA,PL,30,CIRILO ROGERIO DONELLI,***.287.140-**,CPF,1500.0,1,0.001128,
9,COMANDANTE NÁDIA,PL,31,JUAREZ LUIZ D AMBROS,***.619.900-**,CPF,1500.0,1,0.001128,
9,COMANDANTE NÁDIA,PL,32,SIMONE KILIAN BRAGA,***.792.800-**,CPF,1300.0,2,0.000978,
9,COMANDANTE NÁDIA,PL,33,ALEXANDRE MARIN ARAUJO,***.793.980-**,CPF,1190.22,1,0.000895,
9,COMANDANTE NÁDIA,PL,34,ALEXANDRE ALFREDO LAU,***.712.310-**,CPF,1000.0,1,0.000752,
9,COMANDANTE NÁDIA,PL,35,ALEXANDRE BUENO BORTOLUZZI,***.915.880-**,CPF,1000.0,1,0.000752,
9,COMANDANTE NÁDIA,PL,36,ANDRE FLORES CORONEL,***.184.760-**,CPF,1000.0,1,0.000752,
9,COMANDANTE NÁDIA,PL,37,ANDRE LUIS DOS SANTOS BARBOSA,***.864.560-**,CPF,1000.0,1,0.000752,
9,COMANDANTE NÁDIA,PL,38,ANTONIO CESA LONGO,***.934.770-**,CPF,1000.0,1,0.000752,
9,COMANDANTE NÁDIA,PL,39,ANTONIO ORTIZ ROMACHO,***.789.110-**,CPF,1000.0,1,0.000752,
9,COMANDANTE NÁDIA,PL,40,CESAR OLIVEIRA RODRIGUES DE PAULO,***.324.740-**,CPF,1000.0,1,0.000752,
9,COMANDANTE NÁDIA,PL,41,CLARISSA ROHDE LOPES PEIXOTO,***.293.940-**,CPF,1000.0,1,0.000752,
9,COMANDANTE NÁDIA,PL,42,DANIEL VON MUHLEN,***.210.800-**,CPF,1000.0,1,0.000752,
9,COMANDANTE NÁDIA,PL,43,FRANCISCO NOVELLETTO NETO,***.917.850-**,CPF,1000.0,1,0.000752,
9,COMANDANTE NÁDIA,PL,44,HERMES VOLKER,***.825.920-**,CPF,1000.0,1,0.000752,
9,COMANDANTE NÁDIA,PL,45,JEFFERSON FURSTENAU,***.358.030-**,CPF,1000.0,1,0.000752,
9,COMANDANTE NÁDIA,PL,46,LEANDRO MAUAT DA SILVA,***.114.500-**,CPF,1000.0,1,0.000752,
9,COMANDANTE NÁDIA,PL,47,LEONARDO ELY SCHREINER,***.232.450-**,CPF,1000.0,1,0.000752,
9,COMANDANTE NÁDIA,PL,48,LUIS ROBERTO GOMES MARQUES,***.730.400-**,CPF,1000.0,1,0.000752,
9,COMANDANTE NÁDIA,PL,49,LUIZ FELIPE LIMA LAITANO,***.764.600-**,CPF,1000.0,1,0.000752,
9,COMANDANTE NÁDIA,PL,50,REGIS RECHE,***.099.420-**,CPF,1000.0,1,0.000752,
9,COMANDANTE NÁDIA,PL,51,ROBERTO MACHADO DA SILVA,***.000.570-**,CPF,1000.0,1,0.000752,
9,COMANDANTE NÁDIA,PL,52,ROQUE CHIES,***.995.010-**,CPF,1000.0,1,0.000752,
9,COMANDANTE NÁDIA,PL,53,SERGIO LUIZ VIEIRA,***.391.990-**,CPF,1000.0,1,0.000752,
9,COMANDANTE NÁDIA,PL,54,SILVIA RAMOS LAGO,***.251.480-**,CPF,1000.0,1,0.000752,
9,COMANDANTE NÁDIA,PL,55,SIDNEI VIAPIANA DA SILVA,***.192.320-**,CPF,500.0,1,0.000376,
9,COMANDANTE NÁDIA,PL,56,FABIO SCHERER,***.724.620-**,CPF,7.0,2,5e-06,
10,DAIANE MELLO,PL,1,DIREÇÃO NACIONAL - PL,08.517.423/0001-95,CNPJ,300000.0,2,0.946671,
10,DAIANE MELLO,PL,2,DAIANE FOGACA DA LUZ,***.315.600-**,CPF,3900.0,1,0.012307,
10,DAIANE MELLO,PL,3,GREICE WINNIE MELLO,***.326.010-**,CPF,3000.0,1,0.009467,
10,DAIANE MELLO,PL,4,VALDEVINO VARGAS TAVARES,***.393.750-**,CPF,3000.0,1,0.009467,
10,DAIANE MELLO,PL,5,JEAN CARLOS DALMAGRO,***.138.090-**,CPF,2700.0,1,0.00852,
10,DAIANE MELLO,PL,6,HENRIQUE ALVES BADO,***.570.250-**,CPF,2500.0,1,0.007889,
10,DAIANE MELLO,PL,7,ORI DA SILVA VARELA,***.083.560-**,CPF,1800.0,1,0.00568,
11,DELEGADA ANA TAROUCO,PSD,1,DIREÇÃO NACIONAL - PSD,13.629.827/0001-00,CNPJ,900000.0,1,0.922604,
11,DELEGADA ANA TAROUCO,PSD,2,LUCAS BELLO REDECKER,68.430.766/0001-40,CNPJ,45000.0,1,0.04613,
11,DELEGADA ANA TAROUCO,PSD,3,FABRICIO VALLE DUTRA,***.498.230-**,CPF,15000.0,1,0.015377,
11,DELEGADA ANA TAROUCO,PSD,4,PAULA CRISTINA IORIS DE OLIVEIRA,68.475.882/0001-85,CNPJ,5000.0,1,0.005126,
11,DELEGADA ANA TAROUCO,PSD,5,CRISTIANO RIBEIRO RITTA,***.830.380-**,CPF,2500.0,1,0.002563,
11,DELEGADA ANA TAROUCO,PSD,6,FERNANDA RIBEIRO RITTA FLORES,***.649.470-**,CPF,2500.0,1,0.002563,
11,DELEGADA ANA TAROUCO,PSD,7,HENRY ANDERSON RIBEIRO RITTA,***.738.720-**,CPF,2500.0,1,0.002563,
11,DELEGADA ANA TAROUCO,PSD,8,RAFAEL CAMARGO RIBEIRO,***.316.420-**,CPF,2500.0,1,0.002563,
11,DELEGADA ANA TAROUCO,PSD,9,DANIELA DE OLIVEIRA BRASIL DE ALMEIDA,***.879.040-**,CPF,500.0,1,0.000513,
12,DELEGADA NADINE,PSD,1,DIREÇÃO NACIONAL - PSD,13.629.827/0001-00,CNPJ,900000.0,1,0.866576,
12,DELEGADA NADINE,PSD,2,DANRLEI DE DEUS HINTERHOLZ,68.430.759/0001-48,CNPJ,60000.0,2,0.057772,
12,DELEGADA NADINE,PSD,3,ELMO JOSE ANFLOR JUNIOR,***.906.250-**,CPF,11000.0,1,0.010591,
12,DELEGADA NADINE,PSD,4,MARGARETH RUCKS DREBES,***.566.500-**,CPF,10000.0,1,0.009629,
12,DELEGADA NADINE,PSD,5,LINDOMAR CARLOS DE MATOS,***.672.611-**,CPF,6000.0,1,0.005777,
12,DELEGADA NADINE,PSD,6,FABIANE DE VARGAS BITTENCOURT,***.543.600-**,CPF,5250.0,1,0.005055,
12,DELEGADA NADINE,PSD,7,LAURENCE DE MORAES TEIXEIRA,***.112.410-**,CPF,5000.0,1,0.004814,
12,DELEGADA NADINE,PSD,8,MARIA DE LOURDES BORTOLANZA ANSELMI,***.555.200-**,CPF,5000.0,1,0.004814,
12,DELEGADA NADINE,PSD,9,EMERSON RICARDO SCHELSKI,***.280.650-**,CPF,4750.0,1,0.004574,
12,DELEGADA NADINE,PSD,10,ALINE SILVA ANFLOR RUCKS,***.330.660-**,CPF,3000.0,1,0.002889,
12,DELEGADA NADINE,PSD,11,DIOGO DANIEL TODESCHINI,***.759.370-**,CPF,3000.0,1,0.002889,
12,DELEGADA NADINE,PSD,12,NICHOLAS MULLER ELY,***.227.570-**,CPF,3000.0,1,0.002889,
12,DELEGADA NADINE,PSD,13,FERNANDO ANDREI CASTRO STEFFLER,***.620.290-**,CPF,2970.0,1,0.00286,
12,DELEGADA NADINE,PSD,14,FABRICIO RICARDO DE OLIVEIRA,***.980.570-**,CPF,2450.0,1,0.002359,
12,DELEGADA NADINE,PSD,15,ANDRESSA MARIA VICENTINI,***.490.760-**,CPF,2000.0,1,0.001926,
12,DELEGADA NADINE,PSD,16,JEAN PAULO BRUSTOLIN,***.017.030-**,CPF,2000.0,1,0.001926,
12,DELEGADA NADINE,PSD,17,OSCAR FERNANDO ALLGAYER,***.050.790-**,CPF,2000.0,1,0.001926,
12,DELEGADA NADINE,PSD,18,RITA FELBER DE CARLI,***.389.490-**,CPF,2000.0,1,0.001926,
12,DELEGADA NADINE,PSD,19,FREDERICO DE SAMPAIO DIDONET,***.872.940-**,CPF,1500.0,1,0.001444,
12,DELEGADA NADINE,PSD,20,HELOISA HELENA ZIGLIOTTO,***.874.510-**,CPF,1500.0,1,0.001444,
12,DELEGADA NADINE,PSD,21,JUAREZ LUIZ D AMBROS,***.619.900-**,CPF,1500.0,1,0.001444,
12,DELEGADA NADINE,PSD,22,DIMAS ALDINO DANDOLINI,***.232.290-**,CPF,1000.0,1,0.000963,
12,DELEGADA NADINE,PSD,23,LIZIANE DOS SANTOS BAUM,***.424.450-**,CPF,1000.0,1,0.000963,
12,DELEGADA NADINE,PSD,24,MARCELO PEREIRA DIAS DA SILVA,***.777.000-**,CPF,1000.0,1,0.000963,
12,DELEGADA NADINE,PSD,25,MARCIO ANDRE PILLOTTO,***.963.470-**,CPF,800.0,1,0.00077,
12,DELEGADA NADINE,PSD,26,GERSON KIST,***.089.680-**,CPF,500.0,1,0.000481,
12,DELEGADA NADINE,PSD,27,ALBERT BREDOW SCHMITZ,***.097.480-**,CPF,50.0,1,4.8e-05,
12,DELEGADA NADINE,PSD,28,ALEX ALAN PARECY,***.933.050-**,CPF,50.0,1,4.8e-05,
12,DELEGADA NADINE,PSD,29,CARINE ANGELA DE MELLO TOMAZELLI,***.097.080-**,CPF,50.0,1,4.8e-05,
12,DELEGADA NADINE,PSD,30,FERNANDO DE OLIVEIRA,***.453.410-**,CPF,50.0,1,4.8e-05,
12,DELEGADA NADINE,PSD,31,GEOVANI HILARIO NILSON,***.792.590-**,CPF,50.0,1,4.8e-05,
12,DELEGADA NADINE,PSD,32,JOICE CATIA ZIELKE,***.743.600-**,CPF,50.0,1,4.8e-05,
12,DELEGADA NADINE,PSD,33,PABLO LUIS TOMAZELLI,***.148.710-**,CPF,50.0,1,4.8e-05,
13,DELEGADO ZUCCO,Republicanos,1,RONALDO NOGUEIRA DE OLIVEIRA,68.379.754/0001-38,CNPJ,274000.0,2,0.32716,
13,DELEGADO ZUCCO,Republicanos,2,DIREÇÃO NACIONAL - REPUBLICANOS,07.665.132/0001-81,CNPJ,250000.0,1,0.298504,
13,DELEGADO ZUCCO,Republicanos,3,ELACIO ADAIR HUGENDOBLER,***.845.730-**,CPF,100000.0,1,0.119402,
13,DELEGADO ZUCCO,Republicanos,4,RODRIGO LORENZINI ZUCCO,***.345.330-**,CPF,63435.0,5,0.075742,
13,DELEGADO ZUCCO,Republicanos,5,GERSON ALBANO HAAS,***.928.900-**,CPF,35000.0,3,0.041791,
13,DELEGADO ZUCCO,Republicanos,6,DIREÇÃO ESTADUAL/DISTRITAL - REPUBLICANOS - RIO GRANDE DO SUL,07.919.379/0001-87,CNPJ,30000.0,1,0.03582,
13,DELEGADO ZUCCO,Republicanos,7,ONELIO PILECCO,***.533.630-**,CPF,20000.0,2,0.02388,
13,DELEGADO ZUCCO,Republicanos,8,CLEUSA TEREZINHA LORENZINI KERBER,***.855.979-**,CPF,10000.0,1,0.01194,
13,DELEGADO ZUCCO,Republicanos,9,FAISAL MOTHCI KARAM,68.379.731/0001-23,CNPJ,10000.0,1,0.01194,
13,DELEGADO ZUCCO,Republicanos,10,GRAZIELA LORENZINI ZUCCO,***.706.830-**,CPF,10000.0,1,0.01194,
13,DELEGADO ZUCCO,Republicanos,11,JOAO CARLOS HARTZ,***.020.680-**,CPF,10000.0,1,0.01194,
13,DELEGADO ZUCCO,Republicanos,12,ROSANE TEREZINHA PILECCO SONEGO,***.083.680-**,CPF,10000.0,1,0.01194,
13,DELEGADO ZUCCO,Republicanos,13,REGIS SELL HAUBERT,***.490.400-**,CPF,5000.0,1,0.00597,
13,DELEGADO ZUCCO,Republicanos,14,RENE LENHARDT,***.394.670-**,CPF,5000.0,1,0.00597,
13,DELEGADO ZUCCO,Republicanos,15,ALOISIO ZIMMER JUNIOR,***.516.490-**,CPF,2000.0,1,0.002388,
13,DELEGADO ZUCCO,Republicanos,16,JOSE ANTONIO RISPOLI,***.268.590-**,CPF,2000.0,1,0.002388,
13,DELEGADO ZUCCO,Republicanos,17,DEBORA MASCELLA KRIEGER,***.296.690-**,CPF,1000.0,1,0.001194,
13,DELEGADO ZUCCO,Republicanos,18,FINANCIAMENTO COLETIVO,,,75.0,1,9e-05,
14,DIEGO PICUCHA,PDT,1,AFONSO ANTUNES DA MOTTA,68.373.310/0001-95,CNPJ,100000.0,6,0.237192,
14,DIEGO PICUCHA,PDT,2,DARCI POMPEO DE MATTOS,68.373.426/0001-24,CNPJ,100000.0,2,0.237192,
14,DIEGO PICUCHA,PDT,3,DIREÇÃO NACIONAL - PDT,00.719.575/0001-69,CNPJ,100000.0,2,0.237192,
14,DIEGO PICUCHA,PDT,4,JOSE ADELMO PEREIRA DA LUZ,***.198.700-**,CPF,48300.0,3,0.114564,
14,DIEGO PICUCHA,PDT,5,GILBERTO MIGUEL GOMES JUNIOR,***.218.800-**,CPF,13000.0,3,0.030835,
14,DIEGO PICUCHA,PDT,6,ADRIANO AZEREDO DA SILVA,***.492.490-**,CPF,10000.0,1,0.023719,
14,DIEGO PICUCHA,PDT,7,IVAN ANTONIO WILBORN,***.183.460-**,CPF,10000.0,1,0.023719,
14,DIEGO PICUCHA,PDT,8,PABLO LEANDRO DOS SANTOS,***.701.300-**,CPF,10000.0,1,0.023719,
14,DIEGO PICUCHA,PDT,9,VINICIUS FELIPPE,***.412.180-**,CPF,7000.0,2,0.016603,
14,DIEGO PICUCHA,PDT,10,MARTA ALINE AMARAL DA SILVA,***.020.950-**,CPF,5300.0,2,0.012571,
14,DIEGO PICUCHA,PDT,11,LUIS CARLOS DOS SANTOS,***.337.760-**,CPF,5000.0,1,0.01186,
14,DIEGO PICUCHA,PDT,12,CLEBER DAL PIVA DA LUZ,***.466.260-**,CPF,2000.0,1,0.004744,
14,DIEGO PICUCHA,PDT,13,MAGALI RITTER,***.833.780-**,CPF,2000.0,1,0.004744,
14,DIEGO PICUCHA,PDT,14,PRISCILA MUELLER,***.813.320-**,CPF,2000.0,1,0.004744,
14,DIEGO PICUCHA,PDT,15,ELIZANDRA DA SILVA HELDT,***.401.620-**,CPF,1000.0,1,0.002372,
14,DIEGO PICUCHA,PDT,16,ELVIS PROCOPIO BICA,***.798.930-**,CPF,1000.0,1,0.002372,
14,DIEGO PICUCHA,PDT,17,JAMES PAZ MACHADO JUNIOR,***.704.990-**,CPF,1000.0,1,0.002372,
14,DIEGO PICUCHA,PDT,18,MOACIR GALISKE DE SOUZA,***.478.910-**,CPF,1000.0,1,0.002372,
14,DIEGO PICUCHA,PDT,19,NILTON DAPPER HERMES,***.981.730-**,CPF,1000.0,1,0.002372,
14,DIEGO PICUCHA,PDT,20,RITIELE ARAUJO STUMM,***.030.370-**,CPF,1000.0,1,0.002372,
14,DIEGO PICUCHA,PDT,21,SILVIO GONCALVES DOS SANTOS,***.219.920-**,CPF,1000.0,1,0.002372,
15,DIMAS COSTA,PSD,1,DIREÇÃO NACIONAL - PSD,13.629.827/0001-00,CNPJ,360000.0,3,0.669767,
15,DIMAS COSTA,PSD,2,LUCAS BELLO REDECKER,68.430.766/0001-40,CNPJ,50000.0,1,0.093023,
15,DIMAS COSTA,PSD,3,FREDERICO CANTORI ANTUNES,68.475.890/0001-21,CNPJ,30000.0,1,0.055814,
15,DIMAS COSTA,PSD,4,LUIZ ARIANO ZAFFALON,***.000.440-**,CPF,15000.0,1,0.027907,
15,DIMAS COSTA,PSD,5,HUMBERTO SILVA DOS REIS,***.555.790-**,CPF,10000.0,2,0.018605,
15,DIMAS COSTA,PSD,6,DIREÇÃO ESTADUAL/DISTRITAL - MDB - RIO GRANDE DO SUL,87.582.714/0001-33,CNPJ,7200.0,1,0.013395,
15,DIMAS COSTA,PSD,7,DEIZE SOUZA DA COSTA,***.502.420-**,CPF,7000.0,1,0.013023,
15,DIMAS COSTA,PSD,8,ANNA BEATRIZ SANTOS PIRES DA SILVA,***.617.720-**,CPF,6000.0,1,0.011163,
15,DIMAS COSTA,PSD,9,DAVI KELLER SEVERGNINI,***.681.220-**,CPF,5000.0,1,0.009302,
15,DIMAS COSTA,PSD,10,DIEGO PINTO PEREIRA,***.166.010-**,CPF,5000.0,1,0.009302,
15,DIMAS COSTA,PSD,11,EDUARDO FERRO MULLER,***.034.150-**,CPF,5000.0,1,0.009302,
15,DIMAS COSTA,PSD,12,FERNANDO AZAMBUJA MAGNUS ASSIS,***.247.310-**,CPF,5000.0,1,0.009302,
15,DIMAS COSTA,PSD,13,FERNANDO SILVA DA ROCHA,***.556.160-**,CPF,5000.0,1,0.009302,
15,DIMAS COSTA,PSD,14,GABRIEL DE OLIVEIRA,***.082.130-**,CPF,5000.0,1,0.009302,
15,DIMAS COSTA,PSD,15,LEANDRO SOARES FERREIRA,***.204.900-**,CPF,5000.0,1,0.009302,
15,DIMAS COSTA,PSD,16,PEDRO JUAREZ DE SOUZA,***.521.940-**,CPF,5000.0,2,0.009302,
15,DIMAS COSTA,PSD,17,PAULO ALEXANDRE MENEZES DA SILVA,***.642.600-**,CPF,4300.0,2,0.008,
15,DIMAS COSTA,PSD,18,MARCIA HELENA BRASIL ALVES,***.210.900-**,CPF,4000.0,1,0.007442,
15,DIMAS COSTA,PSD,19,CAROLINE SOUZA PEREIRA,***.643.820-**,CPF,2000.0,1,0.003721,
15,DIMAS COSTA,PSD,20,INDIANARA NERI CARDOSO DE LIMA SANTOS,***.728.890-**,CPF,2000.0,1,0.003721,
16,DIRCEU FRANCISCON,União,1,DIREÇÃO NACIONAL - UNIÃO,44.551.496/0001-67,CNPJ,386640.0,2,0.87712,
16,DIRCEU FRANCISCON,União,2,LUIZ CARLOS GHIORZZI BUSATO,68.411.157/0001-43,CNPJ,47622.25,15,0.108034,
16,DIRCEU FRANCISCON,União,3,DIREÇÃO ESTADUAL/DISTRITAL - UNIÃO - RIO GRANDE DO SUL,45.855.356/0001-45,CNPJ,3694.16,1,0.00838,
16,DIRCEU FRANCISCON,União,4,TAUA VAZ NEY,***.390.670-**,CPF,1800.0,2,0.004083,
16,DIRCEU FRANCISCON,União,5,JAIMIR BALBINOT,***.296.410-**,CPF,1050.0,1,0.002382,
17,EDIVILSON BRUM,MDB,1,JOSE CARLOS BORGES DA SILVEIRA JUNIOR,***.514.610-**,CPF,31435.09,3,0.061898,
17,EDIVILSON BRUM,MDB,2,JULIANA VAUCHER BENTO LEAL,***.867.710-**,CPF,25000.0,2,0.049227,
17,EDIVILSON BRUM,MDB,3,LUIS HENRIQUE BENTO LEAL,***.896.910-**,CPF,25000.0,2,0.049227,
17,EDIVILSON BRUM,MDB,4,ALCEU MOREIRA DA SILVA,68.475.867/0001-37,CNPJ,20000.0,1,0.039381,
17,EDIVILSON BRUM,MDB,5,DIREÇÃO NACIONAL - MDB,00.676.213/0001-38,CNPJ,20000.0,1,0.039381,
17,EDIVILSON BRUM,MDB,6,JANINE KANHESKI MOREIRA,***.558.210-**,CPF,19000.0,1,0.037412,
17,EDIVILSON BRUM,MDB,7,JOAQUIM ULISSES DE ARAUJO E SILVA,***.367.520-**,CPF,15000.0,1,0.029536,
17,EDIVILSON BRUM,MDB,8,EDIVILSON MEURER BRUM,***.514.420-**,CPF,13900.0,2,0.02737,
17,EDIVILSON BRUM,MDB,9,ALICE MARIA VALANDRO RADAELLI,***.599.430-**,CPF,10000.0,2,0.019691,
17,EDIVILSON BRUM,MDB,10,ARTUR GATTINO,***.791.030-**,CPF,10000.0,2,0.019691,
17,EDIVILSON BRUM,MDB,11,ROGERIO DE FREITAS JUNG,***.957.440-**,CPF,10000.0,1,0.019691,
17,EDIVILSON BRUM,MDB,12,WILSON ROBERTO IENSEN MULLER,***.567.780-**,CPF,10000.0,1,0.019691,
17,EDIVILSON BRUM,MDB,13,MAGALI SANTIN REZENDE DA ROCHA,***.923.650-**,CPF,7000.0,1,0.013783,
17,EDIVILSON BRUM,MDB,14,ADELAR DA SILVA NOGUEIRA,***.450.480-**,CPF,5000.0,1,0.009845,
17,EDIVILSON BRUM,MDB,15,ADRIANA DA ROCHA LEITE,***.382.920-**,CPF,5000.0,1,0.009845,
17,EDIVILSON BRUM,MDB,16,ALEXANDRE GOULART SEVERO,***.345.670-**,CPF,5000.0,1,0.009845,
17,EDIVILSON BRUM,MDB,17,ALFREDO PESSI NETO,***.138.530-**,CPF,5000.0,1,0.009845,
17,EDIVILSON BRUM,MDB,18,ALVIMAR LUIZ LISOT,***.652.330-**,CPF,5000.0,1,0.009845,
17,EDIVILSON BRUM,MDB,19,ARDEL EDNOR NUNES,***.810.540-**,CPF,5000.0,1,0.009845,
17,EDIVILSON BRUM,MDB,20,BRUNA NIEDERMEIER BELMONTE,***.977.050-**,CPF,5000.0,1,0.009845,
17,EDIVILSON BRUM,MDB,21,BRUNO PINTO DE FREITAS,***.316.240-**,CPF,5000.0,1,0.009845,
17,EDIVILSON BRUM,MDB,22,CAIO TIBERIO DORNELLES DA ROCHA,***.546.570-**,CPF,5000.0,1,0.009845,
17,EDIVILSON BRUM,MDB,23,CARLOS EDUARDO DA FONTE RAYA,***.470.680-**,CPF,5000.0,1,0.009845,
17,EDIVILSON BRUM,MDB,24,CARMEN SCHUCK,***.221.010-**,CPF,5000.0,1,0.009845,
17,EDIVILSON BRUM,MDB,25,CLEIDIMARA DA SILVA FLORES,***.244.380-**,CPF,5000.0,1,0.009845,
17,EDIVILSON BRUM,MDB,26,DEOCLIDES VENDRUSCULO,***.095.190-**,CPF,5000.0,1,0.009845,
17,EDIVILSON BRUM,MDB,27,EDUARDO DA SILVA MARQUES,***.425.950-**,CPF,5000.0,1,0.009845,
17,EDIVILSON BRUM,MDB,28,ELOMAR ROCHA KOLOGESKI,***.748.650-**,CPF,5000.0,1,0.009845,
17,EDIVILSON BRUM,MDB,29,ELZIRA TEREZINHA MEURER AZAMBUJA,***.599.080-**,CPF,5000.0,1,0.009845,
17,EDIVILSON BRUM,MDB,30,ENOC BRAGA GUIMARAES,***.182.060-**,CPF,5000.0,1,0.009845,
17,EDIVILSON BRUM,MDB,31,ESTHER BOEIRA MARTIN,***.157.450-**,CPF,5000.0,1,0.009845,
17,EDIVILSON BRUM,MDB,32,FABIANA DURGANT SILVA,***.077.100-**,CPF,5000.0,1,0.009845,
17,EDIVILSON BRUM,MDB,33,FABIO DA SILVA DE OLIVEIRA,***.717.220-**,CPF,5000.0,1,0.009845,
17,EDIVILSON BRUM,MDB,34,FABIO VICENZI,***.929.590-**,CPF,5000.0,1,0.009845,
17,EDIVILSON BRUM,MDB,35,FERNANDO HENRIQUE KOHLMANN SCHWANKE,***.997.290-**,CPF,5000.0,1,0.009845,
17,EDIVILSON BRUM,MDB,36,HERMENEGILDO FRACAO JUNIOR,***.150.460-**,CPF,5000.0,1,0.009845,
17,EDIVILSON BRUM,MDB,37,IBANEZ FERREIRA FILTER,***.508.070-**,CPF,5000.0,1,0.009845,
17,EDIVILSON BRUM,MDB,38,JANES TATIANE FIGUEIRA LUZ,***.391.200-**,CPF,5000.0,1,0.009845,
17,EDIVILSON BRUM,MDB,39,JEANETTE HALMENSCHLAGER LONTRA,***.083.280-**,CPF,5000.0,1,0.009845,
17,EDIVILSON BRUM,MDB,40,JOAO BATISTA BASSANI,***.750.210-**,CPF,5000.0,1,0.009845,
17,EDIVILSON BRUM,MDB,41,JOAO EDIO MAZZOTTI,***.924.860-**,CPF,5000.0,1,0.009845,
17,EDIVILSON BRUM,MDB,42,JOAO SATT FILHO,***.180.310-**,CPF,5000.0,1,0.009845,
17,EDIVILSON BRUM,MDB,43,JOSE LUIZ KRUPP,***.962.250-**,CPF,5000.0,1,0.009845,
17,EDIVILSON BRUM,MDB,44,JUCIMAR CORREA MATTOS,***.096.790-**,CPF,5000.0,1,0.009845,
17,EDIVILSON BRUM,MDB,45,LUCAS DE AVILA FERRAZ,***.768.770-**,CPF,5000.0,1,0.009845,
17,EDIVILSON BRUM,MDB,46,LUCIANE GARCIA MARUN,***.494.740-**,CPF,5000.0,1,0.009845,
17,EDIVILSON BRUM,MDB,47,MARCELO DELLA GIUSTINA,***.682.620-**,CPF,5000.0,1,0.009845,
17,EDIVILSON BRUM,MDB,48,MARCIO MACHADO IRION,***.120.710-**,CPF,5000.0,1,0.009845,
17,EDIVILSON BRUM,MDB,49,MARCOS ALBERTO FERRAZZA TRINDADE,***.683.420-**,CPF,5000.0,1,0.009845,
17,EDIVILSON BRUM,MDB,50,MARILUCI INOCENCIA REIS SILVEIRA,***.700.010-**,CPF,5000.0,1,0.009845,
17,EDIVILSON BRUM,MDB,51,PABLO SEFFRIN,***.489.780-**,CPF,5000.0,1,0.009845,
17,EDIVILSON BRUM,MDB,52,PAULO JOURDAN REIS,***.344.400-**,CPF,5000.0,1,0.009845,
17,EDIVILSON BRUM,MDB,53,PRISCILA DA LUZ MICHELIN,***.508.230-**,CPF,5000.0,1,0.009845,
17,EDIVILSON BRUM,MDB,54,PROTAZIO MALACARNE,***.738.830-**,CPF,5000.0,1,0.009845,
17,EDIVILSON BRUM,MDB,55,REGIS CASAGRANDE,***.470.910-**,CPF,5000.0,1,0.009845,
17,EDIVILSON BRUM,MDB,56,ROBSON DIEGO FERREIRA,***.724.930-**,CPF,5000.0,1,0.009845,
17,EDIVILSON BRUM,MDB,57,RODRIGO DA SILVA DE BORBA,***.794.940-**,CPF,5000.0,1,0.009845,
17,EDIVILSON BRUM,MDB,58,ROGER DA ROCHA POZZI,***.858.630-**,CPF,5000.0,1,0.009845,
17,EDIVILSON BRUM,MDB,59,ROMEU FUCHS,***.831.670-**,CPF,5000.0,1,0.009845,
17,EDIVILSON BRUM,MDB,60,ROSELI DA SILVA NEVES JUNG,***.343.920-**,CPF,5000.0,1,0.009845,
17,EDIVILSON BRUM,MDB,61,ROTIERE JOSE BUSATTO GUARIENTI,***.452.640-**,CPF,5000.0,1,0.009845,
17,EDIVILSON BRUM,MDB,62,SERGIO AIME,***.789.790-**,CPF,5000.0,1,0.009845,
17,EDIVILSON BRUM,MDB,63,SILOMAR GARCIA SILVEIRA,***.728.880-**,CPF,5000.0,1,0.009845,
17,EDIVILSON BRUM,MDB,64,SUZIELE ALVES DE QUADRO,***.592.940-**,CPF,5000.0,1,0.009845,
17,EDIVILSON BRUM,MDB,65,TAIGUAR FAUSTO DE ARAUJO,***.791.430-**,CPF,5000.0,1,0.009845,
17,EDIVILSON BRUM,MDB,66,UBIRATAN BENEDETTI,***.821.710-**,CPF,5000.0,1,0.009845,
17,EDIVILSON BRUM,MDB,67,VAGNER ELLWANGER DA CUNDA,***.989.780-**,CPF,5000.0,1,0.009845,
17,EDIVILSON BRUM,MDB,68,VIRGILIO RENE DOS SANTOS COSTA,***.522.710-**,CPF,5000.0,1,0.009845,
17,EDIVILSON BRUM,MDB,69,VLADIMIR INOCENTE,***.509.470-**,CPF,5000.0,1,0.009845,
17,EDIVILSON BRUM,MDB,70,DEBORA SOARES TUCHTENHAGEN,***.010.570-**,CPF,4000.0,1,0.007876,
17,EDIVILSON BRUM,MDB,71,DIREÇÃO ESTADUAL/DISTRITAL - MDB - RIO GRANDE DO SUL,87.582.714/0001-33,CNPJ,3770.19,7,0.007424,
17,EDIVILSON BRUM,MDB,72,ELIZABET CARLESSO SILVEIRA,***.869.620-**,CPF,1250.0,1,0.002461,
17,EDIVILSON BRUM,MDB,73,DAVI LEONARDO LORANDI,***.795.420-**,CPF,1000.0,1,0.001969,
17,EDIVILSON BRUM,MDB,74,SAYURI ALVES DA COSTA,***.472.810-**,CPF,1000.0,1,0.001969,
17,EDIVILSON BRUM,MDB,75,JOEL PEDRO MENTI,***.516.730-**,CPF,500.0,1,0.000985,
18,EDUARDO LOUREIRO,PDT,1,DIREÇÃO NACIONAL - PDT,00.719.575/0001-69,CNPJ,250000.0,2,0.394322,
18,EDUARDO LOUREIRO,PDT,2,JACQUES GONCALVES BARBOSA,68.373.576/0001-38,CNPJ,210000.0,3,0.33123,
18,EDUARDO LOUREIRO,PDT,3,AFONSO ANTUNES DA MOTTA,68.373.310/0001-95,CNPJ,80000.0,4,0.126183,
18,EDUARDO LOUREIRO,PDT,4,IVO DOMINGOS PARAVISI,***.792.190-**,CPF,40500.0,5,0.06388,
18,EDUARDO LOUREIRO,PDT,5,NEIVA MARIA DEBACCO LOUREIRO,***.694.100-**,CPF,40000.0,1,0.063091,
18,EDUARDO LOUREIRO,PDT,6,JOAO ROBERTO SILVESTRE,***.770.299-**,CPF,10000.0,2,0.015773,
18,EDUARDO LOUREIRO,PDT,7,EDUARDO DEBACCO LOUREIRO,***.476.950-**,CPF,3500.0,1,0.005521,
19,ELIZANDRO SABINO,Republicanos,1,DIREÇÃO NACIONAL - REPUBLICANOS,07.665.132/0001-81,CNPJ,250000.0,1,0.450857,
19,ELIZANDRO SABINO,Republicanos,2,RONALDO NOGUEIRA DE OLIVEIRA,68.379.754/0001-38,CNPJ,250000.0,2,0.450857,
19,ELIZANDRO SABINO,Republicanos,3,DIREÇÃO ESTADUAL/DISTRITAL - REPUBLICANOS - RIO GRANDE DO SUL,07.919.379/0001-87,CNPJ,30000.0,1,0.054103,
19,ELIZANDRO SABINO,Republicanos,4,BRENO SANTOS DE OLIVEIRA,***.716.200-**,CPF,14000.0,2,0.025248,
19,ELIZANDRO SABINO,Republicanos,5,TANISE AMALIA PAZZIM,***.924.400-**,CPF,6500.0,1,0.011722,
19,ELIZANDRO SABINO,Republicanos,6,LUCIANO MACHADO GARCIA,***.007.170-**,CPF,4000.0,1,0.007214,
20,GILMAR SOSSELLA,PDT,1,DIREÇÃO NACIONAL - PDT,00.719.575/0001-69,CNPJ,285000.0,4,0.480976,
20,GILMAR SOSSELLA,PDT,2,AFONSO ANTUNES DA MOTTA,68.373.310/0001-95,CNPJ,80000.0,5,0.135011,
20,GILMAR SOSSELLA,PDT,3,GILMAR SOSSELLA,***.963.360-**,CPF,45000.0,1,0.075944,
20,GILMAR SOSSELLA,PDT,4,NORBERTO DALL OLIVO,***.821.600-**,CPF,20000.0,1,0.033753,
20,GILMAR SOSSELLA,PDT,5,ARTUR ALEXANDRE SOUTO,***.103.520-**,CPF,15000.0,1,0.025315,
20,GILMAR SOSSELLA,PDT,6,JULIANA VAUCHER BENTO LEAL,***.867.710-**,CPF,15000.0,1,0.025315,
20,GILMAR SOSSELLA,PDT,7,LUIS HENRIQUE BENTO LEAL,***.896.910-**,CPF,15000.0,1,0.025315,
20,GILMAR SOSSELLA,PDT,8,RONALDO INVERNIZZI,***.094.720-**,CPF,15000.0,1,0.025315,
20,GILMAR SOSSELLA,PDT,9,ANDREZA MACEDO TEIXEIRA,***.171.400-**,CPF,10000.0,1,0.016876,
20,GILMAR SOSSELLA,PDT,10,ERMINIO BRAGA LUCENA,***.957.750-**,CPF,10000.0,1,0.016876,
20,GILMAR SOSSELLA,PDT,11,LUIZ CARLOS ZANCANELLA,***.489.430-**,CPF,10000.0,1,0.016876,
20,GILMAR SOSSELLA,PDT,12,NEVITON NORNBERG,***.296.300-**,CPF,10000.0,1,0.016876,
20,GILMAR SOSSELLA,PDT,13,PLINIO LUIS CURTI,***.327.210-**,CPF,10000.0,1,0.016876,
20,GILMAR SOSSELLA,PDT,14,GUSTAVO RYDEN DE MELLO LOPES,***.453.388-**,CPF,8300.0,1,0.014007,
20,GILMAR SOSSELLA,PDT,15,ALBERTO MAURER,***.619.610-**,CPF,8000.0,1,0.013501,
20,GILMAR SOSSELLA,PDT,16,RENATA CAPOANI,***.232.550-**,CPF,7000.0,1,0.011813,
20,GILMAR SOSSELLA,PDT,17,ROSANE TERESINHA DA SILVA,***.121.580-**,CPF,6000.0,1,0.010126,
20,GILMAR SOSSELLA,PDT,18,CELSO DE MELO,***.487.350-**,CPF,5000.0,1,0.008438,
20,GILMAR SOSSELLA,PDT,19,HELIO DALBERTO,***.755.300-**,CPF,5000.0,1,0.008438,
20,GILMAR SOSSELLA,PDT,20,LEANDRO WEBBER FERNANDES,***.462.800-**,CPF,5000.0,1,0.008438,
20,GILMAR SOSSELLA,PDT,21,RICARDO OSMAR BARBOSA DE OLIVEIRA JUNIOR,***.133.330-**,CPF,5000.0,1,0.008438,
20,GILMAR SOSSELLA,PDT,22,TIAGO MAURICIO SALOMONI,***.131.120-**,CPF,2245.63,2,0.00379,
20,GILMAR SOSSELLA,PDT,23,BIANCA DA SILVA KRUGER,***.421.440-**,CPF,1000.0,1,0.001688,
21,GIO KRUG,PSD,1,DIREÇÃO NACIONAL - PSD,13.629.827/0001-00,CNPJ,146000.0,3,0.969962,
21,GIO KRUG,PSD,2,DIREÇÃO ESTADUAL/DISTRITAL - MDB - RIO GRANDE DO SUL,87.582.714/0001-33,CNPJ,2500.0,1,0.016609,
21,GIO KRUG,PSD,3,DIREÇÃO ESTADUAL/DISTRITAL - PSD - RIO GRANDE DO SUL,14.935.252/0001-17,CNPJ,2021.3,1,0.013429,
22,GUILHERME PASIN,PP,1,DIREÇÃO NACIONAL - PP,00.887.169/0001-05,CNPJ,1196002.64,2,0.948454,
22,GUILHERME PASIN,PP,2,GETULIO FAGUNDES DA ROCHA,***.994.000-**,CPF,20000.0,1,0.01586,
22,GUILHERME PASIN,PP,3,HUMBERTO GIACOMELLO,***.112.430-**,CPF,10000.0,1,0.00793,
22,GUILHERME PASIN,PP,4,SERGIO D AGOSTIN,***.675.680-**,CPF,10000.0,1,0.00793,
22,GUILHERME PASIN,PP,5,GUIOMAR ROCHA PEREIRA MAGALHAES BITTENCOURT,***.227.074-**,CPF,7500.0,1,0.005948,
22,GUILHERME PASIN,PP,6,MARIO AUGUSTO FERRARI FILHO,***.219.360-**,CPF,5500.0,1,0.004362,
22,GUILHERME PASIN,PP,7,FLAURI ADEMIR MIGLIAVACCA,***.007.190-**,CPF,5000.0,1,0.003965,
22,GUILHERME PASIN,PP,8,MARCOS ANTONIO VALDUGA,***.258.170-**,CPF,5000.0,1,0.003965,
22,GUILHERME PASIN,PP,9,THAIS COELHO RODRIGUES,***.810.758-**,CPF,2000.0,1,0.001586,
23,HALLEY,PT,1,DIREÇÃO NACIONAL - PT,00.676.262/0001-70,CNPJ,265500.0,2,0.438322,
23,HALLEY,PT,2,HELIO BARBOSA RIBEIRO JUNIOR,***.801.660-**,CPF,27000.0,2,0.044575,
23,HALLEY,PT,3,HALLEY LINO DE SOUZA,***.610.750-**,CPF,26000.0,2,0.042924,
23,HALLEY,PT,4,LEONARDO PRADO KANTORSKI,***.492.850-**,CPF,22282.59,4,0.036787,
23,HALLEY,PT,5,ANTONIO ALEXANDRE MOURA DE QUADRO,***.351.400-**,CPF,17972.19,3,0.029671,
23,HALLEY,PT,6,MAURICIO ROQUE SILVA DE FREITAS,***.346.780-**,CPF,17288.12,1,0.028541,
23,HALLEY,PT,7,DOUGLAS DOS SANTOS SILVEIRA,***.512.680-**,CPF,10780.0,1,0.017797,
23,HALLEY,PT,8,LUCIANE PRADO KANTORSKI,***.546.070-**,CPF,10150.0,2,0.016757,
23,HALLEY,PT,9,ANTONIO VALDECI OLIVEIRA DE OLIVEIRA,68.306.629/0001-06,CNPJ,10000.0,1,0.016509,
23,HALLEY,PT,10,LUIZ CARLOS DA SILVA CARVALHO,***.433.400-**,CPF,10000.0,1,0.016509,
23,HALLEY,PT,11,LUIZ FRANCISCO SPOTORNO,***.655.550-**,CPF,10000.0,1,0.016509,
23,HALLEY,PT,12,RODRIGO SOARES FERREIRA,***.515.420-**,CPF,8553.79,1,0.014122,
23,HALLEY,PT,13,ARILTON DE OLIVEIRA FREITAS,***.650.300-**,CPF,8000.0,2,0.013207,
23,HALLEY,PT,14,MARIA IVONILDA NETTO SARMENTO,***.477.350-**,CPF,8000.0,1,0.013207,
23,HALLEY,PT,15,GIOVANA DA CONCEICAO GIONGO,***.554.880-**,CPF,7220.0,3,0.01192,
23,HALLEY,PT,16,ADRIANA MATOS DE CARVALHO,***.023.940-**,CPF,7000.0,2,0.011557,
23,HALLEY,PT,17,ANTONIO ELISANDRO DE OLIVEIRA,***.253.470-**,CPF,7000.0,1,0.011557,
23,HALLEY,PT,18,PABLO SILVEIRA FERNANDES,***.551.800-**,CPF,7000.0,1,0.011557,
23,HALLEY,PT,19,CLAUDIA REGINA DE SOUZA LOIOLA GONCALVES,***.125.200-**,CPF,5869.78,1,0.009691,
23,HALLEY,PT,20,LEONARDO GONCALVES BALDESSERA,***.993.690-**,CPF,5082.59,2,0.008391,
23,HALLEY,PT,21,ICARO BINONI BANDEIRA DA SILVA,***.346.590-**,CPF,5020.99,1,0.008289,
23,HALLEY,PT,22,FRANCIS CAMPOS BORDAS,***.344.710-**,CPF,5000.0,1,0.008255,
23,HALLEY,PT,23,RAFAEL TREMPER LEONETTI,***.451.010-**,CPF,5000.0,1,0.008255,
23,HALLEY,PT,24,MICHEL DOS SANTOS ALVES,***.267.000-**,CPF,4500.0,1,0.007429,
23,HALLEY,PT,25,PEDRO PIRES FUCULO,***.437.000-**,CPF,4338.58,1,0.007163,
23,HALLEY,PT,26,NATALIA DE ALMEIDA SOUZA,***.389.780-**,CPF,4303.39,1,0.007105,
23,HALLEY,PT,27,HIRAN MANETTI DAMASCENO,***.022.190-**,CPF,4200.0,1,0.006934,
23,HALLEY,PT,28,PAULO GUILHERME DA CONCEICAO FARIAS,***.144.070-**,CPF,4082.59,1,0.00674,
23,HALLEY,PT,29,PAULO RENE DE OLIVEIRA DE MATTOS,***.874.330-**,CPF,4082.59,1,0.00674,
23,HALLEY,PT,30,CYRO CARLOS POMBO FAGUNDES,***.851.350-**,CPF,4000.0,1,0.006604,
23,HALLEY,PT,31,ALEXANDRE DUARTE LINDENMEYER,68.306.680/0001-00,CNPJ,3675.0,1,0.006067,
23,HALLEY,PT,32,DENISSON DOS SANTOS HERREIRA,***.121.430-**,CPF,3600.0,1,0.005943,
23,HALLEY,PT,33,CAICARA CORREA,***.225.210-**,CPF,3532.1,1,0.005831,
23,HALLEY,PT,34,GUILHERME NOVO SILVEIRA,***.615.540-**,CPF,3500.0,1,0.005778,
23,HALLEY,PT,35,LUANA DA ROSA LIMA,***.113.610-**,CPF,3222.85,1,0.005321,
23,HALLEY,PT,36,MARIA IRACEMA SIMONETTI DOMINGUES,***.028.090-**,CPF,3038.1,1,0.005016,
23,HALLEY,PT,37,JULIA KANTORSKI ALMEIDA,***.443.540-**,CPF,3000.0,1,0.004953,
23,HALLEY,PT,38,PABLO SILVEIRA MENDES BORBA,***.329.870-**,CPF,3000.0,2,0.004953,
23,HALLEY,PT,39,GLENIO SANTOS FIGUEIREDO,***.055.190-**,CPF,2725.8,1,0.0045,
23,HALLEY,PT,40,GIVANILDO MACHADO DOS SANTOS,***.728.620-**,CPF,2663.85,1,0.004398,
23,HALLEY,PT,41,JOAO ALTAIR DOS SANTOS FERREIRA,***.159.540-**,CPF,2577.85,1,0.004256,
23,HALLEY,PT,42,CARLA CRISTINA OLIVEIRA DA SILVA,***.003.810-**,CPF,2278.1,1,0.003761,
23,HALLEY,PT,43,CARLOS ALBERTO VOLLMER,***.679.830-**,CPF,2278.1,1,0.003761,
23,HALLEY,PT,44,ELSIO BORBA MACHADO,***.161.600-**,CPF,2202.1,1,0.003636,
23,HALLEY,PT,45,JOAO PEDRO DE FRANCA,***.722.180-**,CPF,2202.1,1,0.003636,
23,HALLEY,PT,46,LUIS SILMAR PEREIRA DE OLIVEIRA,***.677.820-**,CPF,2200.0,1,0.003632,
23,HALLEY,PT,47,VALDAIR DA SILVA SILVEIRA,***.539.020-**,CPF,2008.5,1,0.003316,
23,HALLEY,PT,48,ANELIO ALBERTO COSER,***.578.600-**,CPF,2000.0,1,0.003302,
23,HALLEY,PT,49,CASSIO CARDOSO DA SILVA,***.152.860-**,CPF,2000.0,2,0.003302,
23,HALLEY,PT,50,GLENIO LUIS OHLWEILER FERREIRA,***.338.850-**,CPF,2000.0,1,0.003302,
23,HALLEY,PT,51,ROBERTO PAZIN,***.051.700-**,CPF,2000.0,1,0.003302,
23,HALLEY,PT,52,VERA LUCIA FONSECA CARDOSO,***.022.450-**,CPF,1626.9,1,0.002686,
23,HALLEY,PT,53,TANIA REGINA GODOI DA SILVA,***.381.230-**,CPF,1621.02,1,0.002676,
23,HALLEY,PT,54,NADIA CARBONERA,***.861.050-**,CPF,1013.51,1,0.001673,
23,HALLEY,PT,55,CHARLES NUNES FROES,***.198.620-**,CPF,1001.0,1,0.001653,
23,HALLEY,PT,56,BRENDA DIAS DOS SANTOS,***.716.860-**,CPF,1000.0,1,0.001651,
23,HALLEY,PT,57,GLENIO DIAS JORGE,***.330.430-**,CPF,1000.0,1,0.001651,
23,HALLEY,PT,58,RICARDO DE BIASI AMARAL,***.158.280-**,CPF,1000.0,1,0.001651,
23,HALLEY,PT,59,THIAGO CECCHINI BRUNETTO,***.730.260-**,CPF,1000.0,1,0.001651,
23,HALLEY,PT,60,WILMA RODRIGUES PRADO,***.742.780-**,CPF,1000.0,1,0.001651,
23,HALLEY,PT,61,LUIZ SIDNEI BRAVO GAUTERIO JUNIOR,***.465.000-**,CPF,700.0,1,0.001156,
23,HALLEY,PT,62,PAULO RENATO DA ROSA AMARAL,***.968.760-**,CPF,650.0,3,0.001073,
23,HALLEY,PT,63,BEATRIZ KOTEK SELISTRE,***.236.780-**,CPF,500.0,1,0.000825,
23,HALLEY,PT,64,CARLOS ALBERTO BRUSCH TERRES,***.383.700-**,CPF,500.0,1,0.000825,
23,HALLEY,PT,65,CLAUDIO JOSE CARDOZO DA COSTA,***.601.780-**,CPF,500.0,1,0.000825,
23,HALLEY,PT,66,GLAUBER ACUNHA GONCALVES,***.341.600-**,CPF,500.0,1,0.000825,
23,HALLEY,PT,67,RODRIGO DAS NEVES BARRETO,***.877.350-**,CPF,500.0,1,0.000825,
23,HALLEY,PT,68,MARIA ROZANA RODRIGUES DE ALMEIDA,***.672.580-**,CPF,200.0,1,0.00033,
23,HALLEY,PT,69,TACIANA DE FATIMA GARCIA,***.041.530-**,CPF,150.0,1,0.000248,
23,HALLEY,PT,70,JULIANA ACOSTA SANTORUM,***.612.310-**,CPF,100.0,1,0.000165,
23,HALLEY,PT,71,LUIS FELIPE VIANNA MALLMANN,***.213.910-**,CPF,100.0,1,0.000165,
23,HALLEY,PT,72,EDER JOAO LENARDAO,***.666.869-**,CPF,50.0,1,8.3e-05,
23,HALLEY,PT,73,LOURENCO KANTORSKI LENARDAO,***.411.200-**,CPF,50.0,1,8.3e-05,
23,HALLEY,PT,74,NURIA MARIA FLORES DE SOUZA,***.963.130-**,CPF,25.0,1,4.1e-05,
24,HUMBERTO MATOS,PCdoB,1,FINANCIAMENTO COLETIVO,,,240858.07,5,0.470927,
24,HUMBERTO MATOS,PCdoB,2,DIREÇÃO NACIONAL - PCDOB,54.956.495/0001-56,CNPJ,230000.0,3,0.449697,
24,HUMBERTO MATOS,PCdoB,3,DAIANA SILVA DOS SANTOS,68.306.242/0001-41,CNPJ,24547.5,10,0.047995,
24,HUMBERTO MATOS,PCdoB,4,GABRIELA NUNES PEREIRA,***.247.650-**,CPF,5000.0,1,0.009776,
24,HUMBERTO MATOS,PCdoB,5,GISELE GRENDENE LIMA,***.341.130-**,CPF,4000.0,1,0.007821,
24,HUMBERTO MATOS,PCdoB,6,LUCAS SCHEEFFER KRUG,***.855.400-**,CPF,2000.0,1,0.00391,
24,HUMBERTO MATOS,PCdoB,7,MARCIO DEJALMO DA MOTTA,***.711.300-**,CPF,1870.0,1,0.003656,
24,HUMBERTO MATOS,PCdoB,8,CARLOS EUGENIO FISCHBORN,***.833.880-**,CPF,1000.0,1,0.001955,
24,HUMBERTO MATOS,PCdoB,9,JULIANO ROSO,***.256.930-**,CPF,1000.0,1,0.001955,
24,HUMBERTO MATOS,PCdoB,10,ADRIANA GONCALVES ALKMIM ROCHA,***.877.487-**,CPF,500.0,1,0.000978,
24,HUMBERTO MATOS,PCdoB,11,PAULO RICARDO DE MELLO RIBEIRO,***.342.150-**,CPF,500.0,1,0.000978,
24,HUMBERTO MATOS,PCdoB,12,GERALDO EUGENIO ALVES GALINDO,***.125.076-**,CPF,100.0,1,0.000196,
24,HUMBERTO MATOS,PCdoB,13,GIULIANA GONCALVES DO CARMO DE OLIVEIRA,***.869.860-**,CPF,70.0,1,0.000137,
24,HUMBERTO MATOS,PCdoB,14,LEDA XAVIER DE OLIVEIRA,***.735.465-**,CPF,10.0,1,2e-05,
25,JEFERSON FERNANDES,PT,1,DIREÇÃO NACIONAL - PT,00.676.262/0001-70,CNPJ,265500.0,2,0.529623,
25,JEFERSON FERNANDES,PT,2,ELVINO JOSE BOHN GASS,68.306.572/0001-37,CNPJ,82500.0,3,0.164572,
25,JEFERSON FERNANDES,PT,3,JEFERSON OLIVEIRA FERNANDES,***.726.460-**,CPF,38000.0,2,0.075803,
25,JEFERSON FERNANDES,PT,4,ANDREA MOREIRA FARIAS,***.208.000-**,CPF,15200.0,2,0.030321,
25,JEFERSON FERNANDES,PT,5,VERA LUCIA DESCONSI,***.419.130-**,CPF,15000.0,1,0.029922,
25,JEFERSON FERNANDES,PT,6,LUCIO UBERDAN FERNANDES DE MACEDO,***.948.580-**,CPF,10000.0,1,0.019948,
25,JEFERSON FERNANDES,PT,7,ADALBERTO DE OLIVEIRA NORONHA,***.262.980-**,CPF,9000.0,1,0.017953,
25,JEFERSON FERNANDES,PT,8,HEITOR HENRIQUE CARDOSO,***.479.400-**,CPF,4700.0,2,0.009376,
25,JEFERSON FERNANDES,PT,9,MARIA EULALIA PEREIRA NASCIMENTO,***.584.460-**,CPF,4600.0,2,0.009176,
25,JEFERSON FERNANDES,PT,10,ADELMO CORREA FONSECA,***.161.550-**,CPF,4500.0,1,0.008977,
25,JEFERSON FERNANDES,PT,11,FINANCIAMENTO COLETIVO,,,4200.0,2,0.008378,
25,JEFERSON FERNANDES,PT,12,FABIANA RIEFFEL MACHADO,***.428.600-**,CPF,3000.0,1,0.005984,
25,JEFERSON FERNANDES,PT,13,GLAUBER GULARTE LIMA,***.835.020-**,CPF,3000.0,1,0.005984,
25,JEFERSON FERNANDES,PT,14,ISABEL SILVEIRA DOS SANTOS,***.778.080-**,CPF,3000.0,1,0.005984,
25,JEFERSON FERNANDES,PT,15,IRACILDO BINICHESKI,***.220.200-**,CPF,2400.0,2,0.004788,
25,JEFERSON FERNANDES,PT,16,ABELMAIM ALESSANDRO DA SILVA,***.737.960-**,CPF,2000.0,1,0.00399,
25,JEFERSON FERNANDES,PT,17,ANTONIO ESCOSTEGUY CASTRO,***.631.500-**,CPF,2000.0,1,0.00399,
25,JEFERSON FERNANDES,PT,18,ARNO HUGO AUGUSTIN FILHO,***.327.680-**,CPF,2000.0,1,0.00399,
25,JEFERSON FERNANDES,PT,19,RICARDO BIZARRO NUNES,***.987.210-**,CPF,2000.0,1,0.00399,
25,JEFERSON FERNANDES,PT,20,FERNANDO LEMOS PACHECO,***.407.890-**,CPF,1500.0,2,0.002992,
25,JEFERSON FERNANDES,PT,21,GERSON LUIS BEN,***.896.400-**,CPF,1500.0,1,0.002992,
25,JEFERSON FERNANDES,PT,22,EDUARDO SILVEIRA,***.073.510-**,CPF,1200.0,2,0.002394,
25,JEFERSON FERNANDES,PT,23,VANESSA VARGAS DOS SANTOS,***.930.850-**,CPF,1200.0,2,0.002394,
25,JEFERSON FERNANDES,PT,24,ADRIANA DIAS,***.567.300-**,CPF,1000.0,1,0.001995,
25,JEFERSON FERNANDES,PT,25,ALBERTO LIEBLING KOPITTKE WINOGRON,***.283.600-**,CPF,1000.0,1,0.001995,
25,JEFERSON FERNANDES,PT,26,ALESSANDRA QUINES CRUZ,***.387.350-**,CPF,1000.0,1,0.001995,
25,JEFERSON FERNANDES,PT,27,AMAURI PERUSSO,***.765.650-**,CPF,1000.0,1,0.001995,
25,JEFERSON FERNANDES,PT,28,ANTONIO JOSE DA CUNDA NASCIMENTO,***.614.420-**,CPF,1000.0,1,0.001995,
25,JEFERSON FERNANDES,PT,29,GILBERTO BARICHELLO,***.012.829-**,CPF,1000.0,1,0.001995,
25,JEFERSON FERNANDES,PT,30,JORGE SANTOS BUCHABQUI,***.923.900-**,CPF,1000.0,1,0.001995,
25,JEFERSON FERNANDES,PT,31,OSVALDIR RODRIGUES DA SILVA,***.533.500-**,CPF,1000.0,1,0.001995,
25,JEFERSON FERNANDES,PT,32,PAULO PERETTI TORELLY,***.041.500-**,CPF,1000.0,1,0.001995,
25,JEFERSON FERNANDES,PT,33,RICARDO FROHLICH,***.574.580-**,CPF,1000.0,1,0.001995,
25,JEFERSON FERNANDES,PT,34,THIAGO CAMMARDELLI KOCHE,***.880.850-**,CPF,1000.0,1,0.001995,
25,JEFERSON FERNANDES,PT,35,VALDIR BUEIRA DA SILVA,***.488.200-**,CPF,1000.0,1,0.001995,
25,JEFERSON FERNANDES,PT,36,PAULA DOS SANTOS FERNANDES,***.077.780-**,CPF,600.0,2,0.001197,
25,JEFERSON FERNANDES,PT,37,ADALBERTO PAULO KLOCK,***.828.480-**,CPF,500.0,1,0.000997,
25,JEFERSON FERNANDES,PT,38,CHARLES SCHOLL CARVALHO,***.269.050-**,CPF,500.0,1,0.000997,
25,JEFERSON FERNANDES,PT,39,HILDEBRANDO PEREIRA NETO,***.858.390-**,CPF,500.0,1,0.000997,
25,JEFERSON FERNANDES,PT,40,JORGE VICTOR FORTUNATO,***.646.530-**,CPF,500.0,1,0.000997,
25,JEFERSON FERNANDES,PT,41,JOSUE MARTINS,***.675.429-**,CPF,500.0,1,0.000997,
25,JEFERSON FERNANDES,PT,42,MARCIO MEDEIROS FELIX,***.968.920-**,CPF,500.0,1,0.000997,
25,JEFERSON FERNANDES,PT,43,NERCI ANTONIO SPOHR,***.590.310-**,CPF,500.0,2,0.000997,
25,JEFERSON FERNANDES,PT,44,NILO CESAR DA SILVA DUTRA JUNIOR,***.389.360-**,CPF,500.0,1,0.000997,
25,JEFERSON FERNANDES,PT,45,ANTONIA ROSELAINE LEITE MARTINS,***.585.030-**,CPF,400.0,1,0.000798,
25,JEFERSON FERNANDES,PT,46,FRANCISCO PASSOS BALAGUER,***.475.350-**,CPF,400.0,1,0.000798,
25,JEFERSON FERNANDES,PT,47,RAUL JORGE ANGLADA PONT,***.350.840-**,CPF,400.0,1,0.000798,
25,JEFERSON FERNANDES,PT,48,RICARDO MORAIS DA SILVA,***.963.430-**,CPF,400.0,1,0.000798,
25,JEFERSON FERNANDES,PT,49,RODRIGO DE MEDEIROS SILVA,***.887.963-**,CPF,400.0,2,0.000798,
25,JEFERSON FERNANDES,PT,50,SERGIO ROBERTO KAPRON,***.468.050-**,CPF,300.0,1,0.000598,
25,JEFERSON FERNANDES,PT,51,ADRIANA MARIA VARGAS HEINECK,***.453.800-**,CPF,200.0,1,0.000399,
25,JEFERSON FERNANDES,PT,52,ANDREIA MARANHAO CARNEIRO,***.580.770-**,CPF,200.0,1,0.000399,
25,JEFERSON FERNANDES,PT,53,ANGELA ANTUNES DE SOUZA,***.457.290-**,CPF,200.0,1,0.000399,
25,JEFERSON FERNANDES,PT,54,ANIGER LORENA RIBEIRO DE OLIVEIRA,***.006.680-**,CPF,200.0,1,0.000399,
25,JEFERSON FERNANDES,PT,55,CARLOS ALBERTO DA ROSA MACIEL,***.027.910-**,CPF,200.0,1,0.000399,
25,JEFERSON FERNANDES,PT,56,CARLOS FUSSIGER LUZ,***.841.530-**,CPF,200.0,1,0.000399,
25,JEFERSON FERNANDES,PT,57,CELSO RODRIGUES,***.644.280-**,CPF,200.0,1,0.000399,
25,JEFERSON FERNANDES,PT,58,CESAR EDUARDO MOTTA VIANNA,***.878.190-**,CPF,200.0,1,0.000399,
25,JEFERSON FERNANDES,PT,59,ELIANE TERESINHA DE SOUZA SILVEIRA,***.479.890-**,CPF,200.0,1,0.000399,
25,JEFERSON FERNANDES,PT,60,ELIZETE VENTORINI,***.203.700-**,CPF,200.0,1,0.000399,
25,JEFERSON FERNANDES,PT,61,JANINE PEREIRA,***.036.900-**,CPF,200.0,1,0.000399,
25,JEFERSON FERNANDES,PT,62,JOAO CARLOS MADEIRA,***.412.010-**,CPF,200.0,1,0.000399,
25,JEFERSON FERNANDES,PT,63,KIRION LOPES MARTINS,***.632.160-**,CPF,200.0,1,0.000399,
25,JEFERSON FERNANDES,PT,64,LIDIANE CARINA BAPTISTA PORTO PADILHA,***.711.240-**,CPF,200.0,1,0.000399,
25,JEFERSON FERNANDES,PT,65,LOIVA TERESINHA SERAFINI,***.296.500-**,CPF,200.0,1,0.000399,
25,JEFERSON FERNANDES,PT,66,LUCIANA LAUERMANN,***.210.010-**,CPF,200.0,1,0.000399,
25,JEFERSON FERNANDES,PT,67,LUCIVANIA SALETE RIGO,***.783.250-**,CPF,200.0,1,0.000399,
25,JEFERSON FERNANDES,PT,68,MAGDA BALDEZ MARTINS,***.209.700-**,CPF,200.0,1,0.000399,
25,JEFERSON FERNANDES,PT,69,MANOELA CRISTINA SFALCIN DA ROSA,***.104.980-**,CPF,200.0,1,0.000399,
25,JEFERSON FERNANDES,PT,70,RUDIMAR PEDROSO,***.966.270-**,CPF,200.0,1,0.000399,
25,JEFERSON FERNANDES,PT,71,SUZANA CECILIA LAUERMANN,***.296.430-**,CPF,200.0,1,0.000399,
25,JEFERSON FERNANDES,PT,72,SYLVIA SEVERO,***.204.860-**,CPF,200.0,1,0.000399,
26,JOEL WILHELM,PP,1,DIREÇÃO NACIONAL - PP,00.887.169/0001-05,CNPJ,1034238.29,3,0.864937,
26,JOEL WILHELM,PP,2,ALUIZIO MERLIN RIBEIRO,***.757.780-**,CPF,40000.0,1,0.033452,
26,JOEL WILHELM,PP,3,ROGERIO MERLIN RIBEIRO,***.631.550-**,CPF,40000.0,1,0.033452,
26,JOEL WILHELM,PP,4,ARYOVALDO MAZZI NETO,***.953.688-**,CPF,20000.0,1,0.016726,
26,JOEL WILHELM,PP,5,ROBERTO ARGENTA,***.933.240-**,CPF,20000.0,1,0.016726,
26,JOEL WILHELM,PP,6,MARLIN JOSE KOHLRAUSCH,***.445.400-**,CPF,15000.0,1,0.012545,
26,JOEL WILHELM,PP,7,ADAIR ADELIO GRINGS,***.173.210-**,CPF,10000.0,1,0.008363,
26,JOEL WILHELM,PP,8,GILBERTO JOSE MULLER,***.511.060-**,CPF,10000.0,1,0.008363,
26,JOEL WILHELM,PP,9,NATALIA LUISA BISCHOFF,***.146.430-**,CPF,5000.0,1,0.004182,
26,JOEL WILHELM,PP,10,JOEL LEANDRO WILHELM,***.212.040-**,CPF,1000.0,1,0.000836,
26,JOEL WILHELM,PP,11,MARCIANO ALEXANDRO SCHMITZ,***.380.830-**,CPF,500.0,1,0.000418,
27,JUNIOR FOX,PL,1,DIREÇÃO NACIONAL - PL,08.517.423/0001-95,CNPJ,200000.0,1,0.70966,
27,JUNIOR FOX,PL,2,GILSON LARI TRENNEPOHL,***.387.010-**,CPF,50000.0,1,0.177415,
27,JUNIOR FOX,PL,3,FABIANO DE MARCO BET,***.173.870-**,CPF,10000.0,1,0.035483,
27,JUNIOR FOX,PL,4,SHARON CLAN SARAIVA,***.131.940-**,CPF,6125.0,1,0.021733,
27,JUNIOR FOX,PL,5,CLODOALDO SILVEIRA LUDTKE,***.111.700-**,CPF,5000.0,1,0.017742,
27,JUNIOR FOX,PL,6,PEDRO AMARAL BRITO LEITE,***.041.251-**,CPF,5000.0,1,0.017742,
27,JUNIOR FOX,PL,7,PAULO ALVACIR LUCHE SILVA,***.970.740-**,CPF,3700.0,1,0.013129,
27,JUNIOR FOX,PL,8,SUELEN ACOSTA PEREIRA,***.188.489-**,CPF,2000.0,1,0.007097,
28,KAREN SANTOS,PSOL,1,DIREÇÃO NACIONAL - PSOL,06.954.942/0001-95,CNPJ,653847.11,3,0.787492,
28,KAREN SANTOS,PSOL,2,DIREÇÃO ESTADUAL/DISTRITAL - PSOL - RIO GRANDE DO SUL,11.664.131/0001-90,CNPJ,60423.63,8,0.072774,
28,KAREN SANTOS,PSOL,3,GLENIO LUIS OHLWEILER FERREIRA,***.338.850-**,CPF,30000.0,3,0.036132,
28,KAREN SANTOS,PSOL,4,THIAGO CECCHINI BRUNETTO,***.730.260-**,CPF,13253.96,3,0.015963,
28,KAREN SANTOS,PSOL,5,TIAGO GORNICKI SCHNEIDER,***.894.680-**,CPF,12597.88,3,0.015173,
28,KAREN SANTOS,PSOL,6,MARCELO LIPERT,***.257.770-**,CPF,6756.61,1,0.008138,
28,KAREN SANTOS,PSOL,7,PABLO DRESCHER DE CASTRO,***.449.500-**,CPF,5751.32,2,0.006927,
28,KAREN SANTOS,PSOL,8,SAULO OLIVEIRA DO NASCIMENTO,***.653.845-**,CPF,4962.96,2,0.005977,
28,KAREN SANTOS,PSOL,9,ELISA TORELLY,***.734.880-**,CPF,4328.04,2,0.005213,
28,KAREN SANTOS,PSOL,10,FERNANDA PALOMBINI MORALLES,***.730.630-**,CPF,4021.16,1,0.004843,
28,KAREN SANTOS,PSOL,11,MARI ROSA AGAZZI,***.645.910-**,CPF,3809.52,1,0.004588,
28,KAREN SANTOS,PSOL,12,INGRID RENZ BIRNFELD,***.821.230-**,CPF,3597.88,1,0.004333,
28,KAREN SANTOS,PSOL,13,FABIANE BATISTI,***.591.630-**,CPF,3529.1,2,0.00425,
28,KAREN SANTOS,PSOL,14,CRISTIANO OHLWEILER FERREIRA,***.634.160-**,CPF,3386.24,1,0.004078,
28,KAREN SANTOS,PSOL,15,FABIANA FERREIRA DA SILVA,***.498.530-**,CPF,3386.24,1,0.004078,
28,KAREN SANTOS,PSOL,16,KAREN MORAIS DOS SANTOS,***.510.800-**,CPF,3000.0,1,0.003613,
28,KAREN SANTOS,PSOL,17,SILVIO EDUARDO FONTANA BOFF,***.876.440-**,CPF,2962.96,1,0.003569,
28,KAREN SANTOS,PSOL,18,FINANCIAMENTO COLETIVO,,,2170.0,1,0.002614,
28,KAREN SANTOS,PSOL,19,JOSE MARTINS NEVES,***.541.100-**,CPF,2000.0,1,0.002409,
28,KAREN SANTOS,PSOL,20,ANGELINA INES CASTRO MATTIA,***.126.400-**,CPF,1693.12,1,0.002039,
28,KAREN SANTOS,PSOL,21,RAFAEL GRAZIANI DE SOUZA MELLO LOPES,***.435.200-**,CPF,1693.12,1,0.002039,
28,KAREN SANTOS,PSOL,22,DAVID DA COSTA LOPES,***.852.200-**,CPF,1269.84,1,0.001529,
28,KAREN SANTOS,PSOL,23,SUZANA MARIA D AVILA NEVES HARTHUN,***.718.960-**,CPF,600.0,1,0.000723,
28,KAREN SANTOS,PSOL,24,MARIA CONCEICAO LOPES FONTOURA,***.095.800-**,CPF,500.0,2,0.000602,
28,KAREN SANTOS,PSOL,25,ROBERT CHARLES PONGE,***.781.860-**,CPF,500.0,1,0.000602,
28,KAREN SANTOS,PSOL,26,LAURA SOUZA FONSECA,***.841.170-**,CPF,250.0,1,0.000301,
29,KELLY MORAES,PL,1,DIREÇÃO NACIONAL - PL,08.517.423/0001-95,CNPJ,1270000.0,2,1.0,
30,LEONEL RADDE,PT,1,DIREÇÃO NACIONAL - PT,00.676.262/0001-70,CNPJ,250000.0,1,0.814561,
30,LEONEL RADDE,PT,2,FINANCIAMENTO COLETIVO,,,10810.6,2,0.035224,
30,LEONEL RADDE,PT,3,LEONARDO GOMES PEREIRA,***.906.330-**,CPF,10000.0,1,0.032582,
30,LEONEL RADDE,PT,4,BERNARDO DALL OLMO DE AMORIM,***.247.260-**,CPF,8013.0,2,0.026108,
30,LEONEL RADDE,PT,5,ENEDIO GALVAO FONSECA,***.781.600-**,CPF,6013.0,2,0.019592,
30,LEONEL RADDE,PT,6,DIONISIA GRACIELA VAZ MACHADO,***.383.820-**,CPF,3000.0,1,0.009775,
30,LEONEL RADDE,PT,7,MIRELLA TORELY MARTIN RODRIGUES,***.303.040-**,CPF,3000.0,2,0.009775,
30,LEONEL RADDE,PT,8,FABIO NUNES CASTRO,***.360.860-**,CPF,1800.0,2,0.005865,
30,LEONEL RADDE,PT,9,VANIA GUTERRES GALANT,***.362.160-**,CPF,1000.0,1,0.003258,
30,LEONEL RADDE,PT,10,IARA ALVES BARBOSA,***.325.200-**,CPF,913.0,2,0.002975,
30,LEONEL RADDE,PT,11,MARCO ANTONIO DOS SANTOS,***.888.020-**,CPF,626.07,3,0.00204,
30,LEONEL RADDE,PT,12,MARIANA LAMAR PIRES STUDART,***.754.417-**,CPF,513.0,2,0.001671,
30,LEONEL RADDE,PT,13,CRISTINA GROSS VILLANOVA,***.495.790-**,CPF,500.0,1,0.001629,
30,LEONEL RADDE,PT,14,FABRICIO BOSCOLO DEL VECCHIO,***.829.628-**,CPF,500.0,1,0.001629,
30,LEONEL RADDE,PT,15,LEANDRO PIRES BORTOLI,***.707.400-**,CPF,500.0,2,0.001629,
30,LEONEL RADDE,PT,16,OMAR ATHAIDE GIANLUPI,***.976.660-**,CPF,500.0,1,0.001629,
30,LEONEL RADDE,PT,17,ANDREIA MACHADO DA SILVA,***.859.910-**,CPF,420.0,1,0.001368,
30,LEONEL RADDE,PT,18,GLAUBER TIZZATO DA SILVA,***.411.360-**,CPF,400.0,1,0.001303,
30,LEONEL RADDE,PT,19,MARIA LUCIA PEREIRA DE SAMPAIO,***.960.650-**,CPF,400.0,2,0.001303,
30,LEONEL RADDE,PT,20,SORAYA DA SILVEIRA FRANKE,***.404.840-**,CPF,400.0,1,0.001303,
30,LEONEL RADDE,PT,21,EDUARDO EMERIM,***.564.550-**,CPF,250.0,1,0.000815,
30,LEONEL RADDE,PT,22,NEIVA REGINA CORTINAZ SILVEIRA,***.875.480-**,CPF,213.0,2,0.000694,
30,LEONEL RADDE,PT,23,MARIA IVONE ALVES SERPA,***.455.220-**,CPF,200.0,1,0.000652,
30,LEONEL RADDE,PT,24,ROSANE MARIA CARDOSO,***.322.810-**,CPF,200.0,1,0.000652,
30,LEONEL RADDE,PT,25,VITOR DE BEM SCHMIDT,***.540.510-**,CPF,163.0,2,0.000531,
30,LEONEL RADDE,PT,26,ANTONIO JOSE VAZQUEZ FERREIRO,***.017.497-**,CPF,150.0,2,0.000489,
30,LEONEL RADDE,PT,27,ANITAMAR MACIEL LENCINA,***.171.250-**,CPF,142.0,3,0.000463,
30,LEONEL RADDE,PT,28,CLAUDIO ALEXANDRE DE LIMA BANDEIRA,***.325.140-**,CPF,139.0,2,0.000453,
30,LEONEL RADDE,PT,29,CARLOS EDUARDO MACIEL MONTEIRO,***.450.250-**,CPF,137.0,1,0.000446,
30,LEONEL RADDE,PT,30,RICARDO SOUSA MARTINS,***.219.490-**,CPF,133.0,3,0.000433,
30,LEONEL RADDE,PT,31,HILARIO BOFF,***.338.620-**,CPF,130.0,1,0.000424,
30,LEONEL RADDE,PT,32,SIGRID ROSULA WUST,***.530.300-**,CPF,130.0,1,0.000424,
30,LEONEL RADDE,PT,33,ANNELISE FOGACA SILVEIRA,***.564.690-**,CPF,113.0,2,0.000368,
30,LEONEL RADDE,PT,34,ACIR LUIS PALOSCHI,***.061.070-**,CPF,100.0,1,0.000326,
30,LEONEL RADDE,PT,35,ALVARO LUIZ ROSA COSTA,***.563.480-**,CPF,100.0,1,0.000326,
30,LEONEL RADDE,PT,36,AXEL MARTINS DA SILVEIRA,***.784.640-**,CPF,100.0,1,0.000326,
30,LEONEL RADDE,PT,37,CAROLINA GASPERIN,***.398.630-**,CPF,100.0,1,0.000326,
30,LEONEL RADDE,PT,38,FLOR ELISA MORAES DE OLIVEIRA LOPES,***.249.500-**,CPF,100.0,1,0.000326,
30,LEONEL RADDE,PT,39,HILDO RIBEIRO FILHO,***.764.457-**,CPF,100.0,1,0.000326,
30,LEONEL RADDE,PT,40,MARIA JOSE CARDOSO KAIZE,***.281.996-**,CPF,100.0,1,0.000326,
30,LEONEL RADDE,PT,41,MARIA MADALENA PIO DOS SANTOS,***.900.660-**,CPF,100.0,1,0.000326,
30,LEONEL RADDE,PT,42,NIVIA VENTURINI RODRIGUES,***.100.850-**,CPF,100.0,1,0.000326,
30,LEONEL RADDE,PT,43,ROGERIO DOS SANTOS LOPES,***.384.800-**,CPF,100.0,1,0.000326,
30,LEONEL RADDE,PT,44,THOMAS PASOLIN BELTRAME,***.878.760-**,CPF,100.0,1,0.000326,
30,LEONEL RADDE,PT,45,ALEXANDRE DIAS DOS PASSOS,***.704.960-**,CPF,71.0,3,0.000231,
30,LEONEL RADDE,PT,46,FABIANA BARBOZA MACIEL,***.973.537-**,CPF,65.0,1,0.000212,
30,LEONEL RADDE,PT,47,MARILAINE MARTINS DA SILVEIRA,***.954.000-**,CPF,63.0,2,0.000205,
30,LEONEL RADDE,PT,48,ANY CARMEM DE AVILA MORAES,***.906.780-**,CPF,52.0,1,0.000169,
30,LEONEL RADDE,PT,49,GIOVANI ALVES DE OLIVEIRA,***.973.800-**,CPF,52.0,2,0.000169,
30,LEONEL RADDE,PT,50,LURDES MARTA SANTIN,***.230.269-**,CPF,52.0,2,0.000169,
30,LEONEL RADDE,PT,51,NELSON LUIZ DA SILVA,***.681.520-**,CPF,52.0,1,0.000169,
30,LEONEL RADDE,PT,52,NILSON TORRIANO,***.928.610-**,CPF,52.0,1,0.000169,
30,LEONEL RADDE,PT,53,ADRIANO MELLO JAEGER,***.076.330-**,CPF,50.0,1,0.000163,
30,LEONEL RADDE,PT,54,ANDERSON SCHEEREN,***.579.310-**,CPF,50.0,1,0.000163,
30,LEONEL RADDE,PT,55,CARLA JOSEANE PASCAL MELOTTI,***.420.980-**,CPF,50.0,1,0.000163,
30,LEONEL RADDE,PT,56,JOSE AIRAM BAIALARD VASCONCELOS,***.031.510-**,CPF,50.0,1,0.000163,
30,LEONEL RADDE,PT,57,LOURDES MARIA AYMONE MARTINS,***.356.820-**,CPF,50.0,1,0.000163,
30,LEONEL RADDE,PT,58,LUCAS DA COSTA DE LIMA,***.147.020-**,CPF,50.0,1,0.000163,
30,LEONEL RADDE,PT,59,LUIZ ALBERTO BRANCHI,***.863.320-**,CPF,50.0,1,0.000163,
30,LEONEL RADDE,PT,60,ODAIR BACHINI,***.176.619-**,CPF,50.0,1,0.000163,
30,LEONEL RADDE,PT,61,PAULO CESAR PIROTTA,***.872.800-**,CPF,50.0,1,0.000163,
30,LEONEL RADDE,PT,62,SERGIO SOARES DIAS,***.461.640-**,CPF,50.0,1,0.000163,
30,LEONEL RADDE,PT,63,SUZANA SILVEIRA TEIXEIRA,***.222.500-**,CPF,50.0,1,0.000163,
30,LEONEL RADDE,PT,64,VAGNER LUIS GASPARETTO,***.821.250-**,CPF,50.0,1,0.000163,
30,LEONEL RADDE,PT,65,JAIRO HOLTHAUSEN MACIEL JUNIOR,***.593.850-**,CPF,43.0,2,0.00014,
30,LEONEL RADDE,PT,66,ELIANE ALMEIDA DE SOUZA,***.228.880-**,CPF,40.0,1,0.00013,
30,LEONEL RADDE,PT,67,LUIS ANTONIO DORNELLES MENEZES,***.960.530-**,CPF,40.0,2,0.00013,
30,LEONEL RADDE,PT,68,FABIANE DUTRA OLIVEIRA,***.289.840-**,CPF,39.0,1,0.000127,
30,LEONEL RADDE,PT,69,LEANDRO TEIXEIRA NUNES,***.434.120-**,CPF,39.0,1,0.000127,
30,LEONEL RADDE,PT,70,LILIANE DA COSTA RODRIGUES,***.842.470-**,CPF,33.0,2,0.000108,
30,LEONEL RADDE,PT,71,VAGNER FERRAZ FRAGA,***.132.660-**,CPF,33.0,1,0.000108,
30,LEONEL RADDE,PT,72,SUZIANE PEREIRA LUTESKI DA SILVA,***.977.209-**,CPF,31.0,1,0.000101,
30,LEONEL RADDE,PT,73,ELIANA GRASS XAVIER,***.128.780-**,CPF,30.0,1,9.8e-05,
30,LEONEL RADDE,PT,74,MARIA INES ALVES MAIA,***.336.410-**,CPF,30.0,1,9.8e-05,
30,LEONEL RADDE,PT,75,NILSON DOS REIS RAMOS PINHEIRO,***.552.288-**,CPF,30.0,1,9.8e-05,
30,LEONEL RADDE,PT,76,RENATA BORNANCINI BORGES FORTES,***.504.680-**,CPF,30.0,1,9.8e-05,
30,LEONEL RADDE,PT,77,VILSON RIBEIRO SORRIANO,***.148.850-**,CPF,30.0,1,9.8e-05,
30,LEONEL RADDE,PT,78,MAYARA LUCIANA TERRA ALVES,***.951.690-**,CPF,29.0,1,9.4e-05,
30,LEONEL RADDE,PT,79,ADAO EUNES ALBUQUERQUE,***.905.110-**,CPF,26.0,1,8.5e-05,
30,LEONEL RADDE,PT,80,ALINE CARTANA MATZEMBACHER,***.296.110-**,CPF,26.0,1,8.5e-05,
30,LEONEL RADDE,PT,81,ANA REGINA MEDEIROS DE LIMA,***.937.690-**,CPF,26.0,1,8.5e-05,
30,LEONEL RADDE,PT,82,ANTONIO RONILDO SILVERO DE OLIVEIRA,***.240.113-**,CPF,26.0,1,8.5e-05,
30,LEONEL RADDE,PT,83,CAROLINE WEBER FAGUNDES,***.897.120-**,CPF,26.0,1,8.5e-05,
30,LEONEL RADDE,PT,84,CESAR VINICIUS BOEIRA RODRIGUES,***.669.140-**,CPF,26.0,1,8.5e-05,
30,LEONEL RADDE,PT,85,CLAUDIO ROBERTO RAYMUNDO DE OLIVEIRA,***.466.110-**,CPF,26.0,1,8.5e-05,
30,LEONEL RADDE,PT,86,CLEBER DA SILVA RAMOS,***.673.840-**,CPF,26.0,1,8.5e-05,
30,LEONEL RADDE,PT,87,CRISTIANO DA ROSA RODRIGUES,***.812.290-**,CPF,26.0,2,8.5e-05,
30,LEONEL RADDE,PT,88,CRISTIANO DOS SANTOS AVALLONE,***.451.910-**,CPF,26.0,1,8.5e-05,
30,LEONEL RADDE,PT,89,DARCY PAULO GONZALEZ DE MORAES,***.888.830-**,CPF,26.0,2,8.5e-05,
30,LEONEL RADDE,PT,90,DJANIR DE FREITAS BRIAO,***.949.750-**,CPF,26.0,1,8.5e-05,
30,LEONEL RADDE,PT,91,DORLEY DORNELES DOS SANTOS JUNIOR,***.868.820-**,CPF,26.0,1,8.5e-05,
30,LEONEL RADDE,PT,92,ELISANGELA GASPARI CANDIDO,***.395.080-**,CPF,26.0,1,8.5e-05,
30,LEONEL RADDE,PT,93,FABIANO PORTO ROSA,***.125.420-**,CPF,26.0,1,8.5e-05,
30,LEONEL RADDE,PT,94,FLAVIO MATHEUS MACHADO DA SILVEIRA,***.132.280-**,CPF,26.0,1,8.5e-05,
30,LEONEL RADDE,PT,95,GIOVANI SOARES OLIVEIRA,***.385.450-**,CPF,26.0,2,8.5e-05,
30,LEONEL RADDE,PT,96,ISIS HOBERREK,***.169.790-**,CPF,26.0,1,8.5e-05,
30,LEONEL RADDE,PT,97,JEFFERSON DOS SANTOS SILVANO,***.809.160-**,CPF,26.0,1,8.5e-05,
30,LEONEL RADDE,PT,98,JENNIFER FERREIRA FERNANDES,***.819.490-**,CPF,26.0,1,8.5e-05,
30,LEONEL RADDE,PT,99,JESSICA DA SILVA TOLEDO,***.299.430-**,CPF,26.0,1,8.5e-05,
30,LEONEL RADDE,PT,100,JESSICA DOS SANTOS SILVEIRA,***.246.540-**,CPF,26.0,1,8.5e-05,
30,LEONEL RADDE,PT,101,JULIANE STIVAL,***.673.100-**,CPF,26.0,1,8.5e-05,
30,LEONEL RADDE,PT,102,LILIANI ROCHA DALLAVECHIA,***.530.011-**,CPF,26.0,2,8.5e-05,
30,LEONEL RADDE,PT,103,MAGDA REGINA SQUINZANI LOPES,***.530.930-**,CPF,26.0,1,8.5e-05,
30,LEONEL RADDE,PT,104,MAGNUS AMIR DA SILVA NEVES,***.866.420-**,CPF,26.0,1,8.5e-05,
30,LEONEL RADDE,PT,105,MARINA SOUZA ZIMMERMANN,***.435.490-**,CPF,26.0,1,8.5e-05,
30,LEONEL RADDE,PT,106,MAURICIO NOBRE DIAS,***.177.690-**,CPF,26.0,1,8.5e-05,
30,LEONEL RADDE,PT,107,NEIVA CARLA BACK LEITE,***.507.580-**,CPF,26.0,1,8.5e-05,
30,LEONEL RADDE,PT,108,NELSO DE CONTO,***.380.960-**,CPF,26.0,2,8.5e-05,
30,LEONEL RADDE,PT,109,PLINIO AUGUSTO ADAMS,***.844.380-**,CPF,26.0,1,8.5e-05,
30,LEONEL RADDE,PT,110,RAQUEL SANTIN MOURA,***.195.410-**,CPF,26.0,1,8.5e-05,
30,LEONEL RADDE,PT,111,RICARDO PORTO DE SOUZA,***.702.450-**,CPF,26.0,1,8.5e-05,
30,LEONEL RADDE,PT,112,ROSELAINE TRAJANO DE SOUZA DE OLIVEIRA,***.229.920-**,CPF,26.0,1,8.5e-05,
30,LEONEL RADDE,PT,113,SALZANO JOSE BARRETO DE OLIVEIRA,***.685.100-**,CPF,26.0,1,8.5e-05,
30,LEONEL RADDE,PT,114,SOILA MARA SOARES FERNANDES,***.519.650-**,CPF,26.0,1,8.5e-05,
30,LEONEL RADDE,PT,115,VANESSA DAUVE,***.472.150-**,CPF,26.0,2,8.5e-05,
30,LEONEL RADDE,PT,116,VINICIUS MANOEL ECKERT,***.012.780-**,CPF,26.0,1,8.5e-05,
30,LEONEL RADDE,PT,117,WILLIAN LEANDRO MELLO DE VARGAS,***.402.210-**,CPF,26.0,1,8.5e-05,
30,LEONEL RADDE,PT,118,JULIANA DOS SANTOS MAESTRI,***.962.510-**,CPF,25.0,1,8.1e-05,
30,LEONEL RADDE,PT,119,ANTONIO CARLOS MONTENEGRO CORREA,***.730.010-**,CPF,13.13,1,4.3e-05,
30,LEONEL RADDE,PT,120,ADEMIR CORREIA DA SILVA,***.944.450-**,CPF,13.0,1,4.2e-05,
30,LEONEL RADDE,PT,121,AGATA VIEIRA MOSTARDEIRO,***.447.110-**,CPF,13.0,1,4.2e-05,
30,LEONEL RADDE,PT,122,ALBA TEREZINHA HAGEMANN DAUVE,***.009.060-**,CPF,13.0,1,4.2e-05,
30,LEONEL RADDE,PT,123,ALBERTO LIEBLING KOPITTKE WINOGRON,***.283.600-**,CPF,13.0,1,4.2e-05,
30,LEONEL RADDE,PT,124,ALDACIR JOSE OLIBONI,***.755.350-**,CPF,13.0,1,4.2e-05,
30,LEONEL RADDE,PT,125,ALESSANDRO BATISTA BRAGA,***.786.990-**,CPF,13.0,1,4.2e-05,
30,LEONEL RADDE,PT,126,ALEXSANDER RONNAU,***.516.280-**,CPF,13.0,1,4.2e-05,
30,LEONEL RADDE,PT,127,ALIC STIEGEMEIER,***.841.170-**,CPF,13.0,1,4.2e-05,
30,LEONEL RADDE,PT,128,ANA CAROLINA RIBEIRO FRANCO,***.132.480-**,CPF,13.0,1,4.2e-05,
30,LEONEL RADDE,PT,129,ANA NERI DE PAULA MAZUI,***.225.240-**,CPF,13.0,1,4.2e-05,
30,LEONEL RADDE,PT,130,ANA PAULA PRIETSCH DAS NEVES,***.177.480-**,CPF,13.0,1,4.2e-05,
30,LEONEL RADDE,PT,131,ANDRE ALEXANDRE PASSOS ROSA,***.838.520-**,CPF,13.0,1,4.2e-05,
30,LEONEL RADDE,PT,132,ANDRE DE SOUZA RAMOS,***.784.670-**,CPF,13.0,1,4.2e-05,
30,LEONEL RADDE,PT,133,ANDRE MORAES RODRIGUES,***.913.067-**,CPF,13.0,1,4.2e-05,
30,LEONEL RADDE,PT,134,ANDRE SAMUEL STRASSBURGER,***.134.510-**,CPF,13.0,1,4.2e-05,
30,LEONEL RADDE,PT,135,ANDRE SOARES CALCADO,***.296.400-**,CPF,13.0,1,4.2e-05,
30,LEONEL RADDE,PT,136,ANDREI CARVALHO PINTO,***.311.980-**,CPF,13.0,1,4.2e-05,
30,LEONEL RADDE,PT,137,ANGELICA LUISA THEIS,***.949.450-**,CPF,13.0,1,4.2e-05,
30,LEONEL RADDE,PT,138,ANTONIO CESAR MARTINS FIGUEIREDO,***.340.570-**,CPF,13.0,1,4.2e-05,
30,LEONEL RADDE,PT,139,AUGUSTO FERNANDES MACHADO,***.098.170-**,CPF,13.0,1,4.2e-05,
30,LEONEL RADDE,PT,140,BARBARA LETICIA DIMER DA COSTA,***.030.520-**,CPF,13.0,1,4.2e-05,
30,LEONEL RADDE,PT,141,BIBIANA SANABRIA ROSA,***.548.280-**,CPF,13.0,1,4.2e-05,
30,LEONEL RADDE,PT,142,BRUNO FETTER KOLECZA,***.154.521-**,CPF,13.0,1,4.2e-05,
30,LEONEL RADDE,PT,143,CAROLINA TERRA ALVES,***.686.650-**,CPF,13.0,1,4.2e-05,
30,LEONEL RADDE,PT,144,CHARLINE ANTUNES BARBOSA,***.943.339-**,CPF,13.0,1,4.2e-05,
30,LEONEL RADDE,PT,145,CHRISTIAN EDUARDO SILVA SANTOS,***.153.850-**,CPF,13.0,1,4.2e-05,
30,LEONEL RADDE,PT,146,CINTIA DE AVILA PINHEIRO,***.859.910-**,CPF,13.0,1,4.2e-05,
30,LEONEL RADDE,PT,147,CLADIO ABEL WOHLFAHRT,***.013.180-**,CPF,13.0,1,4.2e-05,
30,LEONEL RADDE,PT,148,CLARA CRISTINA ZITKOSKI,***.993.310-**,CPF,13.0,1,4.2e-05,
30,LEONEL RADDE,PT,149,CLEO DOS SANTOS TEIXEIRA,***.452.250-**,CPF,13.0,1,4.2e-05,
30,LEONEL RADDE,PT,150,CRISTIANO CACERE DE ALMEIDA,***.984.250-**,CPF,13.0,1,4.2e-05,
30,LEONEL RADDE,PT,151,CRISTIANO SANTOS DA SILVA,***.487.930-**,CPF,13.0,1,4.2e-05,
30,LEONEL RADDE,PT,152,CRISTINA HOFFMANN TRINDADE,***.471.920-**,CPF,13.0,1,4.2e-05,
30,LEONEL RADDE,PT,153,DANIEL CHIMENDES,***.354.130-**,CPF,13.0,1,4.2e-05,
30,LEONEL RADDE,PT,154,DANIEL FERREIRA BUENO,***.090.310-**,CPF,13.0,1,4.2e-05,
30,LEONEL RADDE,PT,155,DEIWIS FARIAS,***.462.770-**,CPF,13.0,1,4.2e-05,
30,LEONEL RADDE,PT,156,DENISE BRAGA,***.632.840-**,CPF,13.0,1,4.2e-05,
30,LEONEL RADDE,PT,157,DIEGO DA ROCHA LONDERO,***.226.990-**,CPF,13.0,1,4.2e-05,
30,LEONEL RADDE,PT,158,DIOGENES DA SILVA CHIMENDES,***.787.290-**,CPF,13.0,1,4.2e-05,
30,LEONEL RADDE,PT,159,EDSON ROBERTO ROSSO DORNELES,***.199.160-**,CPF,13.0,1,4.2e-05,
30,LEONEL RADDE,PT,160,ELMAR URBANO BRENDEL,***.460.180-**,CPF,13.0,1,4.2e-05,
30,LEONEL RADDE,PT,161,EMERSON VITSRKI RODRIGUES,***.829.430-**,CPF,13.0,1,4.2e-05,
30,LEONEL RADDE,PT,162,ERICA DOS SANTOS MACHADO,***.811.210-**,CPF,13.0,1,4.2e-05,
30,LEONEL RADDE,PT,163,ERTON BIRK TEIXEIRA,***.176.710-**,CPF,13.0,1,4.2e-05,
30,LEONEL RADDE,PT,164,EVERARDO DIAS DE MORAIS,***.770.903-**,CPF,13.0,1,4.2e-05,
30,LEONEL RADDE,PT,165,EWELIN MONICA PATURI NAVARRO CANIZARES,***.633.668-**,CPF,13.0,1,4.2e-05,
30,LEONEL RADDE,PT,166,FERNANDO CAETANO COSTA,***.643.960-**,CPF,13.0,1,4.2e-05,
30,LEONEL RADDE,PT,167,GABRIEL WILLIAN CORREA CARDOSO,***.979.790-**,CPF,13.0,1,4.2e-05,
30,LEONEL RADDE,PT,168,GISELE DA ROSA AGLIARDI,***.693.540-**,CPF,13.0,1,4.2e-05,
30,LEONEL RADDE,PT,169,GIULIA KOLLER BORSATTO,***.721.020-**,CPF,13.0,1,4.2e-05,
30,LEONEL RADDE,PT,170,GUSTAVO VIEIRA PEREIRA,***.211.300-**,CPF,13.0,1,4.2e-05,
30,LEONEL RADDE,PT,171,HENRIQUE ANALDO ANTUNES DE OLIVEIRA,***.605.540-**,CPF,13.0,1,4.2e-05,
30,LEONEL RADDE,PT,172,IBES ERON ALVES VAZ,***.109.760-**,CPF,13.0,1,4.2e-05,
30,LEONEL RADDE,PT,173,INES CARMEN SANTIN,***.976.675-**,CPF,13.0,1,4.2e-05,
30,LEONEL RADDE,PT,174,ISABEL CRISTINA SILVEIRA DE MOURA,***.983.100-**,CPF,13.0,1,4.2e-05,
30,LEONEL RADDE,PT,175,ISADORA PEREIRA TRAJANO,***.641.680-**,CPF,13.0,1,4.2e-05,
30,LEONEL RADDE,PT,176,JAIME LUIZ MESSER,***.481.930-**,CPF,13.0,1,4.2e-05,
30,LEONEL RADDE,PT,177,JANE BEATRIZ DOS SANTOS,***.170.410-**,CPF,13.0,1,4.2e-05,
30,LEONEL RADDE,PT,178,JEFFERSON GOMES LOPES,***.561.100-**,CPF,13.0,1,4.2e-05,
30,LEONEL RADDE,PT,179,JOCEMARA SCHAFER,***.471.980-**,CPF,13.0,1,4.2e-05,
30,LEONEL RADDE,PT,180,JOSE ALBERTO FONSECA LOPES,***.005.050-**,CPF,13.0,1,4.2e-05,
30,LEONEL RADDE,PT,181,JOSE CARLOS FERREIRA DOS REIS,***.216.510-**,CPF,13.0,1,4.2e-05,
30,LEONEL RADDE,PT,182,JOSE DOMINGOS DO PRADO FERREIRA,***.532.700-**,CPF,13.0,1,4.2e-05,
30,LEONEL RADDE,PT,183,JOSE GUILHERME FERRARI ALVES,***.124.510-**,CPF,13.0,1,4.2e-05,
30,LEONEL RADDE,PT,184,JULIA ARDUIM SOARDI,***.497.170-**,CPF,13.0,1,4.2e-05,
30,LEONEL RADDE,PT,185,JULIANA LEMOS PRATES,***.130.420-**,CPF,13.0,1,4.2e-05,
30,LEONEL RADDE,PT,186,JULIO CESAR BRANDI CASTRO,***.295.068-**,CPF,13.0,1,4.2e-05,
30,LEONEL RADDE,PT,187,JULIO CESAR IECK DA SILVA,***.615.110-**,CPF,13.0,1,4.2e-05,
30,LEONEL RADDE,PT,188,KELLY DEMO CHRIST,***.777.370-**,CPF,13.0,1,4.2e-05,
30,LEONEL RADDE,PT,189,KELVIN MACHADO SOARES DOS SANTOS,***.918.960-**,CPF,13.0,1,4.2e-05,
30,LEONEL RADDE,PT,190,LAILA MARIA SILVEIRA POLETTO,***.019.480-**,CPF,13.0,1,4.2e-05,
30,LEONEL RADDE,PT,191,LAURA SOARES SITO SILVEIRA,***.939.880-**,CPF,13.0,1,4.2e-05,
30,LEONEL RADDE,PT,192,LEONARDO RODRIGUES NUNES,***.955.110-**,CPF,13.0,1,4.2e-05,
30,LEONEL RADDE,PT,193,LIANE VALLIER MORO,***.301.130-**,CPF,13.0,1,4.2e-05,
30,LEONEL RADDE,PT,194,LOUISE RAMOS DA CUNHA FREITAS,***.301.680-**,CPF,13.0,1,4.2e-05,
30,LEONEL RADDE,PT,195,LUCAS DE OLIVEIRA GOZDZIUK,***.166.030-**,CPF,13.0,1,4.2e-05,
30,LEONEL RADDE,PT,196,LUCAS NATHANN PALUDO DA COSTA,***.328.220-**,CPF,13.0,1,4.2e-05,
30,LEONEL RADDE,PT,197,LUCIANO AUGUSTO DE ARAUJO KUNZ,***.698.480-**,CPF,13.0,1,4.2e-05,
30,LEONEL RADDE,PT,198,LUCIANO BUHLER SANT ANA,***.949.030-**,CPF,13.0,1,4.2e-05,
30,LEONEL RADDE,PT,199,LUIS FERNANDO PERES,***.769.230-**,CPF,13.0,1,4.2e-05,
30,LEONEL RADDE,PT,200,LUIZ CARLOS MAZUIN DE FREITAS,***.471.660-**,CPF,13.0,1,4.2e-05,
30,LEONEL RADDE,PT,201,LUNA SILVA DA SILVA,***.236.050-**,CPF,13.0,1,4.2e-05,
30,LEONEL RADDE,PT,202,MAIKEL ISMAEL RAENKE,***.264.660-**,CPF,13.0,1,4.2e-05,
30,LEONEL RADDE,PT,203,MANUEL ALEJANDRO OLIVA LABAUT,***.574.842-**,CPF,13.0,1,4.2e-05,
30,LEONEL RADDE,PT,204,MARCELO LOPES REMIAO,***.694.330-**,CPF,13.0,1,4.2e-05,
30,LEONEL RADDE,PT,205,MARCELO SILVA DOS SANTOS,***.518.950-**,CPF,13.0,1,4.2e-05,
30,LEONEL RADDE,PT,206,MARCELO SOARES DEWITTE,***.143.480-**,CPF,13.0,1,4.2e-05,
30,LEONEL RADDE,PT,207,MARCIA IVANA DA SILVA FALCAO,***.682.990-**,CPF,13.0,1,4.2e-05,
30,LEONEL RADDE,PT,208,MARCIO ESPIRITO SANTO NEVES,***.600.160-**,CPF,13.0,1,4.2e-05,
30,LEONEL RADDE,PT,209,MARIA ANTONIA SALDANHA NUNES,***.413.180-**,CPF,13.0,1,4.2e-05,
30,LEONEL RADDE,PT,210,MARIA GLADIS PACHECO MORAES,***.513.050-**,CPF,13.0,1,4.2e-05,
30,LEONEL RADDE,PT,211,MARIA TERESINHA DE NASCIMENTO SALDANHA,***.068.110-**,CPF,13.0,1,4.2e-05,
30,LEONEL RADDE,PT,212,MARILENE VEIGA DE OLIVEIRA,***.248.980-**,CPF,13.0,1,4.2e-05,
30,LEONEL RADDE,PT,213,MAURICIO MAURENTE MACHADO,***.409.640-**,CPF,13.0,1,4.2e-05,
30,LEONEL RADDE,PT,214,MAURICIO MOROSO KNEVITZ,***.453.660-**,CPF,13.0,1,4.2e-05,
30,LEONEL RADDE,PT,215,MAURO LUIZ VIEIRA CRUZ,***.428.280-**,CPF,13.0,1,4.2e-05,
30,LEONEL RADDE,PT,216,MEROPE GERUSA SOUZA VENTURA,***.150.070-**,CPF,13.0,1,4.2e-05,
30,LEONEL RADDE,PT,217,MICHELE SANTOS DOS SANTOS,***.857.200-**,CPF,13.0,1,4.2e-05,
30,LEONEL RADDE,PT,218,MILENE LATTUADA DA SILVA,***.735.800-**,CPF,13.0,1,4.2e-05,
30,LEONEL RADDE,PT,219,MILENE TEIXEIRA COELHO,***.516.640-**,CPF,13.0,1,4.2e-05,
30,LEONEL RADDE,PT,220,NAITON LUIS GAMA,***.894.210-**,CPF,13.0,1,4.2e-05,
30,LEONEL RADDE,PT,221,NICOLAS ALCANTARA ROCHA,***.822.570-**,CPF,13.0,1,4.2e-05,
30,LEONEL RADDE,PT,222,NICOLLE CORSEUIL RADDE,***.049.470-**,CPF,13.0,1,4.2e-05,
30,LEONEL RADDE,PT,223,NIDIA MARIA ANDRADE DE ALBUQUERQUE,***.671.800-**,CPF,13.0,1,4.2e-05,
30,LEONEL RADDE,PT,224,NILTON RICARDO DE MELLO MARTINS,***.071.950-**,CPF,13.0,1,4.2e-05,
30,LEONEL RADDE,PT,225,NINA SIMONE VILAVERDE MOURA,***.438.340-**,CPF,13.0,1,4.2e-05,
30,LEONEL RADDE,PT,226,PATRICIA MOREIRA DE SOUZA,***.630.170-**,CPF,13.0,1,4.2e-05,
30,LEONEL RADDE,PT,227,PAULA DOS SANTOS FERNANDES,***.077.780-**,CPF,13.0,1,4.2e-05,
30,LEONEL RADDE,PT,228,PEDRO CEMIM,***.188.580-**,CPF,13.0,1,4.2e-05,
30,LEONEL RADDE,PT,229,PEDRO GUIMARAES,***.568.321-**,CPF,13.0,1,4.2e-05,
30,LEONEL RADDE,PT,230,PEDRO LAURO WEBER LIMA,***.175.960-**,CPF,13.0,1,4.2e-05,
30,LEONEL RADDE,PT,231,RAFAEL FAUSTINO DA SILVA,***.234.700-**,CPF,13.0,1,4.2e-05,
30,LEONEL RADDE,PT,232,REGINA LIMA DA SILVA,***.325.850-**,CPF,13.0,1,4.2e-05,
30,LEONEL RADDE,PT,233,REGINALDO LEOCADIO MELO DE LACERDA,***.309.000-**,CPF,13.0,1,4.2e-05,
30,LEONEL RADDE,PT,234,REJANE MARLISE MULLER,***.794.560-**,CPF,13.0,1,4.2e-05,
30,LEONEL RADDE,PT,235,RENATA COSTA DE OLIVEIRA,***.113.020-**,CPF,13.0,1,4.2e-05,
30,LEONEL RADDE,PT,236,RODRIGO DE BARCELOS RODRIGUES,***.325.030-**,CPF,13.0,1,4.2e-05,
30,LEONEL RADDE,PT,237,RODRIGO DOS REIS,***.702.470-**,CPF,13.0,1,4.2e-05,
30,LEONEL RADDE,PT,238,ROGER D OLIVEIRA,***.675.600-**,CPF,13.0,1,4.2e-05,
30,LEONEL RADDE,PT,239,ROSALIA DA VEIGA COSTA,***.946.380-**,CPF,13.0,1,4.2e-05,
30,LEONEL RADDE,PT,240,ROSANA BERR MAIATO,***.181.700-**,CPF,13.0,1,4.2e-05,
30,LEONEL RADDE,PT,241,ROSSANA PARIZOTTO RIBEIRO,***.134.480-**,CPF,13.0,1,4.2e-05,
30,LEONEL RADDE,PT,242,RUI BISCH FABRES,***.790.820-**,CPF,13.0,1,4.2e-05,
30,LEONEL RADDE,PT,243,SERGIO LUIZ WILHELM COELHO,***.787.500-**,CPF,13.0,1,4.2e-05,
30,LEONEL RADDE,PT,244,SILVIO NEVES FALLEIRO,***.289.660-**,CPF,13.0,1,4.2e-05,
30,LEONEL RADDE,PT,245,SIMONE CARDOSO BORBA,***.514.180-**,CPF,13.0,1,4.2e-05,
30,LEONEL RADDE,PT,246,SUSIE TIELLET PRUNES,***.629.450-**,CPF,13.0,1,4.2e-05,
30,LEONEL RADDE,PT,247,SUZANA MARIA DA COSTA PROENCA,***.749.650-**,CPF,13.0,1,4.2e-05,
30,LEONEL RADDE,PT,248,TANIA MARIA FAGUNDES MACHADO,***.198.800-**,CPF,13.0,1,4.2e-05,
30,LEONEL RADDE,PT,249,TANIRA FERREIRA MARQUES,***.454.980-**,CPF,13.0,1,4.2e-05,
30,LEONEL RADDE,PT,250,THAINA CHIMENDES GONCALVES,***.690.410-**,CPF,13.0,1,4.2e-05,
30,LEONEL RADDE,PT,251,THIAGO ALVES REMPEL,***.934.890-**,CPF,13.0,1,4.2e-05,
30,LEONEL RADDE,PT,252,THOMAS VIDAL DA CRUZ,***.426.340-**,CPF,13.0,1,4.2e-05,
30,LEONEL RADDE,PT,253,TIAGO NUNES,***.903.330-**,CPF,13.0,1,4.2e-05,
30,LEONEL RADDE,PT,254,UEVERSON COSTA ALVES,***.252.320-**,CPF,13.0,1,4.2e-05,
30,LEONEL RADDE,PT,255,VANESSA GOULART,***.293.550-**,CPF,13.0,1,4.2e-05,
30,LEONEL RADDE,PT,256,VERUSCA BUZELATO PRESTES,***.557.020-**,CPF,13.0,1,4.2e-05,
30,LEONEL RADDE,PT,257,VINICIUS MANFRON SILVA,***.346.750-**,CPF,13.0,1,4.2e-05,
30,LEONEL RADDE,PT,258,VLADIMIR MAIER,***.183.450-**,CPF,13.0,1,4.2e-05,
30,LEONEL RADDE,PT,259,JONI NOE KNAPP,***.744.670-**,CPF,10.0,1,3.3e-05,
31,LUCIANA GENRO,PSOL,1,DIREÇÃO NACIONAL - PSOL,06.954.942/0001-95,CNPJ,1095783.73,2,0.898599,
31,LUCIANA GENRO,PSOL,2,DIREÇÃO ESTADUAL/DISTRITAL - PSOL - RIO GRANDE DO SUL,11.664.131/0001-90,CNPJ,94951.39,8,0.077865,
31,LUCIANA GENRO,PSOL,3,LUCIANA KREBS GENRO,***.523.700-**,CPF,13000.0,2,0.010661,
31,LUCIANA GENRO,PSOL,4,CESAR ROBERTO WOLF FILHO,***.389.790-**,CPF,5000.0,1,0.0041,
31,LUCIANA GENRO,PSOL,5,MARLIANE FERREIRA DOS SANTOS,***.872.500-**,CPF,3000.0,1,0.00246,
31,LUCIANA GENRO,PSOL,6,GABRIELLE DA SILVA TOLOTTI,***.398.220-**,CPF,2000.0,1,0.00164,
31,LUCIANA GENRO,PSOL,7,SILVIA REGINA HOHGRAWE,***.742.370-**,CPF,2000.0,1,0.00164,
31,LUCIANA GENRO,PSOL,8,DIREÇÃO MUNICIPAL/COMISSÃO PROVISÓRIA - PSOL - PORTO ALEGRE - RS,09.482.180/0001-60,CNPJ,1000.0,1,0.00082,
31,LUCIANA GENRO,PSOL,9,OLMAR DOS ANJOS FARIAS,***.686.840-**,CPF,1000.0,1,0.00082,
31,LUCIANA GENRO,PSOL,10,GABRIEL DORNELES MARTINS,***.592.450-**,CPF,600.0,1,0.000492,
31,LUCIANA GENRO,PSOL,11,SANDRO LUIS PEREIRA DE SOUZA,***.613.300-**,CPF,600.0,1,0.000492,
31,LUCIANA GENRO,PSOL,12,EUGENIO CARLOS RODIGHERI,***.428.400-**,CPF,500.0,1,0.00041,
32,LUCIANO SILVEIRA,MDB,1,DIREÇÃO NACIONAL - MDB,00.676.213/0001-38,CNPJ,650000.0,1,0.650651,
32,LUCIANO SILVEIRA,MDB,2,FLAVIO DUARTE PEREIRA DE ALBUQUERQUE,***.297.674-**,CPF,100000.0,1,0.1001,
32,LUCIANO SILVEIRA,MDB,3,ROMERO DUARTE PEREIRA DE ALBUQUERQUE,***.827.444-**,CPF,100000.0,1,0.1001,
32,LUCIANO SILVEIRA,MDB,4,SERGIO DE MARCO,***.464.839-**,CPF,100000.0,1,0.1001,
32,LUCIANO SILVEIRA,MDB,5,RICARDO PACINI BAGATINI,***.047.300-**,CPF,20000.0,1,0.02002,
32,LUCIANO SILVEIRA,MDB,6,LUCIANO DA SILVA SILVEIRA,***.393.230-**,CPF,15000.0,2,0.015015,
32,LUCIANO SILVEIRA,MDB,7,ANA ELIZA COELHO SOBRAL,***.939.652-**,CPF,10000.0,1,0.01001,
32,LUCIANO SILVEIRA,MDB,8,GLAUBER LUIS PEZZIN,***.042.810-**,CPF,4000.0,1,0.004004,
33,LUÍS FERNANDO PIRES,PP,1,DIREÇÃO NACIONAL - PP,00.887.169/0001-05,CNPJ,300000.0,2,0.520154,
33,LUÍS FERNANDO PIRES,PP,2,OSCAR LOURENCO VIEIRA PIRES,***.486.200-**,CPF,100000.0,1,0.173385,
33,LUÍS FERNANDO PIRES,PP,3,SIRILEI STEFFEN GAMBIN,***.734.570-**,CPF,30000.0,1,0.052015,
33,LUÍS FERNANDO PIRES,PP,4,LUIS FERNANDO CAVALHEIRO PIRES,***.919.760-**,CPF,11000.0,1,0.019072,
33,LUÍS FERNANDO PIRES,PP,5,ANDRE SANDERSON,***.775.439-**,CPF,10000.0,2,0.017338,
33,LUÍS FERNANDO PIRES,PP,6,ANTONIO NEWTON CORREA DA LUZ,***.279.760-**,CPF,10000.0,1,0.017338,
33,LUÍS FERNANDO PIRES,PP,7,DOMINGOS ANTONIO VELHO,***.101.690-**,CPF,10000.0,1,0.017338,
33,LUÍS FERNANDO PIRES,PP,8,JOAO ANTONIO WARPECHOWSKI,***.859.430-**,CPF,10000.0,1,0.017338,
33,LUÍS FERNANDO PIRES,PP,9,RALPH FRITZ STEFFEN,***.258.050-**,CPF,10000.0,1,0.017338,
33,LUÍS FERNANDO PIRES,PP,10,REGIS AUGUSTO GIOVELLI,***.104.100-**,CPF,10000.0,1,0.017338,
33,LUÍS FERNANDO PIRES,PP,11,CARLOS EDUARDO BRAGA PIRES,***.658.970-**,CPF,5000.0,1,0.008669,
33,LUÍS FERNANDO PIRES,PP,12,DECIO ROSA MARIMON,***.103.500-**,CPF,5000.0,1,0.008669,
33,LUÍS FERNANDO PIRES,PP,13,EDUARDO DE MERCIO FIGUEIRA CONDORELLI,***.092.377-**,CPF,5000.0,1,0.008669,
33,LUÍS FERNANDO PIRES,PP,14,ELIZABETH MORAIS DORNELES,***.195.560-**,CPF,5000.0,1,0.008669,
33,LUÍS FERNANDO PIRES,PP,15,JOSE ALCINDO DE SOUZA AVILA,***.372.270-**,CPF,5000.0,1,0.008669,
33,LUÍS FERNANDO PIRES,PP,16,LAIS STEFFEN GAMBIN,***.608.340-**,CPF,5000.0,1,0.008669,
33,LUÍS FERNANDO PIRES,PP,17,LUIZ ALFREDO HORN JUNIOR,***.401.760-**,CPF,5000.0,1,0.008669,
33,LUÍS FERNANDO PIRES,PP,18,LUIZ HANSEN,***.711.060-**,CPF,5000.0,1,0.008669,
33,LUÍS FERNANDO PIRES,PP,19,PEDRO SODRE RUBENICH,***.659.370-**,CPF,5000.0,1,0.008669,
33,LUÍS FERNANDO PIRES,PP,20,SERGIO RENATO ROSSI DE FREITAS,***.479.890-**,CPF,5000.0,1,0.008669,
33,LUÍS FERNANDO PIRES,PP,21,LAURA DE SOUSA DIAS,***.182.750-**,CPF,3500.0,1,0.006068,
33,LUÍS FERNANDO PIRES,PP,22,CARLOS EDUARDO SCHEIBE,***.785.360-**,CPF,3000.0,1,0.005202,
33,LUÍS FERNANDO PIRES,PP,23,GENOR BRUM FILHO,***.820.400-**,CPF,3000.0,1,0.005202,
33,LUÍS FERNANDO PIRES,PP,24,ROGERIO LUIZ ENGEL,***.686.150-**,CPF,3000.0,1,0.005202,
33,LUÍS FERNANDO PIRES,PP,25,ALEXANDRE SODRE BASTOS,***.659.280-**,CPF,2000.0,1,0.003468,
33,LUÍS FERNANDO PIRES,PP,26,ELDER LUIZ VIERA,***.566.460-**,CPF,2000.0,1,0.003468,
33,LUÍS FERNANDO PIRES,PP,27,GUSTAVO FOLETTO,***.753.950-**,CPF,2000.0,1,0.003468,
33,LUÍS FERNANDO PIRES,PP,28,CARMEN LUCIA ROSALES GONCALVES HEIN,***.831.800-**,CPF,1000.0,1,0.001734,
33,LUÍS FERNANDO PIRES,PP,29,CESAR AUGUSTO SARTORI,***.541.360-**,CPF,1000.0,1,0.001734,
33,LUÍS FERNANDO PIRES,PP,30,IVAN MARTINS ANDRADE,***.797.980-**,CPF,1000.0,1,0.001734,
33,LUÍS FERNANDO PIRES,PP,31,LUCAS DAL POZZO SARTORI,***.468.130-**,CPF,1000.0,1,0.001734,
33,LUÍS FERNANDO PIRES,PP,32,LUIZ CARLOS AMARAL DE MORAES,***.757.890-**,CPF,1000.0,1,0.001734,
33,LUÍS FERNANDO PIRES,PP,33,LAMAR TADEU DONATTO,***.544.650-**,CPF,540.0,1,0.000936,
33,LUÍS FERNANDO PIRES,PP,34,CESAR LUIS TAGLIARI VIEIRA,***.547.500-**,CPF,500.0,1,0.000867,
33,LUÍS FERNANDO PIRES,PP,35,FREDERICO SCHULZ BUSS,***.375.890-**,CPF,500.0,1,0.000867,
33,LUÍS FERNANDO PIRES,PP,36,SUZANA LUDWIG GARCIA DE GARCIA,***.676.250-**,CPF,500.0,1,0.000867,
33,LUÍS FERNANDO PIRES,PP,37,ALVARO ANDRADE DA SILVA BORGES MOREIRA,***.186.960-**,CPF,111.76,1,0.000194,
33,LUÍS FERNANDO PIRES,PP,38,CLAUDIO CAVALHEIRO,***.151.190-**,CPF,100.0,1,0.000173,
34,MARCELO ARRUDA,PSD,1,DIREÇÃO NACIONAL - PSD,13.629.827/0001-00,CNPJ,250000.0,3,0.539325,
34,MARCELO ARRUDA,PSD,2,MARCELO ARRUDA,***.917.560-**,CPF,120000.0,2,0.258876,
34,MARCELO ARRUDA,PSD,3,DANRLEI DE DEUS HINTERHOLZ,68.430.759/0001-48,CNPJ,70000.0,2,0.151011,
34,MARCELO ARRUDA,PSD,4,GIAN CARLO COSTA,***.851.990-**,CPF,10000.0,1,0.021573,
34,MARCELO ARRUDA,PSD,5,LEILA ORSO MICHELIN,***.407.880-**,CPF,5000.0,1,0.010787,
34,MARCELO ARRUDA,PSD,6,DIREÇÃO ESTADUAL/DISTRITAL - MDB - RIO GRANDE DO SUL,87.582.714/0001-33,CNPJ,4900.0,2,0.010571,
34,MARCELO ARRUDA,PSD,7,DIREÇÃO ESTADUAL/DISTRITAL - PSD - RIO GRANDE DO SUL,14.935.252/0001-17,CNPJ,2021.3,1,0.004361,
34,MARCELO ARRUDA,PSD,8,RAFAELA SETTE,***.662.670-**,CPF,1621.0,1,0.003497,
35,MARCUS VINÍCIUS,PP,1,DIREÇÃO NACIONAL - PP,00.887.169/0001-05,CNPJ,562702.13,3,0.562023,
35,MARCUS VINÍCIUS,PP,2,DIREÇÃO ESTADUAL/DISTRITAL - PP - RIO GRANDE DO SUL,74.703.034/0001-89,CNPJ,50000.0,2,0.04994,
35,MARCUS VINÍCIUS,PP,3,JOSE ALFONSO EBERT HAMM,68.411.270/0001-29,CNPJ,40606.02,1,0.040557,
35,MARCUS VINÍCIUS,PP,4,AIRTON GILMAR ROOS,***.761.800-**,CPF,40000.0,1,0.039952,
35,MARCUS VINÍCIUS,PP,5,MARCUS VINICIUS VIEIRA DE ALMEIDA,***.625.630-**,CPF,30000.0,1,0.029964,
35,MARCUS VINÍCIUS,PP,6,PEDRO REINALDO FEITEN,***.306.100-**,CPF,30000.0,1,0.029964,
35,MARCUS VINÍCIUS,PP,7,LINDOBERTO PONTES,***.947.090-**,CPF,25000.0,1,0.02497,
35,MARCUS VINÍCIUS,PP,8,LUIS HENRIQUE BENTO LEAL,***.896.910-**,CPF,25000.0,2,0.02497,
35,MARCUS VINÍCIUS,PP,9,VLADIMIR DAL BEN DA ROCHA,***.847.660-**,CPF,20000.0,2,0.019976,
35,MARCUS VINÍCIUS,PP,10,ELIARA ALENCASTRO DAL BEN,***.422.850-**,CPF,15000.0,1,0.014982,
35,MARCUS VINÍCIUS,PP,11,LUCAS DOS SANTOS BRIDI,***.371.460-**,CPF,15000.0,1,0.014982,
35,MARCUS VINÍCIUS,PP,12,NELSON COUTINHO PENA,***.780.970-**,CPF,15000.0,1,0.014982,
35,MARCUS VINÍCIUS,PP,13,PAULO CESAR FRACAO,***.478.100-**,CPF,15000.0,1,0.014982,
35,MARCUS VINÍCIUS,PP,14,ALUIZIO MERLIN RIBEIRO,***.757.780-**,CPF,10000.0,1,0.009988,
35,MARCUS VINÍCIUS,PP,15,ALVARO HUBER RIBEIRO,***.367.770-**,CPF,10000.0,1,0.009988,
35,MARCUS VINÍCIUS,PP,16,CELSO KIPERMAN,***.720.180-**,CPF,10000.0,1,0.009988,
35,MARCUS VINÍCIUS,PP,17,JORGE LUIZ SILVA LOGEMANN,***.552.870-**,CPF,10000.0,1,0.009988,
35,MARCUS VINÍCIUS,PP,18,LUIZ ORLANDO FRACAO,***.026.950-**,CPF,10000.0,1,0.009988,
35,MARCUS VINÍCIUS,PP,19,RAFAEL BENATTI PILLA,***.953.890-**,CPF,10000.0,1,0.009988,
35,MARCUS VINÍCIUS,PP,20,ROGERIO MERLIN RIBEIRO,***.631.550-**,CPF,10000.0,1,0.009988,
35,MARCUS VINÍCIUS,PP,21,EDUARDO KONRATH FRANCA,***.633.870-**,CPF,7500.0,1,0.007491,
35,MARCUS VINÍCIUS,PP,22,ARNALDO SCHWALM ECKERT,***.781.000-**,CPF,5000.0,1,0.004994,
35,MARCUS VINÍCIUS,PP,23,GABRIEL GIL TERRA,***.217.490-**,CPF,5000.0,1,0.004994,
35,MARCUS VINÍCIUS,PP,24,GRASIELA BOANOVA VIEIRA DE ALMEIDA,***.966.930-**,CPF,5000.0,1,0.004994,
35,MARCUS VINÍCIUS,PP,25,MAURO DUTRA DE BARCELLOS,***.395.070-**,CPF,5000.0,1,0.004994,
35,MARCUS VINÍCIUS,PP,26,LUIS EDUARDO VIEIRA DE ALMEIDA,***.362.870-**,CPF,4400.0,1,0.004395,
35,MARCUS VINÍCIUS,PP,27,MARCELO SCHIAVON,***.647.760-**,CPF,4000.0,1,0.003995,
35,MARCUS VINÍCIUS,PP,28,ROSEMERI JACOBSEN BARTZ,***.124.910-**,CPF,3000.0,1,0.002996,
35,MARCUS VINÍCIUS,PP,29,GERALDO LEITE HERTZ,***.889.000-**,CPF,2000.0,1,0.001998,
35,MARCUS VINÍCIUS,PP,30,JULIANO PEIXOTO DA SILVA,***.302.630-**,CPF,2000.0,1,0.001998,
35,MARCUS VINÍCIUS,PP,31,WALTER KANNEMANN,***.850.170-**,CPF,2000.0,1,0.001998,
35,MARCUS VINÍCIUS,PP,32,ADRIANA GARCIA KORZENOWSKI,***.320.150-**,CPF,1000.0,1,0.000999,
35,MARCUS VINÍCIUS,PP,33,GUSTAVO SOUZA,***.892.640-**,CPF,1000.0,1,0.000999,
35,MARCUS VINÍCIUS,PP,34,MARIA DA GRACA MOTTOLA PEIXOTO,***.230.920-**,CPF,1000.0,1,0.000999,
36,MATHEUS GOMES,PSOL,1,DIREÇÃO NACIONAL - PSOL,06.954.942/0001-95,CNPJ,1080783.73,2,0.855497,
36,MATHEUS GOMES,PSOL,2,DIREÇÃO ESTADUAL/DISTRITAL - PSOL - RIO GRANDE DO SUL,11.664.131/0001-90,CNPJ,94951.41,8,0.075159,
36,MATHEUS GOMES,PSOL,3,JEVERSON LUIS BOTTEGA,***.244.050-**,CPF,50000.0,1,0.039578,
36,MATHEUS GOMES,PSOL,4,CAROLINA COLTRO ALVES,***.889.328-**,CPF,10000.0,1,0.007916,
36,MATHEUS GOMES,PSOL,5,GUILHERME SCHAURICH DA SILVA,***.472.250-**,CPF,10000.0,2,0.007916,
36,MATHEUS GOMES,PSOL,6,RENATO RUBLESCKI SILVEIRA,***.966.940-**,CPF,5000.0,1,0.003958,
36,MATHEUS GOMES,PSOL,7,JAISON DOS SANTOS XANCHAO,***.027.564-**,CPF,3500.0,1,0.00277,
36,MATHEUS GOMES,PSOL,8,PAULA EMANUELA LIMA DE FARIAS,***.867.113-**,CPF,3000.0,1,0.002375,
36,MATHEUS GOMES,PSOL,9,TIAGO DA SILVA SILVEIRA,***.685.280-**,CPF,2000.0,1,0.001583,
36,MATHEUS GOMES,PSOL,10,DANIELA CONTE,***.433.530-**,CPF,1400.0,2,0.001108,
36,MATHEUS GOMES,PSOL,11,PEDRO DA SILVA SILVEIRA,***.685.270-**,CPF,1400.0,2,0.001108,
36,MATHEUS GOMES,PSOL,12,MARIA CONCEICAO LOPES FONTOURA,***.095.800-**,CPF,500.0,2,0.000396,
36,MATHEUS GOMES,PSOL,13,THAYS SALDANHA BUENO,***.170.940-**,CPF,500.0,1,0.000396,
36,MATHEUS GOMES,PSOL,14,LUCIA RUBLESCKI SILVEIRA,***.622.970-**,CPF,250.0,1,0.000198,
36,MATHEUS GOMES,PSOL,15,FINANCIAMENTO COLETIVO,,,55.0,1,4.4e-05,
37,MIGUEL ROSSETTO,PT,1,DIREÇÃO NACIONAL - PT,00.676.262/0001-70,CNPJ,265500.0,2,0.488907,
37,MIGUEL ROSSETTO,PT,2,ELVINO JOSE BOHN GASS,68.306.572/0001-37,CNPJ,55000.0,2,0.10128,
37,MIGUEL ROSSETTO,PT,3,ANTONIO VICENTE DA FONTOURA MARTINS,***.364.700-**,CPF,11000.0,2,0.020256,
37,MIGUEL ROSSETTO,PT,4,ARNO HUGO AUGUSTIN FILHO,***.327.680-**,CPF,10000.0,1,0.018415,
37,MIGUEL ROSSETTO,PT,5,MARCELO TUERLINCKX DANERIS,***.475.480-**,CPF,10000.0,1,0.018415,
37,MIGUEL ROSSETTO,PT,6,MARILINDA DA CONCEICAO MARQUES FERNANDES,***.730.460-**,CPF,10000.0,2,0.018415,
37,MIGUEL ROSSETTO,PT,7,MILTON BOZANO PEREIRA FAGUNDES,***.580.260-**,CPF,10000.0,1,0.018415,
37,MIGUEL ROSSETTO,PT,8,SERGIO GISCHKOW PEREIRA,***.566.560-**,CPF,10000.0,1,0.018415,
37,MIGUEL ROSSETTO,PT,9,SILVIA MARIA HEISSLER,***.377.620-**,CPF,10000.0,2,0.018415,
37,MIGUEL ROSSETTO,PT,10,JANICE ANTONIA GAMBETTA,***.574.770-**,CPF,8700.0,1,0.016021,
37,MIGUEL ROSSETTO,PT,11,EDUARDO ELOY IRGANG,***.167.880-**,CPF,6000.0,1,0.011049,
37,MIGUEL ROSSETTO,PT,12,SANDRO ROCHA PERES,***.737.530-**,CPF,6000.0,2,0.011049,
37,MIGUEL ROSSETTO,PT,13,ARNALDO LUIZ DUTRA,***.285.850-**,CPF,5500.0,3,0.010128,
37,MIGUEL ROSSETTO,PT,14,PIETRO GIAN VICARI DE OLIVEIRA,***.194.140-**,CPF,5500.0,1,0.010128,
37,MIGUEL ROSSETTO,PT,15,CLAUDIA CASTANHO DUTRA,***.733.750-**,CPF,5000.0,2,0.009207,
37,MIGUEL ROSSETTO,PT,16,DANIELA ELMIRA HORST IRGANG,***.225.490-**,CPF,5000.0,1,0.009207,
37,MIGUEL ROSSETTO,PT,17,HENRIQUE SCHNEIDER,***.273.730-**,CPF,5000.0,1,0.009207,
37,MIGUEL ROSSETTO,PT,18,NESTOR PEDRO SCHWERTNER,***.822.230-**,CPF,5000.0,2,0.009207,
37,MIGUEL ROSSETTO,PT,19,FINANCIAMENTO COLETIVO,,,4070.0,2,0.007495,
37,MIGUEL ROSSETTO,PT,20,ADIECSON GROSS BOBSIN,***.901.130-**,CPF,4000.0,1,0.007366,
37,MIGUEL ROSSETTO,PT,21,ANTONIO CARLOS PORTO JUNIOR,***.906.070-**,CPF,4000.0,2,0.007366,
37,MIGUEL ROSSETTO,PT,22,BRUNO ENGEL JUSTIN,***.575.900-**,CPF,4000.0,1,0.007366,
37,MIGUEL ROSSETTO,PT,23,GIOVANI SOUZA DE VARGAS,***.287.820-**,CPF,4000.0,1,0.007366,
37,MIGUEL ROSSETTO,PT,24,MICHEL LARA DE OLIVEIRA,***.270.580-**,CPF,4000.0,1,0.007366,
37,MIGUEL ROSSETTO,PT,25,SIDNEI JUSTIN WITT,***.329.430-**,CPF,4000.0,1,0.007366,
37,MIGUEL ROSSETTO,PT,26,CLAUDIO CROSSETTI DUTRA,***.894.000-**,CPF,3500.0,1,0.006445,
37,MIGUEL ROSSETTO,PT,27,LUCAS DE LIMA E CUNHA,***.848.420-**,CPF,3453.0,1,0.006359,
37,MIGUEL ROSSETTO,PT,28,ALYSSON ISAAC STUMM BENTLIN,***.170.780-**,CPF,3000.0,1,0.005524,
37,MIGUEL ROSSETTO,PT,29,FABIO ROBERTO PEREIRA,***.993.220-**,CPF,3000.0,1,0.005524,
37,MIGUEL ROSSETTO,PT,30,VICENTE FIAMETTI LUTZ,***.388.680-**,CPF,3000.0,1,0.005524,
37,MIGUEL ROSSETTO,PT,31,JOEL FERNANDES CANTO,***.857.300-**,CPF,2646.0,1,0.004872,
37,MIGUEL ROSSETTO,PT,32,CARLOS HENRIQUE NIEDERAUER,***.693.940-**,CPF,2000.0,1,0.003683,
37,MIGUEL ROSSETTO,PT,33,DIONISIO DE SOUZA NASCIMENTO DA SILVA,***.530.820-**,CPF,2000.0,1,0.003683,
37,MIGUEL ROSSETTO,PT,34,GERSON LUIS BEN,***.896.400-**,CPF,2000.0,2,0.003683,
37,MIGUEL ROSSETTO,PT,35,LIVIO AMARAL,***.032.300-**,CPF,2000.0,1,0.003683,
37,MIGUEL ROSSETTO,PT,36,CAMILLE ROSSATO BOLSON,***.094.000-**,CPF,1750.0,1,0.003223,
37,MIGUEL ROSSETTO,PT,37,ELMIR JOSE FLACH,***.046.670-**,CPF,1621.26,2,0.002985,
37,MIGUEL ROSSETTO,PT,38,JULIANA RACHE THOMAZ,***.050.410-**,CPF,1523.0,2,0.002805,
37,MIGUEL ROSSETTO,PT,39,ANTONIO CARLOS SCHAMANN MAINERI,***.807.920-**,CPF,1500.0,1,0.002762,
37,MIGUEL ROSSETTO,PT,40,GUILHERME CASSEL,***.570.800-**,CPF,1500.0,2,0.002762,
37,MIGUEL ROSSETTO,PT,41,LUCIANE PEREIRA DALLA VALENTINA,***.545.100-**,CPF,1500.0,1,0.002762,
37,MIGUEL ROSSETTO,PT,42,RONALDO SCHUCK,***.125.450-**,CPF,1500.0,1,0.002762,
37,MIGUEL ROSSETTO,PT,43,ADELAR SILVA DE AGUIAR,***.935.810-**,CPF,1100.0,1,0.002026,
37,MIGUEL ROSSETTO,PT,44,FRANCISCO JORGE VICENTE,***.218.089-**,CPF,1100.0,1,0.002026,
37,MIGUEL ROSSETTO,PT,45,ARNONI HANKE,***.288.630-**,CPF,1000.0,1,0.001841,
37,MIGUEL ROSSETTO,PT,46,CARLOS AUGUSTO ZIRBES,***.691.310-**,CPF,1000.0,1,0.001841,
37,MIGUEL ROSSETTO,PT,47,CARLOS HENRIQUE KAIPPER,***.725.590-**,CPF,1000.0,1,0.001841,
37,MIGUEL ROSSETTO,PT,48,EDISON VLADIMIR MARTINS TERTEROLA,***.532.870-**,CPF,1000.0,1,0.001841,
37,MIGUEL ROSSETTO,PT,49,HUMBERTO FACANHA DA COSTA FILHO,***.909.620-**,CPF,1000.0,1,0.001841,
37,MIGUEL ROSSETTO,PT,50,JORGE LUIZ FERREIRA,***.223.217-**,CPF,1000.0,1,0.001841,
37,MIGUEL ROSSETTO,PT,51,MARCELO MUNHOZ SCHERER,***.196.050-**,CPF,1000.0,1,0.001841,
37,MIGUEL ROSSETTO,PT,52,MARIA THEREZA ROSA RIBEIRO,***.237.530-**,CPF,1000.0,1,0.001841,
37,MIGUEL ROSSETTO,PT,53,NEURY JOAO MORETTO,***.849.990-**,CPF,1000.0,1,0.001841,
37,MIGUEL ROSSETTO,PT,54,VANDIRLEI ROQUE CAVAGNOLI,***.666.720-**,CPF,1000.0,1,0.001841,
37,MIGUEL ROSSETTO,PT,55,ROSANA LETICIA PINHEIRO MARINS,***.319.430-**,CPF,950.0,1,0.001749,
37,MIGUEL ROSSETTO,PT,56,SIMONE COSTA SILVA,***.887.200-**,CPF,950.0,1,0.001749,
37,MIGUEL ROSSETTO,PT,57,MARCOS LUIS AVILA NUNES,***.954.700-**,CPF,800.0,2,0.001473,
37,MIGUEL ROSSETTO,PT,58,EDUARDO GOMES DA SILVA,***.239.530-**,CPF,650.0,1,0.001197,
37,MIGUEL ROSSETTO,PT,59,PAULO DE OLIVEIRA DOS SANTOS,***.766.250-**,CPF,650.0,1,0.001197,
37,MIGUEL ROSSETTO,PT,60,DARIO FREDERICO PASCHE,***.698.670-**,CPF,550.0,2,0.001013,
37,MIGUEL ROSSETTO,PT,61,AIRTON ALOISIO MICHELS,***.895.210-**,CPF,500.0,1,0.000921,
37,MIGUEL ROSSETTO,PT,62,ALEX BORBA DOS SANTOS,***.937.630-**,CPF,500.0,1,0.000921,
37,MIGUEL ROSSETTO,PT,63,ALEXSANDRO FREY PEREIRA,***.989.550-**,CPF,500.0,1,0.000921,
37,MIGUEL ROSSETTO,PT,64,ANDRELISE MAFFEI ELMER,***.172.500-**,CPF,500.0,1,0.000921,
37,MIGUEL ROSSETTO,PT,65,ANTONIO RICARDO BOTELHO,***.142.410-**,CPF,500.0,1,0.000921,
37,MIGUEL ROSSETTO,PT,66,AQUILES BORIS INDURSKY,***.456.900-**,CPF,500.0,1,0.000921,
37,MIGUEL ROSSETTO,PT,67,CARLOS CARPENA DE COITINHO,***.461.200-**,CPF,500.0,1,0.000921,
37,MIGUEL ROSSETTO,PT,68,DARY BECK FILHO,***.506.060-**,CPF,500.0,1,0.000921,
37,MIGUEL ROSSETTO,PT,69,FELISBERTO SEABRA LUISI,***.197.440-**,CPF,500.0,1,0.000921,
37,MIGUEL ROSSETTO,PT,70,IVAN HOLSBACH SCHUSTER,***.658.140-**,CPF,500.0,1,0.000921,
37,MIGUEL ROSSETTO,PT,71,JEFERSON PEREIRA DOS REIS,***.573.260-**,CPF,500.0,1,0.000921,
37,MIGUEL ROSSETTO,PT,72,JOANA DE OLIVEIRA WINCKLER,***.436.090-**,CPF,500.0,1,0.000921,
37,MIGUEL ROSSETTO,PT,73,JORGE LUIZ FLAIN DE OLIVEIRA,***.188.600-**,CPF,500.0,1,0.000921,
37,MIGUEL ROSSETTO,PT,74,JOSE JOAQUIM FONSECA MARCHISIO,***.797.800-**,CPF,500.0,1,0.000921,
37,MIGUEL ROSSETTO,PT,75,JOSE LUIZ MARQUES,***.907.600-**,CPF,500.0,1,0.000921,
37,MIGUEL ROSSETTO,PT,76,LILIAN BERCHT,***.609.420-**,CPF,500.0,1,0.000921,
37,MIGUEL ROSSETTO,PT,77,MARCIO BALDINO KARAM,***.114.630-**,CPF,500.0,1,0.000921,
37,MIGUEL ROSSETTO,PT,78,MARIA ISABEL MOREIRA MORAES,***.982.860-**,CPF,500.0,1,0.000921,
37,MIGUEL ROSSETTO,PT,79,NEUSA MARIA PASETTO,***.644.360-**,CPF,500.0,2,0.000921,
37,MIGUEL ROSSETTO,PT,80,BRENO BATISTA PLENTZ,***.537.820-**,CPF,400.0,1,0.000737,
37,MIGUEL ROSSETTO,PT,81,THIAGO MATHIAS GENRO SCHNEIDER,***.850.530-**,CPF,400.0,1,0.000737,
37,MIGUEL ROSSETTO,PT,82,HERMES CERATTI MARQUES,***.870.630-**,CPF,300.0,1,0.000552,
37,MIGUEL ROSSETTO,PT,83,INGRID SCHNEIDER,***.054.130-**,CPF,300.0,1,0.000552,
37,MIGUEL ROSSETTO,PT,84,JULIO CESAR CAPOZZOLI,***.173.950-**,CPF,300.0,1,0.000552,
37,MIGUEL ROSSETTO,PT,85,LEANDRO SOARES,***.746.220-**,CPF,300.0,1,0.000552,
37,MIGUEL ROSSETTO,PT,86,LUCIANO STELMAKI,***.711.310-**,CPF,300.0,1,0.000552,
37,MIGUEL ROSSETTO,PT,87,LUIZ FERNANDO OZORIO DE CARVALHO,***.506.000-**,CPF,300.0,1,0.000552,
37,MIGUEL ROSSETTO,PT,88,ADELAR GERONIMO GALLINA,***.263.360-**,CPF,250.0,1,0.00046,
37,MIGUEL ROSSETTO,PT,89,DARICO PEDRO LIVI,***.242.720-**,CPF,250.0,1,0.00046,
37,MIGUEL ROSSETTO,PT,90,SERGIO MAURO STIFELMANN,***.036.150-**,CPF,250.0,1,0.00046,
37,MIGUEL ROSSETTO,PT,91,BEATRIZ CARLESSO,***.949.570-**,CPF,200.0,1,0.000368,
37,MIGUEL ROSSETTO,PT,92,CLAUDIO ROBERTO ABREU DA SILVEIRA,***.879.660-**,CPF,200.0,1,0.000368,
37,MIGUEL ROSSETTO,PT,93,FERNANDO CESAR FERREIRA VIEIRA,***.369.690-**,CPF,200.0,1,0.000368,
37,MIGUEL ROSSETTO,PT,94,GERSON LUIZ PLUCANI,***.278.340-**,CPF,200.0,1,0.000368,
37,MIGUEL ROSSETTO,PT,95,JOAQUIM APARECIDO DA SILVA,***.667.970-**,CPF,200.0,1,0.000368,
37,MIGUEL ROSSETTO,PT,96,MARCO ANTONIO KAPPEL RIBEIRO,***.992.770-**,CPF,200.0,1,0.000368,
37,MIGUEL ROSSETTO,PT,97,MARCOS DE FRANCESCHI,***.772.340-**,CPF,200.0,1,0.000368,
37,MIGUEL ROSSETTO,PT,98,ROSELI MARIA OLABARRIAGA CABISTANI,***.776.740-**,CPF,200.0,1,0.000368,
37,MIGUEL ROSSETTO,PT,99,SANDRO DONATO PAVANATTO CERENTINI,***.431.500-**,CPF,200.0,1,0.000368,
37,MIGUEL ROSSETTO,PT,100,SILVIA REGINA DORNELLES SCHNEIDER,***.517.870-**,CPF,200.0,1,0.000368,
37,MIGUEL ROSSETTO,PT,101,SUSANA LANZER PEREIRA DE SOUZA,***.851.160-**,CPF,200.0,1,0.000368,
37,MIGUEL ROSSETTO,PT,102,MARIA MERCEDES DE SOUZA,***.642.500-**,CPF,150.0,1,0.000276,
37,MIGUEL ROSSETTO,PT,103,JOSE CARLOS MONTEIRO DA CONCEICAO,***.540.260-**,CPF,145.0,1,0.000267,
37,MIGUEL ROSSETTO,PT,104,HAMILTON DIAS BRAGA,***.052.680-**,CPF,120.0,1,0.000221,
37,MIGUEL ROSSETTO,PT,105,ANA ELISA GONZALEZ CARVALHO,***.885.910-**,CPF,100.0,2,0.000184,
37,MIGUEL ROSSETTO,PT,106,BRENO CAMARGO SERAFINI,***.912.437-**,CPF,100.0,1,0.000184,
37,MIGUEL ROSSETTO,PT,107,CAROLINE FERREIRA ANVERSA,***.209.320-**,CPF,100.0,1,0.000184,
37,MIGUEL ROSSETTO,PT,108,CLOVIS DANIEL VIEIRA CHAVES,***.885.080-**,CPF,100.0,1,0.000184,
37,MIGUEL ROSSETTO,PT,109,DARVILLE SOUZA FILHO,***.841.100-**,CPF,100.0,1,0.000184,
37,MIGUEL ROSSETTO,PT,110,DENISE DE FREITAS MACHADO,***.705.070-**,CPF,100.0,1,0.000184,
37,MIGUEL ROSSETTO,PT,111,FLAVIO AMPESSAN,***.251.380-**,CPF,100.0,1,0.000184,
37,MIGUEL ROSSETTO,PT,112,GISELE WERNER,***.783.270-**,CPF,100.0,1,0.000184,
37,MIGUEL ROSSETTO,PT,113,JAMES MAURICIO TREMEA,***.373.539-**,CPF,100.0,1,0.000184,
37,MIGUEL ROSSETTO,PT,114,JUREMA JAMONOT SARMENTAO,***.966.640-**,CPF,100.0,1,0.000184,
37,MIGUEL ROSSETTO,PT,115,LUIZ ROBERTO FRANCO GARCIA,***.987.850-**,CPF,100.0,1,0.000184,
37,MIGUEL ROSSETTO,PT,116,MARCIA HELENA CORREA RAMALHO,***.733.140-**,CPF,100.0,1,0.000184,
37,MIGUEL ROSSETTO,PT,117,PEDRO LUIS VARGAS VIEGAS,***.241.580-**,CPF,100.0,1,0.000184,
37,MIGUEL ROSSETTO,PT,118,RODRIGO DE MEDEIROS SILVA,***.887.963-**,CPF,100.0,1,0.000184,
37,MIGUEL ROSSETTO,PT,119,ROSIMERI ADELS,***.971.850-**,CPF,100.0,1,0.000184,
37,MIGUEL ROSSETTO,PT,120,SILVIA REGINA DE CARVALHO CHAVES,***.851.000-**,CPF,100.0,1,0.000184,
37,MIGUEL ROSSETTO,PT,121,ALDERICO BACCARIN,***.581.440-**,CPF,50.0,1,9.2e-05,
37,MIGUEL ROSSETTO,PT,122,DANIEL MAIA,***.270.440-**,CPF,50.0,1,9.2e-05,
37,MIGUEL ROSSETTO,PT,123,DIRCEU FEIJO,***.745.200-**,CPF,50.0,1,9.2e-05,
37,MIGUEL ROSSETTO,PT,124,HELIO DEPORTE NETO,***.418.850-**,CPF,50.0,1,9.2e-05,
37,MIGUEL ROSSETTO,PT,125,JOAO FARIAS ROVATI,***.751.900-**,CPF,50.0,1,9.2e-05,
37,MIGUEL ROSSETTO,PT,126,JOSE LUIS COSTA DOS SANTOS,***.606.710-**,CPF,50.0,1,9.2e-05,
37,MIGUEL ROSSETTO,PT,127,JOSUE PAULO JOSE DE FREITAS,***.604.030-**,CPF,50.0,1,9.2e-05,
37,MIGUEL ROSSETTO,PT,128,LISIANE WANDSCHEER,***.684.810-**,CPF,50.0,1,9.2e-05,
37,MIGUEL ROSSETTO,PT,129,ROSANA SELIGMAN,***.223.520-**,CPF,50.0,1,9.2e-05,
37,MIGUEL ROSSETTO,PT,130,DEMOESTENES BRAGAMONTE DA LUZ,***.793.850-**,CPF,10.0,1,1.8e-05,
37,MIGUEL ROSSETTO,PT,131,LUIS AUGUSTO PEREIRA DA ROSA,***.863.900-**,CPF,5.0,1,9e-06,
37,MIGUEL ROSSETTO,PT,132,THIAGO CHINI BENDER,***.517.390-**,CPF,5.0,1,9e-06,
38,MOISÉS BARBOZA,PSDB,1,DIREÇÃO NACIONAL - PSDB,03.653.474/0001-20,CNPJ,300000.0,4,0.825173,
38,MOISÉS BARBOZA,PSDB,2,ROGERIO DAL MAGRO,***.085.400-**,CPF,10000.0,1,0.027506,
38,MOISÉS BARBOZA,PSDB,3,VINICIUS PELLIZZARI,***.485.160-**,CPF,8000.0,1,0.022005,
38,MOISÉS BARBOZA,PSDB,4,HELIO DE ALMEIDA OLIVEIRA,***.352.570-**,CPF,6000.0,4,0.016503,
38,MOISÉS BARBOZA,PSDB,5,JULIANO MALLMANN CARDOSO,***.436.190-**,CPF,5000.0,1,0.013753,
38,MOISÉS BARBOZA,PSDB,6,LUIZ FELIPE SCHIAVON,***.614.970-**,CPF,5000.0,1,0.013753,
38,MOISÉS BARBOZA,PSDB,7,MOISES DA SILVA BARBOZA,***.580.850-**,CPF,5000.0,1,0.013753,
38,MOISÉS BARBOZA,PSDB,8,RENATA BARBOZA COMUNELLO,***.997.970-**,CPF,2500.0,2,0.006876,
38,MOISÉS BARBOZA,PSDB,9,ANDERSON BARCELOS TAVARES,***.621.080-**,CPF,2000.0,1,0.005501,
38,MOISÉS BARBOZA,PSDB,10,ROQUE LUIZ SCHWAN,***.029.980-**,CPF,2000.0,1,0.005501,
38,MOISÉS BARBOZA,PSDB,11,RUBENS SALVADOR BORDINI,***.889.370-**,CPF,1500.0,1,0.004126,
38,MOISÉS BARBOZA,PSDB,12,ANA CRISTINA ALMEIDA TEIXEIRA,***.506.180-**,CPF,1000.0,1,0.002751,
38,MOISÉS BARBOZA,PSDB,13,ANGELA MERICE DA SILVEIRA,***.335.900-**,CPF,1000.0,1,0.002751,
38,MOISÉS BARBOZA,PSDB,14,FRANCINE BAYS ZUCATTI,***.023.610-**,CPF,1000.0,1,0.002751,
38,MOISÉS BARBOZA,PSDB,15,MAURO FETT SPARTA DE SOUZA,***.597.830-**,CPF,1000.0,1,0.002751,
38,MOISÉS BARBOZA,PSDB,16,ORLANDO ADRIANO MORAES,***.976.930-**,CPF,1000.0,1,0.002751,
38,MOISÉS BARBOZA,PSDB,17,RAFAEL BERNARDO DE OLIVEIRA,***.077.590-**,CPF,1000.0,1,0.002751,
38,MOISÉS BARBOZA,PSDB,18,FINANCIAMENTO COLETIVO,,,760.0,1,0.00209,
38,MOISÉS BARBOZA,PSDB,19,ANDERSON FAURI CASSERES,***.525.440-**,CPF,500.0,1,0.001375,
38,MOISÉS BARBOZA,PSDB,20,CASSIANE GUGLIELMIN DO NASCIMENTO,***.897.470-**,CPF,500.0,1,0.001375,
38,MOISÉS BARBOZA,PSDB,21,CHRISTIAN PINTO DE SOUZA,***.575.860-**,CPF,500.0,1,0.001375,
38,MOISÉS BARBOZA,PSDB,22,EDUARDO BALDASSO COELHO JUNIOR,***.279.920-**,CPF,500.0,1,0.001375,
38,MOISÉS BARBOZA,PSDB,23,EDUARDO TONIN CITOLIN,***.747.110-**,CPF,500.0,1,0.001375,
38,MOISÉS BARBOZA,PSDB,24,EVERTON LESSA DA SILVA,***.623.490-**,CPF,500.0,1,0.001375,
38,MOISÉS BARBOZA,PSDB,25,FELIPE ORIGE,***.358.770-**,CPF,500.0,1,0.001375,
38,MOISÉS BARBOZA,PSDB,26,JORGE ANTONIO DORNELLES CARPES,***.240.430-**,CPF,500.0,1,0.001375,
38,MOISÉS BARBOZA,PSDB,27,LEANDRO VILLELA CEZIMBRA,***.516.080-**,CPF,500.0,1,0.001375,
38,MOISÉS BARBOZA,PSDB,28,LUIZ ANTONIO BORGES GERMANO DA SILVA,***.169.900-**,CPF,500.0,1,0.001375,
38,MOISÉS BARBOZA,PSDB,29,PAULO CESAR BALARDIN,***.398.500-**,CPF,500.0,1,0.001375,
38,MOISÉS BARBOZA,PSDB,30,RAFAEL LUIS DO NASCIMENTO,***.953.160-**,CPF,500.0,1,0.001375,
38,MOISÉS BARBOZA,PSDB,31,RANIERI ZILIO MORIGGI,***.587.330-**,CPF,500.0,1,0.001375,
38,MOISÉS BARBOZA,PSDB,32,ROBERSON LOPES ARISTIMUNHA,***.215.380-**,CPF,500.0,1,0.001375,
38,MOISÉS BARBOZA,PSDB,33,TATIANE PIRES BERNARDES,***.204.700-**,CPF,500.0,1,0.001375,
38,MOISÉS BARBOZA,PSDB,34,VILMA PORTO DA SILVA,***.597.590-**,CPF,500.0,1,0.001375,
38,MOISÉS BARBOZA,PSDB,35,VINICIUS DA CUNHA MENDONCA,***.019.900-**,CPF,500.0,1,0.001375,
38,MOISÉS BARBOZA,PSDB,36,VITURUGO RINALDI DE MIRANDA,***.275.920-**,CPF,500.0,1,0.001375,
38,MOISÉS BARBOZA,PSDB,37,VLADIMIR FERREIRA JARDIM,***.308.480-**,CPF,500.0,1,0.001375,
38,MOISÉS BARBOZA,PSDB,38,ZIGOMAR DE SOUZA GALVAO,***.086.240-**,CPF,300.0,1,0.000825,
39,NATASHA,PT,1,DIREÇÃO NACIONAL - PT,00.676.262/0001-70,CNPJ,370414.29,3,0.955062,
39,NATASHA,PT,2,FINANCIAMENTO COLETIVO,,,5680.0,2,0.014645,
39,NATASHA,PT,3,GABRIEL GALLI AREVALO,***.889.010-**,CPF,5000.0,1,0.012892,
39,NATASHA,PT,4,NATASHA NARCISO FERREIRA,***.930.080-**,CPF,4949.0,1,0.01276,
39,NATASHA,PT,5,CLAUDIO RICARDO FREITAS NUNES,***.141.300-**,CPF,1000.0,1,0.002578,
39,NATASHA,PT,6,ELIETE DOS SANTOS SILVA,***.570.968-**,CPF,500.0,1,0.001289,
39,NATASHA,PT,7,CLAUDIA MARIA DADICO,***.462.268-**,CPF,300.0,1,0.000774,
40,NICOLE WEBER COVATTI,PP,1,DIREÇÃO NACIONAL - PP,00.887.169/0001-05,CNPJ,1265000.0,2,0.996063,
40,NICOLE WEBER COVATTI,PP,2,NICOLE GARSKE WEBER COVATTI,***.393.720-**,CPF,5000.0,1,0.003937,
41,PAPARICO BACCHI,PL,1,DIREÇÃO NACIONAL - PL,08.517.423/0001-95,CNPJ,790000.0,2,0.880706,
41,PAPARICO BACCHI,PL,2,EDERILDO PAPARICO BACCHI,***.287.400-**,CPF,55000.0,4,0.061315,
41,PAPARICO BACCHI,PL,3,MARCO AURELIO DORIGON DOS SANTOS,***.472.500-**,CPF,18000.0,1,0.020067,
41,PAPARICO BACCHI,PL,4,OSMAR GASPARINI TERRA,68.312.571/0001-03,CNPJ,15000.0,1,0.016722,
41,PAPARICO BACCHI,PL,5,JOAO ERVINO FISCHER,***.510.700-**,CPF,7000.0,1,0.007804,
41,PAPARICO BACCHI,PL,6,MAGALI ANGELINA SALAME,***.711.350-**,CPF,4000.0,1,0.004459,
41,PAPARICO BACCHI,PL,7,ODIR ZANANDREA,***.380.620-**,CPF,4000.0,1,0.004459,
41,PAPARICO BACCHI,PL,8,VALCIR ANTONIO FANTON,***.362.590-**,CPF,4000.0,1,0.004459,
41,PAPARICO BACCHI,PL,9,EDERILDO PAPARICO BACCHI,68.345.582/0001-81,CNPJ,7.43,3,8e-06,
42,PEPE VARGAS,PT,1,DIREÇÃO NACIONAL - PT,00.676.262/0001-70,CNPJ,265500.0,2,0.642157,
42,PEPE VARGAS,PT,2,ELVINO JOSE BOHN GASS,68.306.572/0001-37,CNPJ,74000.0,3,0.178982,
42,PEPE VARGAS,PT,3,GILBERTO JOSE SPIER VARGAS,***.057.990-**,CPF,10000.0,1,0.024187,
42,PEPE VARGAS,PT,4,GERSON LUIS BEN,***.896.400-**,CPF,6800.0,2,0.016447,
42,PEPE VARGAS,PT,5,ANSELIO ANGELO BRUSTOLIN,***.847.540-**,CPF,6000.0,1,0.014512,
42,PEPE VARGAS,PT,6,FABIO SCUSSEL,***.886.170-**,CPF,6000.0,1,0.014512,
42,PEPE VARGAS,PT,7,VALDOIR PEREIRA DA ROSA,***.364.210-**,CPF,5630.0,3,0.013617,
42,PEPE VARGAS,PT,8,FINANCIAMENTO COLETIVO,,,5360.0,1,0.012964,
42,PEPE VARGAS,PT,9,BRUNO DOS SANTOS LEMOS,***.559.910-**,CPF,5000.0,1,0.012093,
42,PEPE VARGAS,PT,10,RONALDO MIRO ZULKE,***.642.960-**,CPF,5000.0,1,0.012093,
42,PEPE VARGAS,PT,11,AIRTON LUIZ MINUSCULI,***.719.590-**,CPF,4720.0,2,0.011416,
42,PEPE VARGAS,PT,12,EDUARDO DE LACERDA MANCUSO,***.231.270-**,CPF,4000.0,5,0.009675,
42,PEPE VARGAS,PT,13,ELIANE TERESINHA DE SOUZA SILVEIRA,***.479.890-**,CPF,3000.0,1,0.007256,
42,PEPE VARGAS,PT,14,LARISSA GONCALVES RODRIGUES,***.920.550-**,CPF,2940.0,1,0.007111,
42,PEPE VARGAS,PT,15,GABRIEL FERREIRA NEVES,***.208.370-**,CPF,2800.0,2,0.006772,
42,PEPE VARGAS,PT,16,JESSICA ANE DOS SANTOS,***.033.570-**,CPF,2800.0,1,0.006772,
42,PEPE VARGAS,PT,17,EDUARDO SCOTTI DEBACO,***.833.960-**,CPF,1000.0,1,0.002419,
42,PEPE VARGAS,PT,18,PAULO PERETTI TORELLY,***.041.500-**,CPF,1000.0,1,0.002419,
42,PEPE VARGAS,PT,19,DANIELA AMORETTI FINKLER,***.117.470-**,CPF,500.0,1,0.001209,
42,PEPE VARGAS,PT,20,MARIANA LAMAR PIRES STUDART,***.754.417-**,CPF,500.0,1,0.001209,
42,PEPE VARGAS,PT,21,RICARDO ANTONIO LUCAS CAMARGO,***.773.306-**,CPF,500.0,1,0.001209,
42,PEPE VARGAS,PT,22,ANIGER LORENA RIBEIRO DE OLIVEIRA,***.006.680-**,CPF,200.0,1,0.000484,
42,PEPE VARGAS,PT,23,SILVANA TERESINHA TOMAZZONI GONCALVES,***.704.500-**,CPF,200.0,1,0.000484,
43,PROFESSOR CLÁUDIO BRANCHIERI,PL,1,DIREÇÃO NACIONAL - PL,08.517.423/0001-95,CNPJ,1270000.0,1,0.967961,
43,PROFESSOR CLÁUDIO BRANCHIERI,PL,2,MAURICIO COMIN,***.023.090-**,CPF,16000.0,2,0.012195,
43,PROFESSOR CLÁUDIO BRANCHIERI,PL,3,MAURICIO BEDIN MARCON,68.312.534/0001-97,CNPJ,14000.0,1,0.01067,
43,PROFESSOR CLÁUDIO BRANCHIERI,PL,4,GABRIELA PERINI,***.068.670-**,CPF,10000.0,1,0.007622,
43,PROFESSOR CLÁUDIO BRANCHIERI,PL,5,ISMAEL CECCONELLO,***.542.990-**,CPF,1500.0,1,0.001143,
43,PROFESSOR CLÁUDIO BRANCHIERI,PL,6,JOSE CARLOS TARASCONI,***.626.240-**,CPF,300.0,1,0.000229,
43,PROFESSOR CLÁUDIO BRANCHIERI,PL,7,KARINE TAVARES RODRIGUES,***.583.678-**,CPF,200.0,1,0.000152,
43,PROFESSOR CLÁUDIO BRANCHIERI,PL,8,CLAUDIO MAXIMILIANO BRANCHIERI,68.345.608/0001-91,CNPJ,36.63,1,2.8e-05,
44,RAFAEL BRAGA,MDB,1,RAFAEL BRAGA LIBRELOTTO,***.683.980-**,CPF,48000.0,1,0.160651,
44,RAFAEL BRAGA,MDB,2,DIREÇÃO ESTADUAL/DISTRITAL - MDB - RIO GRANDE DO SUL,87.582.714/0001-33,CNPJ,45984.19,10,0.153904,
44,RAFAEL BRAGA,MDB,3,ANA RITA BRAGA GOMES,***.491.900-**,CPF,30000.0,1,0.100407,
44,RAFAEL BRAGA,MDB,4,NOEMI MANO BRAGA,***.732.450-**,CPF,30000.0,1,0.100407,
44,RAFAEL BRAGA,MDB,5,DIREÇÃO NACIONAL - MDB,00.676.213/0001-38,CNPJ,20000.0,1,0.066938,
44,RAFAEL BRAGA,MDB,6,EDUARDO FIGUEIREDO BRAGA,***.716.560-**,CPF,16000.0,1,0.05355,
44,RAFAEL BRAGA,MDB,7,PAULA RUBIN FACCO LIBRELOTTO,***.585.530-**,CPF,15000.0,1,0.050203,
44,RAFAEL BRAGA,MDB,8,ALCIDES CARLOS PEREIRA ALVES,***.395.520-**,CPF,10000.0,1,0.033469,
44,RAFAEL BRAGA,MDB,9,FLAVIA BERNARDES DE OLIVEIRA,***.351.216-**,CPF,10000.0,1,0.033469,
44,RAFAEL BRAGA,MDB,10,ROGERIO SEBASTIAO BRAGA,***.135.400-**,CPF,10000.0,1,0.033469,
44,RAFAEL BRAGA,MDB,11,ROSANGELA FLORIAN CAMPOS,***.138.700-**,CPF,10000.0,1,0.033469,
44,RAFAEL BRAGA,MDB,12,SERGIO DOCKHORN FERREIRA,***.133.670-**,CPF,10000.0,1,0.033469,
44,RAFAEL BRAGA,MDB,13,VALMOR ANTONIO DE BORTOLI,***.655.320-**,CPF,10000.0,1,0.033469,
44,RAFAEL BRAGA,MDB,14,SANDRA SCAPIN RUBIN,***.657.710-**,CPF,7000.0,1,0.023428,
44,RAFAEL BRAGA,MDB,15,ROSA MARIA FIGUEIREDO BRAGA,***.785.140-**,CPF,6000.0,1,0.020081,
44,RAFAEL BRAGA,MDB,16,LEONARDO DANNI QUINZZANI,***.285.230-**,CPF,3000.0,1,0.010041,
44,RAFAEL BRAGA,MDB,17,MAURICIO DE BORTOLI,***.822.150-**,CPF,3000.0,1,0.010041,
44,RAFAEL BRAGA,MDB,18,RENATI ELIZA THIESEN MACHIAVELLI,***.995.600-**,CPF,3000.0,1,0.010041,
44,RAFAEL BRAGA,MDB,19,ROBERTO DURIGON LEMES,***.164.680-**,CPF,2500.0,1,0.008367,
44,RAFAEL BRAGA,MDB,20,ALGIR LORENZON,***.109.070-**,CPF,2000.0,1,0.006694,
44,RAFAEL BRAGA,MDB,21,FERNANDO PISSETTI ROSSATO,***.523.240-**,CPF,2000.0,1,0.006694,
44,RAFAEL BRAGA,MDB,22,NEDIO ARGENTON GIORDANI,***.459.460-**,CPF,1500.0,1,0.00502,
44,RAFAEL BRAGA,MDB,23,PAULO CARVALHAL MACAGNAN,***.058.500-**,CPF,1000.0,1,0.003347,
44,RAFAEL BRAGA,MDB,24,TIAGO FLORES MUTTI,***.611.990-**,CPF,1000.0,1,0.003347,
44,RAFAEL BRAGA,MDB,25,MATHEUS JACQUES DREHER,***.487.440-**,CPF,800.0,1,0.002678,
44,RAFAEL BRAGA,MDB,26,GIOVANI FERNANDES RUBIN,***.327.400-**,CPF,500.0,1,0.001673,
44,RAFAEL BRAGA,MDB,27,NEURI CLOVIS STOLTE,***.108.670-**,CPF,500.0,1,0.001673,
45,RAMIRO ROSÁRIO,Novo,1,DIREÇÃO NACIONAL - NOVO,13.405.866/0001-24,CNPJ,349000.0,4,0.468522,
45,RAMIRO ROSÁRIO,Novo,2,FELIPE ZORTEA CAMOZZATO,68.236.992/0001-94,CNPJ,165252.5,18,0.221846,
45,RAMIRO ROSÁRIO,Novo,3,DIREÇÃO ESTADUAL/DISTRITAL - NOVO - RIO GRANDE DO SUL,26.471.374/0001-89,CNPJ,62238.24,17,0.083553,
45,RAMIRO ROSÁRIO,Novo,4,MARCELO BRODSKI UNIKOWSKY,***.829.790-**,CPF,25000.0,1,0.033562,
45,RAMIRO ROSÁRIO,Novo,5,VALDINEI MEDEIROS SPINDOLA,***.732.900-**,CPF,20000.0,1,0.026849,
45,RAMIRO ROSÁRIO,Novo,6,DANIEL OSCAR LUDWIG,***.429.690-**,CPF,16030.0,5,0.02152,
45,RAMIRO ROSÁRIO,Novo,7,RAFAEL DE ALMEIDA AZEVEDO ALBANI,***.341.967-**,CPF,12000.0,1,0.01611,
45,RAMIRO ROSÁRIO,Novo,8,CLAUDIA VILLACA SEVERO,***.482.127-**,CPF,10000.0,1,0.013425,
45,RAMIRO ROSÁRIO,Novo,9,ANDREA CZAMANSKI DA SILVA,***.266.200-**,CPF,8500.0,6,0.011411,
45,RAMIRO ROSÁRIO,Novo,10,ANDERSON BARCELOS TAVARES,***.621.080-**,CPF,8000.0,1,0.01074,
45,RAMIRO ROSÁRIO,Novo,11,LUIS GUSTAVO JOB DUTRA,***.769.800-**,CPF,8000.0,2,0.01074,
45,RAMIRO ROSÁRIO,Novo,12,TIAGO JOSE ALBRECHT,68.237.141/0001-66,CNPJ,5200.0,1,0.006981,
45,RAMIRO ROSÁRIO,Novo,13,ALEXANDRE HERBERT ZILLMER,***.237.870-**,CPF,5000.0,1,0.006712,
45,RAMIRO ROSÁRIO,Novo,14,JOSE CARLOS HRUBY,***.165.920-**,CPF,5000.0,1,0.006712,
45,RAMIRO ROSÁRIO,Novo,15,PAULO AFONSO GIRARDI FEIJO,***.710.110-**,CPF,4000.0,1,0.00537,
45,RAMIRO ROSÁRIO,Novo,16,VINICIUS PELLIZZARI,***.485.160-**,CPF,4000.0,1,0.00537,
45,RAMIRO ROSÁRIO,Novo,17,AMIR SELAIMEN DA COSTA,***.377.000-**,CPF,3000.0,1,0.004027,
45,RAMIRO ROSÁRIO,Novo,18,ARI ANSELMINI,***.223.830-**,CPF,3000.0,1,0.004027,
45,RAMIRO ROSÁRIO,Novo,19,JOAO PAULO MARIA,***.135.790-**,CPF,3000.0,1,0.004027,
45,RAMIRO ROSÁRIO,Novo,20,OSCAR WARTH NETO,***.765.890-**,CPF,3000.0,1,0.004027,
45,RAMIRO ROSÁRIO,Novo,21,BERNARDO ARREAL MAGALHAES,***.139.910-**,CPF,2500.0,2,0.003356,
45,RAMIRO ROSÁRIO,Novo,22,OSCAR FERNANDO ALLGAYER,***.050.790-**,CPF,2500.0,1,0.003356,
45,RAMIRO ROSÁRIO,Novo,23,ANA ROSARIA REBELO DUTRA,***.621.460-**,CPF,2000.0,2,0.002685,
45,RAMIRO ROSÁRIO,Novo,24,CLAUDIO LOPES PREZA JUNIOR,***.226.140-**,CPF,2000.0,1,0.002685,
45,RAMIRO ROSÁRIO,Novo,25,DANIEL RIGON,***.017.700-**,CPF,2000.0,1,0.002685,
45,RAMIRO ROSÁRIO,Novo,26,FELIPE ALTHAUS,***.285.260-**,CPF,2000.0,1,0.002685,
45,RAMIRO ROSÁRIO,Novo,27,SERGIO JUAREZ KAMINSKI,***.442.320-**,CPF,2000.0,1,0.002685,
45,RAMIRO ROSÁRIO,Novo,28,AFRANIO ROGERIO KIELING,***.327.508-**,CPF,1200.0,1,0.001611,
45,RAMIRO ROSÁRIO,Novo,29,MICHAEL WEBER REICHERT,***.267.100-**,CPF,1030.0,1,0.001383,
45,RAMIRO ROSÁRIO,Novo,30,CIDIO HALPERIN,***.980.330-**,CPF,1000.0,1,0.001342,
45,RAMIRO ROSÁRIO,Novo,31,EVERSON DAVID NUNES,***.436.760-**,CPF,1000.0,1,0.001342,
45,RAMIRO ROSÁRIO,Novo,32,ADERBAL FERNANDES LIMA,***.837.800-**,CPF,500.0,1,0.000671,
45,RAMIRO ROSÁRIO,Novo,33,FERNANDO FRASCA CANDIDO JUNIOR,***.635.500-**,CPF,500.0,1,0.000671,
45,RAMIRO ROSÁRIO,Novo,34,JOAO LUIS GIOVANELLA,***.334.970-**,CPF,500.0,1,0.000671,
45,RAMIRO ROSÁRIO,Novo,35,LUIS HENRIQUE GUARDA,***.871.068-**,CPF,500.0,1,0.000671,
45,RAMIRO ROSÁRIO,Novo,36,LUIZ FERNANDO ODERICH,***.482.690-**,CPF,500.0,1,0.000671,
45,RAMIRO ROSÁRIO,Novo,37,RAFAEL SARTORI GUGLIOTTA,***.542.080-**,CPF,500.0,1,0.000671,
45,RAMIRO ROSÁRIO,Novo,38,ROQUE LUIZ SCHWAN,***.029.980-**,CPF,500.0,1,0.000671,
45,RAMIRO ROSÁRIO,Novo,39,ALCENIR WAGNER LOPES MILANEZI,***.469.020-**,CPF,400.0,1,0.000537,
45,RAMIRO ROSÁRIO,Novo,40,ADRIANO DA VEIGA MEDEIROS,***.142.840-**,CPF,300.0,1,0.000403,
45,RAMIRO ROSÁRIO,Novo,41,ALVARO EUGENIO TEDESCO ZANCHI,***.673.840-**,CPF,300.0,1,0.000403,
45,RAMIRO ROSÁRIO,Novo,42,MARIANE CIBELLE BARRETO DA SILVA BARROS,***.516.244-**,CPF,300.0,1,0.000403,
45,RAMIRO ROSÁRIO,Novo,43,CLEA DORIS CHIES,***.375.050-**,CPF,200.0,1,0.000268,
45,RAMIRO ROSÁRIO,Novo,44,GILSON NATAL GALERA,***.258.530-**,CPF,200.0,1,0.000268,
45,RAMIRO ROSÁRIO,Novo,45,GIOVANI DA CRUZ GAFFORELLI,***.333.420-**,CPF,200.0,1,0.000268,
45,RAMIRO ROSÁRIO,Novo,46,ANGELA JARDIM REIS SOUZA,***.788.230-**,CPF,100.0,1,0.000134,
45,RAMIRO ROSÁRIO,Novo,47,CAROLINE CARNEIRO MACHADO,***.179.110-**,CPF,100.0,1,0.000134,
45,RAMIRO ROSÁRIO,Novo,48,FRANCISCO SAVIO RYPL,***.258.690-**,CPF,100.0,1,0.000134,
45,RAMIRO ROSÁRIO,Novo,49,GIOVANNI D AGOSTIN,***.494.060-**,CPF,100.0,1,0.000134,
45,RAMIRO ROSÁRIO,Novo,50,JAYRO LUIZ DE LUCENA GIL,***.013.260-**,CPF,100.0,1,0.000134,
45,RAMIRO ROSÁRIO,Novo,51,PEDRO ALVISE CERATTI MANFRO,***.659.180-**,CPF,100.0,1,0.000134,
45,RAMIRO ROSÁRIO,Novo,52,VANESSA CALEFFI,***.512.040-**,CPF,100.0,1,0.000134,
45,RAMIRO ROSÁRIO,Novo,53,WARTON HERTZ DE OLIVEIRA,***.868.200-**,CPF,100.0,1,0.000134,
45,RAMIRO ROSÁRIO,Novo,54,CLEITON MARCELO ARTL RIBAS,***.747.480-**,CPF,50.0,1,6.7e-05,
45,RAMIRO ROSÁRIO,Novo,55,PAULO ANSELMO CORREA COELHO,***.680.590-**,CPF,50.0,1,6.7e-05,
45,RAMIRO ROSÁRIO,Novo,56,LEA MARI BAZZO,***.338.100-**,CPF,30.0,1,4e-05,
45,RAMIRO ROSÁRIO,Novo,57,SILVIO LUIS VIANNA KOBOLDT,***.257.820-**,CPF,30.0,1,4e-05,
45,RAMIRO ROSÁRIO,Novo,58,ALBERTO SALLES DE ABREU,***.859.830-**,CPF,20.0,1,2.7e-05,
45,RAMIRO ROSÁRIO,Novo,59,GERARD FELIPE HERAUD SZUPSZYNSKI,***.054.010-**,CPF,20.0,1,2.7e-05,
45,RAMIRO ROSÁRIO,Novo,60,LARISSA STRELIAEV,***.372.850-**,CPF,20.0,1,2.7e-05,
45,RAMIRO ROSÁRIO,Novo,61,ANA PAULA GABBI CAGLIARI,***.245.610-**,CPF,15.0,1,2e-05,
45,RAMIRO ROSÁRIO,Novo,62,ROBERTO MENDES ROSA,***.204.080-**,CPF,10.0,1,1.3e-05,
46,ROBERTO LUCCHESE,MDB,1,ROBERTO LUCCHESE,***.908.660-**,CPF,90000.0,3,0.371502,
46,ROBERTO LUCCHESE,MDB,2,ALCEU LUIZ SIGNORI,***.676.450-**,CPF,25000.0,2,0.103195,
46,ROBERTO LUCCHESE,MDB,3,ALBERTO KAPPEL,***.894.110-**,CPF,20000.0,1,0.082556,
46,ROBERTO LUCCHESE,MDB,4,LEONARDO ERMINIO MARCHI,***.340.920-**,CPF,20000.0,1,0.082556,
46,ROBERTO LUCCHESE,MDB,5,CARLOS IZAIAS STOLL,***.347.860-**,CPF,12800.0,1,0.052836,
46,ROBERTO LUCCHESE,MDB,6,ALANA FRANCISCHETT PITOL,***.869.420-**,CPF,11000.0,1,0.045406,
46,ROBERTO LUCCHESE,MDB,7,SILVIA LUISA MARCHI,***.764.700-**,CPF,6000.0,2,0.024767,
46,ROBERTO LUCCHESE,MDB,8,DIEGO BIANQUETTI,***.314.450-**,CPF,5000.0,1,0.020639,
46,ROBERTO LUCCHESE,MDB,9,MURILO DE FREITAS,***.469.300-**,CPF,5000.0,1,0.020639,
46,ROBERTO LUCCHESE,MDB,10,IRENE EMA EISENBERGER,***.656.400-**,CPF,4960.0,1,0.020474,
46,ROBERTO LUCCHESE,MDB,11,ALAN RODRIGO SIMSEN,***.316.170-**,CPF,4000.0,1,0.016511,
46,ROBERTO LUCCHESE,MDB,12,AVALICIO JOSE WILLE,***.282.900-**,CPF,3000.0,1,0.012383,
46,ROBERTO LUCCHESE,MDB,13,CAROLINA DE SOUZA MARCHI,***.356.610-**,CPF,3000.0,1,0.012383,
46,ROBERTO LUCCHESE,MDB,14,FELIPE ADOLFO MARCHI,***.340.870-**,CPF,3000.0,1,0.012383,
46,ROBERTO LUCCHESE,MDB,15,JOAO MARCOS SARTORI,***.773.240-**,CPF,3000.0,1,0.012383,
46,ROBERTO LUCCHESE,MDB,16,JUNIOR MICHEL STOLL,***.989.360-**,CPF,3000.0,1,0.012383,
46,ROBERTO LUCCHESE,MDB,17,JUSSARA ELENA MARCHI,***.056.330-**,CPF,3000.0,1,0.012383,
46,ROBERTO LUCCHESE,MDB,18,MARCELO BRAUN,***.799.910-**,CPF,3000.0,1,0.012383,
46,ROBERTO LUCCHESE,MDB,19,MARCOS RAIMUNDO MARCHI,***.484.590-**,CPF,3000.0,1,0.012383,
46,ROBERTO LUCCHESE,MDB,20,MATEUS GRIEBELER,***.940.760-**,CPF,3000.0,1,0.012383,
46,ROBERTO LUCCHESE,MDB,21,RAFAEL DA SILVA VICENTE,***.241.850-**,CPF,3000.0,1,0.012383,
46,ROBERTO LUCCHESE,MDB,22,ROBERVARIO DE OLIVEIRA,***.229.909-**,CPF,3000.0,1,0.012383,
46,ROBERTO LUCCHESE,MDB,23,SADI FERREIRA DOS SANTOS,***.664.530-**,CPF,3000.0,1,0.012383,
46,ROBERTO LUCCHESE,MDB,24,PAULO DE GASPERI,***.923.050-**,CPF,2000.0,1,0.008256,
46,ROBERTO LUCCHESE,MDB,25,NATALIA MEZZOMO DAL MAS,***.547.490-**,CPF,500.0,1,0.002064,
47,RONALDO SANTINI,Podemos,1,DIREÇÃO NACIONAL - PODE,01.248.362/0001-69,CNPJ,496740.0,1,0.722249,
47,RONALDO SANTINI,Podemos,2,DIREÇÃO ESTADUAL/DISTRITAL - PODE - RIO GRANDE DO SUL,11.036.509/0001-00,CNPJ,75028.33,107,0.10909,
47,RONALDO SANTINI,Podemos,3,SERGIO PEDRO ZAMBIASI,68.293.694/0001-36,CNPJ,45000.0,2,0.065429,
47,RONALDO SANTINI,Podemos,4,RONALDO SANTINI,***.810.380-**,CPF,18000.0,2,0.026172,
47,RONALDO SANTINI,Podemos,5,RODRIGO SCHNITZER,***.124.090-**,CPF,10000.0,2,0.01454,
47,RONALDO SANTINI,Podemos,6,WILLIAM COSER FRANCA,***.697.280-**,CPF,8000.0,1,0.011632,
47,RONALDO SANTINI,Podemos,7,ALCEU OTAVIO DE GOES,***.539.248-**,CPF,7500.0,1,0.010905,
47,RONALDO SANTINI,Podemos,8,NEWTON ROCHA JUNIOR,***.873.098-**,CPF,7500.0,2,0.010905,
47,RONALDO SANTINI,Podemos,9,ADRIANA GARCIA MELLO ALBUQUERQUE,***.336.690-**,CPF,5000.0,1,0.00727,
47,RONALDO SANTINI,Podemos,10,CRISTIANO KROEFF,***.033.960-**,CPF,5000.0,1,0.00727,
47,RONALDO SANTINI,Podemos,11,HENRY SELL,***.821.100-**,CPF,5000.0,1,0.00727,
47,RONALDO SANTINI,Podemos,12,JOSE GALLO,***.767.670-**,CPF,5000.0,1,0.00727,
48,RONIZE DAMASSINI,PP,1,DIREÇÃO NACIONAL - PP,00.887.169/0001-05,CNPJ,912342.83,2,1.0,
49,SALMO,PP,1,DIREÇÃO NACIONAL - PP,00.887.169/0001-05,CNPJ,200000.0,1,0.673968,
49,SALMO,PP,2,SALMO DIAS DE OLIVEIRA,***.787.710-**,CPF,70000.0,2,0.235889,
49,SALMO,PP,3,CLAUDIO CARDOSO DA CUNHA,***.346.570-**,CPF,10000.0,3,0.033698,
49,SALMO,PP,4,EMILENE RIBEIRO DA SILVA,***.577.300-**,CPF,5000.0,1,0.016849,
49,SALMO,PP,5,PEDRO ANTONIO BARBIERO,***.649.600-**,CPF,5000.0,1,0.016849,
49,SALMO,PP,6,VICENTE ROBERTO BARBIERO,***.855.310-**,CPF,5000.0,1,0.016849,
49,SALMO,PP,7,SAUL MARIO MATTEI,***.687.410-**,CPF,1000.0,1,0.00337,
49,SALMO,PP,8,MARCOS MOREIRA MATTOS,***.711.910-**,CPF,750.0,1,0.002527,
50,SCALCO,PL,1,DIREÇÃO NACIONAL - PL,08.517.423/0001-95,CNPJ,1270000.0,1,0.998035,
50,SCALCO,PL,2,MAURICIO FERNANDO SCALCO,***.788.040-**,CPF,2500.0,1,0.001965,
51,SERGIO PERES,Republicanos,1,DIREÇÃO NACIONAL - REPUBLICANOS,07.665.132/0001-81,CNPJ,250000.0,1,0.429877,
51,SERGIO PERES,Republicanos,2,ANTONIO CARLOS GOMES DA SILVA,68.379.658/0001-90,CNPJ,140690.0,17,0.241918,
51,SERGIO PERES,Republicanos,3,DIREÇÃO ESTADUAL/DISTRITAL - REPUBLICANOS - RIO GRANDE DO SUL,07.919.379/0001-87,CNPJ,127239.0,66,0.218789,
51,SERGIO PERES,Republicanos,4,GILSON LARI TRENNEPOHL,***.387.010-**,CPF,50000.0,1,0.085975,
51,SERGIO PERES,Republicanos,5,BRUNA DA COSTA GALANT,***.897.710-**,CPF,3145.0,1,0.005408,
51,SERGIO PERES,Republicanos,6,SILVANA PRUX BORGES DA CRUZ,***.176.730-**,CPF,2970.0,2,0.005107,
51,SERGIO PERES,Republicanos,7,GABRIEL GULARTE DA SILVA,***.607.180-**,CPF,2000.0,1,0.003439,
51,SERGIO PERES,Republicanos,8,JOSE INACIO DIEDRICH,***.244.300-**,CPF,1710.0,1,0.00294,
51,SERGIO PERES,Republicanos,9,FRANCIANE ABADE BAYER MULLER,68.379.644/0001-76,CNPJ,1687.5,1,0.002902,
51,SERGIO PERES,Republicanos,10,ROSANE BERNARDETE DEICKE SILVA,***.915.410-**,CPF,1620.0,1,0.002786,
51,SERGIO PERES,Republicanos,11,MARCIO DE JESUS ZACHELLO,***.529.048-**,CPF,500.0,1,0.00086,
52,SOFIA CAVEDON,PT,1,DIREÇÃO NACIONAL - PT,00.676.262/0001-70,CNPJ,625500.0,3,0.741061,
52,SOFIA CAVEDON,PT,2,ELVINO JOSE BOHN GASS,68.306.572/0001-37,CNPJ,78000.0,4,0.09241,
52,SOFIA CAVEDON,PT,3,SOFIA CAVEDON NUNES,***.235.720-**,CPF,70600.0,5,0.083643,
52,SOFIA CAVEDON,PT,4,ARNO HUGO AUGUSTIN FILHO,***.327.680-**,CPF,11000.0,2,0.013032,
52,SOFIA CAVEDON,PT,5,ANA CLAUDIA FIGUEROA,***.093.511-**,CPF,5500.0,2,0.006516,
52,SOFIA CAVEDON,PT,6,JOSE CARLOS DA SILVA PORTO,***.697.810-**,CPF,4500.0,1,0.005331,
52,SOFIA CAVEDON,PT,7,EGIDIO FERREIRA FAGUNDES,***.068.140-**,CPF,4200.0,1,0.004976,
52,SOFIA CAVEDON,PT,8,EDMILSON NEVES DA SILVA,***.911.280-**,CPF,4000.0,1,0.004739,
52,SOFIA CAVEDON,PT,9,ERICK KAYSER VARGAS DA SILVA,***.798.300-**,CPF,3000.0,1,0.003554,
52,SOFIA CAVEDON,PT,10,JOSE CLOVIS DE AZEVEDO,***.249.190-**,CPF,2000.0,1,0.002369,
52,SOFIA CAVEDON,PT,11,MARIA DE LOURDES JORGE VIANA SILVEIRA,***.652.670-**,CPF,1900.0,1,0.002251,
52,SOFIA CAVEDON,PT,12,JORGE TADEU CONCEICAO DE SOUZA,***.530.420-**,CPF,1300.0,3,0.00154,
52,SOFIA CAVEDON,PT,13,CARLOS HENRIQUE KAIPPER,***.725.590-**,CPF,1000.0,1,0.001185,
52,SOFIA CAVEDON,PT,14,CARLOS REISSER JUNIOR,***.620.800-**,CPF,1000.0,1,0.001185,
52,SOFIA CAVEDON,PT,15,GERSON LUIS BEN,***.896.400-**,CPF,1000.0,1,0.001185,
52,SOFIA CAVEDON,PT,16,IRIA SALTON ROTUNNO,***.579.840-**,CPF,1000.0,1,0.001185,
52,SOFIA CAVEDON,PT,17,JOSE MARIO D AVILA NEVES,***.672.400-**,CPF,1000.0,1,0.001185,
52,SOFIA CAVEDON,PT,18,LEONARDO KAUER ZINN,***.606.060-**,CPF,1000.0,1,0.001185,
52,SOFIA CAVEDON,PT,19,LUCIA HELENA VILLAR PINHEIRO,***.824.980-**,CPF,1000.0,1,0.001185,
52,SOFIA CAVEDON,PT,20,LUIZ AFONSO DE MELO PERES,***.780.110-**,CPF,1000.0,1,0.001185,
52,SOFIA CAVEDON,PT,21,ODIR ALBERTO PINHEIRO TONOLLIER,***.977.780-**,CPF,1000.0,1,0.001185,
52,SOFIA CAVEDON,PT,22,RAUL JORGE ANGLADA PONT,***.350.840-**,CPF,1000.0,1,0.001185,
52,SOFIA CAVEDON,PT,23,REJANE GUTIERRES PEREIRA,***.019.970-**,CPF,1000.0,1,0.001185,
52,SOFIA CAVEDON,PT,24,VINICIUS TEIXEIRA GALEAZZI,***.867.060-**,CPF,1000.0,1,0.001185,
52,SOFIA CAVEDON,PT,25,ROZANE MARIA DALSASSO,***.529.330-**,CPF,700.0,1,0.000829,
52,SOFIA CAVEDON,PT,26,CLARISSA FROEMMING PONT,***.252.430-**,CPF,600.0,1,0.000711,
52,SOFIA CAVEDON,PT,27,KLEITON DA SILVA MULLER,***.302.600-**,CPF,600.0,1,0.000711,
52,SOFIA CAVEDON,PT,28,AMANDA ANGELICA GONZALES CARDOSO,***.206.450-**,CPF,500.0,1,0.000592,
52,SOFIA CAVEDON,PT,29,ANA MARIA LUCENA ADAMS,***.321.350-**,CPF,500.0,1,0.000592,
52,SOFIA CAVEDON,PT,30,ARLENE DA SILVA BARCELLOS,***.829.200-**,CPF,500.0,1,0.000592,
52,SOFIA CAVEDON,PT,31,CLAUDIA LUCKOW MEYER,***.131.730-**,CPF,500.0,1,0.000592,
52,SOFIA CAVEDON,PT,32,ELIANA REGINA MENEGAT,***.352.810-**,CPF,500.0,1,0.000592,
52,SOFIA CAVEDON,PT,33,JOSANE GAUER,***.332.630-**,CPF,500.0,1,0.000592,
52,SOFIA CAVEDON,PT,34,MARA REJANE WEBER,***.105.850-**,CPF,500.0,1,0.000592,
52,SOFIA CAVEDON,PT,35,MARCIA CARCUCHINSKI DA SILVA,***.232.640-**,CPF,500.0,1,0.000592,
52,SOFIA CAVEDON,PT,36,MARIA ETELVINA BERGAMASCHI GUIMARAENS,***.587.580-**,CPF,500.0,1,0.000592,
52,SOFIA CAVEDON,PT,37,MARIO ROBERTO GENEROSI BRAUNER,***.431.260-**,CPF,500.0,1,0.000592,
52,SOFIA CAVEDON,PT,38,NEIA CORREA UZON,***.578.370-**,CPF,500.0,1,0.000592,
52,SOFIA CAVEDON,PT,39,OLAIR SEVERO DE OLIVEIRA,***.142.750-**,CPF,500.0,1,0.000592,
52,SOFIA CAVEDON,PT,40,RECEITAS DEVOLVIDAS,,,500.0,1,0.000592,
52,SOFIA CAVEDON,PT,41,RONIMAR SCAPINI DEL PINO,***.626.920-**,CPF,500.0,1,0.000592,
52,SOFIA CAVEDON,PT,42,RUALDO MENEGAT,***.201.570-**,CPF,500.0,1,0.000592,
52,SOFIA CAVEDON,PT,43,SIMONE SILVA DORNELES,***.726.140-**,CPF,500.0,1,0.000592,
52,SOFIA CAVEDON,PT,44,TANIRA GRAEFF,***.481.860-**,CPF,500.0,1,0.000592,
52,SOFIA CAVEDON,PT,45,TISIANE MORDINI DE SIQUEIRA,***.127.420-**,CPF,500.0,1,0.000592,
52,SOFIA CAVEDON,PT,46,VANESSA CHIARI GONCALVES,***.882.040-**,CPF,500.0,1,0.000592,
52,SOFIA CAVEDON,PT,47,ARNALDO LUIZ DUTRA,***.285.850-**,CPF,400.0,1,0.000474,
52,SOFIA CAVEDON,PT,48,MARIANA FAGUNDES MARTINEZ,***.677.560-**,CPF,400.0,1,0.000474,
52,SOFIA CAVEDON,PT,49,ROSSANA SILVEIRA,***.217.518-**,CPF,400.0,1,0.000474,
52,SOFIA CAVEDON,PT,50,VITOR PAULO ORTIZ BITTENCOURT,***.593.150-**,CPF,400.0,1,0.000474,
52,SOFIA CAVEDON,PT,51,SANDRA FUMAGALLI FONTOURA,***.410.870-**,CPF,300.0,1,0.000355,
52,SOFIA CAVEDON,PT,52,JOANA DE OLIVEIRA WINCKLER,***.436.090-**,CPF,250.0,1,0.000296,
52,SOFIA CAVEDON,PT,53,ANGELICA CELESTE MIRINHA,***.992.150-**,CPF,200.0,1,0.000237,
52,SOFIA CAVEDON,PT,54,ANIGER LORENA RIBEIRO DE OLIVEIRA,***.006.680-**,CPF,200.0,1,0.000237,
52,SOFIA CAVEDON,PT,55,ASSIS BRASIL OLEGARIO FILHO,***.431.860-**,CPF,200.0,1,0.000237,
52,SOFIA CAVEDON,PT,56,BOAVENTURA PACHECO FEIJO,***.015.570-**,CPF,200.0,1,0.000237,
52,SOFIA CAVEDON,PT,57,CLEBER STEIN DA SILVA,***.432.930-**,CPF,200.0,1,0.000237,
52,SOFIA CAVEDON,PT,58,CRISTINA VIANA DOS SANTOS,***.622.180-**,CPF,200.0,1,0.000237,
52,SOFIA CAVEDON,PT,59,DENISE VIANA PEREIRA,***.922.740-**,CPF,200.0,1,0.000237,
52,SOFIA CAVEDON,PT,60,EDNALDO DA SILVA PEREIRA FILHO,***.426.075-**,CPF,200.0,1,0.000237,
52,SOFIA CAVEDON,PT,61,ETEL GOLBERT,***.873.820-**,CPF,200.0,1,0.000237,
52,SOFIA CAVEDON,PT,62,FERNANDO RAMOS TRINDADE,***.047.480-**,CPF,200.0,1,0.000237,
52,SOFIA CAVEDON,PT,63,FLAVIANE TUSI COSTA,***.516.530-**,CPF,200.0,1,0.000237,
52,SOFIA CAVEDON,PT,64,GILMAR TONDIN,***.421.500-**,CPF,200.0,1,0.000237,
52,SOFIA CAVEDON,PT,65,GILVAN ZINN SEVERO,***.300.570-**,CPF,200.0,1,0.000237,
52,SOFIA CAVEDON,PT,66,ILZA MARIA PRAXEDES DO CANTO,***.261.710-**,CPF,200.0,1,0.000237,
52,SOFIA CAVEDON,PT,67,ISABEL LETICIA PEDROSO DE MEDEIROS,***.806.700-**,CPF,200.0,1,0.000237,
52,SOFIA CAVEDON,PT,68,JACQUES TAVORA ALFONSIN,***.321.990-**,CPF,200.0,1,0.000237,
52,SOFIA CAVEDON,PT,69,LIANE MARIA BERNARDI,***.096.060-**,CPF,200.0,1,0.000237,
52,SOFIA CAVEDON,PT,70,MARCIA GIL ROSA,***.125.390-**,CPF,200.0,1,0.000237,
52,SOFIA CAVEDON,PT,71,MARCIA ROSI APOLO FERREIRA,***.839.320-**,CPF,200.0,1,0.000237,
52,SOFIA CAVEDON,PT,72,MARCO PAULO STIGGER,***.592.100-**,CPF,200.0,1,0.000237,
52,SOFIA CAVEDON,PT,73,MARIA DO CARMO BANDEIRA JANSON,***.246.950-**,CPF,200.0,1,0.000237,
52,SOFIA CAVEDON,PT,74,MARIA LUIZA CASTILHOS FLORES CRUZ,***.405.800-**,CPF,200.0,1,0.000237,
52,SOFIA CAVEDON,PT,75,MARIA TERESA VIEIRA SANSEVERINO,***.908.710-**,CPF,200.0,1,0.000237,
52,SOFIA CAVEDON,PT,76,MARTHA CHRISTHINA GOMES DA ROSA,***.496.040-**,CPF,200.0,1,0.000237,
52,SOFIA CAVEDON,PT,77,PAULO PERETTI TORELLY,***.041.500-**,CPF,200.0,1,0.000237,
52,SOFIA CAVEDON,PT,78,PROTASIO BOCCHESE GUAZZELLI,***.604.130-**,CPF,200.0,1,0.000237,
52,SOFIA CAVEDON,PT,79,REGINA MARIA DUARTE SCHERER,***.119.320-**,CPF,200.0,1,0.000237,
52,SOFIA CAVEDON,PT,80,RICARDO DEMETRIO DE SOUZA PETERSEN,***.301.390-**,CPF,200.0,1,0.000237,
52,SOFIA CAVEDON,PT,81,RONALD SANTIAGO DE CASTRO,***.988.000-**,CPF,200.0,1,0.000237,
52,SOFIA CAVEDON,PT,82,SERGIO ALEXANDRE RAMOS GONZALEZ,***.172.920-**,CPF,200.0,1,0.000237,
52,SOFIA CAVEDON,PT,83,STELLA MARIS VALENZUELA DE OLIVEIRA,***.246.176-**,CPF,200.0,1,0.000237,
52,SOFIA CAVEDON,PT,84,VIVIANE ZINN SEVERO,***.782.900-**,CPF,200.0,1,0.000237,
52,SOFIA CAVEDON,PT,85,VALTER LENINE FERNANDES,***.357.317-**,CPF,160.0,1,0.00019,
52,SOFIA CAVEDON,PT,86,ADRIANO MARTINS COUTINHO,***.811.000-**,CPF,150.0,1,0.000178,
52,SOFIA CAVEDON,PT,87,CESAR AUGUSTO PEROTTO,***.366.140-**,CPF,100.0,1,0.000118,
52,SOFIA CAVEDON,PT,88,GUILENE SALERNO,***.037.280-**,CPF,100.0,1,0.000118,
52,SOFIA CAVEDON,PT,89,ROSA ANGELA CHIEZA,***.855.630-**,CPF,100.0,1,0.000118,
53,TIAGO CADÓ,PDT,1,DIREÇÃO NACIONAL - PDT,00.719.575/0001-69,CNPJ,250000.0,2,0.598802,
53,TIAGO CADÓ,PDT,2,BASILICIO SARAVIA NETO,***.611.566-**,CPF,50000.0,1,0.11976,
53,TIAGO CADÓ,PDT,3,AFONSO ANTUNES DA MOTTA,68.373.310/0001-95,CNPJ,40000.0,2,0.095808,
53,TIAGO CADÓ,PDT,4,ALCEU PEDRO NICOLA,***.725.260-**,CPF,10000.0,1,0.023952,
53,TIAGO CADÓ,PDT,5,CANDIDO NORBERTO BRONZONI DE MATTOS,***.041.900-**,CPF,10000.0,1,0.023952,
53,TIAGO CADÓ,PDT,6,JACQUELINE IGLESSIAS CASSAFUZ,***.594.890-**,CPF,7000.0,2,0.016766,
53,TIAGO CADÓ,PDT,7,JEOVANE WEBER CONTREIRA,***.563.200-**,CPF,7000.0,2,0.016766,
53,TIAGO CADÓ,PDT,8,GILEADE SILVA VIANA,***.867.390-**,CPF,5000.0,1,0.011976,
53,TIAGO CADÓ,PDT,9,MATTEUS NEWTON BRONZONI NUNES,***.272.090-**,CPF,5000.0,1,0.011976,
53,TIAGO CADÓ,PDT,10,TANIA B. DE BARROS,***.982.600-**,CPF,5000.0,1,0.011976,
53,TIAGO CADÓ,PDT,11,EUGENIO ADRIANO PENTEADO,***.593.300-**,CPF,3500.0,1,0.008383,
53,TIAGO CADÓ,PDT,12,JULIO CESAR ALMEIDA VIEIRA,***.038.070-**,CPF,3500.0,1,0.008383,
53,TIAGO CADÓ,PDT,13,MARIO CARLOS ROCHA ALMEIDA,***.018.620-**,CPF,3500.0,2,0.008383,
53,TIAGO CADÓ,PDT,14,JOÃO DOS PASSOS SANTOS,***.733.250-**,CPF,2000.0,1,0.00479,
53,TIAGO CADÓ,PDT,15,JULIO RENATO ATHAYDE SASSO,***.834.200-**,CPF,2000.0,1,0.00479,
53,TIAGO CADÓ,PDT,16,TIAGO CADO FERNANDES,***.790.290-**,CPF,2000.0,1,0.00479,
53,TIAGO CADÓ,PDT,17,ADRIANA FLORIANO,***.097.920-**,CPF,1500.0,1,0.003593,
53,TIAGO CADÓ,PDT,18,JULIO CESAR VALDUGA JUNIOR,***.249.920-**,CPF,1500.0,1,0.003593,
53,TIAGO CADÓ,PDT,19,TATIANA FRANÇOIS MOTTA,***.532.550-**,CPF,1500.0,1,0.003593,
53,TIAGO CADÓ,PDT,20,WALTER PAULO PRIEB,***.123.550-**,CPF,1500.0,1,0.003593,
53,TIAGO CADÓ,PDT,21,GUILHERME CADO FERNANDES,***.805.740-**,CPF,1000.0,1,0.002395,
53,TIAGO CADÓ,PDT,22,IRENE TEREZINHA CADO FERNANDES,***.378.440-**,CPF,1000.0,1,0.002395,
53,TIAGO CADÓ,PDT,23,LAURA ZAMPERETTI PRIEB,***.904.710-**,CPF,1000.0,1,0.002395,
53,TIAGO CADÓ,PDT,24,MARIA MAGALI BASTIANI,***.863.390-**,CPF,1000.0,1,0.002395,
53,TIAGO CADÓ,PDT,25,TOMAS IGLESSIAS CASSAFUZ,***.821.940-**,CPF,1000.0,1,0.002395,
53,TIAGO CADÓ,PDT,26,GIOVANI MARTINS CASSAFUZ,***.758.500-**,CPF,500.0,1,0.001198,
53,TIAGO CADÓ,PDT,27,YAGO TORRES SILVEIRA,***.077.090-**,CPF,500.0,1,0.001198,
54,VANICE DE MATOS,PL,1,DIREÇÃO NACIONAL - PL,08.517.423/0001-95,CNPJ,450000.0,1,0.756939,
54,VANICE DE MATOS,PL,2,OSMAR GASPARINI TERRA,68.312.571/0001-03,CNPJ,60000.0,3,0.100925,
54,VANICE DE MATOS,PL,3,MARCELO NIEMIEC TEIXEIRA,***.399.570-**,CPF,35000.0,1,0.058873,
54,VANICE DE MATOS,PL,4,EMILIO FIGER,***.755.887-**,CPF,18000.0,1,0.030278,
54,VANICE DE MATOS,PL,5,GILBERTO JOSE MULLER,***.511.060-**,CPF,10000.0,1,0.016821,
54,VANICE DE MATOS,PL,6,LUIZ ANTONIO WARPECHOWSKI,***.494.450-**,CPF,10000.0,1,0.016821,
54,VANICE DE MATOS,PL,7,REGIS WARPECHOWSKI,***.097.720-**,CPF,10000.0,1,0.016821,
54,VANICE DE MATOS,PL,8,JOSE ANDRADE DE MATOS,***.521.230-**,CPF,1000.0,1,0.001682,
54,VANICE DE MATOS,PL,9,VANICE HELENA ANDRADE DE MATOS,***.653.750-**,CPF,500.0,1,0.000841,
55,ZÉ NUNES,PT,1,DIREÇÃO NACIONAL - PT,00.676.262/0001-70,CNPJ,265500.0,2,0.523665,
55,ZÉ NUNES,PT,2,ELVINO JOSE BOHN GASS,68.306.572/0001-37,CNPJ,60000.0,3,0.118342,
55,ZÉ NUNES,PT,3,PAULO CESAR ELGART FUMAGALLI,***.016.660-**,CPF,40000.0,5,0.078895,
55,ZÉ NUNES,PT,4,ALEXANDRE DUARTE LINDENMEYER,68.306.680/0001-00,CNPJ,34050.0,4,0.067159,
55,ZÉ NUNES,PT,5,JOSE SIDNEY NUNES DE ALMEIDA,***.593.900-**,CPF,33000.0,3,0.065088,
55,ZÉ NUNES,PT,6,GILSON URRUTIA CALDAS,***.833.070-**,CPF,10000.0,2,0.019724,
55,ZÉ NUNES,PT,7,MARIA JANICE DE ALMEIDA,***.914.000-**,CPF,10000.0,1,0.019724,
55,ZÉ NUNES,PT,8,MARIVONE GOULART RAMOS,***.813.920-**,CPF,10000.0,3,0.019724,
55,ZÉ NUNES,PT,9,ZELMUTE OLIVEIRA PERES MARTEN,***.409.400-**,CPF,10000.0,1,0.019724,
55,ZÉ NUNES,PT,10,JOEL SANTOS SUBDA,***.763.250-**,CPF,5000.0,2,0.009862,
55,ZÉ NUNES,PT,11,ELLEMAR WOJAHN,***.275.820-**,CPF,3000.0,1,0.005917,
55,ZÉ NUNES,PT,12,IGOR HELENO SCHWARTZ BEILFUSS,***.881.520-**,CPF,3000.0,1,0.005917,
55,ZÉ NUNES,PT,13,ILDO ROBERTO LEMOS SALLABERRY,***.745.650-**,CPF,3000.0,1,0.005917,
55,ZÉ NUNES,PT,14,VERACI VALADAO TEIXEIRA,***.323.770-**,CPF,3000.0,1,0.005917,
55,ZÉ NUNES,PT,15,THIAGO VIEIRA DA CUNHA PEREIRA,***.409.350-**,CPF,2600.0,2,0.005128,
55,ZÉ NUNES,PT,16,GILMAR CARVALHO DA SILVA,***.744.710-**,CPF,2000.0,1,0.003945,
55,ZÉ NUNES,PT,17,DIONILSO MATEUS MARCON,68.306.672/0001-63,CNPJ,1500.0,1,0.002959,
55,ZÉ NUNES,PT,18,MAURICIO TIBIRICA CURCIO FEIJO,***.900.710-**,CPF,1250.0,1,0.002465,
55,ZÉ NUNES,PT,19,WILSON MACHADO JARDIM NETO,***.667.470-**,CPF,1250.0,1,0.002465,
55,ZÉ NUNES,PT,20,MANUELA PINTO VIEIRA D AVILA,68.283.228/0001-70,CNPJ,1053.0,1,0.002077,
55,ZÉ NUNES,PT,21,ANA PAULA DUPUY PATELLA PASE,***.704.610-**,CPF,1000.0,1,0.001972,
55,ZÉ NUNES,PT,22,FABIANO OSWALD,***.507.760-**,CPF,1000.0,1,0.001972,
55,ZÉ NUNES,PT,23,HENRIQUE FONTANA JUNIOR,***.105.180-**,CPF,1000.0,1,0.001972,
55,ZÉ NUNES,PT,24,CLAUDIO ROGERIO FREITAS DA SILVA,***.669.720-**,CPF,500.0,1,0.000986,
55,ZÉ NUNES,PT,25,FABIO BRIAO GOEBEL,***.760.740-**,CPF,500.0,1,0.000986,
55,ZÉ NUNES,PT,26,HELENA BARRETO DOS SANTOS,***.675.070-**,CPF,500.0,1,0.000986,
55,ZÉ NUNES,PT,27,MILTON LUIZ BERNARDES FERREIRA,***.420.600-**,CPF,500.0,1,0.000986,
55,ZÉ NUNES,PT,28,RONI CARLOS BONOW,***.579.080-**,CPF,500.0,1,0.000986,
55,ZÉ NUNES,PT,29,RAUL TEIXEIRA DE MELLO FILHO,***.786.850-**,CPF,300.13,1,0.000592,
55,ZÉ NUNES,PT,30,CLENIO NAILTO PILLON,***.639.420-**,CPF,250.0,1,0.000493,
55,ZÉ NUNES,PT,31,PAULO DE TARSO SANT ANNA TAVARES,***.415.100-**,CPF,250.0,1,0.000493,
55,ZÉ NUNES,PT,32,CARLOS ALBERTO BARBOSA MEDEIROS,***.268.110-**,CPF,200.0,1,0.000394,
55,ZÉ NUNES,PT,33,GILMAR CHAVES ALVES,***.362.580-**,CPF,200.0,1,0.000394,
55,ZÉ NUNES,PT,34,MAICO BITTENCOURT LOPES,***.038.600-**,CPF,200.0,1,0.000394,
55,ZÉ NUNES,PT,35,WALDYR STUMPF JUNIOR,***.688.930-**,CPF,200.0,1,0.000394,
55,ZÉ NUNES,PT,36,ANA CAROLINA OLIVEIRA RUIVO,***.349.000-**,CPF,150.0,1,0.000296,
55,ZÉ NUNES,PT,37,JOSE DIAS VIANNA FILHO,***.783.800-**,CPF,150.0,1,0.000296,
55,ZÉ NUNES,PT,38,EDEGAR GONCALVES FONSECA,***.854.820-**,CPF,100.0,1,0.000197,
55,ZÉ NUNES,PT,39,JAIR COSTA NACHTIGAL,***.933.490-**,CPF,100.0,1,0.000197,
55,ZÉ NUNES,PT,40,LEONARDO FERREIRA DUTRA,***.717.000-**,CPF,100.0,1,0.000197,
55,ZÉ NUNES,PT,41,SERGIO LUIS GONCALVES AQUINO,***.058.950-**,CPF,100.0,1,0.000197,
