ID deputado,Deputado(a),Partido,Posição na lista,Fornecedor,CPF/CNPJ,Tipo de documento,Valor (R$),Lançamentos,% das despesas do deputado,Observação
1,AFONSO HAMM,PP,1,FABIO P. DA SILVEIRA,22.820.956/0001-72,CNPJ,159760.0,23,0.108884,
1,AFONSO HAMM,PP,2,DREAMER LTDA,33.961.124/0001-92,CNPJ,120000.0,1,0.081786,
1,AFONSO HAMM,PP,3,GRAFICA IGIGRAF LTDA,07.636.560/0001-86,CNPJ,114630.0,20,0.078126,
1,AFONSO HAMM,PP,4,ASSOCIACAO LITERARIA SAO BOAVENTURA,88.625.181/0007-88,CNPJ,97468.0,9,0.066429,
1,AFONSO HAMM,PP,5,LIZIANE QUEVEDO,07.086.926/0001-90,CNPJ,57431.68,9,0.039143,
1,AFONSO HAMM,PP,6,F WORK TEXTIL LTDA,68.462.703/0001-75,CNPJ,48960.0,3,0.033369,
1,AFONSO HAMM,PP,7,BARROSO & MACHADO LTDA,07.239.059/0001-86,CNPJ,46210.23,2,0.031495,
1,AFONSO HAMM,PP,8,JERSON LUIZ ALTHAUS LTDA,93.784.221/0001-89,CNPJ,43718.0,36,0.029796,
1,AFONSO HAMM,PP,9,RENATA AGUZZOLLI PROENCA SOCIEDADE INDIVIDUAL DE ADVOCACIA,65.928.501/0001-88,CNPJ,25000.0,1,0.017039,
1,AFONSO HAMM,PP,10,MARIA INES MEDICI CARVALHO,***.684.370-**,CPF,24000.0,1,0.016357,
1,AFONSO HAMM,PP,11,DLOCAL BRASIL INSTITUICAO DE PAGAMENTO S.A.,25.021.356/0001-32,CNPJ,20000.0,2,0.013631,
1,AFONSO HAMM,PP,12,20.240.945 JORGE HILTO BANDERA DOS SANTOS,20.240.945/0001-98,CNPJ,16000.0,1,0.010905,
1,AFONSO HAMM,PP,13,VINICIUS DA SILVA CAMPELLO,29.982.046/0001-35,CNPJ,15810.0,11,0.010775,
1,AFONSO HAMM,PP,14,ADRIANA GONCALVES DE GONCALVES,***.087.870-**,CPF,15000.0,1,0.010223,
1,AFONSO HAMM,PP,15,RODRIGO FELIPE MARTINS BALDO,***.682.900-**,CPF,15000.0,1,0.010223,
1,AFONSO HAMM,PP,16,27.109.020 RENATO SILVEIRA BELEM,27.109.020/0001-51,CNPJ,10400.0,1,0.007088,
1,AFONSO HAMM,PP,17,ALVARO LUIZ TEZZELE BOZZETTO,***.704.690-**,CPF,10000.0,1,0.006816,
1,AFONSO HAMM,PP,18,ANDRE FELIPE DIAS IENSHAKI,***.796.820-**,CPF,10000.0,1,0.006816,
1,AFONSO HAMM,PP,19,EVERTON JULIANO SCHAFFER,***.668.120-**,CPF,10000.0,1,0.006816,
1,AFONSO HAMM,PP,20,JUSSARA DO AMARAL CRUZ,***.786.120-**,CPF,10000.0,1,0.006816,
1,AFONSO HAMM,PP,21,MARCOS ANTONIO ORO,***.872.370-**,CPF,10000.0,1,0.006816,
1,AFONSO HAMM,PP,22,MARLI TEREZINHA BUSNELLO,***.735.620-**,CPF,10000.0,1,0.006816,
1,AFONSO HAMM,PP,23,TAINARA DA SILVA MENEGHETTI,***.353.120-**,CPF,10000.0,1,0.006816,
1,AFONSO HAMM,PP,24,VAGNER LUIZ TALGATTI,***.382.470-**,CPF,10000.0,1,0.006816,
1,AFONSO HAMM,PP,25,NEIMAR DORNELES VERCOSA,***.702.550-**,CPF,9360.0,1,0.006379,
1,AFONSO HAMM,PP,26,DANRLEI PILATTI,***.372.950-**,CPF,8000.0,1,0.005452,
1,AFONSO HAMM,PP,27,DECIO CARDINAL LOUREIRO,***.108.110-**,CPF,8000.0,1,0.005452,
1,AFONSO HAMM,PP,28,FELIPE TROIAN BORSATTO,***.166.800-**,CPF,8000.0,1,0.005452,
1,AFONSO HAMM,PP,29,IGOR LISBOA ANTUNES,***.761.870-**,CPF,8000.0,1,0.005452,
1,AFONSO HAMM,PP,30,VITOR JOSE FLESCH,***.250.600-**,CPF,8000.0,1,0.005452,
1,AFONSO HAMM,PP,31,WILSON LUIS CARDOSO LEAL JUNIOR,***.515.610-**,CPF,8000.0,1,0.005452,
1,AFONSO HAMM,PP,32,CARLOS EDUARDO VICENTE TEIXEIRA,***.555.330-**,CPF,7000.0,1,0.004771,
1,AFONSO HAMM,PP,33,ADRIANO BERNAR,***.122.390-**,CPF,6000.0,1,0.004089,
1,AFONSO HAMM,PP,34,DIEGO NICOLAU DELGADO SAUSEN,***.087.250-**,CPF,6000.0,1,0.004089,
1,AFONSO HAMM,PP,35,ISABEL RIBEIRO LOPES,***.471.441-**,CPF,6000.0,1,0.004089,
1,AFONSO HAMM,PP,36,LAIR GUILHERME TRIERWEILER,***.609.640-**,CPF,6000.0,1,0.004089,
1,AFONSO HAMM,PP,37,ZCAR ALUGUEL DE CARROS LTDA,53.457.923/0001-33,CNPJ,5583.0,2,0.003805,
1,AFONSO HAMM,PP,38,D. C. VEICULOS LTDA,13.507.524/0001-15,CNPJ,5525.0,1,0.003766,
1,AFONSO HAMM,PP,39,SIMONE MARIA MALVESTI,***.309.390-**,CPF,5500.0,1,0.003749,
1,AFONSO HAMM,PP,40,ADAO FRANCISCO BOCK,***.546.870-**,CPF,5000.0,1,0.003408,
1,AFONSO HAMM,PP,41,ADILSON DA ROSA ANDRADE,***.817.820-**,CPF,5000.0,1,0.003408,
1,AFONSO HAMM,PP,42,ALANA HELLEN DA FONSECA,***.053.470-**,CPF,5000.0,1,0.003408,
1,AFONSO HAMM,PP,43,ALICE ITTNER FENNER,***.509.340-**,CPF,5000.0,1,0.003408,
1,AFONSO HAMM,PP,44,IVANETE PEDROSO,***.999.019-**,CPF,5000.0,1,0.003408,
1,AFONSO HAMM,PP,45,JOSE ELTON LORSCHEITER,***.077.430-**,CPF,5000.0,1,0.003408,
1,AFONSO HAMM,PP,46,JOSE MAZIERO,***.167.700-**,CPF,5000.0,1,0.003408,
1,AFONSO HAMM,PP,47,JUCIANI GOLUNSKI GORCZEVSKI,***.393.610-**,CPF,5000.0,1,0.003408,
1,AFONSO HAMM,PP,48,JULIANO BENJAMIM CEZAROTTO,***.662.970-**,CPF,5000.0,1,0.003408,
1,AFONSO HAMM,PP,49,JUNIOR OSVALDO DE OLIVEIRA,***.570.510-**,CPF,5000.0,1,0.003408,
1,AFONSO HAMM,PP,50,ROSANGELA NICOLETTI FERNANDES,***.119.670-**,CPF,5000.0,1,0.003408,
1,AFONSO HAMM,PP,51,VALDOMIRO FRACCANABBIA,***.471.700-**,CPF,5000.0,1,0.003408,
1,AFONSO HAMM,PP,52,VALDIR BORGES MUNHOZ,***.290.050-**,CPF,4600.0,1,0.003135,
1,AFONSO HAMM,PP,53,CRISTIANE DE SOUZA PEREIRA,***.208.860-**,CPF,4500.0,1,0.003067,
1,AFONSO HAMM,PP,54,PEDRO GONCALVES INDALENCIO,***.336.440-**,CPF,4500.0,1,0.003067,
1,AFONSO HAMM,PP,55,OSLAI LIMA SARMIENTO,***.770.500-**,CPF,4052.5,1,0.002762,
1,AFONSO HAMM,PP,56,ALESSANDRO JOVANOVICHS TONIAZZO,***.457.600-**,CPF,4000.0,1,0.002726,
1,AFONSO HAMM,PP,57,ALEXANDRE ANDRE CARDOSO DA SILVA,***.239.960-**,CPF,4000.0,1,0.002726,
1,AFONSO HAMM,PP,58,DARLIANE DE MORAES RODRIGUES,***.608.340-**,CPF,4000.0,1,0.002726,
1,AFONSO HAMM,PP,59,DIEGO MICHELON,***.012.330-**,CPF,4000.0,1,0.002726,
1,AFONSO HAMM,PP,60,DIONE MARIA LAVRATTI,***.602.620-**,CPF,4000.0,1,0.002726,
1,AFONSO HAMM,PP,61,EDELAR MIGUEL BRAGA,***.255.340-**,CPF,4000.0,1,0.002726,
1,AFONSO HAMM,PP,62,JORGE HENN,***.325.800-**,CPF,4000.0,1,0.002726,
1,AFONSO HAMM,PP,63,MARIA ELIZETE GOULART FABIS,***.646.870-**,CPF,4000.0,1,0.002726,
1,AFONSO HAMM,PP,64,TALES FISCHER SCHULZ,***.016.630-**,CPF,4000.0,1,0.002726,
1,AFONSO HAMM,PP,65,ZELVIR ANSELMO SANTI,***.182.930-**,CPF,4000.0,1,0.002726,
1,AFONSO HAMM,PP,66,F.F.STAEVIE COMBUSTIVEIS LTDA EM RECUPERACAO JUDICIAL,05.757.241/0002-84,CNPJ,3718.77,20,0.002535,
1,AFONSO HAMM,PP,67,JOSE DJALMO MATHIAS VERCOSA,***.627.070-**,CPF,3660.0,1,0.002494,
1,AFONSO HAMM,PP,68,RAFIZA AUTOLOCADORA LTDA,10.571.673/0001-55,CNPJ,3600.0,1,0.002454,
1,AFONSO HAMM,PP,69,BRAULIA MADALENA DA ROSA PAHIM,***.444.170-**,CPF,3500.0,1,0.002385,
1,AFONSO HAMM,PP,70,DORALINA DE FARIAS ULGUIM,***.648.980-**,CPF,3500.0,1,0.002385,
1,AFONSO HAMM,PP,71,EDUARDO MAXIMO MARTINS,***.236.690-**,CPF,3200.0,1,0.002181,
1,AFONSO HAMM,PP,72,ALCEU AUGUSTINHO LORENZETT,***.427.810-**,CPF,3000.0,1,0.002045,
1,AFONSO HAMM,PP,73,ANTONIO ROSALINO CARVALHO,***.985.040-**,CPF,3000.0,1,0.002045,
1,AFONSO HAMM,PP,74,BISMARCK DE MATOS SILVEIRA,***.288.650-**,CPF,3000.0,1,0.002045,
1,AFONSO HAMM,PP,75,DIEGO AFONSO DE CASTRO,***.332.860-**,CPF,3000.0,1,0.002045,
1,AFONSO HAMM,PP,76,ELOY BACKES,***.499.190-**,CPF,3000.0,1,0.002045,
1,AFONSO HAMM,PP,77,ERICK NUNES FRAITAG,***.534.230-**,CPF,3000.0,1,0.002045,
1,AFONSO HAMM,PP,78,FABIANA EBONI DA SILVA,***.858.569-**,CPF,3000.0,1,0.002045,
1,AFONSO HAMM,PP,79,FABIO L SOUSA,52.183.783/0001-90,CNPJ,3000.0,1,0.002045,
1,AFONSO HAMM,PP,80,FABIO RICARDO MOREIRA UMPIERRE,***.842.320-**,CPF,3000.0,1,0.002045,
1,AFONSO HAMM,PP,81,JOICE COUGO NUNES,***.996.760-**,CPF,3000.0,1,0.002045,
1,AFONSO HAMM,PP,82,LILIANE NUNES PEREIRA,***.969.460-**,CPF,3000.0,1,0.002045,
1,AFONSO HAMM,PP,83,MARCO ANTONIO LARGER,***.529.070-**,CPF,3000.0,1,0.002045,
1,AFONSO HAMM,PP,84,PAULO RICARDO SOLLER CAMACHO,***.656.630-**,CPF,3000.0,1,0.002045,
1,AFONSO HAMM,PP,85,REINALDO DOS SANTOS,***.569.970-**,CPF,3000.0,1,0.002045,
1,AFONSO HAMM,PP,86,RODRIGO SOUZA DA SILVA,***.568.390-**,CPF,3000.0,1,0.002045,
1,AFONSO HAMM,PP,87,SABRINA DILL,***.024.650-**,CPF,3000.0,1,0.002045,
1,AFONSO HAMM,PP,88,SOLISMAR FRANCONI DUARTE,***.216.040-**,CPF,3000.0,1,0.002045,
1,AFONSO HAMM,PP,89,VANDERLEI GOULARTE ULGUIM,***.195.050-**,CPF,3000.0,1,0.002045,
1,AFONSO HAMM,PP,90,COMERCIAL DE COMBUSTIVEIS NERY MACHADO LTDA,87.793.121/0001-16,CNPJ,2841.26,13,0.001936,
1,AFONSO HAMM,PP,91,NANCI TERESINHA MARTINS,***.811.060-**,CPF,2800.0,1,0.001908,
1,AFONSO HAMM,PP,92,TANIA REGINA CARVALHO,***.487.230-**,CPF,2800.0,1,0.001908,
1,AFONSO HAMM,PP,93,FERNANDO CORNELLI,***.741.830-**,CPF,2700.0,1,0.00184,
1,AFONSO HAMM,PP,94,SANTO ALTAMIRO MARTINS,***.371.680-**,CPF,2700.0,1,0.00184,
1,AFONSO HAMM,PP,95,VALDIR SILVEIRA FEIJO,***.970.080-**,CPF,2700.0,1,0.00184,
1,AFONSO HAMM,PP,96,DIENIFER SERPA,***.694.290-**,CPF,2600.0,1,0.001772,
1,AFONSO HAMM,PP,97,ADAIR ANGELI,***.147.530-**,CPF,2500.0,1,0.001704,
1,AFONSO HAMM,PP,98,ALEXANDRE DIOGO DOS SANTOS,***.854.710-**,CPF,2500.0,1,0.001704,
1,AFONSO HAMM,PP,99,ALINE CAROLINE LAUCK,***.286.980-**,CPF,2500.0,1,0.001704,
1,AFONSO HAMM,PP,100,AMANDA SANTANA RODRIGUES,***.540.690-**,CPF,2500.0,1,0.001704,
1,AFONSO HAMM,PP,101,ANA CLAUDIA MUNHOS LAFORTUNE,***.455.060-**,CPF,2500.0,1,0.001704,
1,AFONSO HAMM,PP,102,ANTHONY ROOS ZENI,***.113.890-**,CPF,2500.0,1,0.001704,
1,AFONSO HAMM,PP,103,CARMEN LIANE VIEIRA SCHULZ,***.918.800-**,CPF,2500.0,1,0.001704,
1,AFONSO HAMM,PP,104,CLAUDIA BEATRIZ CHAVES,***.496.200-**,CPF,2500.0,1,0.001704,
1,AFONSO HAMM,PP,105,DAIANE ESTEL SILVA,***.244.980-**,CPF,2500.0,1,0.001704,
1,AFONSO HAMM,PP,106,EDIMAR SAGAZ BELCHIOR,***.877.840-**,CPF,2500.0,1,0.001704,
1,AFONSO HAMM,PP,107,ELAIANE JARDIM BRAZ,***.145.330-**,CPF,2500.0,1,0.001704,
1,AFONSO HAMM,PP,108,ELENIR WIEDTHAUGER MULLER,***.227.280-**,CPF,2500.0,1,0.001704,
1,AFONSO HAMM,PP,109,EVERALDO ANTUNES DA ROSA,***.415.590-**,CPF,2500.0,1,0.001704,
1,AFONSO HAMM,PP,110,EWERTON DE SOUSA LEITE,***.088.930-**,CPF,2500.0,1,0.001704,
1,AFONSO HAMM,PP,111,FRANCISCO DIAS DE SOUZA,***.551.932-**,CPF,2500.0,1,0.001704,
1,AFONSO HAMM,PP,112,GERSON RODRIGO VENTURA DA SILVA,***.094.770-**,CPF,2500.0,1,0.001704,
1,AFONSO HAMM,PP,113,GLADIMIR PEREIRA SOARES,***.408.660-**,CPF,2500.0,1,0.001704,
1,AFONSO HAMM,PP,114,GLECI DARA FREITAS DE PAULA,***.542.030-**,CPF,2500.0,1,0.001704,
1,AFONSO HAMM,PP,115,JOEL LUIZ MACIEL,***.524.600-**,CPF,2500.0,1,0.001704,
1,AFONSO HAMM,PP,116,JOSE LUIS NOGUEIRA MEDEIROS,***.217.280-**,CPF,2500.0,1,0.001704,
1,AFONSO HAMM,PP,117,JOSIELE RODRIGUES CAMARGO,***.608.540-**,CPF,2500.0,1,0.001704,
1,AFONSO HAMM,PP,118,JUCELAINE PERES RAMOS,***.686.920-**,CPF,2500.0,1,0.001704,
1,AFONSO HAMM,PP,119,JUSSARA VALERIO DIAS,***.391.120-**,CPF,2500.0,1,0.001704,
1,AFONSO HAMM,PP,120,LAUANE MARQUES LISBOA,***.322.940-**,CPF,2500.0,1,0.001704,
1,AFONSO HAMM,PP,121,LIA RODRIGUES FERREIRA,***.541.110-**,CPF,2500.0,1,0.001704,
1,AFONSO HAMM,PP,122,LIRIAN RODRIGUES FERREIRA,***.265.420-**,CPF,2500.0,1,0.001704,
1,AFONSO HAMM,PP,123,LUIZ EDUARDO CAMPOS,***.686.250-**,CPF,2500.0,1,0.001704,
1,AFONSO HAMM,PP,124,MAIQUEL DURAN DA SILVA,***.881.420-**,CPF,2500.0,1,0.001704,
1,AFONSO HAMM,PP,125,MARCIA MARIALINA ROCHA VARELA,***.238.810-**,CPF,2500.0,1,0.001704,
1,AFONSO HAMM,PP,126,MARCO ANTONIO LOPES FIORESE,***.774.360-**,CPF,2500.0,1,0.001704,
1,AFONSO HAMM,PP,127,MARCO ANTONIO VIEIRA FREITA,***.336.750-**,CPF,2500.0,1,0.001704,
1,AFONSO HAMM,PP,128,MARIA DE LOURDES CHAVES ALVES,***.761.080-**,CPF,2500.0,1,0.001704,
1,AFONSO HAMM,PP,129,MARILEIA FERNANDES ROCHA DA ROSA,***.453.000-**,CPF,2500.0,1,0.001704,
1,AFONSO HAMM,PP,130,MILTON UBIRAJARA ALVES BANDEIRA,***.925.780-**,CPF,2500.0,1,0.001704,
1,AFONSO HAMM,PP,131,PRISCILA MARQUES DOS SANTOS,***.473.350-**,CPF,2500.0,1,0.001704,
1,AFONSO HAMM,PP,132,RAFAEL CAMARGO,***.620.960-**,CPF,2500.0,1,0.001704,
1,AFONSO HAMM,PP,133,RIQUELME FERNANDO DA SILVA PRUSSIANO,***.898.380-**,CPF,2500.0,1,0.001704,
1,AFONSO HAMM,PP,134,RODRIGO DA SILVA ALANO,***.804.220-**,CPF,2500.0,1,0.001704,
1,AFONSO HAMM,PP,135,SANDRA CRISTINA SCHAUMLOEFFEL,***.392.760-**,CPF,2500.0,1,0.001704,
1,AFONSO HAMM,PP,136,SHARA RODRIGUES LEITE,***.780.850-**,CPF,2500.0,1,0.001704,
1,AFONSO HAMM,PP,137,TATIANE MACHADO BRAZ,***.101.430-**,CPF,2500.0,1,0.001704,
1,AFONSO HAMM,PP,138,WESLEY MORAES ALVES,***.424.700-**,CPF,2500.0,1,0.001704,
1,AFONSO HAMM,PP,139,JOZIANE VELLOSO SIMOES,***.106.550-**,CPF,2431.5,1,0.001657,
1,AFONSO HAMM,PP,140,MARCONDES DE SOUZA PAZ BRONDANI,***.754.250-**,CPF,2431.5,1,0.001657,
1,AFONSO HAMM,PP,141,MARTA COELHO VIEIRA,***.394.700-**,CPF,2431.5,1,0.001657,
1,AFONSO HAMM,PP,142,SANTA LUZIA MOURA RIBEIRO,***.270.560-**,CPF,2431.5,1,0.001657,
1,AFONSO HAMM,PP,143,THIAGO TEXEIRA FERREIRA,***.909.300-**,CPF,2431.5,1,0.001657,
1,AFONSO HAMM,PP,144,EDEVANDRO RODRIGUES DE CANDIDO,***.760.930-**,CPF,2300.0,1,0.001568,
1,AFONSO HAMM,PP,145,ANGELICA SILVA ALVES,***.486.640-**,CPF,2200.0,1,0.001499,
1,AFONSO HAMM,PP,146,ANTONIO GABRIEL DOS SANTOS FERNANDES,***.918.250-**,CPF,2200.0,1,0.001499,
1,AFONSO HAMM,PP,147,BARBARA VITORIA BICA DA SILVA DA SILVA,***.430.410-**,CPF,2200.0,1,0.001499,
1,AFONSO HAMM,PP,148,ELIDA MIRIAM MACHADO DE OLIVEIRA,***.443.880-**,CPF,2200.0,1,0.001499,
1,AFONSO HAMM,PP,149,EVERTON PAIVA PEREZ,***.679.900-**,CPF,2200.0,1,0.001499,
1,AFONSO HAMM,PP,150,JOAO ILSOM FAGUNDES,***.128.090-**,CPF,2200.0,1,0.001499,
1,AFONSO HAMM,PP,151,MAISA DE AZEVEDO CUSTODIO,***.800.650-**,CPF,2200.0,1,0.001499,
1,AFONSO HAMM,PP,152,MAURICIO TAVARES FARIAS,***.478.890-**,CPF,2200.0,1,0.001499,
1,AFONSO HAMM,PP,153,TATIANE MACHADO CASSAO,***.382.290-**,CPF,2200.0,1,0.001499,
1,AFONSO HAMM,PP,154,EDUARDO MUNHOZ UMPIERRE,***.649.570-**,CPF,2100.0,1,0.001431,
1,AFONSO HAMM,PP,155,ARIETE LIMANA DE OLIVEIRA,***.734.580-**,CPF,2000.0,1,0.001363,
1,AFONSO HAMM,PP,156,HEYSEL ROCHA PEREIRA,***.893.120-**,CPF,2000.0,1,0.001363,
1,AFONSO HAMM,PP,157,JOEL FERREIRA NUNES,***.371.660-**,CPF,2000.0,1,0.001363,
1,AFONSO HAMM,PP,158,JULIANA RIBEIRO GOULARTE,***.885.230-**,CPF,2000.0,1,0.001363,
1,AFONSO HAMM,PP,159,JULIELEN PEREIRA ROSA,***.243.600-**,CPF,2000.0,1,0.001363,
1,AFONSO HAMM,PP,160,MARIA REGINA PEREIRA ROSA,***.122.860-**,CPF,2000.0,1,0.001363,
1,AFONSO HAMM,PP,161,MATEUS SOARES DE SOUZA,***.829.790-**,CPF,2000.0,1,0.001363,
1,AFONSO HAMM,PP,162,TEREZINHA DE FATIMA NASCIMENTO DA SILVA,***.201.150-**,CPF,2000.0,1,0.001363,
1,AFONSO HAMM,PP,163,VERA REGINA FAGUNDES DA SILVA,***.025.050-**,CPF,2000.0,1,0.001363,
1,AFONSO HAMM,PP,164,NTA - NUCLEO TECNICO DE APOIO E SERVICOS DE EVENTOS LTDA,15.310.946/0001-21,CNPJ,1860.0,1,0.001268,
1,AFONSO HAMM,PP,165,ANA LUCIA PAZ MILANO DELPINO,***.071.110-**,CPF,1836.0,1,0.001251,
1,AFONSO HAMM,PP,166,ANDRESSA MENESES DE SOUZA LAMADRIL,***.870.440-**,CPF,1836.0,1,0.001251,
1,AFONSO HAMM,PP,167,CARLA DA SILVA OLIVEIRA,***.653.480-**,CPF,1836.0,1,0.001251,
1,AFONSO HAMM,PP,168,LEANDRA DICKEL ROTHER,***.185.600-**,CPF,1836.0,1,0.001251,
1,AFONSO HAMM,PP,169,MARIANE MARQUES GOMES,***.173.270-**,CPF,1836.0,1,0.001251,
1,AFONSO HAMM,PP,170,RICARDO SANTANA PIRES FRANCO,***.790.060-**,CPF,1836.0,1,0.001251,
1,AFONSO HAMM,PP,171,JESUS ELEN LOPES NUNES,***.019.890-**,CPF,1700.0,1,0.001159,
1,AFONSO HAMM,PP,172,MARIA DE LOURDES PACHECO VASCONCELOS,***.808.430-**,CPF,1700.0,1,0.001159,
1,AFONSO HAMM,PP,173,POSTO NATIVUS LTDA,04.971.874/0001-47,CNPJ,1670.12,7,0.001138,
1,AFONSO HAMM,PP,174,MARILU DA SILVA REZENA GONCALVES CORTEZ,***.524.870-**,CPF,1621.0,1,0.001105,
1,AFONSO HAMM,PP,175,JANICI SANTOS VIEIRA,***.482.340-**,CPF,1510.0,1,0.001029,
1,AFONSO HAMM,PP,176,AMANDA CORREA ROOS,***.517.060-**,CPF,1500.0,1,0.001022,
1,AFONSO HAMM,PP,177,EDINARA FERREIRA DUARTE,***.619.130-**,CPF,1500.0,1,0.001022,
1,AFONSO HAMM,PP,178,FABIANO FAGUNDES LOPES,***.381.880-**,CPF,1500.0,1,0.001022,
1,AFONSO HAMM,PP,179,JAINE CARVALHO LORENZI,***.115.280-**,CPF,1500.0,1,0.001022,
1,AFONSO HAMM,PP,180,JEDERSON TORAL,***.726.740-**,CPF,1500.0,1,0.001022,
1,AFONSO HAMM,PP,181,LOHANA NORONHA MARQUES,***.148.820-**,CPF,1500.0,1,0.001022,
1,AFONSO HAMM,PP,182,MADALENA SANTOS CORREA,***.345.210-**,CPF,1500.0,1,0.001022,
1,AFONSO HAMM,PP,183,MARCIA CRISTINA SANTOS DE LIMA,***.472.160-**,CPF,1500.0,1,0.001022,
1,AFONSO HAMM,PP,184,MATEUS AUGUSTO BOOS DA ROSA,***.514.410-**,CPF,1500.0,1,0.001022,
1,AFONSO HAMM,PP,185,MICHELE TAMARA APPEL,***.143.490-**,CPF,1500.0,1,0.001022,
1,AFONSO HAMM,PP,186,NICOLI NORONHA DE OLIVEIRA,***.931.260-**,CPF,1500.0,1,0.001022,
1,AFONSO HAMM,PP,187,ODIRLEI SABOIA RODRIGUES,***.783.450-**,CPF,1500.0,1,0.001022,
1,AFONSO HAMM,PP,188,CAMILA SANTOS DOS SANTOS,***.588.720-**,CPF,1400.0,1,0.000954,
1,AFONSO HAMM,PP,189,DANIELA DE SOUZA FONTANA,***.781.020-**,CPF,1400.0,1,0.000954,
1,AFONSO HAMM,PP,190,GISELE DE AGUIAR SOARES,***.045.760-**,CPF,1400.0,1,0.000954,
1,AFONSO HAMM,PP,191,GLADIS DOS SANTOS TRINDADE,***.668.400-**,CPF,1400.0,1,0.000954,
1,AFONSO HAMM,PP,192,IVONETE CARDOSO GOMES,***.468.240-**,CPF,1400.0,1,0.000954,
1,AFONSO HAMM,PP,193,MARIA HELENA FRAGOSO DOS SANTOS,***.872.560-**,CPF,1400.0,1,0.000954,
1,AFONSO HAMM,PP,194,54.598.836 CRISTOFERSON MEDEIROS SILVA,54.598.836/0001-69,CNPJ,1300.0,1,0.000886,
1,AFONSO HAMM,PP,195,ANA JULIA FERREIRA MONTEIRO,***.748.080-**,CPF,1300.0,1,0.000886,
1,AFONSO HAMM,PP,196,JANAINE AMARO NUNES CARDOSO,***.924.920-**,CPF,1300.0,1,0.000886,
1,AFONSO HAMM,PP,197,ALEX SANDRO SILVEIRA DOS SANTOS,***.742.480-**,CPF,1200.0,1,0.000818,
1,AFONSO HAMM,PP,198,CLOVIS DA ROSA TAVARES,***.751.400-**,CPF,1200.0,1,0.000818,
1,AFONSO HAMM,PP,199,REMIDIO KAEFER,***.405.900-**,CPF,1200.0,1,0.000818,
1,AFONSO HAMM,PP,200,F.F.STAEVIE COMBUSTIVEIS LTDA EM RECUPERACAO JUDICIAL,05.757.241/0001-01,CNPJ,1079.12,5,0.000735,
1,AFONSO HAMM,PP,201,DI BRUNO COMERCIAL LTDA,04.916.756/0001-36,CNPJ,1058.1,4,0.000721,
1,AFONSO HAMM,PP,202,JORNAL L ATTUALITA LTDA,02.162.126/0001-98,CNPJ,1000.0,1,0.000682,
1,AFONSO HAMM,PP,203,SIM REDE DE POSTOS LTDA,07.473.735/0024-78,CNPJ,959.21,4,0.000654,
1,AFONSO HAMM,PP,204,BERNARDO AVILA DA LUZ RODRIGUES,***.648.120-**,CPF,833.5,1,0.000568,
1,AFONSO HAMM,PP,205,DEBORAH KEROLLAINE ALVES DIAS,***.036.880-**,CPF,800.0,1,0.000545,
1,AFONSO HAMM,PP,206,FERNANDA DORNELES RAMIRES,***.389.840-**,CPF,800.0,1,0.000545,
1,AFONSO HAMM,PP,207,GRAZIELE MACHADO TEIXEIRA,***.449.470-**,CPF,800.0,1,0.000545,
1,AFONSO HAMM,PP,208,IEDA TOLEDO OJEDA,***.238.780-**,CPF,800.0,1,0.000545,
1,AFONSO HAMM,PP,209,INGRID RODRIGUES MARTINS,***.369.270-**,CPF,800.0,1,0.000545,
1,AFONSO HAMM,PP,210,JULIANA DE ASSUNCAO TEIXEIRA DA SILVA,***.003.200-**,CPF,800.0,1,0.000545,
1,AFONSO HAMM,PP,211,LETICIA PEREIRA SELESTE,***.716.850-**,CPF,800.0,1,0.000545,
1,AFONSO HAMM,PP,212,LILIANE FERREIRA FRANCO,***.511.540-**,CPF,800.0,1,0.000545,
1,AFONSO HAMM,PP,213,LUCIA MARIA JORGE BRAVO,***.995.980-**,CPF,800.0,1,0.000545,
1,AFONSO HAMM,PP,214,MANUELA MARQUES BARBOSA,***.438.690-**,CPF,800.0,1,0.000545,
1,AFONSO HAMM,PP,215,MARIA BETANIA DUTRA SILVEIRA,***.965.110-**,CPF,800.0,1,0.000545,
1,AFONSO HAMM,PP,216,RENATA CHAROPEN MILANO CANTES,***.255.320-**,CPF,800.0,1,0.000545,
1,AFONSO HAMM,PP,217,RIANO RODRIGUES DA SILVA,***.955.360-**,CPF,800.0,1,0.000545,
1,AFONSO HAMM,PP,218,RICARDO DOS SANTOS SILVEIRA,***.715.720-**,CPF,800.0,1,0.000545,
1,AFONSO HAMM,PP,219,SILVANA PIRES FERREIRA MACHADO,***.057.540-**,CPF,800.0,1,0.000545,
1,AFONSO HAMM,PP,220,SUZANA MARQUES PEREIRA,***.898.530-**,CPF,800.0,1,0.000545,
1,AFONSO HAMM,PP,221,TELMO MARQUES DA COSTA,***.342.230-**,CPF,800.0,1,0.000545,
1,AFONSO HAMM,PP,222,TIESSICA CAROLAI PEREIRA DA ROSA,***.533.400-**,CPF,800.0,1,0.000545,
1,AFONSO HAMM,PP,223,SIM REDE DE POSTOS LTDA,07.473.735/0079-41,CNPJ,779.39,3,0.000531,
1,AFONSO HAMM,PP,224,SIM REDE DE POSTOS LTDA,07.473.735/0029-82,CNPJ,741.11,4,0.000505,
1,AFONSO HAMM,PP,225,LUIS EDUARDO S. SOARES LOCACOES LTDA.,53.660.043/0001-60,CNPJ,690.0,1,0.00047,
1,AFONSO HAMM,PP,226,SIM REDE DE POSTOS LTDA,07.473.735/0180-48,CNPJ,620.43,2,0.000423,
1,AFONSO HAMM,PP,227,SANDER E ESTEVES LTDA,18.963.598/0001-80,CNPJ,490.0,2,0.000334,
1,AFONSO HAMM,PP,228,F.F.STAEVIE COMBUSTIVEIS LTDA EM RECUPERACAO JUDICIAL,05.757.241/0003-65,CNPJ,339.92,2,0.000232,
1,AFONSO HAMM,PP,229,SIM REDE DE POSTOS LTDA,07.473.735/0146-46,CNPJ,337.27,1,0.00023,
1,AFONSO HAMM,PP,230,SIM REDE DE POSTOS LTDA,07.473.735/0179-04,CNPJ,289.57,1,0.000197,
1,AFONSO HAMM,PP,231,SIM REDE DE POSTOS LTDA,07.473.735/0116-20,CNPJ,287.7,1,0.000196,
1,AFONSO HAMM,PP,232,SIM REDE DE POSTOS LTDA,07.473.735/0095-61,CNPJ,282.45,1,0.000193,
1,AFONSO HAMM,PP,233,SIM REDE DE POSTOS LTDA,07.473.735/0246-09,CNPJ,277.03,1,0.000189,
1,AFONSO HAMM,PP,234,SIM REDE DE POSTOS LTDA,07.473.735/0065-46,CNPJ,266.11,3,0.000181,
1,AFONSO HAMM,PP,235,SIM REDE DE POSTOS LTDA,07.473.735/0125-11,CNPJ,264.79,1,0.00018,
1,AFONSO HAMM,PP,236,SIM REDE DE POSTOS LTDA,07.473.735/0241-02,CNPJ,233.25,1,0.000159,
1,AFONSO HAMM,PP,237,SIM REDE DE POSTOS LTDA,07.473.735/0148-08,CNPJ,218.35,1,0.000149,
1,AFONSO HAMM,PP,238,SIM REDE DE POSTOS LTDA,07.473.735/0183-90,CNPJ,216.12,1,0.000147,
1,AFONSO HAMM,PP,239,SIM REDE DE POSTOS LTDA,07.473.735/0150-22,CNPJ,206.28,1,0.000141,
1,AFONSO HAMM,PP,240,SIM REDE DE POSTOS LTDA,07.473.735/0106-59,CNPJ,202.03,1,0.000138,
1,AFONSO HAMM,PP,241,SIM REDE DE POSTOS LTDA,07.473.735/0087-51,CNPJ,196.37,1,0.000134,
1,AFONSO HAMM,PP,242,SIM REDE DE POSTOS LTDA,07.473.735/0035-20,CNPJ,179.7,1,0.000122,
1,AFONSO HAMM,PP,243,MILANE FONSECA DE VARGAS & CIA LTDA,26.254.349/0001-43,CNPJ,75.0,1,5.1e-05,
1,AFONSO HAMM,PP,244,"ENCARGOS FINANCEIROS, TAXAS BANCÁRIAS E/OU OP. CARTÃO DE CRÉDITO",,,57.5,10,3.9e-05,
2,ALCEU MOREIRA,MDB,1,NOSCHANG ARTES GRAFICAS LTDA,07.027.856/0001-08,CNPJ,387837.0,83,0.255135,
2,ALCEU MOREIRA,MDB,2,FACEBOOK SERVICOS ONLINE DO BRASIL LTDA.,13.347.016/0001-17,CNPJ,290000.0,8,0.190774,
2,ALCEU MOREIRA,MDB,3,G BENEFICIAMENTO E COMERCIO DE TECIDOS LTDA,88.000.377/0001-91,CNPJ,254538.0,24,0.167445,
2,ALCEU MOREIRA,MDB,4,DLOCAL BRASIL INSTITUICAO DE PAGAMENTO S.A.,25.021.356/0001-32,CNPJ,155000.0,2,0.101965,
2,ALCEU MOREIRA,MDB,5,THS IMPRESSAO DIGITAL LTDA,08.537.010/0001-72,CNPJ,61965.0,31,0.040763,
2,ALCEU MOREIRA,MDB,6,MILTON CAVA SOCIEDADE INDIVIDUAL DE ADVOCACIA,26.258.993/0001-90,CNPJ,50000.0,1,0.032892,
2,ALCEU MOREIRA,MDB,7,SPEED PROMOCIONAL INDUSTRIA DE BRINDES LTDA,15.115.234/0001-51,CNPJ,39990.0,2,0.026307,
2,ALCEU MOREIRA,MDB,8,IBES ERON ALVES VAZ LTDA,50.981.660/0001-79,CNPJ,37568.5,1,0.024714,
2,ALCEU MOREIRA,MDB,9,ELEICAO 2026 ROBERTO FANTINEL DEPUTADO ESTADUAL,68.518.648/0001-98,CNPJ,30000.0,1,0.019735,
2,ALCEU MOREIRA,MDB,10,GUSTAVO ECCHER LTDA,39.158.679/0001-87,CNPJ,25415.0,30,0.016719,
2,ALCEU MOREIRA,MDB,11,D. C. VEICULOS LTDA,13.507.524/0002-04,CNPJ,21830.0,4,0.014361,
2,ALCEU MOREIRA,MDB,12,BLISS PRODUTORA DE AUDIO LTDA,34.047.033/0001-09,CNPJ,20000.0,1,0.013157,
2,ALCEU MOREIRA,MDB,13,ELEICAO 2026 EDIVILSON MEURER BRUM DEPUTADO ESTADUAL,68.519.456/0001-04,CNPJ,20000.0,1,0.013157,
2,ALCEU MOREIRA,MDB,14,SERIBAND INDUSTRIA E COMERCIO DE CONFECCOES LTDA,12.541.620/0001-17,CNPJ,12750.0,1,0.008387,
2,ALCEU MOREIRA,MDB,15,ELEICAO 2026 TANIA TEREZINHA DA SILVA DEPUTADO ESTADUAL,68.519.346/0001-34,CNPJ,11221.19,1,0.007382,
2,ALCEU MOREIRA,MDB,16,ELEICAO 2026 JOAO FRANCISCO COIMBRA PARENTI DEPUTADO ESTADUAL,68.518.614/0001-01,CNPJ,10000.0,1,0.006578,
2,ALCEU MOREIRA,MDB,17,ELEICAO 2026 LUCIANA FLORES FIGUEIREDO MENDES DEPUTADO ESTADUAL,68.519.711/0001-00,CNPJ,10000.0,1,0.006578,
2,ALCEU MOREIRA,MDB,18,ELEICAO 2026 MATEUS GIOVANONI TROJAN DEPUTADO ESTADUAL,68.518.821/0001-58,CNPJ,10000.0,1,0.006578,
2,ALCEU MOREIRA,MDB,19,ELEICAO 2026 SANDRO FIGUEIREDO DE OLIVEIRA DEPUTADO ESTADUAL,68.519.582/0001-50,CNPJ,7000.0,1,0.004605,
2,ALCEU MOREIRA,MDB,20,PULSAR IMOBILIARIO LTDA,55.499.435/0001-14,CNPJ,7000.0,1,0.004605,
2,ALCEU MOREIRA,MDB,21,ALESSANDRA ERTHAL SILVEIRA RAJAB,***.230.490-**,CPF,6000.0,1,0.003947,
2,ALCEU MOREIRA,MDB,22,E & X PRODUCOES LTDA,27.151.252/0001-78,CNPJ,6000.0,1,0.003947,
2,ALCEU MOREIRA,MDB,23,ELEICAO 2026 ARLINDO ANTONIO LOPES DEPUTADO ESTADUAL,68.519.963/0001-30,CNPJ,5000.0,1,0.003289,
2,ALCEU MOREIRA,MDB,24,ELEICAO 2026 CLAIR TOME KUHN DEPUTADO ESTADUAL,68.519.514/0001-91,CNPJ,5000.0,1,0.003289,
2,ALCEU MOREIRA,MDB,25,ELEICAO 2026 MARCIO PEREIRA ANTUNES DEPUTADO ESTADUAL,68.519.977/0001-53,CNPJ,5000.0,1,0.003289,
2,ALCEU MOREIRA,MDB,26,JORNAL DO POVO LTDA,90.512.682/0001-04,CNPJ,4320.0,1,0.002842,
2,ALCEU MOREIRA,MDB,27,SM DUBLAGENS E TECIDOS LTDA,36.923.744/0001-25,CNPJ,4200.0,1,0.002763,
2,ALCEU MOREIRA,MDB,28,NP IMOVEIS LTDA,89.176.887/0001-87,CNPJ,4000.0,1,0.002631,
2,ALCEU MOREIRA,MDB,29,JP4 PRODUCOES TECNICAS E COMUNICACOES LTDA,89.790.323/0001-30,CNPJ,3650.0,1,0.002401,
2,ALCEU MOREIRA,MDB,30,ELEICAO 2026 JULIA GRAZIELA AZAMBUJA DOS SANTOS DUTRA DEPUTADO ESTADUAL,68.518.581/0001-91,CNPJ,3440.0,1,0.002263,
2,ALCEU MOREIRA,MDB,31,COMERCIAL DE COMBUSTIVEIS COELHO LTDA,73.535.536/0001-85,CNPJ,2572.8,10,0.001692,
2,ALCEU MOREIRA,MDB,32,RICARDO DANI BECKER SOCIEDADE INDIVIDUAL DE ADVOCACIA,55.724.685/0001-00,CNPJ,2431.5,1,0.0016,
2,ALCEU MOREIRA,MDB,33,OLA EMPRESA JORNALISTICA LTDA,23.484.664/0001-79,CNPJ,1994.2,1,0.001312,
2,ALCEU MOREIRA,MDB,34,EMPRESA JORNALISTICA FOLHA DO MATE LTDA,98.597.719/0001-56,CNPJ,875.25,1,0.000576,
2,ALCEU MOREIRA,MDB,35,JORNAL NOSSA GENTE VALE DO TAQUARI LTDA,01.236.346/0001-56,CNPJ,675.0,1,0.000444,
2,ALCEU MOREIRA,MDB,36,CARLOS ANDRE DA COSTA,04.154.982/0001-27,CNPJ,600.0,1,0.000395,
2,ALCEU MOREIRA,MDB,37,EMPRESA JORNALISTICA BOTUCARAI LTDA,90.588.484/0001-24,CNPJ,585.0,1,0.000385,
2,ALCEU MOREIRA,MDB,38,INFORMATIVO REGIONAL EMPRESA JORNALISTICA LTDA,04.539.571/0001-50,CNPJ,500.0,1,0.000329,
2,ALCEU MOREIRA,MDB,39,ROTA DO YUCUMA TURISMO LTDA.,03.043.551/0001-20,CNPJ,375.0,1,0.000247,
2,ALCEU MOREIRA,MDB,40,ALVES EDITORA DE JORNAIS E REVISTAS LTDA,11.866.896/0001-02,CNPJ,300.0,1,0.000197,
2,ALCEU MOREIRA,MDB,41,EDITORA IMIGRANTENSE LTDA,17.514.718/0001-07,CNPJ,300.0,1,0.000197,
2,ALCEU MOREIRA,MDB,42,COMPANHIA ESTADUAL DE DISTRIBUICAO DE ENERGIA ELETRICA - CEEE-D,08.467.115/0001-00,CNPJ,192.14,4,0.000126,
3,ANY ORTIZ,PP,1,ANS IMPRESSOES GRAFICAS LTDA.,05.677.050/0001-21,CNPJ,407579.67,31,0.239163,
3,ANY ORTIZ,PP,2,JOKA SUBLIMACAO DIGITAL LTDA,94.350.113/0001-60,CNPJ,398700.0,4,0.233952,
3,ANY ORTIZ,PP,3,CRITERIO COMUNICACAO LTDA,14.938.065/0001-97,CNPJ,85000.0,1,0.049877,
3,ANY ORTIZ,PP,4,FACEBOOK SERVICOS ONLINE DO BRASIL LTDA.,13.347.016/0001-17,CNPJ,60000.0,1,0.035207,
3,ANY ORTIZ,PP,5,OSWALDO SERGIO FERREIRA BECK,***.416.590-**,CPF,34932.39,1,0.020498,
3,ANY ORTIZ,PP,6,CENTENO & MENDES ASSESSORIA CONTABIL LTDA,25.053.197/0001-58,CNPJ,29215.31,1,0.017143,
3,ANY ORTIZ,PP,7,EMPRESA BRASILEIRA DE CORREIOS E TELEGRAFOS,34.028.316/0001-03,CNPJ,21569.42,2,0.012657,
3,ANY ORTIZ,PP,8,26.749.118 FABIANO BRAGA DA SILVA,26.749.118/0001-00,CNPJ,15000.0,1,0.008802,
3,ANY ORTIZ,PP,9,ANDRE LUIS DE QUADROS,***.752.120-**,CPF,15000.0,1,0.008802,
3,ANY ORTIZ,PP,10,JOSE LEANDRO GUERRA CORREA,***.077.520-**,CPF,15000.0,1,0.008802,
3,ANY ORTIZ,PP,11,LOCADORA DE VEICULOS SANTA CRUZ LTDA.,03.000.720/0001-45,CNPJ,14850.0,3,0.008714,
3,ANY ORTIZ,PP,12,CESAR LEANDRO HUBNER,***.928.940-**,CPF,14000.0,1,0.008215,
3,ANY ORTIZ,PP,13,YASMIM PETRY PRIOR,***.552.500-**,CPF,14000.0,1,0.008215,
3,ANY ORTIZ,PP,14,ARTHUR MACIEL DA CUNHA,***.667.830-**,CPF,13250.0,1,0.007775,
3,ANY ORTIZ,PP,15,KAREN FEIJO JEREMIAS,***.483.130-**,CPF,10000.0,1,0.005868,
3,ANY ORTIZ,PP,16,PAULO SERGIO GUIMARAES BARBIERI,***.823.120-**,CPF,10000.0,1,0.005868,
3,ANY ORTIZ,PP,17,RENATA BERTINATTO,***.733.100-**,CPF,10000.0,1,0.005868,
3,ANY ORTIZ,PP,18,AUTOLOCADORA LINCK & MELLO LTDA,09.146.749/0001-16,CNPJ,9180.0,1,0.005387,
3,ANY ORTIZ,PP,19,AUTO LOCADORA CANOENSE LTDA,92.610.815/0001-00,CNPJ,8489.0,1,0.004981,
3,ANY ORTIZ,PP,20,59.806.515 PATRICK AVILA GOMES,59.806.515/0001-26,CNPJ,8000.0,1,0.004694,
3,ANY ORTIZ,PP,21,JOEL PIRES CORREA,***.837.400-**,CPF,8000.0,1,0.004694,
3,ANY ORTIZ,PP,22,SANDYELE AGUIRRE DE SOUZA,***.856.720-**,CPF,8000.0,1,0.004694,
3,ANY ORTIZ,PP,23,VANESSA FRANCIELE QUEIROZ,***.304.500-**,CPF,8000.0,1,0.004694,
3,ANY ORTIZ,PP,24,VINICIO COSTA DA LUZ,***.620.130-**,CPF,8000.0,1,0.004694,
3,ANY ORTIZ,PP,25,ALINE FERREIRA DA SILVA,***.541.820-**,CPF,7500.0,1,0.004401,
3,ANY ORTIZ,PP,26,SANDRA INES SILVEIRA DE ANDRADE,***.803.940-**,CPF,7500.0,1,0.004401,
3,ANY ORTIZ,PP,27,ADELAR DE FREITAS,***.795.580-**,CPF,7000.0,1,0.004108,
3,ANY ORTIZ,PP,28,ELEANDRO DE LIMA,***.270.900-**,CPF,7000.0,1,0.004108,
3,ANY ORTIZ,PP,29,LUCIANE DOS SANTOS CORREA,***.597.130-**,CPF,7000.0,1,0.004108,
3,ANY ORTIZ,PP,30,MARIANE NERCOLINI MARANGONI,***.974.170-**,CPF,7000.0,1,0.004108,
3,ANY ORTIZ,PP,31,FELIPE LEMES DOS SANTOS,***.612.550-**,CPF,6500.0,1,0.003814,
3,ANY ORTIZ,PP,32,HENRIQUE VARGAS E SILVA,***.740.470-**,CPF,6500.0,1,0.003814,
3,ANY ORTIZ,PP,33,SCHIRLEI RUOSO,***.824.940-**,CPF,6500.0,1,0.003814,
3,ANY ORTIZ,PP,34,CUBO COMUNICACAO VISUAL LTDA,30.708.896/0001-29,CNPJ,6215.69,6,0.003647,
3,ANY ORTIZ,PP,35,CRISTIANE LEAL DE CARVALHO NUNES,***.916.700-**,CPF,6000.0,1,0.003521,
3,ANY ORTIZ,PP,36,EDUARDO CARMO DE LIMA,***.984.180-**,CPF,6000.0,1,0.003521,
3,ANY ORTIZ,PP,37,GUILHERME FORTUNA,***.047.640-**,CPF,6000.0,1,0.003521,
3,ANY ORTIZ,PP,38,JAYME ANTONIO PEREIRA,***.945.070-**,CPF,6000.0,1,0.003521,
3,ANY ORTIZ,PP,39,DENNER OLIVEIRA DOS SANTOS,***.745.340-**,CPF,5550.0,1,0.003257,
3,ANY ORTIZ,PP,40,KAWANE KIMBILIN AVILA DA SILVA,***.566.520-**,CPF,5550.0,1,0.003257,
3,ANY ORTIZ,PP,41,MARIA LUCIA BORGES,***.267.890-**,CPF,5550.0,1,0.003257,
3,ANY ORTIZ,PP,42,VERIDIANA BORGES MOREIRA,***.273.020-**,CPF,5550.0,1,0.003257,
3,ANY ORTIZ,PP,43,GUILHERME CERATTI DE OLIVEIRA,***.293.520-**,CPF,5500.0,1,0.003227,
3,ANY ORTIZ,PP,44,ANDERSON BORBA DA SILVA,***.014.110-**,CPF,5000.0,1,0.002934,
3,ANY ORTIZ,PP,45,CRISTIANE FERNANDES SILVEIRA DALFERT,***.027.790-**,CPF,5000.0,1,0.002934,
3,ANY ORTIZ,PP,46,EVETE MARIA SAUTER SCHROTER,***.835.520-**,CPF,5000.0,1,0.002934,
3,ANY ORTIZ,PP,47,FABIO JOSE SACCON,***.528.340-**,CPF,5000.0,1,0.002934,
3,ANY ORTIZ,PP,48,JAIME MARTINS LEOPOLDINO,***.545.650-**,CPF,5000.0,1,0.002934,
3,ANY ORTIZ,PP,49,MARIO TEIKOWSKI JUNIOR,***.254.880-**,CPF,5000.0,1,0.002934,
3,ANY ORTIZ,PP,50,MIRIAN PEREIRA,***.539.460-**,CPF,5000.0,1,0.002934,
3,ANY ORTIZ,PP,51,VANDEIR VALERIO KALINOVSKI,***.767.700-**,CPF,5000.0,1,0.002934,
3,ANY ORTIZ,PP,52,ELSA MARIA DE ANDRADE,***.003.490-**,CPF,4500.0,1,0.002641,
3,ANY ORTIZ,PP,53,JARDEL LAMIM DOS SANTOS,***.955.610-**,CPF,4500.0,1,0.002641,
3,ANY ORTIZ,PP,54,ANDRE MARQUES DUTRA,***.563.280-**,CPF,4350.0,1,0.002553,
3,ANY ORTIZ,PP,55,JENIFER OLIVEIRA DOS SANTOS,***.852.730-**,CPF,4350.0,1,0.002553,
3,ANY ORTIZ,PP,56,MARIA TERESINHA DE LIMA SILVEIRA,***.898.880-**,CPF,4350.0,1,0.002553,
3,ANY ORTIZ,PP,57,ZELIA MARIA FERRI,***.468.230-**,CPF,4350.0,1,0.002553,
3,ANY ORTIZ,PP,58,60.156.810 CAROLINE SALDANHA JABBOUR,60.156.810/0001-63,CNPJ,4300.0,1,0.002523,
3,ANY ORTIZ,PP,59,LUIS CARLOS FRAGA DOS SANTOS,***.877.670-**,CPF,4100.0,1,0.002406,
3,ANY ORTIZ,PP,60,ABEL TADEU BONALDI,***.078.980-**,CPF,4000.0,1,0.002347,
3,ANY ORTIZ,PP,61,ALEXANDRE COMIN,***.081.640-**,CPF,4000.0,1,0.002347,
3,ANY ORTIZ,PP,62,ANA CAROLINA ROSSETTI,***.327.090-**,CPF,4000.0,1,0.002347,
3,ANY ORTIZ,PP,63,RODOLFFO LORENCENA SILVA,***.773.690-**,CPF,4000.0,1,0.002347,
3,ANY ORTIZ,PP,64,SEDENIR CLOVIS BERTE,***.145.810-**,CPF,4000.0,1,0.002347,
3,ANY ORTIZ,PP,65,RENAN KRAFCHINSKI FIGUEIREDO,***.961.110-**,CPF,3900.0,1,0.002288,
3,ANY ORTIZ,PP,66,CAMILA MARIA AGOSTINA GUERRA CORREA,***.601.280-**,CPF,3500.0,1,0.002054,
3,ANY ORTIZ,PP,67,FRANCISCO MARCIANO TONIAZZO,***.240.170-**,CPF,3500.0,1,0.002054,
3,ANY ORTIZ,PP,68,FREDERICO VENANCIO SILVA,***.592.540-**,CPF,3500.0,1,0.002054,
3,ANY ORTIZ,PP,69,ROGERIO TONIAZZO,***.424.170-**,CPF,3500.0,1,0.002054,
3,ANY ORTIZ,PP,70,ANTONIO CAMPAGNOLO,***.133.670-**,CPF,3000.0,1,0.00176,
3,ANY ORTIZ,PP,71,CAILA BETINA DA SILVA,***.746.680-**,CPF,3000.0,1,0.00176,
3,ANY ORTIZ,PP,72,GERSON DIAS,***.229.501-**,CPF,3000.0,1,0.00176,
3,ANY ORTIZ,PP,73,GILVAN CONCI,***.557.000-**,CPF,3000.0,1,0.00176,
3,ANY ORTIZ,PP,74,JOAO DECIO FAGUNDES AVILA,***.132.270-**,CPF,3000.0,1,0.00176,
3,ANY ORTIZ,PP,75,JOBER ORTIZ BARCELOS,***.245.590-**,CPF,3000.0,1,0.00176,
3,ANY ORTIZ,PP,76,JONAS VIEIRA DE ALMEIDA,***.781.440-**,CPF,3000.0,1,0.00176,
3,ANY ORTIZ,PP,77,JOSE FARIAS STEFANELLO,***.213.130-**,CPF,3000.0,1,0.00176,
3,ANY ORTIZ,PP,78,LEONILDES SALETE LOPES SANTANA,***.729.920-**,CPF,3000.0,1,0.00176,
3,ANY ORTIZ,PP,79,LUIZA DANIELI KONDRA,***.365.790-**,CPF,3000.0,1,0.00176,
3,ANY ORTIZ,PP,80,MARCIO SCHORN,***.182.620-**,CPF,3000.0,1,0.00176,
3,ANY ORTIZ,PP,81,MARIA SELOI SOUZA DE FREITAS,***.442.430-**,CPF,3000.0,1,0.00176,
3,ANY ORTIZ,PP,82,MARLAINE TERESINHA MOREIRA PERES,***.601.720-**,CPF,3000.0,1,0.00176,
3,ANY ORTIZ,PP,83,REGINA FATIMA BARUFFI,***.123.770-**,CPF,3000.0,1,0.00176,
3,ANY ORTIZ,PP,84,RUDINEI RODRIGUES DE MORAIS,***.321.130-**,CPF,3000.0,1,0.00176,
3,ANY ORTIZ,PP,85,SANDRO PAULO MOTTA,***.117.270-**,CPF,3000.0,1,0.00176,
3,ANY ORTIZ,PP,86,WAGNER STEPHANIAK DOS SANTOS,***.963.810-**,CPF,3000.0,1,0.00176,
3,ANY ORTIZ,PP,87,ARIELE LUZA,***.336.280-**,CPF,2800.0,1,0.001643,
3,ANY ORTIZ,PP,88,MONICA MINUZZO MACIEL,***.504.530-**,CPF,2800.0,1,0.001643,
3,ANY ORTIZ,PP,89,THAYS SIVIERO,***.205.300-**,CPF,2800.0,1,0.001643,
3,ANY ORTIZ,PP,90,JANETE PRESTES DA SILVA,***.101.240-**,CPF,2500.0,1,0.001467,
3,ANY ORTIZ,PP,91,JULIANE VITORIA MALACARNE,***.144.610-**,CPF,2500.0,1,0.001467,
3,ANY ORTIZ,PP,92,LUCAS LEAL DE CARVALHO NUNES,***.020.090-**,CPF,2500.0,1,0.001467,
3,ANY ORTIZ,PP,93,LUCAS SAGGIORATTO,***.119.660-**,CPF,2500.0,1,0.001467,
3,ANY ORTIZ,PP,94,MARILENE FAVA KILIAN CADORE,***.538.801-**,CPF,2500.0,1,0.001467,
3,ANY ORTIZ,PP,95,NADIR VALDIR SCHUCK,***.106.800-**,CPF,2500.0,1,0.001467,
3,ANY ORTIZ,PP,96,SILVIO LUIZ DO AMARAL VALIM,***.498.400-**,CPF,2500.0,1,0.001467,
3,ANY ORTIZ,PP,97,ADAIR ANTONIO ZIDEK,***.986.220-**,CPF,2400.0,1,0.001408,
3,ANY ORTIZ,PP,98,ADRIANO LUIS JUNG,***.892.450-**,CPF,2400.0,1,0.001408,
3,ANY ORTIZ,PP,99,ANDRE OLIVEIRA FERREIRA,***.262.910-**,CPF,2400.0,1,0.001408,
3,ANY ORTIZ,PP,100,CLEBERSON DE OLIVEIRA WERNER,***.370.000-**,CPF,2400.0,1,0.001408,
3,ANY ORTIZ,PP,101,CRISTIANE DE MOURA PARAIBA,***.754.240-**,CPF,2400.0,1,0.001408,
3,ANY ORTIZ,PP,102,CRISTIANO ROVIAN BARCELOS AQUINO,***.881.610-**,CPF,2400.0,1,0.001408,
3,ANY ORTIZ,PP,103,DJONES WILSMANN DA SILVA,***.798.170-**,CPF,2400.0,1,0.001408,
3,ANY ORTIZ,PP,104,EDISON LUIS SISTI PARIZI,***.054.900-**,CPF,2400.0,1,0.001408,
3,ANY ORTIZ,PP,105,EDUARDO ZAMO RIGON,***.243.410-**,CPF,2400.0,1,0.001408,
3,ANY ORTIZ,PP,106,FERNANDA SILVA DE OLIVEIRA,***.512.930-**,CPF,2400.0,1,0.001408,
3,ANY ORTIZ,PP,107,GABRIEL RODRIGUES FERNANDES,***.682.020-**,CPF,2400.0,1,0.001408,
3,ANY ORTIZ,PP,108,GABRIELA MARTINS MOREIRA,***.244.720-**,CPF,2400.0,1,0.001408,
3,ANY ORTIZ,PP,109,GISLAINE SANTOS DA SILVA RODRIGUES,***.098.780-**,CPF,2400.0,1,0.001408,
3,ANY ORTIZ,PP,110,INGRID BROSOVITZKI DE OLIVEIRA DO NASCIMENTO,***.323.380-**,CPF,2400.0,1,0.001408,
3,ANY ORTIZ,PP,111,LEANDRO BARTMANN MAURER,***.295.490-**,CPF,2400.0,1,0.001408,
3,ANY ORTIZ,PP,112,LORENZO MATHIAS LOPES,***.071.900-**,CPF,2400.0,1,0.001408,
3,ANY ORTIZ,PP,113,LUCIANA VALERIA BARCELOS AMARANTE,***.262.850-**,CPF,2400.0,1,0.001408,
3,ANY ORTIZ,PP,114,LUCIANE SUELI VECCHIETTI DE OLIVEIRA,***.709.010-**,CPF,2400.0,1,0.001408,
3,ANY ORTIZ,PP,115,LUIS ANTONIO BOUCHETT BRUM,***.992.610-**,CPF,2400.0,1,0.001408,
3,ANY ORTIZ,PP,116,MAELI RODRIGUES ANGER,***.882.200-**,CPF,2400.0,1,0.001408,
3,ANY ORTIZ,PP,117,MAIARA LOPES DA SILVA,***.236.160-**,CPF,2400.0,1,0.001408,
3,ANY ORTIZ,PP,118,MATEUS BRANCO BATISTA DA SILVA,***.286.560-**,CPF,2400.0,1,0.001408,
3,ANY ORTIZ,PP,119,RODRIGO LUFT,***.691.700-**,CPF,2400.0,1,0.001408,
3,ANY ORTIZ,PP,120,ROSANE MOURA SANCHES,***.005.180-**,CPF,2400.0,1,0.001408,
3,ANY ORTIZ,PP,121,SILVIA DA SILVA FERNANDES,***.550.840-**,CPF,2400.0,1,0.001408,
3,ANY ORTIZ,PP,122,STEFANIA DOS REIS,***.468.610-**,CPF,2400.0,1,0.001408,
3,ANY ORTIZ,PP,123,TAIS ORTIZ DOS SANTOS,***.034.470-**,CPF,2400.0,1,0.001408,
3,ANY ORTIZ,PP,124,VILSON PINTO GUIMARAES,***.409.640-**,CPF,2400.0,1,0.001408,
3,ANY ORTIZ,PP,125,GOLD SERVICE SISTEMAS DE SERVICOS LTDA.,03.776.601/0001-89,CNPJ,2307.79,1,0.001354,
3,ANY ORTIZ,PP,126,DENICE LOURDES GOMES MARCHETTO,***.481.099-**,CPF,2300.0,1,0.00135,
3,ANY ORTIZ,PP,127,IGOR MOEHLECKE,***.910.190-**,CPF,2300.0,1,0.00135,
3,ANY ORTIZ,PP,128,ADINEI JORGE SANTORI,***.517.100-**,CPF,2000.0,1,0.001174,
3,ANY ORTIZ,PP,129,ALEXANDRO ALVES BITTENCOURT,***.413.080-**,CPF,2000.0,1,0.001174,
3,ANY ORTIZ,PP,130,AMIR SANTO ANTONIO,***.980.390-**,CPF,2000.0,1,0.001174,
3,ANY ORTIZ,PP,131,ARI HAMMES,***.315.800-**,CPF,2000.0,1,0.001174,
3,ANY ORTIZ,PP,132,BRUNA EDUARDA QUEIROZ,***.430.950-**,CPF,2000.0,1,0.001174,
3,ANY ORTIZ,PP,133,CRISTHIAN MACHADO OLIVEIRA,***.598.440-**,CPF,2000.0,1,0.001174,
3,ANY ORTIZ,PP,134,EDELVAN COSSETIM DA SILVA,***.502.010-**,CPF,2000.0,1,0.001174,
3,ANY ORTIZ,PP,135,ELIAN BETTIN GARCIA,***.416.550-**,CPF,2000.0,1,0.001174,
3,ANY ORTIZ,PP,136,FERNANDA DE SOUZA,***.634.950-**,CPF,2000.0,1,0.001174,
3,ANY ORTIZ,PP,137,FERNANDO BONDAN,***.620.100-**,CPF,2000.0,1,0.001174,
3,ANY ORTIZ,PP,138,GELSOMIR ANTONIO CARNIEL,***.222.750-**,CPF,2000.0,1,0.001174,
3,ANY ORTIZ,PP,139,GRACIANE SCHIO RIBEIRO AZEREDO,***.917.260-**,CPF,2000.0,1,0.001174,
3,ANY ORTIZ,PP,140,ITALIR JOSE GONCALVES,***.468.160-**,CPF,2000.0,1,0.001174,
3,ANY ORTIZ,PP,141,JAQUELINE ADRIANA FRANK,***.263.130-**,CPF,2000.0,1,0.001174,
3,ANY ORTIZ,PP,142,JOAO VALDIR DA SILVA,***.884.760-**,CPF,2000.0,1,0.001174,
3,ANY ORTIZ,PP,143,JORGE ALBERTO VIEIRA MULLER OBREGON,***.932.290-**,CPF,2000.0,1,0.001174,
3,ANY ORTIZ,PP,144,JOSIANE TORRES MAGALHAES,***.086.300-**,CPF,2000.0,1,0.001174,
3,ANY ORTIZ,PP,145,MAGDA APARECIDA LOPES MAGANO,***.907.610-**,CPF,2000.0,1,0.001174,
3,ANY ORTIZ,PP,146,MARIA HELENA BEVILAQUA DILL,***.018.120-**,CPF,2000.0,1,0.001174,
3,ANY ORTIZ,PP,147,MAURICIO ADRIANO GOEDEL,***.780.110-**,CPF,2000.0,1,0.001174,
3,ANY ORTIZ,PP,148,ORLANDO KLEIN,***.282.400-**,CPF,2000.0,1,0.001174,
3,ANY ORTIZ,PP,149,RICARDO SABINO DA SILVA,***.376.200-**,CPF,2000.0,1,0.001174,
3,ANY ORTIZ,PP,150,ROSANE BRANDAO MOTTA,***.549.640-**,CPF,2000.0,1,0.001174,
3,ANY ORTIZ,PP,151,SIMONE MACHADO,***.061.030-**,CPF,2000.0,1,0.001174,
3,ANY ORTIZ,PP,152,SINTIA MARIEL DE ALMEIDA,***.520.170-**,CPF,2000.0,1,0.001174,
3,ANY ORTIZ,PP,153,SIRLEI TERESINHA LOPES,***.878.060-**,CPF,2000.0,1,0.001174,
3,ANY ORTIZ,PP,154,TEREZA IRENE CURTOLO,***.870.078-**,CPF,2000.0,1,0.001174,
3,ANY ORTIZ,PP,155,UILIAM ANDREI CAMPAGNA,***.777.380-**,CPF,2000.0,1,0.001174,
3,ANY ORTIZ,PP,156,DANIELA DE MORAES KOWALSKI,***.751.390-**,CPF,1750.0,1,0.001027,
3,ANY ORTIZ,PP,157,DIEGO SCHNEIDER,***.796.970-**,CPF,1750.0,1,0.001027,
3,ANY ORTIZ,PP,158,EDELAR JOSE SAMUEL DO NASCIMENTO,***.378.600-**,CPF,1750.0,1,0.001027,
3,ANY ORTIZ,PP,159,ROSANA VELHO FARIA MOREIRA,***.540.100-**,CPF,1750.0,1,0.001027,
3,ANY ORTIZ,PP,160,VALQUIRIA POLLI,***.625.159-**,CPF,1750.0,1,0.001027,
3,ANY ORTIZ,PP,161,ELISANDRA VELEDA MELLO,***.065.640-**,CPF,1600.0,1,0.000939,
3,ANY ORTIZ,PP,162,FABIO AUGUSTO DA COSTA,***.340.130-**,CPF,1600.0,1,0.000939,
3,ANY ORTIZ,PP,163,ADRIANE REGOSO WESP,***.187.140-**,CPF,1500.0,1,0.00088,
3,ANY ORTIZ,PP,164,CLAUDIO JUNIOR DA SILVA,***.420.940-**,CPF,1500.0,1,0.00088,
3,ANY ORTIZ,PP,165,JAIR FRANCISCO ZORZANELLO,***.396.490-**,CPF,1500.0,1,0.00088,
3,ANY ORTIZ,PP,166,LORIVALDO SANHUDO BARCELOS,***.270.640-**,CPF,1500.0,1,0.00088,
3,ANY ORTIZ,PP,167,MARLON EZEQUIEL BENAZZI,***.924.420-**,CPF,1500.0,1,0.00088,
3,ANY ORTIZ,PP,168,ROBERTO TURRA,***.915.910-**,CPF,1500.0,1,0.00088,
3,ANY ORTIZ,PP,169,VALDECIR GNAS,***.069.710-**,CPF,1500.0,1,0.00088,
3,ANY ORTIZ,PP,170,VALDIR GROSBELLI,***.266.000-**,CPF,1500.0,1,0.00088,
3,ANY ORTIZ,PP,171,BOTCHA COMERCIO DE COMBUSTIVEIS LTDA,17.062.599/0001-90,CNPJ,1441.01,7,0.000846,
3,ANY ORTIZ,PP,172,PAOLA CHIARELLO,***.668.870-**,CPF,1400.0,1,0.000822,
3,ANY ORTIZ,PP,173,JOSE IVANES RAMOS SERPA,***.050.600-**,CPF,1300.0,1,0.000763,
3,ANY ORTIZ,PP,174,ELISETE DA SILVA HERMANN,***.826.800-**,CPF,1200.0,1,0.000704,
3,ANY ORTIZ,PP,175,DALILA BERGAMASCHI,***.029.770-**,CPF,1000.0,1,0.000587,
3,ANY ORTIZ,PP,176,LIDIANE PREUSS MARTINI,***.630.960-**,CPF,1000.0,1,0.000587,
3,ANY ORTIZ,PP,177,NILSON LUIS PANSSERA,***.225.750-**,CPF,1000.0,1,0.000587,
3,ANY ORTIZ,PP,178,FARINA - COMERCIO DE COMBUSTIVEIS E LUBRIFICANTES LTDA,18.518.668/0001-90,CNPJ,794.37,3,0.000466,
3,ANY ORTIZ,PP,179,ELIEL KAISER DIAS,***.882.570-**,CPF,650.0,1,0.000381,
3,ANY ORTIZ,PP,180,ELISANDRA DA SILVA JOSEFOVIS,***.621.459-**,CPF,500.0,1,0.000293,
3,ANY ORTIZ,PP,181,JACKSON TAWAN MOREIRA,***.698.400-**,CPF,500.0,1,0.000293,
3,ANY ORTIZ,PP,182,ROSANE FRITZEN,***.254.679-**,CPF,500.0,1,0.000293,
3,ANY ORTIZ,PP,183,POSTO AVENIDA BRASIL LTDA,28.150.570/0001-87,CNPJ,321.31,1,0.000189,
3,ANY ORTIZ,PP,184,POSTO CENTER LTDA,00.290.450/0001-66,CNPJ,317.96,1,0.000187,
3,ANY ORTIZ,PP,185,HOERLLE & ASSUMPCAO LTDA,21.921.645/0007-22,CNPJ,293.28,1,0.000172,
3,ANY ORTIZ,PP,186,MP POSTOS E LOGISTICA LTDA,23.448.964/0058-38,CNPJ,293.05,1,0.000172,
3,ANY ORTIZ,PP,187,AUTO POSTO CGP LTDA,08.178.768/0001-61,CNPJ,284.55,1,0.000167,
3,ANY ORTIZ,PP,188,COMERCIAL BUFFON COMBUSTIVEIS E TRANSPORTES LIMITADA,93.489.243/0074-71,CNPJ,284.14,1,0.000167,
3,ANY ORTIZ,PP,189,COMERCIO DE COMBUSTIVEIS RS 239 LTDA,48.476.903/0001-70,CNPJ,275.65,1,0.000162,
3,ANY ORTIZ,PP,190,LV COMBUSTIVEIS LTDA,40.418.237/0001-01,CNPJ,270.0,1,0.000158,
3,ANY ORTIZ,PP,191,POSTO DE COMBUSTIVEIS ABS LTDA,02.596.985/0001-95,CNPJ,250.0,1,0.000147,
3,ANY ORTIZ,PP,192,COMERCIO DE COMBUSTIVEIS DO CENTRO LTDA,04.642.623/0001-19,CNPJ,231.35,1,0.000136,
3,ANY ORTIZ,PP,193,IMPRESUL SERVICO GRAFICO E EDITORA LTDA,92.869.650/0013-20,CNPJ,147.0,1,8.6e-05,
3,ANY ORTIZ,PP,194,FELIPE CECHET LTDA,36.530.084/0001-12,CNPJ,100.0,1,5.9e-05,
4,BIBO NUNES,PL,1,IMPRESUL SERVICO GRAFICO E EDITORA LTDA,92.869.650/0001-96,CNPJ,359700.0,31,0.158985,
4,BIBO NUNES,PL,2,SPEED PROMOCIONAL INDUSTRIA DE BRINDES LTDA,15.115.234/0001-51,CNPJ,316806.5,25,0.140027,
4,BIBO NUNES,PL,3,NOSCHANG ARTES GRAFICAS LTDA,07.027.856/0001-08,CNPJ,314690.0,23,0.139091,
4,BIBO NUNES,PL,4,"PROPOSITO ASSESSORIA, CONSULTORIA E ESTRATEGIA INSTITUCIONAL LTDA",64.745.171/0001-22,CNPJ,156000.0,1,0.068951,
4,BIBO NUNES,PL,5,ELEICAO 2026 MARCIO ASSIS PATUSSI DEPUTADO ESTADUAL,68.345.863/0001-34,CNPJ,150000.0,1,0.066299,
4,BIBO NUNES,PL,6,ELEICAO 2026 DANIEL AIRES BORDIM DEPUTADO ESTADUAL,68.344.708/0001-01,CNPJ,100000.0,1,0.044199,
4,BIBO NUNES,PL,7,ELEICAO 2026 FABIANO FELTRIN DEPUTADO ESTADUAL,68.345.525/0001-00,CNPJ,100000.0,1,0.044199,
4,BIBO NUNES,PL,8,PONCHE VERDE SERVICOS LTDA,49.602.880/0001-65,CNPJ,65000.0,1,0.02873,
4,BIBO NUNES,PL,9,FACEBOOK SERVICOS ONLINE DO BRASIL LTDA.,13.347.016/0001-17,CNPJ,60000.0,3,0.02652,
4,BIBO NUNES,PL,10,JULIANO SOUTO DA SILVA,***.576.310-**,CPF,52000.0,1,0.022984,
4,BIBO NUNES,PL,11,AUTOLOCADORA LINCK & MELLO LTDA,09.146.749/0001-16,CNPJ,45420.0,5,0.020075,
4,BIBO NUNES,PL,12,TRANSTUR RS LOCACAO E TRANSPORTE LTDA,02.958.974/0001-08,CNPJ,35445.0,5,0.015666,
4,BIBO NUNES,PL,13,ELEICAO 2026 MARCO ANTONIO BAPTISTA ORSI JUNIOR DEPUTADO ESTADUAL,68.345.349/0001-07,CNPJ,15000.0,1,0.00663,
4,BIBO NUNES,PL,14,THAYSE WEBER,***.619.790-**,CPF,15000.0,1,0.00663,
4,BIBO NUNES,PL,15,DENISON BRINDES DE MELLO SOARES,***.452.330-**,CPF,14000.0,1,0.006188,
4,BIBO NUNES,PL,16,CENTENO & MENDES ASSESSORIA CONTABIL LTDA,25.053.197/0001-58,CNPJ,11067.67,1,0.004892,
4,BIBO NUNES,PL,17,CAMILA LESNIK AMORIM,***.939.280-**,CPF,10000.0,1,0.00442,
4,BIBO NUNES,PL,18,DE LIA PIRES ADVOGADOS,02.972.098/0001-74,CNPJ,10000.0,1,0.00442,
4,BIBO NUNES,PL,19,JOEL BITENCOURT SERRA,***.137.780-**,CPF,10000.0,1,0.00442,
4,BIBO NUNES,PL,20,PATRICIA LORANDI,***.598.610-**,CPF,10000.0,1,0.00442,
4,BIBO NUNES,PL,21,ADEILDO CAVALHEIRO ALVES,***.508.530-**,CPF,8530.0,1,0.00377,
4,BIBO NUNES,PL,22,PEDRO ANDRE ARENHARDT,***.843.390-**,CPF,8500.0,1,0.003757,
4,BIBO NUNES,PL,23,JAIR LUIS BACKES,***.786.790-**,CPF,8000.0,1,0.003536,
4,BIBO NUNES,PL,24,MARCELO CHAGAS DE ALMEIDA,***.830.370-**,CPF,8000.0,1,0.003536,
4,BIBO NUNES,PL,25,EVERTON LUIS GONCALVES,***.546.220-**,CPF,7000.0,1,0.003094,
4,BIBO NUNES,PL,26,STEPHANI RODRIGUES STEFFEN,***.281.870-**,CPF,7000.0,1,0.003094,
4,BIBO NUNES,PL,27,VINICIOS DE SOUZA,***.885.390-**,CPF,7000.0,1,0.003094,
4,BIBO NUNES,PL,28,JUSEPE TRANSPORTE PRIVATIVO LTDA,10.546.636/0001-97,CNPJ,6885.0,1,0.003043,
4,BIBO NUNES,PL,29,DAVI DOS REIS MUNIZ,***.807.930-**,CPF,6600.0,1,0.002917,
4,BIBO NUNES,PL,30,GUILHERME FAGUNDES DA SILVA,***.388.520-**,CPF,6600.0,1,0.002917,
4,BIBO NUNES,PL,31,GILBERTO ARION BATISTA,***.899.170-**,CPF,6500.0,1,0.002873,
4,BIBO NUNES,PL,32,ALEX DA SILVA BORGMANN,***.890.100-**,CPF,6000.0,1,0.002652,
4,BIBO NUNES,PL,33,CAMILA PALOSCHI FLORES,***.170.770-**,CPF,6000.0,1,0.002652,
4,BIBO NUNES,PL,34,NATALINO SARAPIO,***.207.680-**,CPF,6000.0,1,0.002652,
4,BIBO NUNES,PL,35,RAFAEL DA CRUZ,***.789.660-**,CPF,6000.0,1,0.002652,
4,BIBO NUNES,PL,36,RONILSON DOS SANTOS RAMOS,***.784.780-**,CPF,6000.0,1,0.002652,
4,BIBO NUNES,PL,37,VALDAIR DA ROCHA,***.500.779-**,CPF,6000.0,1,0.002652,
4,BIBO NUNES,PL,38,EDMARA PACHECO,***.574.850-**,CPF,5625.0,2,0.002486,
4,BIBO NUNES,PL,39,ALESSANDRA MONICA DE PAULA WEBER,***.835.100-**,CPF,5000.0,1,0.00221,
4,BIBO NUNES,PL,40,FABRICIO MOREIRA RODRIGUES,***.617.430-**,CPF,5000.0,1,0.00221,
4,BIBO NUNES,PL,41,FERNANDA LARREIA FLORES,***.826.500-**,CPF,5000.0,1,0.00221,
4,BIBO NUNES,PL,42,HELENA MARISA VELHO,***.316.040-**,CPF,5000.0,2,0.00221,
4,BIBO NUNES,PL,43,JESUS RODRIGUES,***.102.400-**,CPF,5000.0,1,0.00221,
4,BIBO NUNES,PL,44,SELENE BALLESTER ALVES,***.748.660-**,CPF,5000.0,1,0.00221,
4,BIBO NUNES,PL,45,TATIANE DA SILVA MARQUES,***.675.430-**,CPF,5000.0,1,0.00221,
4,BIBO NUNES,PL,46,CESAR ALFREDO DOS SANTOS STEINMETZ,***.002.450-**,CPF,4500.0,1,0.001989,
4,BIBO NUNES,PL,47,EDER FABRICIO CAMPOS DA ROSA,***.488.590-**,CPF,4250.0,1,0.001878,
4,BIBO NUNES,PL,48,PATRICIA DE OLIVEIRA ELOY DA SILVA,***.403.790-**,CPF,4250.0,1,0.001878,
4,BIBO NUNES,PL,49,VANETE DE OLIVEIRA ELOY,***.354.710-**,CPF,4250.0,1,0.001878,
4,BIBO NUNES,PL,50,EDVALDO XAVIER GOMES,***.104.109-**,CPF,4000.0,1,0.001768,
4,BIBO NUNES,PL,51,IRIS BEATRIZ MARQUES CAVALHEIRO,***.924.690-**,CPF,4000.0,1,0.001768,
4,BIBO NUNES,PL,52,JORGE COLARES FARA,***.815.190-**,CPF,4000.0,1,0.001768,
4,BIBO NUNES,PL,53,MARCIA PITREZ KRIEGER,***.373.940-**,CPF,4000.0,1,0.001768,
4,BIBO NUNES,PL,54,NATAL HELLER ANDRIOTTI,***.507.420-**,CPF,4000.0,1,0.001768,
4,BIBO NUNES,PL,55,NILO FERNANDO FERNANDES,***.310.400-**,CPF,4000.0,1,0.001768,
4,BIBO NUNES,PL,56,PEDRO LEAO PANZIERA DE SOUZA,***.102.160-**,CPF,4000.0,1,0.001768,
4,BIBO NUNES,PL,57,AIRTO DA SILVA,***.194.970-**,CPF,3000.0,1,0.001326,
4,BIBO NUNES,PL,58,DOUG ADESIVOS LTDA,20.725.439/0001-99,CNPJ,3000.0,1,0.001326,
4,BIBO NUNES,PL,59,JAMES DOS REIS KOWALSKI,***.376.390-**,CPF,3000.0,1,0.001326,
4,BIBO NUNES,PL,60,LAURA LOBATO RODRIGUEZ,***.612.040-**,CPF,3000.0,1,0.001326,
4,BIBO NUNES,PL,61,MATEUS DE MEDEIROS SABOLESKI,***.724.240-**,CPF,3000.0,1,0.001326,
4,BIBO NUNES,PL,62,PAULO CESAR FERNANDES DE OLIVEIRA,***.741.670-**,CPF,3000.0,1,0.001326,
4,BIBO NUNES,PL,63,ROSANGELA MARTINS DA LUZ,***.535.750-**,CPF,3000.0,1,0.001326,
4,BIBO NUNES,PL,64,MARCO ANTONIO DA SILVA CORREA,***.660.730-**,CPF,2900.0,1,0.001282,
4,BIBO NUNES,PL,65,JANAINA DE MORAIS GULARTE,***.125.990-**,CPF,2880.0,1,0.001273,
4,BIBO NUNES,PL,66,PAULO PEREIRA PINTO,***.976.810-**,CPF,2600.0,1,0.001149,
4,BIBO NUNES,PL,67,JOSE VENICIO DE SOUZA,***.239.310-**,CPF,2550.0,1,0.001127,
4,BIBO NUNES,PL,68,AMARILDO FERNANDES CAMARGO,***.542.700-**,CPF,2500.0,1,0.001105,
4,BIBO NUNES,PL,69,AMARILZA MACHADO DE AZEVEDO,***.316.490-**,CPF,2500.0,1,0.001105,
4,BIBO NUNES,PL,70,ANDREIA DOS SANTOS GONCALVES,***.162.490-**,CPF,2500.0,1,0.001105,
4,BIBO NUNES,PL,71,CARINA DOS REIS DO AMARAL,***.177.110-**,CPF,2500.0,1,0.001105,
4,BIBO NUNES,PL,72,CARINE MESOMO,***.043.780-**,CPF,2500.0,1,0.001105,
4,BIBO NUNES,PL,73,CECILIA BORGES DE OLIVEIRA,***.599.600-**,CPF,2500.0,1,0.001105,
4,BIBO NUNES,PL,74,GABRIELA MEDEIROS DE MATOS,***.443.540-**,CPF,2500.0,1,0.001105,
4,BIBO NUNES,PL,75,JADER LUIS PEREIRA DE MEDEIROS,***.006.590-**,CPF,2500.0,1,0.001105,
4,BIBO NUNES,PL,76,JESSICA MONTEIRO DA SILVA,***.276.690-**,CPF,2500.0,1,0.001105,
4,BIBO NUNES,PL,77,JULIANA MENDONCA MOREIRA,***.612.810-**,CPF,2500.0,1,0.001105,
4,BIBO NUNES,PL,78,MAGDA DENISE SANTOS DA ROSA RODRIGUES,***.721.900-**,CPF,2500.0,1,0.001105,
4,BIBO NUNES,PL,79,MARIA EUGENIA BRITO DA SILVA,***.980.980-**,CPF,2500.0,1,0.001105,
4,BIBO NUNES,PL,80,MELISSA CAMPAGNOLO ANTUNES,***.073.549-**,CPF,2500.0,1,0.001105,
4,BIBO NUNES,PL,81,MIGUEL VELHO DA CRUZ,***.008.440-**,CPF,2500.0,1,0.001105,
4,BIBO NUNES,PL,82,NADIA ROSANE LUCAS DA ROSA,***.931.250-**,CPF,2500.0,1,0.001105,
4,BIBO NUNES,PL,83,NATALIA COSTA,***.657.990-**,CPF,2500.0,1,0.001105,
4,BIBO NUNES,PL,84,RAFAEL SARTURI,***.151.880-**,CPF,2500.0,1,0.001105,
4,BIBO NUNES,PL,85,RICARDO MIOTTI DOS SANTOS,***.799.560-**,CPF,2500.0,1,0.001105,
4,BIBO NUNES,PL,86,TALITA ERNANDES KOWALSKI,***.507.320-**,CPF,2500.0,1,0.001105,
4,BIBO NUNES,PL,87,YURI LUIZ KUCHARSKI,***.163.900-**,CPF,2500.0,1,0.001105,
4,BIBO NUNES,PL,88,EDSON GOES DOS SANTOS,***.138.875-**,CPF,2400.0,1,0.001061,
4,BIBO NUNES,PL,89,JARBAS SOUZA GONCALVES,***.466.840-**,CPF,2400.0,1,0.001061,
4,BIBO NUNES,PL,90,WILSON ABASCAL PASTORINI,***.010.340-**,CPF,2400.0,1,0.001061,
4,BIBO NUNES,PL,91,ELIZANDRA DOS SANTOS RODRIGUES,***.174.120-**,CPF,2300.0,1,0.001017,
4,BIBO NUNES,PL,92,LA HUR SOUZA MARQUES,***.474.440-**,CPF,2300.0,1,0.001017,
4,BIBO NUNES,PL,93,MIRIAN DAIANE CONTESSA GRIPA,***.616.790-**,CPF,2300.0,1,0.001017,
4,BIBO NUNES,PL,94,JORGE ANTONIO CORREA FERREIRA,***.124.630-**,CPF,2100.0,1,0.000928,
4,BIBO NUNES,PL,95,DELMAR DE MELLO,***.839.640-**,CPF,2040.0,1,0.000902,
4,BIBO NUNES,PL,96,GABRIEL FERREIRA DA SILVA,***.025.130-**,CPF,2040.0,1,0.000902,
4,BIBO NUNES,PL,97,NICOLLAS BRASIL MEDEIROS,***.146.820-**,CPF,2040.0,1,0.000902,
4,BIBO NUNES,PL,98,NOLI MENDES DE OLIVEIRA,***.766.820-**,CPF,2040.0,1,0.000902,
4,BIBO NUNES,PL,99,PAULO DE MELLO,***.413.820-**,CPF,2040.0,1,0.000902,
4,BIBO NUNES,PL,100,ELISANDRA DE OLIVEIRA,***.381.570-**,CPF,2000.0,1,0.000884,
4,BIBO NUNES,PL,101,GENECIR DIAS VARGAS,***.054.310-**,CPF,2000.0,1,0.000884,
4,BIBO NUNES,PL,102,JULIANO LOPES DA SILVA,***.019.140-**,CPF,2000.0,1,0.000884,
4,BIBO NUNES,PL,103,KATIELI LANGE DA SILVA,***.840.830-**,CPF,2000.0,1,0.000884,
4,BIBO NUNES,PL,104,LUIZ CARLOS GOULART DORNELES,***.118.700-**,CPF,2000.0,1,0.000884,
4,BIBO NUNES,PL,105,MARIA JUSSANI DOS SANTOS,***.008.700-**,CPF,2000.0,1,0.000884,
4,BIBO NUNES,PL,106,REGINALDO VIEIRADAPAZ,***.882.500-**,CPF,2000.0,1,0.000884,
4,BIBO NUNES,PL,107,SIRLEI HERPICH,***.701.300-**,CPF,2000.0,1,0.000884,
4,BIBO NUNES,PL,108,VILMAR SILVA DE SOUZA,***.671.840-**,CPF,2000.0,1,0.000884,
4,BIBO NUNES,PL,109,LAURA RODRIGUES STEFFEN,***.167.280-**,CPF,1900.0,1,0.00084,
4,BIBO NUNES,PL,110,BENIGNA FEHNDRICH,***.400.230-**,CPF,1890.0,1,0.000835,
4,BIBO NUNES,PL,111,ENIO SEBASTIAO DA SILVEIRA ANTUNES,***.799.800-**,CPF,1890.0,1,0.000835,
4,BIBO NUNES,PL,112,JOSE NICOLINI,***.426.780-**,CPF,1890.0,1,0.000835,
4,BIBO NUNES,PL,113,LUCAS CORTES DA SILVA,***.975.350-**,CPF,1890.0,1,0.000835,
4,BIBO NUNES,PL,114,ROBERTA INDIARA FLORES,***.469.280-**,CPF,1890.0,1,0.000835,
4,BIBO NUNES,PL,115,GABRIEL CARRABBA JARDIM,***.558.100-**,CPF,1800.0,1,0.000796,
4,BIBO NUNES,PL,116,ISMAEL OLIVEIRA,***.076.910-**,CPF,1800.0,1,0.000796,
4,BIBO NUNES,PL,117,RENAN DE PAULA FRANCISCO,***.195.120-**,CPF,1750.0,1,0.000773,
4,BIBO NUNES,PL,118,DONIZETE CIRZO JARDIM,***.039.198-**,CPF,1700.0,1,0.000751,
4,BIBO NUNES,PL,119,BERTHY GERARDO RENDON RIOS,***.343.731-**,CPF,1610.0,1,0.000712,
4,BIBO NUNES,PL,120,ZONEIBLE DE LIMA SOUTO,***.914.150-**,CPF,1540.0,1,0.000681,
4,BIBO NUNES,PL,121,DIOGO GOMES CARVALHO,***.180.700-**,CPF,1500.0,1,0.000663,
4,BIBO NUNES,PL,122,SUL DESIGN COMUNICACAO VISUAL LTDA,11.334.969/0001-15,CNPJ,1490.0,2,0.000659,
4,BIBO NUNES,PL,123,EMERSON LACERDA CORDEIRO,***.875.330-**,CPF,1400.0,1,0.000619,
4,BIBO NUNES,PL,124,MARCOS ANTONIO FERREIRA,***.688.410-**,CPF,1350.0,1,0.000597,
4,BIBO NUNES,PL,125,FLAVIA FERREIRA DE MENEZES,***.368.810-**,CPF,1290.0,1,0.00057,
4,BIBO NUNES,PL,126,WILLIAN RAFAEL RIBEIRO DE FREITAS,***.551.060-**,CPF,1250.0,1,0.000552,
4,BIBO NUNES,PL,127,CLEO VARGAS DA SILVA,***.767.540-**,CPF,1200.0,1,0.00053,
4,BIBO NUNES,PL,128,JOSE OLDIVINO DA SILVA,***.679.960-**,CPF,1200.0,1,0.00053,
4,BIBO NUNES,PL,129,MARIA JOSE DORNELES,***.482.780-**,CPF,1200.0,1,0.00053,
4,BIBO NUNES,PL,130,MARLENE APARECIDA DA SILVA FONSECA,***.679.550-**,CPF,1200.0,1,0.00053,
4,BIBO NUNES,PL,131,MATHEUS ROCHA DE ALMEIDA MORALES,***.862.020-**,CPF,1200.0,1,0.00053,
4,BIBO NUNES,PL,132,SABRINA DE OLIVEIRA GUIMARÃES,***.967.500-**,CPF,1200.0,1,0.00053,
4,BIBO NUNES,PL,133,VINICIUS LUCIANO DA ROSA ALVES,***.264.670-**,CPF,1200.0,1,0.00053,
4,BIBO NUNES,PL,134,DIEGO AUGUSTO CRISTINO DE MATOS,***.579.580-**,CPF,1150.0,1,0.000508,
4,BIBO NUNES,PL,135,KLAYTON GRABOSKI DA SILVA,***.116.690-**,CPF,1100.0,1,0.000486,
4,BIBO NUNES,PL,136,TELMO SILVA LIMA,***.581.070-**,CPF,1040.0,1,0.00046,
4,BIBO NUNES,PL,137,JOAO PEDRO SEFRIN,***.766.760-**,CPF,1000.0,1,0.000442,
4,BIBO NUNES,PL,138,LUCIANE GOMES SCHMIDT,***.038.470-**,CPF,1000.0,1,0.000442,
4,BIBO NUNES,PL,139,SIDNEI PINTO RIBEIRO,***.158.570-**,CPF,1000.0,1,0.000442,
4,BIBO NUNES,PL,140,RAQUEL SANTOS DA SILVA,***.524.300-**,CPF,980.0,1,0.000433,
4,BIBO NUNES,PL,141,MERCADO IRMAOS THOME LTDA,01.961.781/0001-43,CNPJ,945.12,1,0.000418,
4,BIBO NUNES,PL,142,ANDREY MEDEIROS CHALMES DA SILVA,***.890.560-**,CPF,910.0,1,0.000402,
4,BIBO NUNES,PL,143,EDUARDO HINSCHE BECKER,***.513.700-**,CPF,900.0,1,0.000398,
4,BIBO NUNES,PL,144,ELTON JUNIOR FLORES,***.614.530-**,CPF,900.0,1,0.000398,
4,BIBO NUNES,PL,145,LUAN DANIEL OLAZ DE LEMOS,***.607.400-**,CPF,900.0,1,0.000398,
4,BIBO NUNES,PL,146,VERANI DE LIMA SCHMITZ,***.830.810-**,CPF,900.0,1,0.000398,
4,BIBO NUNES,PL,147,ALANYS DOS SANTOS,***.319.880-**,CPF,840.0,1,0.000371,
4,BIBO NUNES,PL,148,CARINA DE OLIVEIRA SANTOS SILVA,***.428.970-**,CPF,840.0,1,0.000371,
4,BIBO NUNES,PL,149,GUILHERME SILVEIRA WOLFF,***.433.600-**,CPF,840.0,1,0.000371,
4,BIBO NUNES,PL,150,SAMANTHA SILVA ANTQUEVIEZC,***.360.490-**,CPF,840.0,1,0.000371,
4,BIBO NUNES,PL,151,VALDEMIR DE ALMEIDA,***.336.760-**,CPF,840.0,1,0.000371,
4,BIBO NUNES,PL,152,GABRIEL DOS PASSOS LEMOS,***.211.220-**,CPF,825.0,1,0.000365,
4,BIBO NUNES,PL,153,JEFFERSON PEREIRA DA SILVA,***.666.940-**,CPF,800.0,1,0.000354,
4,BIBO NUNES,PL,154,SIMONE RIBEIRO FREITAS,***.618.240-**,CPF,800.0,1,0.000354,
4,BIBO NUNES,PL,155,JORGE LUIZ JUNGES,***.561.110-**,CPF,750.0,1,0.000331,Documento exibido pelo TSE não passa na verificação de dígitos
4,BIBO NUNES,PL,156,GUILHERME BREISLLER DA SILVA,***.786.070-**,CPF,730.0,1,0.000323,
4,BIBO NUNES,PL,157,ADRIANE SANTOS ARAUJO,***.675.880-**,CPF,700.0,1,0.000309,
4,BIBO NUNES,PL,158,CIRIA CAMARGO DA SILVA,***.166.650-**,CPF,700.0,1,0.000309,
4,BIBO NUNES,PL,159,GILMAR MOREL MOREIRA,***.598.970-**,CPF,700.0,1,0.000309,
4,BIBO NUNES,PL,160,JULIANO FERRAZ VARGAS,***.372.020-**,CPF,700.0,1,0.000309,
4,BIBO NUNES,PL,161,VANESSA COLPES DA COSTA,***.277.730-**,CPF,700.0,1,0.000309,
4,BIBO NUNES,PL,162,COLOR EXPRESS LTDA,16.714.427/0001-91,CNPJ,690.0,1,0.000305,
4,BIBO NUNES,PL,163,ELAINE CARVALHO OLIVEIRA,***.537.370-**,CPF,675.0,1,0.000298,
4,BIBO NUNES,PL,164,GUSTAVO CAVALHEIRO DA ROSA,***.226.510-**,CPF,675.0,1,0.000298,
4,BIBO NUNES,PL,165,ISMAEL DA SILVA MORAIS,***.559.290-**,CPF,675.0,1,0.000298,
4,BIBO NUNES,PL,166,MANOEL HENRIQUE DA SILVA,***.967.360-**,CPF,675.0,1,0.000298,
4,BIBO NUNES,PL,167,ODILA BALTEZAN FERREIRA,***.760.900-**,CPF,675.0,1,0.000298,
4,BIBO NUNES,PL,168,VITORIA BITENCOURT COSTA,***.817.030-**,CPF,675.0,1,0.000298,
4,BIBO NUNES,PL,169,LUIZ ALBERI DA SILVA MOREIRA,***.473.400-**,CPF,615.0,1,0.000272,
4,BIBO NUNES,PL,170,MAURICIO FREITAS PEREIRA,***.050.460-**,CPF,565.0,1,0.00025,
4,BIBO NUNES,PL,171,JESSICA MEDEIROS DA CRUZ,***.941.790-**,CPF,560.0,1,0.000248,
4,BIBO NUNES,PL,172,JULIA SCHIMITT FAGUNDES,***.111.110-**,CPF,560.0,1,0.000248,
4,BIBO NUNES,PL,173,SINARA ROSA RIBARSCZKI,***.498.800-**,CPF,560.0,1,0.000248,
4,BIBO NUNES,PL,174,CLEUZA TEREZINHA SANTANA GOULART ALVES,***.282.880-**,CPF,545.0,1,0.000241,
4,BIBO NUNES,PL,175,ALMIRANTE GARCIA DA SILVA,***.007.400-**,CPF,525.0,1,0.000232,
4,BIBO NUNES,PL,176,CLEITON GUEDES DE OLIVEIRA,***.555.100-**,CPF,525.0,1,0.000232,
4,BIBO NUNES,PL,177,FABIANA MACHADO ALVES,***.226.440-**,CPF,525.0,1,0.000232,
4,BIBO NUNES,PL,178,NARA GECILDA RAMBOR,***.972.560-**,CPF,525.0,1,0.000232,
4,BIBO NUNES,PL,179,PAULO ECIR RIBAS BITENCOURT,***.505.700-**,CPF,525.0,1,0.000232,
4,BIBO NUNES,PL,180,SUELEN CRISTIANE QUADRI,***.626.810-**,CPF,525.0,1,0.000232,
4,BIBO NUNES,PL,181,SUELLEN SOARES,***.264.840-**,CPF,525.0,1,0.000232,
4,BIBO NUNES,PL,182,CONCEICAO DE LOURDES COELHO,***.466.100-**,CPF,500.0,1,0.000221,
4,BIBO NUNES,PL,183,DIANA SALETE ZELESKI,***.645.010-**,CPF,500.0,1,0.000221,
4,BIBO NUNES,PL,184,ENIO DA ROSA SOUCHIE,***.664.920-**,CPF,500.0,1,0.000221,
4,BIBO NUNES,PL,185,JOAO CARLOS SECKLER,***.138.030-**,CPF,500.0,1,0.000221,
4,BIBO NUNES,PL,186,KARIN FORTINI JUNG,***.554.010-**,CPF,500.0,1,0.000221,
4,BIBO NUNES,PL,187,MARIO JORGE SAVANHAGO,***.932.920-**,CPF,500.0,1,0.000221,
4,BIBO NUNES,PL,188,MARTA CONCEICAO DA ROSA,***.690.290-**,CPF,500.0,1,0.000221,
4,BIBO NUNES,PL,189,NAYANE LIMA VIEIRA,***.738.730-**,CPF,453.0,1,0.0002,
4,BIBO NUNES,PL,190,CARLA ELAINE FELIX DOS SANTOS,***.752.830-**,CPF,420.0,1,0.000186,
4,BIBO NUNES,PL,191,FRANCELLE ISABEL RODRIGUES DE SOUZA,***.225.610-**,CPF,420.0,1,0.000186,
4,BIBO NUNES,PL,192,JOCIMAR FLORES DOS SANTOS,***.700.760-**,CPF,420.0,1,0.000186,
4,BIBO NUNES,PL,193,THAIS DE SOUZA SILVANO,***.477.500-**,CPF,420.0,1,0.000186,
4,BIBO NUNES,PL,194,VALDOMIRO MACHADO DA ROSA,***.090.940-**,CPF,420.0,1,0.000186,
4,BIBO NUNES,PL,195,GUSTAVO DE PAULA BUENO DA ROCHA,***.182.730-**,CPF,400.0,1,0.000177,
4,BIBO NUNES,PL,196,GIOVANA XIMENDES RODRIGUES,***.288.150-**,CPF,390.0,1,0.000172,
4,BIBO NUNES,PL,197,VALENTYNI JANKE BIDEMARDE,***.580.440-**,CPF,350.0,1,0.000155,
4,BIBO NUNES,PL,198,FERNANDA DA SILVA GARCIA,***.184.520-**,CPF,300.0,1,0.000133,
4,BIBO NUNES,PL,199,FLAVIA NERY SCHMITZ,***.312.100-**,CPF,280.0,1,0.000124,
4,BIBO NUNES,PL,200,LUCIANE COSTA DA SILVA,***.841.180-**,CPF,280.0,1,0.000124,
4,BIBO NUNES,PL,201,BRUNA VASCONCELLOS DE MELLO,***.065.940-**,CPF,210.0,1,9.3e-05,
4,BIBO NUNES,PL,202,LAURA LEMES FERREIRA,***.341.790-**,CPF,210.0,1,9.3e-05,
4,BIBO NUNES,PL,203,EDUARDO PONTES COSTA,***.191.020-**,CPF,150.0,1,6.6e-05,
4,BIBO NUNES,PL,204,JULIANA GOMES CHIABOTE,***.012.410-**,CPF,150.0,1,6.6e-05,
4,BIBO NUNES,PL,205,"ENCARGOS FINANCEIROS, TAXAS BANCÁRIAS E/OU OP. CARTÃO DE CRÉDITO",,,71.0,6,3.1e-05,
4,BIBO NUNES,PL,206,ADRIANA WALTER DA SILVA,***.665.540-**,CPF,70.0,1,3.1e-05,
4,BIBO NUNES,PL,207,BRUNA SILVA DE OLIVEIRA,***.554.600-**,CPF,70.0,1,3.1e-05,
4,BIBO NUNES,PL,208,JULIA FERREIRA DOS SANTOS,***.706.480-**,CPF,70.0,1,3.1e-05,
4,BIBO NUNES,PL,209,MAIRA ISAURA DE OLIVEIRA,***.865.810-**,CPF,70.0,1,3.1e-05,
4,BIBO NUNES,PL,210,ALCERI DE OLIVEIRA CORREA,***.992.530-**,CPF,1.0,1,0.0,
4,BIBO NUNES,PL,211,ALEF BERTONI FREITAS,***.133.770-**,CPF,1.0,1,0.0,
4,BIBO NUNES,PL,212,ALEXANDRE DA SILVA LUCAS,***.513.040-**,CPF,1.0,1,0.0,
4,BIBO NUNES,PL,213,ANDRIELLY GODOY DE OLIVEIRA,***.711.190-**,CPF,1.0,1,0.0,
4,BIBO NUNES,PL,214,CLEDIR PEDROSO COSTA,***.508.970-**,CPF,1.0,1,0.0,
4,BIBO NUNES,PL,215,CÍNTIA LIMA DOS SANTOS,***.408.476-**,CPF,1.0,1,0.0,Documento exibido pelo TSE não passa na verificação de dígitos
4,BIBO NUNES,PL,216,ELLEN NUNES DA SILVA,***.353.350-**,CPF,1.0,1,0.0,
4,BIBO NUNES,PL,217,ELOI SPOHR,***.380.410-**,CPF,1.0,1,0.0,
4,BIBO NUNES,PL,218,EVILLYN GODOY DE SOUZA,***.875.860-**,CPF,1.0,1,0.0,
4,BIBO NUNES,PL,219,FABIANE DE ARRUDA PEREIRA,***.371.410-**,CPF,1.0,1,0.0,
4,BIBO NUNES,PL,220,ILESIO VANDERLEI DA ROSA,***.239.310-**,CPF,1.0,1,0.0,
4,BIBO NUNES,PL,221,JOAQUIM JOAO URBANSKI,***.890.590-**,CPF,1.0,1,0.0,
4,BIBO NUNES,PL,222,JOSEANE BRUM DOS SANTOS,***.726.080-**,CPF,1.0,1,0.0,
4,BIBO NUNES,PL,223,JOSIANE FERRAZ DE SOUZA,***.567.630-**,CPF,1.0,1,0.0,
4,BIBO NUNES,PL,224,JULCI LOPES CAETANO,***.958.400-**,CPF,1.0,1,0.0,
4,BIBO NUNES,PL,225,JULIANA CASTANHO DE OLIVEIRA,***.987.320-**,CPF,1.0,1,0.0,
4,BIBO NUNES,PL,226,LUIZ FELIPE CARDOSO BRANDES,***.740.390-**,CPF,1.0,1,0.0,
4,BIBO NUNES,PL,227,MARA RUBIA DA FONTOURA,***.350.210-**,CPF,1.0,1,0.0,
4,BIBO NUNES,PL,228,MARCELA RODRIGUES NUNES,***.136.190-**,CPF,1.0,1,0.0,
4,BIBO NUNES,PL,229,MARCO AURELIO SOARES CARATTI,***.356.990-**,CPF,1.0,1,0.0,
4,BIBO NUNES,PL,230,MARIA ISABEL SILVA DOS SANTOS,***.145.950-**,CPF,1.0,1,0.0,
4,BIBO NUNES,PL,231,TAINA MARIA DA SILVA,***.583.930-**,CPF,1.0,1,0.0,
5,BOHN GASS,PT,1,BRUNO BECKER SCHNEIDER,32.300.836/0001-06,CNPJ,146040.0,33,0.101066,
5,BOHN GASS,PT,2,FACEBOOK SERVICOS ONLINE DO BRASIL LTDA.,13.347.016/0001-17,CNPJ,109000.0,5,0.075433,
5,BOHN GASS,PT,3,FOLHA COMUNICACAO VISUAL LTDA,50.894.599/0001-22,CNPJ,91240.0,29,0.063142,
5,BOHN GASS,PT,4,ELEICAO 2026 JEFERSON OLIVEIRA FERNANDES DEPUTADO ESTADUAL,68.312.667/0001-63,CNPJ,82500.0,3,0.057094,
5,BOHN GASS,PT,5,ELEICAO 2026 GILBERTO JOSE SPIER VARGAS DEPUTADO ESTADUAL,68.312.600/0001-29,CNPJ,55000.0,2,0.038062,
5,BOHN GASS,PT,6,ELEICAO 2026 MIGUEL SOLDATELLI ROSSETTO DEPUTADO ESTADUAL,68.312.611/0001-09,CNPJ,55000.0,2,0.038062,
5,BOHN GASS,PT,7,ELEICAO 2026 SOFIA CAVEDON NUNES DEPUTADO ESTADUAL,68.312.631/0001-80,CNPJ,50000.0,2,0.034602,
5,BOHN GASS,PT,8,ELEICAO 2026 JOSE SIDNEY NUNES DE ALMEIDA DEPUTADO ESTADUAL,68.312.647/0001-92,CNPJ,35000.0,2,0.024221,
5,BOHN GASS,PT,9,NUMEM NEGOCIOS E SOLUCOES EMPRESARIAIS LTDA,49.636.141/0001-94,CNPJ,33000.0,1,0.022837,
5,BOHN GASS,PT,10,ELEICAO 2026 TADEU MARQUES RODRIGUES DEPUTADO ESTADUAL,68.312.538/0001-75,CNPJ,30000.0,2,0.020761,
5,BOHN GASS,PT,11,KRUEL & JURACH LTDA,26.745.765/0001-44,CNPJ,25503.0,3,0.017649,
5,BOHN GASS,PT,12,MOSS UNIFORMES E BRINDES PERSONALIZADOS LTDA,61.135.041/0001-80,CNPJ,24120.0,6,0.016692,
5,BOHN GASS,PT,13,ELEICAO 2026 LELIO NUNES LOPES FILHO DEPUTADO ESTADUAL,68.312.542/0001-33,CNPJ,20000.0,2,0.013841,
5,BOHN GASS,PT,14,ELEICAO 2026 CLEONICE FABIANE BACK DEPUTADO ESTADUAL,68.312.527/0001-95,CNPJ,18000.0,3,0.012457,
5,BOHN GASS,PT,15,HUMBERTO PERSCH,***.091.230-**,CPF,12000.0,1,0.008305,
5,BOHN GASS,PT,16,JOSE SAMUEL DA SILVA SANTOS,***.234.420-**,CPF,12000.0,1,0.008305,
5,BOHN GASS,PT,17,LUIZA DAROS GERARDI,***.726.140-**,CPF,12000.0,1,0.008305,
5,BOHN GASS,PT,18,MARIANA DA SILVA BOARDMAN GOMES,***.914.570-**,CPF,12000.0,1,0.008305,
5,BOHN GASS,PT,19,TIAGO IVAN SBARDELOTTO,***.952.480-**,CPF,12000.0,1,0.008305,
5,BOHN GASS,PT,20,MARCELO MARINE ALACARINI,***.434.960-**,CPF,11000.0,1,0.007612,
5,BOHN GASS,PT,21,CICERO OMAR DA SILVA,***.334.390-**,CPF,10000.0,1,0.00692,
5,BOHN GASS,PT,22,DEISE SCHACHT DOS SANTOS,***.703.380-**,CPF,10000.0,1,0.00692,
5,BOHN GASS,PT,23,ELEICAO 2026 ALEXANDRE BUBLITZ DEPUTADO ESTADUAL,68.312.539/0001-10,CNPJ,10000.0,2,0.00692,
5,BOHN GASS,PT,24,NADIR DE AGUIAR,***.693.420-**,CPF,10000.0,1,0.00692,
5,BOHN GASS,PT,25,NATALIA OLIVEIRA CORREA DA SILVA,***.377.569-**,CPF,10000.0,1,0.00692,
5,BOHN GASS,PT,26,VALERIA AMARAL DA SILVA,***.307.950-**,CPF,10000.0,1,0.00692,
5,BOHN GASS,PT,27,VARINIA SILVA LADO,***.850.490-**,CPF,10000.0,1,0.00692,
5,BOHN GASS,PT,28,SOENI MARGARETE DE OLIVEIRA DE SOUZA,***.611.900-**,CPF,8650.0,1,0.005986,
5,BOHN GASS,PT,29,ELEMILSON MOURA DE BARROS,***.497.170-**,CPF,8500.0,1,0.005882,
5,BOHN GASS,PT,30,ELIANDRO RODOLFIANO CONCEICAO,***.271.170-**,CPF,8150.0,1,0.00564,
5,BOHN GASS,PT,31,BIBIANA BRESOLIN BENEDET,***.827.550-**,CPF,8000.0,1,0.005536,
5,BOHN GASS,PT,32,ELEICAO 2026 LEONARDO DA COSTA SILVA DEPUTADO ESTADUAL,68.312.543/0001-88,CNPJ,8000.0,1,0.005536,
5,BOHN GASS,PT,33,TIAGO MAIA DOS SANTOS,***.245.920-**,CPF,8000.0,1,0.005536,
5,BOHN GASS,PT,34,DANIELE OLIVEIRA FERNANDES,***.334.160-**,CPF,7000.0,1,0.004844,
5,BOHN GASS,PT,35,LUIZ CARLOS LUDTKE,***.544.780-**,CPF,7000.0,1,0.004844,
5,BOHN GASS,PT,36,AUTO POSTO EXPEDICIONARIO LTDA,04.265.280/0001-10,CNPJ,6626.08,5,0.004586,
5,BOHN GASS,PT,37,ADIANI DA SILVA,***.747.550-**,CPF,6000.0,1,0.004152,
5,BOHN GASS,PT,38,CELIA FUSIEGER,***.226.900-**,CPF,6000.0,1,0.004152,
5,BOHN GASS,PT,39,JONATHAN FREITAS,***.344.220-**,CPF,6000.0,1,0.004152,
5,BOHN GASS,PT,40,MAICON MAURICIO LOPES,***.490.490-**,CPF,6000.0,1,0.004152,
5,BOHN GASS,PT,41,OSCAR TOMAZ FIGUEREDO FERNANDEZ,***.185.610-**,CPF,6000.0,1,0.004152,
5,BOHN GASS,PT,42,RAFAELA ANDRADE DE MOURA,***.812.060-**,CPF,6000.0,1,0.004152,
5,BOHN GASS,PT,43,GRACIELA RODRIGUEZ DELGADO,***.184.550-**,CPF,5400.0,1,0.003737,
5,BOHN GASS,PT,44,REGIS ROBERTO MACHADO BONMANN,***.919.120-**,CPF,5400.0,1,0.003737,
5,BOHN GASS,PT,45,ADAO ANTUNES DA SILVA,***.197.230-**,CPF,5000.0,1,0.00346,
5,BOHN GASS,PT,46,DANIEL CARLOS SCHWANCK,***.124.130-**,CPF,5000.0,1,0.00346,
5,BOHN GASS,PT,47,DANIEL FERNANDO RIBEIRO,***.278.559-**,CPF,5000.0,1,0.00346,
5,BOHN GASS,PT,48,DJAVAN GUEVARA DE ALMEIDA,***.454.200-**,CPF,5000.0,1,0.00346,
5,BOHN GASS,PT,49,ELEICAO 2026 MARCELO CORDEIRO DEPUTADO ESTADUAL,68.312.706/0001-22,CNPJ,5000.0,2,0.00346,
5,BOHN GASS,PT,50,ELIESER CHITTO,***.341.370-**,CPF,5000.0,1,0.00346,
5,BOHN GASS,PT,51,JETER PAZ MENDES FERREIRA,***.923.000-**,CPF,5000.0,1,0.00346,
5,BOHN GASS,PT,52,JOAO PEDRO COUGO SOARES,***.166.070-**,CPF,5000.0,1,0.00346,
5,BOHN GASS,PT,53,JORGE JADIR QUADROS DE ALMEIDA,***.437.900-**,CPF,5000.0,1,0.00346,
5,BOHN GASS,PT,54,JOSE ELOI WELTER,***.778.400-**,CPF,5000.0,1,0.00346,
5,BOHN GASS,PT,55,LEDA TEREZINHA DE MATTOS,***.126.020-**,CPF,5000.0,1,0.00346,
5,BOHN GASS,PT,56,MARIA ELISABETE LENZ IRINEU,***.837.270-**,CPF,5000.0,1,0.00346,
5,BOHN GASS,PT,57,ROQUE VANDERLEI DA SILVA,***.174.670-**,CPF,5000.0,1,0.00346,
5,BOHN GASS,PT,58,ROSIELE CRISTIANE LUDTKE,***.763.080-**,CPF,5000.0,1,0.00346,
5,BOHN GASS,PT,59,VANDERLI FERREIRA LOPES,***.503.000-**,CPF,5000.0,1,0.00346,
5,BOHN GASS,PT,60,DAIANE APARECIDA CARUSO INACIO,***.081.830-**,CPF,4800.0,1,0.003322,
5,BOHN GASS,PT,61,ANTONIO CARLOS DOMINGOS LUIZ,***.577.360-**,CPF,4750.0,1,0.003287,
5,BOHN GASS,PT,62,ANDRE RITTER LONGHI,***.027.110-**,CPF,4500.0,1,0.003114,
5,BOHN GASS,PT,63,EDUINO JAHNS DO NASCIMENTO,***.886.810-**,CPF,4500.0,1,0.003114,
5,BOHN GASS,PT,64,ROGERIO ADELAR DOS SANTOS,***.266.830-**,CPF,4500.0,1,0.003114,
5,BOHN GASS,PT,65,SERGIO LUIZ SCHIMITEZ,***.596.900-**,CPF,4500.0,1,0.003114,
5,BOHN GASS,PT,66,ZORAIA IVANI CAMARA,***.609.320-**,CPF,4500.0,1,0.003114,
5,BOHN GASS,PT,67,LOCADORA DE VEICULOS SANTA CRUZ LTDA.,03.000.720/0001-45,CNPJ,4149.5,2,0.002872,
5,BOHN GASS,PT,68,CLEUSA MARISA FRONER,***.545.730-**,CPF,4000.0,1,0.002768,
5,BOHN GASS,PT,69,COMBUSTIVEIS PEGASUS IPIRANGA LTDA,08.786.193/0001-60,CNPJ,4000.0,2,0.002768,
5,BOHN GASS,PT,70,DARCI SCHMEDEKE,***.067.350-**,CPF,4000.0,1,0.002768,
5,BOHN GASS,PT,71,DAVID SETE MOREIRA DA COSTA,***.065.688-**,CPF,4000.0,1,0.002768,
5,BOHN GASS,PT,72,GLAUCIA DE ASSUNCAO BAUMHARDT,***.666.390-**,CPF,4000.0,1,0.002768,
5,BOHN GASS,PT,73,LAURA VARGAS BAGESTAO,***.170.310-**,CPF,4000.0,1,0.002768,
5,BOHN GASS,PT,74,LAVINIA PANASSOLO ANTUNES,***.601.800-**,CPF,4000.0,1,0.002768,
5,BOHN GASS,PT,75,LUIZ CARLOS PEREIRA THEODORO,***.354.520-**,CPF,4000.0,1,0.002768,
5,BOHN GASS,PT,76,LUIZ RENATO MOREIRA SOARES,***.560.480-**,CPF,4000.0,1,0.002768,
5,BOHN GASS,PT,77,NEUSA BONFANTE,***.754.370-**,CPF,4000.0,1,0.002768,
5,BOHN GASS,PT,78,PEDRO MAXIMILIANO BIELESKI SCOPEL,***.419.270-**,CPF,4000.0,1,0.002768,
5,BOHN GASS,PT,79,ROGERIO JOSE FASSINI,***.104.920-**,CPF,4000.0,1,0.002768,
5,BOHN GASS,PT,80,SILVIO EDSON FRANCISCO BRAGA,***.846.280-**,CPF,4000.0,1,0.002768,
5,BOHN GASS,PT,81,MAURO LUIS KLEIN,***.313.270-**,CPF,3500.0,1,0.002422,
5,BOHN GASS,PT,82,ROSENEI MARTA BETTINGER GRUTZMANN,***.125.100-**,CPF,3500.0,1,0.002422,
5,BOHN GASS,PT,83,TATIANA NAPP,***.833.200-**,CPF,3500.0,1,0.002422,
5,BOHN GASS,PT,84,MIGUEL ANGELO BARBOSA DOS SANTOS,***.704.860-**,CPF,3280.0,1,0.00227,
5,BOHN GASS,PT,85,ARI JOSE MINUZZI,***.391.980-**,CPF,3000.0,1,0.002076,
5,BOHN GASS,PT,86,CALISTRATO ALVES CARVALHO,***.576.970-**,CPF,3000.0,1,0.002076,
5,BOHN GASS,PT,87,CAROLINE BOTTONI TORIANI,***.215.920-**,CPF,3000.0,1,0.002076,
5,BOHN GASS,PT,88,DARLAN CAMPIOL BUSATA,***.337.890-**,CPF,3000.0,1,0.002076,
5,BOHN GASS,PT,89,EDISON LUIS AMARAL DE MOURA,***.099.300-**,CPF,3000.0,1,0.002076,
5,BOHN GASS,PT,90,EVANDRO MARCOS BONFADA,***.754.710-**,CPF,3000.0,1,0.002076,
5,BOHN GASS,PT,91,GILMAR JOSE KLEIN,***.837.490-**,CPF,3000.0,1,0.002076,
5,BOHN GASS,PT,92,GRAZIELE GRACIANE GORGEN,***.655.070-**,CPF,3000.0,1,0.002076,
5,BOHN GASS,PT,93,JAIR ELIAS ADAMS LERMEN,***.756.010-**,CPF,3000.0,1,0.002076,
5,BOHN GASS,PT,94,JEFERSON AMORIM HUBERT,***.224.850-**,CPF,3000.0,1,0.002076,
5,BOHN GASS,PT,95,JOAO RODRIGUES DOS SANTOS,***.663.150-**,CPF,3000.0,1,0.002076,
5,BOHN GASS,PT,96,LEONARDO BELLINCANTA,***.033.840-**,CPF,3000.0,1,0.002076,
5,BOHN GASS,PT,97,LEONARDO DA ROSA,***.605.010-**,CPF,3000.0,1,0.002076,
5,BOHN GASS,PT,98,LUCIA CALEGARO MARMITT,***.996.450-**,CPF,3000.0,1,0.002076,
5,BOHN GASS,PT,99,MARCIO TEIXEIRA BARBOZA,***.599.940-**,CPF,3000.0,1,0.002076,
5,BOHN GASS,PT,100,MARLISE JAHNS DO NASCIMENTO,***.641.940-**,CPF,3000.0,1,0.002076,
5,BOHN GASS,PT,101,MILTON KUHN,***.923.110-**,CPF,3000.0,1,0.002076,
5,BOHN GASS,PT,102,PAULO ROBERTO GRASSI,***.154.040-**,CPF,3000.0,1,0.002076,
5,BOHN GASS,PT,103,RAPHAEL DE MOURA DA ROSA,***.190.010-**,CPF,3000.0,1,0.002076,
5,BOHN GASS,PT,104,RENATO MELGAREJO DE ABREU,***.688.880-**,CPF,3000.0,1,0.002076,
5,BOHN GASS,PT,105,SERGIO RENATO SAUSEN,***.484.540-**,CPF,3000.0,1,0.002076,
5,BOHN GASS,PT,106,SIMONE CAMARGO DE MOURA,***.032.710-**,CPF,3000.0,1,0.002076,
5,BOHN GASS,PT,107,JULIO CESAR MUNHOZ GONCALVES,***.184.630-**,CPF,2530.0,1,0.001751,
5,BOHN GASS,PT,108,AIRTON SANTOS DE SOUZA,***.551.210-**,CPF,2500.0,1,0.00173,
5,BOHN GASS,PT,109,ANDRE DA SILVA DUTRA,***.918.260-**,CPF,2500.0,1,0.00173,
5,BOHN GASS,PT,110,ANELIZ DE SOUZA,***.089.050-**,CPF,2500.0,1,0.00173,
5,BOHN GASS,PT,111,BRENO KAFER,***.848.040-**,CPF,2500.0,1,0.00173,
5,BOHN GASS,PT,112,DEISY GRAZIELY NUNES DOS SANTOS,***.735.580-**,CPF,2500.0,1,0.00173,
5,BOHN GASS,PT,113,FABIO DE LIMA SCHIRRMANN,***.989.800-**,CPF,2500.0,1,0.00173,
5,BOHN GASS,PT,114,GEOVANA SINARA RODRIGUES DA SILVA,***.594.480-**,CPF,2500.0,1,0.00173,
5,BOHN GASS,PT,115,JEAN ROQUE CRESTANI,***.398.810-**,CPF,2500.0,1,0.00173,
5,BOHN GASS,PT,116,JOAO BATISTA DE MELLO,***.242.130-**,CPF,2500.0,1,0.00173,
5,BOHN GASS,PT,117,JORGE MIRIN ROSA CASTILHOS,***.680.630-**,CPF,2500.0,1,0.00173,
5,BOHN GASS,PT,118,KARINE GUIMARAES CRESTANI,***.970.810-**,CPF,2500.0,1,0.00173,
5,BOHN GASS,PT,119,LENOIR DE AZEREDO E SILVA,***.996.829-**,CPF,2500.0,1,0.00173,
5,BOHN GASS,PT,120,LEONEL DABOITT DE ARAUJO,***.905.680-**,CPF,2500.0,1,0.00173,
5,BOHN GASS,PT,121,LISANDRO RAFAEL CHRISTLEID,***.067.230-**,CPF,2500.0,1,0.00173,
5,BOHN GASS,PT,122,LUCIANO SCHEFFER,***.909.240-**,CPF,2500.0,1,0.00173,
5,BOHN GASS,PT,123,LUIS CARLOS STENERT,***.863.900-**,CPF,2500.0,1,0.00173,
5,BOHN GASS,PT,124,OSMAR VERISSIMO DE JESUS,***.638.900-**,CPF,2500.0,1,0.00173,
5,BOHN GASS,PT,125,PAULO LAERCIO LISKOSKI,***.135.790-**,CPF,2500.0,1,0.00173,
5,BOHN GASS,PT,126,RAQUEL GONCALVES RODRIGUES,***.994.430-**,CPF,2500.0,1,0.00173,
5,BOHN GASS,PT,127,STEFANY DA SILVA ESTULANO,***.661.200-**,CPF,2400.0,1,0.001661,
5,BOHN GASS,PT,128,ROSANE MARIA BECKER,***.708.880-**,CPF,2350.0,1,0.001626,
5,BOHN GASS,PT,129,SANDRA PAZ DE ASSIS,***.496.570-**,CPF,2350.0,1,0.001626,
5,BOHN GASS,PT,130,WILLIAN RAFAEL DOS SANTOS VEIGA RIBAS,***.230.890-**,CPF,2250.0,1,0.001557,
5,BOHN GASS,PT,131,ADRIANO AUGUSTO KURYLO,***.434.200-**,CPF,2100.0,1,0.001453,
5,BOHN GASS,PT,132,CARLOS ALBERTO GUATIMOZIN SILVA,***.517.700-**,CPF,2100.0,1,0.001453,
5,BOHN GASS,PT,133,ELOISA RAQUEL DA ROSA DE SOUZA,***.371.950-**,CPF,2100.0,1,0.001453,
5,BOHN GASS,PT,134,FRANCISCO ANTONIO VIVEIROS DOS REIS,***.640.960-**,CPF,2100.0,1,0.001453,
5,BOHN GASS,PT,135,FRANCO SEBASTIAN ALMEIDA PICOLI,***.599.640-**,CPF,2100.0,1,0.001453,
5,BOHN GASS,PT,136,IGOR DE OLIVEIRA,***.240.220-**,CPF,2100.0,1,0.001453,
5,BOHN GASS,PT,137,IURY DE OLIVEIRA MACHADO,***.212.180-**,CPF,2100.0,1,0.001453,
5,BOHN GASS,PT,138,JANETE DA CONCEICAO ALMEIDA PICOLI,***.137.639-**,CPF,2100.0,1,0.001453,
5,BOHN GASS,PT,139,NAIZA MIDIAN RODRIGUES DA SILVA,***.896.720-**,CPF,2100.0,1,0.001453,
5,BOHN GASS,PT,140,PRISCILA KUHN,***.094.240-**,CPF,2100.0,1,0.001453,
5,BOHN GASS,PT,141,SUZANA GUATIMOZIN SILVA,***.507.910-**,CPF,2100.0,1,0.001453,
5,BOHN GASS,PT,142,WESLEY LUIZ DE ASSIS VIDARTE,***.030.020-**,CPF,2100.0,1,0.001453,
5,BOHN GASS,PT,143,VITORIA MARIA DE MELLO CASTRO,***.298.590-**,CPF,2020.0,1,0.001398,
5,BOHN GASS,PT,144,ADEMAR OSCAR OLSSON,***.560.750-**,CPF,2000.0,1,0.001384,
5,BOHN GASS,PT,145,BEATRIZ BIBIANO BANDEIRA,***.795.070-**,CPF,2000.0,1,0.001384,
5,BOHN GASS,PT,146,CARLA RAQUEL KUNST ROLDO,***.971.760-**,CPF,2000.0,1,0.001384,
5,BOHN GASS,PT,147,CERLI DE FATIMA BARBOZA MUHLBEIER,***.345.820-**,CPF,2000.0,1,0.001384,
5,BOHN GASS,PT,148,CLEVERSON DA SILVA,***.697.590-**,CPF,2000.0,1,0.001384,
5,BOHN GASS,PT,149,ELISETE CRISTINA AGUIAR,***.164.860-**,CPF,2000.0,1,0.001384,
5,BOHN GASS,PT,150,GABRYEL ESTEVAN KEVEDO DA SILVA,***.583.310-**,CPF,2000.0,1,0.001384,
5,BOHN GASS,PT,151,JOAO MARCOS PEREIRA PENNA GONCALVES,***.775.348-**,CPF,2000.0,1,0.001384,
5,BOHN GASS,PT,152,JOAO VITOR DOS SANTOS DA SILVA,***.666.930-**,CPF,2000.0,1,0.001384,
5,BOHN GASS,PT,153,JOSE ANTONIO BRUNO KNOB,***.861.950-**,CPF,2000.0,1,0.001384,
5,BOHN GASS,PT,154,LARI JOAO HOFSTETTER,***.971.790-**,CPF,2000.0,1,0.001384,
5,BOHN GASS,PT,155,LEONARDO MEDEIROS SIQUEIRA,***.645.150-**,CPF,2000.0,1,0.001384,
5,BOHN GASS,PT,156,LUIS ANTONIO DA SILVA,***.952.920-**,CPF,2000.0,1,0.001384,
5,BOHN GASS,PT,157,MICHELE BADIA FERREIRA,***.627.530-**,CPF,2000.0,1,0.001384,
5,BOHN GASS,PT,158,SIMONE RIBEIRO DA SILVA,***.355.650-**,CPF,2000.0,1,0.001384,
5,BOHN GASS,PT,159,VALMOR MULLER BERSCH,***.418.220-**,CPF,2000.0,1,0.001384,
5,BOHN GASS,PT,160,VELCI DA SILVA,***.812.300-**,CPF,2000.0,1,0.001384,
5,BOHN GASS,PT,161,VILSON CARLOS FENNER,***.818.930-**,CPF,2000.0,1,0.001384,
5,BOHN GASS,PT,162,CRISTIANE AMARAL DE FREITAS,***.709.470-**,CPF,1840.0,1,0.001273,
5,BOHN GASS,PT,163,QUEROLEN ELIZANDRA BOAVENTURA LEGESTAO,***.069.770-**,CPF,1840.0,1,0.001273,
5,BOHN GASS,PT,164,ROSSANA ZENOBIA RODRIGUES MENDES,***.771.300-**,CPF,1840.0,1,0.001273,
5,BOHN GASS,PT,165,ARILSON DE SOUZA,***.350.130-**,CPF,1800.0,1,0.001246,
5,BOHN GASS,PT,166,DANIELE NASCIMENTO DE OLIVEIRA,***.069.990-**,CPF,1800.0,1,0.001246,
5,BOHN GASS,PT,167,JOSE ALTAMIRO KRAUS,***.970.240-**,CPF,1800.0,1,0.001246,
5,BOHN GASS,PT,168,LUIS NOLI FERREIRA DOS SANTOS,***.170.540-**,CPF,1800.0,1,0.001246,
5,BOHN GASS,PT,169,NEDIO PRETTO,***.828.860-**,CPF,1800.0,1,0.001246,
5,BOHN GASS,PT,170,PATRICIA DE LIMA DE AGUIR,***.427.390-**,CPF,1800.0,1,0.001246,
5,BOHN GASS,PT,171,JARDELINA DA SILVEIRA MORAES,***.134.000-**,CPF,1621.0,1,0.001122,
5,BOHN GASS,PT,172,VITOR ARAUJO DOS SANTOS,***.184.010-**,CPF,1621.0,1,0.001122,
5,BOHN GASS,PT,173,CLECI DA SILVA,***.556.390-**,CPF,1500.0,1,0.001038,
5,BOHN GASS,PT,174,CRISTIANE GEISEBEL CEZAR DA SILVA,***.274.180-**,CPF,1500.0,1,0.001038,
5,BOHN GASS,PT,175,DANIEL FOLLMER BRAITENBACH,***.121.120-**,CPF,1500.0,1,0.001038,
5,BOHN GASS,PT,176,LEONIRA ANA BOSA,***.461.480-**,CPF,1500.0,1,0.001038,
5,BOHN GASS,PT,177,MARA GUACIRA ALVES,***.980.890-**,CPF,1500.0,1,0.001038,
5,BOHN GASS,PT,178,MARILENE MAZZUTTI GAIARDO,***.938.630-**,CPF,1500.0,1,0.001038,
5,BOHN GASS,PT,179,NERI VALSOLER,***.594.210-**,CPF,1500.0,1,0.001038,
5,BOHN GASS,PT,180,MICHELE DOMINGOS LUIZ,***.450.140-**,CPF,1467.0,1,0.001015,
5,BOHN GASS,PT,181,TANIA BEATRIZ DA SILVA FREITAS,***.638.380-**,CPF,1405.0,1,0.000972,
5,BOHN GASS,PT,182,ANTHONY SOUZA AGUIAR,***.544.560-**,CPF,1400.0,1,0.000969,
5,BOHN GASS,PT,183,GABRIELA FALCAO SILVEIRA,***.142.070-**,CPF,1380.0,1,0.000955,
5,BOHN GASS,PT,184,CHERI MACHADO DA SILVA,***.732.000-**,CPF,1260.0,1,0.000872,
5,BOHN GASS,PT,185,AFONSO WEBER GABRIEL,***.956.700-**,CPF,1250.0,1,0.000865,
5,BOHN GASS,PT,186,AMINI ABU AL QASEM SALEH YOUSEF ISMAIL,***.664.970-**,CPF,1250.0,1,0.000865,
5,BOHN GASS,PT,187,KEVY FRAGOSO DE CAMARGO,***.330.530-**,CPF,1205.0,1,0.000834,
5,BOHN GASS,PT,188,DIEGO BARCELLOS PAIM,***.449.780-**,CPF,1200.0,1,0.00083,
5,BOHN GASS,PT,189,JARDEL MARIANO XAVIER PERKOSKI,***.424.010-**,CPF,1000.0,1,0.000692,
5,BOHN GASS,PT,190,MINEIA CLARICE COLLET KONZEN,***.781.730-**,CPF,1000.0,1,0.000692,
5,BOHN GASS,PT,191,EMPRESA JORNALISTICA FOLHA DO MATE LTDA,98.597.719/0001-56,CNPJ,778.0,2,0.000538,
5,BOHN GASS,PT,192,NEIDA VERA MAR PEREIRA MARTINS,***.852.700-**,CPF,720.0,1,0.000498,
5,BOHN GASS,PT,193,EDITORA JORNALISTICA BOM PRINCIPIO LTDA,93.605.046/0001-15,CNPJ,405.0,1,0.00028,
5,BOHN GASS,PT,194,DANIELA BATISTA FREITAS FONSECA,***.677.210-**,CPF,400.0,1,0.000277,
5,BOHN GASS,PT,195,GABRIELLA DA SILVA LACERDA,***.472.090-**,CPF,400.0,1,0.000277,
5,BOHN GASS,PT,196,63.252.919 ANTONINHO DA SILVA,63.252.919/0001-92,CNPJ,317.0,2,0.000219,
5,BOHN GASS,PT,197,CHURRASCARIA GARCIAS LTDA,91.121.004/0001-83,CNPJ,300.0,1,0.000208,
5,BOHN GASS,PT,198,COPY STAR FOTOCOPIAS E ENCADERNACOES LTDA,90.744.509/0001-31,CNPJ,90.0,2,6.2e-05,
6,BUSATO,União,1,SANDRO HENRIQUE SANT ANA MACHADO,05.282.568/0001-66,CNPJ,211600.0,3,0.106579,
6,BUSATO,União,2,GRAFICA E EDITORA SAGRADA FAMILIA LTDA,07.528.530/0001-56,CNPJ,168063.9,48,0.08465,
6,BUSATO,União,3,LS GRAFICA LTDA,63.804.056/0001-19,CNPJ,107923.25,87,0.054359,
6,BUSATO,União,4,"PRINT & JET, INDUSTRIA, COMERCIO E SERVICOS LTDA",48.151.779/0001-72,CNPJ,89550.0,40,0.045105,
6,BUSATO,União,5,SUBLIMY PRINT LTDA,58.411.181/0001-29,CNPJ,89119.5,13,0.044888,
6,BUSATO,União,6,EBANX PAGAMENTOS LTDA,24.080.493/0001-85,CNPJ,85000.0,6,0.042813,
6,BUSATO,União,7,ELEICAO 2026 JULIANO FRANCZAK DEPUTADO ESTADUAL,68.403.472/0001-29,CNPJ,70000.0,2,0.035258,
6,BUSATO,União,8,POA RENT A CAR LOCACOES DE VEICULOS LTDA,15.529.527/0001-85,CNPJ,69821.67,18,0.035168,
6,BUSATO,União,9,SERVICOS CONTABEIS CARINA LADWIG LTDA,66.085.452/0001-21,CNPJ,60000.0,1,0.030221,
6,BUSATO,União,10,SOUTO & SOUTO ASSESSORIA CONTABIL LTDA,06.267.361/0001-85,CNPJ,60000.0,1,0.030221,
6,BUSATO,União,11,DELLA TORRE MERIB ADVOGADOS,09.442.953/0001-84,CNPJ,51000.0,1,0.025688,
6,BUSATO,União,12,R S COMERCIAL DE ARTIGOS DE PAPEL E DE PUBLICIDADE LTDA,38.220.329/0001-30,CNPJ,46375.98,35,0.023359,
6,BUSATO,União,13,MIRIAM MARIA DA SILVEIRA KUHN,***.933.510-**,CPF,33300.0,1,0.016773,
6,BUSATO,União,14,COMUNICAMOBI MARKETING E EVENTOS LTDA,63.820.657/0001-15,CNPJ,31000.0,2,0.015614,
6,BUSATO,União,15,ELEICAO 2026 DIRCEU FRANCISCON DEPUTADO ESTADUAL,68.403.876/0001-12,CNPJ,30940.0,1,0.015584,
6,BUSATO,União,16,COMERCIAL BUFFON COMBUSTIVEIS E TRANSPORTES LIMITADA,93.489.243/0001-16,CNPJ,30500.0,190,0.015362,
6,BUSATO,União,17,"M S PRODUCOES, SERVICOS E ASSISTENCIA LTDA",34.925.683/0001-00,CNPJ,29000.0,1,0.014607,
6,BUSATO,União,18,AGENCIA IMPULSIONAR LTDA,60.906.486/0001-53,CNPJ,20000.0,1,0.010074,
6,BUSATO,União,19,VEGA GRAFICA DIGITAL LTDA,41.197.900/0001-58,CNPJ,16530.0,17,0.008326,
6,BUSATO,União,20,ALBAN CREMA E CIA LTDA EM RECUPERACAO JUDICIAL,90.393.687/0001-65,CNPJ,16450.0,5,0.008286,
6,BUSATO,União,21,MOOVIFLEX SOLUCOES INDUSTRIAIS LTDA,66.956.660/0001-59,CNPJ,16320.0,16,0.00822,
6,BUSATO,União,22,"FELIX, FLORIANO, RONDON E RIBEIRO ADVOGADOS ASSOCIADOS",23.339.084/0001-98,CNPJ,14000.0,1,0.007052,
6,BUSATO,União,23,ARMINDO JAEGER,***.897.270-**,CPF,9000.0,1,0.004533,
6,BUSATO,União,24,LOIVA JAEGER,***.648.410-**,CPF,9000.0,1,0.004533,
6,BUSATO,União,25,DANIEL DE SOUZA PINHEIRO,***.410.070-**,CPF,8200.0,1,0.00413,
6,BUSATO,União,26,KAUA SILVA DA ROSA,***.461.090-**,CPF,8200.0,1,0.00413,
6,BUSATO,União,27,NYCKOLLAS COUTO BARBOSA,***.356.180-**,CPF,8200.0,1,0.00413,
6,BUSATO,União,28,WILLIAM MELO DA SILVA,***.749.200-**,CPF,8200.0,1,0.00413,
6,BUSATO,União,29,MAURICIO BARBOSA,***.714.950-**,CPF,7350.34,2,0.003702,
6,BUSATO,União,30,JADER MAGALHAES AYRES,***.806.490-**,CPF,7350.0,1,0.003702,
6,BUSATO,União,31,CLUBE TRADICAO LTDA,09.112.349/0001-90,CNPJ,7000.0,1,0.003526,
6,BUSATO,União,32,ELEICAO 2026 JULIO CESAR LAMIM MARTINS DE OLIVEIRA DEPUTADO ESTADUAL,68.403.563/0001-64,CNPJ,6680.0,1,0.003365,
6,BUSATO,União,33,VITOR HUGO LONGARAY DE OLIVEIRA FILHO,***.039.550-**,CPF,6674.0,1,0.003362,
6,BUSATO,União,34,ENIO MOURA BROCHADO,***.836.776-**,CPF,6160.0,1,0.003103,
6,BUSATO,União,35,ALEXANDRE DE LUCA THOME,***.260.609-**,CPF,5720.0,1,0.002881,
6,BUSATO,União,36,VITOR HUGO RIBEIRO LINS,***.898.171-**,CPF,5720.0,1,0.002881,
6,BUSATO,União,37,ELEICAO 2026 FABIANO EUGENIO DIEHL DEPUTADO ESTADUAL,68.404.055/0001-09,CNPJ,5000.0,1,0.002518,
6,BUSATO,União,38,DIVANIR MACHADO DE OLIVEIRA,***.181.570-**,CPF,4800.0,1,0.002418,
6,BUSATO,União,39,VALDECI SOARES FORMAGIO,***.501.990-**,CPF,4800.0,1,0.002418,
6,BUSATO,União,40,GILBERTO MORAES DE FREITAS,***.918.300-**,CPF,4700.0,1,0.002367,
6,BUSATO,União,41,ALINE OLIVEIRA DE LIMA,***.414.240-**,CPF,4500.0,1,0.002267,
6,BUSATO,União,42,ANA CAROLINA PRAUCHNER KROEFF,***.606.770-**,CPF,4500.0,1,0.002267,
6,BUSATO,União,43,ANDRE ASCANIO SILVEIRA PEREIRA,***.186.410-**,CPF,4500.0,1,0.002267,
6,BUSATO,União,44,BRUNA MENDES GATTINO,***.162.460-**,CPF,4500.0,1,0.002267,
6,BUSATO,União,45,CASTORINA MARTINS ESCOBAR,***.046.340-**,CPF,4500.0,1,0.002267,
6,BUSATO,União,46,CILON MACIEL MANCILIA,***.132.130-**,CPF,4500.0,2,0.002267,
6,BUSATO,União,47,DIULY MULLER DE JESUS,***.525.160-**,CPF,4500.0,1,0.002267,
6,BUSATO,União,48,EISHYLA DOS SANTOS ROCHA,***.250.800-**,CPF,4500.0,1,0.002267,
6,BUSATO,União,49,KARINI DALAGNA SANTANA,***.694.780-**,CPF,4500.0,1,0.002267,
6,BUSATO,União,50,LUCINEIA DA SILVA ISHIKAWA,***.646.970-**,CPF,4500.0,1,0.002267,
6,BUSATO,União,51,MARCIA ISABEL MARTINS DOS SANTOS,***.259.410-**,CPF,4500.0,1,0.002267,
6,BUSATO,União,52,MARCO ANTONIO DA ROCHA,***.282.460-**,CPF,4500.0,1,0.002267,
6,BUSATO,União,53,MARCO AURELIO CEZAR SOARES,***.261.040-**,CPF,4500.0,1,0.002267,
6,BUSATO,União,54,MARIA SAIONARA DA SILVA CARVALHO,***.885.300-**,CPF,4500.0,1,0.002267,
6,BUSATO,União,55,PAULO ROBERTO DIAS,***.124.540-**,CPF,4500.0,1,0.002267,
6,BUSATO,União,56,ROGER SILVA DE OLIVEIRA,***.721.030-**,CPF,4500.0,1,0.002267,
6,BUSATO,União,57,VERA MARIA DA SILVA,***.408.580-**,CPF,4500.0,1,0.002267,
6,BUSATO,União,58,LUIS OSORIO RITTER RIBEIRO,***.031.220-**,CPF,4200.0,1,0.002115,
6,BUSATO,União,59,ANTONIO HERCILIO SIMOES LIMA,***.327.880-**,CPF,4199.5,2,0.002115,
6,BUSATO,União,60,BRUNO PASSOS SANTOS,***.855.430-**,CPF,3760.0,1,0.001894,
6,BUSATO,União,61,ELISANGELA PERLA LOPES DIAS CUSTODIO,***.154.970-**,CPF,3760.0,1,0.001894,
6,BUSATO,União,62,JULLIA SEVERO DA SILVA,***.222.050-**,CPF,3760.0,1,0.001894,
6,BUSATO,União,63,ROSELI DE FATIMA DUTRA BENINI,***.976.630-**,CPF,3760.0,1,0.001894,
6,BUSATO,União,64,FERNANDO RAMOS GOYS,***.428.600-**,CPF,3700.0,1,0.001864,
6,BUSATO,União,65,BRUNO EDUARDO MOTTA LIMA,***.096.070-**,CPF,3680.0,1,0.001854,
6,BUSATO,União,66,ANA PAULA FERREIRA FERREIRA,***.752.210-**,CPF,3600.0,1,0.001813,
6,BUSATO,União,67,CLEUSA SILVA MACHADO,***.570.390-**,CPF,3600.0,1,0.001813,
6,BUSATO,União,68,CRISTIANO RODRIGO ALEXANDRE DA SILVEIRA,***.955.100-**,CPF,3600.0,1,0.001813,
6,BUSATO,União,69,DONAL ZILIO,***.380.520-**,CPF,3600.0,1,0.001813,
6,BUSATO,União,70,KAREN JULIANE NUNES GONCALVES DA SILVA,***.620.800-**,CPF,3600.0,1,0.001813,
6,BUSATO,União,71,KELVIA VITORIA SILVEIRA NOGUEIRA,***.385.790-**,CPF,3600.0,1,0.001813,
6,BUSATO,União,72,LUISA REGINA DE SOUZA CARVALHO,***.630.740-**,CPF,3600.0,1,0.001813,
6,BUSATO,União,73,MARIO LUIZ CERON,***.456.260-**,CPF,3600.0,1,0.001813,
6,BUSATO,União,74,RANIELI ANTUNES ZABALA,***.158.720-**,CPF,3600.0,1,0.001813,
6,BUSATO,União,75,VALDERIA MARIA DA SILVA,***.689.481-**,CPF,3600.0,1,0.001813,
6,BUSATO,União,76,ANGELO EMANUEL GUIMARAES,***.677.540-**,CPF,3550.0,2,0.001788,
6,BUSATO,União,77,FABIO ALEXANDRE RODRIGUES DA SILVA,***.485.140-**,CPF,3520.0,1,0.001773,
6,BUSATO,União,78,ADRIANE MARCON,***.638.040-**,CPF,3500.0,1,0.001763,
6,BUSATO,União,79,FLAVIA PEREIRA DE ANDRADE,***.970.120-**,CPF,3500.0,1,0.001763,
6,BUSATO,União,80,ROSECLER COSTA,***.692.990-**,CPF,3500.0,1,0.001763,
6,BUSATO,União,81,GABRIEL SCHUSTER AZEREDO,***.145.190-**,CPF,3360.0,1,0.001692,
6,BUSATO,União,82,JEFERSON MAICON PINTO AZEREDO,***.736.860-**,CPF,3360.0,1,0.001692,
6,BUSATO,União,83,JOAO CARNEIRO FONTOURA,***.129.270-**,CPF,3300.0,1,0.001662,
6,BUSATO,União,84,VANESSA FERNANDES,***.212.260-**,CPF,3300.0,1,0.001662,
6,BUSATO,União,85,WAGNER ELISEU OLIVEIRA DOS SANTOS,***.782.100-**,CPF,3300.0,1,0.001662,
6,BUSATO,União,86,RICHARD DA SILVA FRANCO,***.006.420-**,CPF,3280.0,1,0.001652,
6,BUSATO,União,87,ALINE DIAS CASTIGLIA,***.414.130-**,CPF,3200.0,1,0.001612,
6,BUSATO,União,88,CASSIO SILVA DE LIMA,***.014.990-**,CPF,3200.0,1,0.001612,
6,BUSATO,União,89,FILIPE GARCIA BARRETO,***.340.510-**,CPF,3200.0,1,0.001612,
6,BUSATO,União,90,GRAZIELE VIDAL DE ALBUQUERQUE,***.975.460-**,CPF,3200.0,1,0.001612,
6,BUSATO,União,91,JORGE LUIS RECH LOPES,***.516.990-**,CPF,3200.0,1,0.001612,
6,BUSATO,União,92,LUCAS GARCIA VARGAS,***.910.060-**,CPF,3200.0,1,0.001612,
6,BUSATO,União,93,LUCIANO DOS SANTOS AMARAL,***.988.340-**,CPF,3200.0,1,0.001612,
6,BUSATO,União,94,MAGALI FAGUNDES SEVERO,***.986.700-**,CPF,3200.0,1,0.001612,
6,BUSATO,União,95,MAIK DA SILVA RYSDYK,***.813.730-**,CPF,3200.0,1,0.001612,
6,BUSATO,União,96,PAULO RICARDO BASTOS MEDEIROS,***.176.330-**,CPF,3200.0,1,0.001612,
6,BUSATO,União,97,PRISCILA DA SILVA FLORENCE,***.314.430-**,CPF,3200.0,1,0.001612,
6,BUSATO,União,98,RAQUEL MACHADO,***.548.720-**,CPF,3200.0,1,0.001612,
6,BUSATO,União,99,ROSA MARIA MARTINS FLORENCE,***.810.450-**,CPF,3200.0,1,0.001612,
6,BUSATO,União,100,VERA LUCIA DOS SANTOS DOMINGUES,***.395.260-**,CPF,3200.0,1,0.001612,
6,BUSATO,União,101,LUCIARA CAMARA,***.902.770-**,CPF,3056.0,2,0.001539,
6,BUSATO,União,102,ANA PAULA TEIXEIRA DOS SANTOS,***.821.940-**,CPF,3040.0,1,0.001531,
6,BUSATO,União,103,CLENI MARIA FARIAS DA SILVA,***.889.970-**,CPF,3040.0,1,0.001531,
6,BUSATO,União,104,LUIS ANTONIO MARTINS,***.766.600-**,CPF,3040.0,1,0.001531,
6,BUSATO,União,105,ANA CAROLINE VARGAS DA SILVA,***.796.580-**,CPF,3000.0,1,0.001511,
6,BUSATO,União,106,ANGELA MARIA DA SILVA,***.419.160-**,CPF,3000.0,1,0.001511,
6,BUSATO,União,107,CAROLINE DUARTE DE QUADRO,***.734.430-**,CPF,3000.0,1,0.001511,
6,BUSATO,União,108,EVA LENIR VARGAS DUARTE,***.242.010-**,CPF,3000.0,1,0.001511,
6,BUSATO,União,109,EVERSON DE FREITAS,***.279.830-**,CPF,3000.0,1,0.001511,
6,BUSATO,União,110,VERONI DUARTE DA SILVA,***.331.820-**,CPF,3000.0,1,0.001511,
6,BUSATO,União,111,GUSTAVO HENRIQUE SILVA WIATROWSKI,***.403.430-**,CPF,2800.0,1,0.00141,
6,BUSATO,União,112,JENIFER DELGADO CARDOSO,***.153.060-**,CPF,2800.0,1,0.00141,
6,BUSATO,União,113,LUCIENE CAMARA,***.571.990-**,CPF,2800.0,1,0.00141,
6,BUSATO,União,114,RYCHARD DOS SANTOS PEDROSO,***.239.590-**,CPF,2800.0,1,0.00141,
6,BUSATO,União,115,SUELEM DE SOUZA VIANA,***.542.640-**,CPF,2800.0,1,0.00141,
6,BUSATO,União,116,VITOR VINNICIUS COSTA SOARES,***.002.900-**,CPF,2800.0,1,0.00141,
6,BUSATO,União,117,EMILIA ALEXANDRINA DE MOURA DOS SANTOS,***.386.710-**,CPF,2720.0,1,0.00137,
6,BUSATO,União,118,GENAIR DAS NEVES MACKMILLAN,***.950.470-**,CPF,2720.0,1,0.00137,
6,BUSATO,União,119,ISADORA CARRICONDE BARBOSA,***.179.860-**,CPF,2720.0,1,0.00137,
6,BUSATO,União,120,MARIA HELENA SANTIAGO DA SILVA,***.643.600-**,CPF,2720.0,1,0.00137,
6,BUSATO,União,121,MARIA MARGARET SILVA DA FONTOURA,***.259.710-**,CPF,2720.0,1,0.00137,
6,BUSATO,União,122,NEUSA PAZ DO NASCIMENTO,***.145.060-**,CPF,2720.0,1,0.00137,
6,BUSATO,União,123,SANDRA PAULA DA SILVA,***.639.510-**,CPF,2720.0,1,0.00137,
6,BUSATO,União,124,KATIANE PEREIRA FREGULHA,***.131.260-**,CPF,2700.0,1,0.00136,
6,BUSATO,União,125,MARCELO GONCALVES DE OLIVEIRA,***.929.920-**,CPF,2700.0,1,0.00136,
6,BUSATO,União,126,IVONETE RODRIGUES DA SILVA,***.333.830-**,CPF,2640.0,1,0.00133,
6,BUSATO,União,127,NATALIA CAROLINI FOPPA MARQUES,***.900.400-**,CPF,2640.0,1,0.00133,
6,BUSATO,União,128,TELMO LUIZ PEREIRA DE PEREIRA,***.585.190-**,CPF,2640.0,1,0.00133,
6,BUSATO,União,129,CRISTIANO FREITAS BAIRROS,***.493.130-**,CPF,2600.0,2,0.00131,
6,BUSATO,União,130,ADRIELE SILVA DE SOUZA,***.671.920-**,CPF,2560.0,1,0.001289,
6,BUSATO,União,131,CARLOS BARCELOS GONCALVES,***.420.160-**,CPF,2560.0,1,0.001289,
6,BUSATO,União,132,PAULO RENAN DRUSIAN DA SILVA,***.349.680-**,CPF,2560.0,1,0.001289,
6,BUSATO,União,133,REGINA DE FATIMA DE OLIVEIRA DRUZIAN,***.563.460-**,CPF,2560.0,1,0.001289,
6,BUSATO,União,134,ALQUIMIA COMUNICACAO VISUAL LTDA,03.617.662/0001-01,CNPJ,2500.0,10,0.001259,
6,BUSATO,União,135,C.A.LOURENCO TURISMO E TRANSPORTES LTDA,03.627.966/0001-41,CNPJ,2500.0,5,0.001259,
6,BUSATO,União,136,DANIEL SOUSA,***.671.240-**,CPF,2500.0,2,0.001259,
6,BUSATO,União,137,JOSIANE DIAS,***.057.240-**,CPF,2480.0,1,0.001249,
6,BUSATO,União,138,BETSI MONALISA NEGRI,***.734.260-**,CPF,2400.0,1,0.001209,
6,BUSATO,União,139,BIANCA TEIXEIRA HENNIKA,***.227.550-**,CPF,2400.0,1,0.001209,
6,BUSATO,União,140,CARLA GUARNIERI FEIJO,***.224.940-**,CPF,2400.0,1,0.001209,
6,BUSATO,União,141,CARLA TATIANE CARDOSO,***.631.400-**,CPF,2400.0,1,0.001209,
6,BUSATO,União,142,CONSUELO APARECIDA MOTTA,***.929.500-**,CPF,2400.0,1,0.001209,
6,BUSATO,União,143,DEBORA CRISTIANE FERREIRA DE ABREU,***.491.550-**,CPF,2400.0,1,0.001209,
6,BUSATO,União,144,EDINA DE FREITAS,***.179.940-**,CPF,2400.0,1,0.001209,
6,BUSATO,União,145,FABIO JEREMIAS,***.810.200-**,CPF,2400.0,1,0.001209,
6,BUSATO,União,146,GISLAINE DA SILVA NUNES,***.554.360-**,CPF,2400.0,1,0.001209,
6,BUSATO,União,147,JOICE RAINONE DA SILVA,***.728.140-**,CPF,2400.0,1,0.001209,
6,BUSATO,União,148,LIDIO FRANCISCO OLDONI,***.079.330-**,CPF,2400.0,1,0.001209,
6,BUSATO,União,149,MARLENE DE OLIVEIRA,***.141.830-**,CPF,2400.0,1,0.001209,
6,BUSATO,União,150,NATHALIA DOS SANTOS GUIMARAES,***.898.430-**,CPF,2400.0,1,0.001209,
6,BUSATO,União,151,NICOLLY ZACARIAS JEREMIAS,***.460.210-**,CPF,2400.0,1,0.001209,
6,BUSATO,União,152,PAULO ROGERIO DOS SANTOS SILVA,***.900.570-**,CPF,2400.0,1,0.001209,
6,BUSATO,União,153,PAULO VIANEI SOARES GOULART,***.075.220-**,CPF,2400.0,1,0.001209,
6,BUSATO,União,154,ROSIMAR SILVA DA SILVA LETONA,***.934.020-**,CPF,2400.0,1,0.001209,
6,BUSATO,União,155,TERESA NILSA PHILERENO,***.616.200-**,CPF,2400.0,1,0.001209,
6,BUSATO,União,156,VERA LUCIA KLAUCK,***.591.900-**,CPF,2400.0,1,0.001209,
6,BUSATO,União,157,ZELIA HERONDINA ZACARIAS,***.740.110-**,CPF,2400.0,1,0.001209,
6,BUSATO,União,158,ANITA RODRIGUES ASSIS,***.918.130-**,CPF,2320.0,1,0.001169,
6,BUSATO,União,159,EDUARDO REGIS SILVA DE SOUZA,***.115.300-**,CPF,2280.0,1,0.001148,
6,BUSATO,União,160,JOSE LECIRIO DE AGUIAR,***.647.150-**,CPF,2240.0,1,0.001128,
6,BUSATO,União,161,MARIA EDUARDA MORENO LOPES,***.979.920-**,CPF,2240.0,1,0.001128,
6,BUSATO,União,162,ANDRE MACHADO DA SILVA,***.927.650-**,CPF,2160.0,1,0.001088,
6,BUSATO,União,163,JEFERSON THOMAZ DE OLIVEIRA,***.422.060-**,CPF,2160.0,1,0.001088,
6,BUSATO,União,164,LEONICE DA SILVA SOUZA,***.167.610-**,CPF,2160.0,1,0.001088,
6,BUSATO,União,165,MARIA TERESINHA MACHADO MARTIM,***.129.760-**,CPF,2160.0,1,0.001088,
6,BUSATO,União,166,TIAGO LUIS DE OLIVEIRA,***.765.910-**,CPF,2160.0,1,0.001088,
6,BUSATO,União,167,FABIANO NUNES MACHADO,***.694.260-**,CPF,2000.0,1,0.001007,
6,BUSATO,União,168,HELIO SEDEMAR SEVERINO,***.583.950-**,CPF,2000.0,1,0.001007,
6,BUSATO,União,169,MARGARETE SANSIGOLO,***.223.450-**,CPF,2000.0,1,0.001007,
6,BUSATO,União,170,SAMUEL VALLERIUS,***.999.540-**,CPF,2000.0,1,0.001007,
6,BUSATO,União,171,VANDO UBIRATA RIBEIRO MELO,***.074.040-**,CPF,2000.0,1,0.001007,
6,BUSATO,União,172,VILMAR DO AMARAL,***.007.550-**,CPF,2000.0,1,0.001007,
6,BUSATO,União,173,GERSON REIS DOS SANTOS,***.407.150-**,CPF,1920.0,1,0.000967,
6,BUSATO,União,174,MICHELE CRISTINA FLACH ROMMEL,***.940.130-**,CPF,1920.0,1,0.000967,
6,BUSATO,União,175,NEIVA DUTRA DUARTE,***.433.100-**,CPF,1900.0,1,0.000957,
6,BUSATO,União,176,EVERTON ALBERTO AGUIAR DE RAMOS,***.791.420-**,CPF,1840.0,2,0.000927,
6,BUSATO,União,177,JORGE LUIS CORREA MACHADO,***.337.550-**,CPF,1800.0,1,0.000907,
6,BUSATO,União,178,POSTO CABRAIS LTDA,04.887.863/0001-83,CNPJ,1786.92,8,0.0009,
6,BUSATO,União,179,GRUPO EDITORIAL SINOS SA,91.665.570/0001-56,CNPJ,1760.0,1,0.000886,
6,BUSATO,União,180,ALZIOMAR DA SILVA ACHTERBERG,***.295.300-**,CPF,1680.0,1,0.000846,
6,BUSATO,União,181,ANDRIELE GONCALVES LOPES,***.080.080-**,CPF,1680.0,1,0.000846,
6,BUSATO,União,182,DAVID COUTO DA SILVA,***.508.300-**,CPF,1680.0,1,0.000846,
6,BUSATO,União,183,ENOR FERREIRA DE SOUZA FILHO,***.983.390-**,CPF,1680.0,1,0.000846,
6,BUSATO,União,184,GINA MARCIA SILVEIRA MEDINA,***.601.830-**,CPF,1680.0,1,0.000846,
6,BUSATO,União,185,JUCIANE DE JESUS DA SILVA,***.379.520-**,CPF,1680.0,1,0.000846,
6,BUSATO,União,186,MARIA DA GRACA PINTO DE OLIVEIRA,***.272.200-**,CPF,1680.0,1,0.000846,
6,BUSATO,União,187,RAFAELA DA SILVA CARVALHO,***.577.440-**,CPF,1680.0,1,0.000846,
6,BUSATO,União,188,TAMARA SENA SENA,***.908.160-**,CPF,1680.0,1,0.000846,
6,BUSATO,União,189,VERA ROSANGELA HUNTER DA SILVA,***.833.870-**,CPF,1680.0,1,0.000846,
6,BUSATO,União,190,VERONICA SILVEIRA SENA,***.235.330-**,CPF,1680.0,1,0.000846,
6,BUSATO,União,191,BRUNO LIMA DAMIAN,***.721.380-**,CPF,1600.0,1,0.000806,
6,BUSATO,União,192,CELIO PEREIRA DA SILVA,***.228.650-**,CPF,1600.0,1,0.000806,
6,BUSATO,União,193,DAIANE GOULART MARTINS,***.291.240-**,CPF,1600.0,1,0.000806,
6,BUSATO,União,194,DANIELA BORGES BENTO,***.152.280-**,CPF,1600.0,1,0.000806,
6,BUSATO,União,195,DARLEI SANTOS GUERSE,***.270.790-**,CPF,1600.0,1,0.000806,
6,BUSATO,União,196,DEBORA JOCELAINE MENDONCA DA SILVA,***.319.260-**,CPF,1600.0,1,0.000806,
6,BUSATO,União,197,LONGLOG TRANSPORTE E TURISMO LTDA,22.483.305/0001-34,CNPJ,1600.0,2,0.000806,
6,BUSATO,União,198,LUCIA HELENA DE MOURA MELO,***.881.050-**,CPF,1600.0,1,0.000806,
6,BUSATO,União,199,PAULO ROBERTO DOS SANTOS MACHADO,***.951.800-**,CPF,1600.0,1,0.000806,
6,BUSATO,União,200,SUELEN CARVALHO DA SILVEIRA,***.691.290-**,CPF,1600.0,1,0.000806,
6,BUSATO,União,201,TATIANE FERNANDA TEIXEIRA DA SILVA,***.317.780-**,CPF,1600.0,1,0.000806,
6,BUSATO,União,202,VICTOR VARGAS DEL OLMO RODRIGUES,***.562.520-**,CPF,1600.0,1,0.000806,
6,BUSATO,União,203,WALTER ROBERTO VERAS SEVERO,***.082.930-**,CPF,1600.0,1,0.000806,
6,BUSATO,União,204,ABASTECEDORA DE COMBUSTIVEIS RIOXEL LTDA,03.358.858/0005-44,CNPJ,1500.0,10,0.000756,
6,BUSATO,União,205,ARTHUR VICTORIO SCHOLZ,***.028.430-**,CPF,1500.0,1,0.000756,
6,BUSATO,União,206,IVETE MARECI GONCALVES DE OLIVEIRA,***.100.430-**,CPF,1500.0,1,0.000756,
6,BUSATO,União,207,LIGA CANOENSE DE FUTEBOL,88.851.233/0001-49,CNPJ,1500.0,1,0.000756,
6,BUSATO,União,208,SAMUEL SEBEN DA SILVA,***.738.460-**,CPF,1500.0,1,0.000756,
6,BUSATO,União,209,TECNISAN SISTEMAS OPERACIONAIS DE SANEAMENTO LTDA,01.651.522/0001-16,CNPJ,1500.0,1,0.000756,
6,BUSATO,União,210,TEREZINHA VARGAS DE JESUS,***.901.280-**,CPF,1500.0,1,0.000756,
6,BUSATO,União,211,VALDECI NATALINO FERREIRA DOS SANTOS,***.407.810-**,CPF,1440.0,1,0.000725,
6,BUSATO,União,212,CEDRO EDITORA E EMPRESA DE COMUNICACAO LTDA,02.347.932/0001-30,CNPJ,1322.7,1,0.000666,
6,BUSATO,União,213,TAFAREL SANTOS SAUCEDO,***.576.170-**,CPF,1300.0,1,0.000655,
6,BUSATO,União,214,TIAGO DE CASTRO MORAES,***.685.020-**,CPF,1300.0,1,0.000655,
6,BUSATO,União,215,JOSE IVANIR R. DO COUTO PAPELARIA,26.387.509/0001-22,CNPJ,1138.8,12,0.000574,
6,BUSATO,União,216,MARCIA JOSIANE DE SOUZA,***.622.560-**,CPF,1120.0,1,0.000564,
6,BUSATO,União,217,VITOR MATHEUS OLIVEIRA DOS SANTOS,***.158.570-**,CPF,1120.0,1,0.000564,
6,BUSATO,União,218,CRISTIAN GABRIEL SILVA DE SOUZA,***.726.970-**,CPF,1040.0,1,0.000524,
6,BUSATO,União,219,SILVIA FERNANDES DA SILVA,***.955.280-**,CPF,1040.0,1,0.000524,
6,BUSATO,União,220,ADAO HENRIQUE PEREIRA,***.605.300-**,CPF,1000.0,1,0.000504,
6,BUSATO,União,221,ANDREA MOREIRA DA SILVA,***.563.650-**,CPF,1000.0,1,0.000504,
6,BUSATO,União,222,CARLOS ROBERTO VARGAS DE LIMA,***.197.270-**,CPF,1000.0,1,0.000504,
6,BUSATO,União,223,CELONI RAMOS DA SILVA SANTOS,***.022.790-**,CPF,1000.0,1,0.000504,
6,BUSATO,União,224,CRISTIANO BORGES NASCIMENTO,***.016.540-**,CPF,1000.0,1,0.000504,
6,BUSATO,União,225,GABRIEL BEISTORF FERNANDES,***.474.700-**,CPF,1000.0,1,0.000504,
6,BUSATO,União,226,GABRIEL DOS SANTOS DUARTE,***.069.830-**,CPF,1000.0,1,0.000504,
6,BUSATO,União,227,GERCI RIBEIRO DE SOUZA,***.015.660-**,CPF,1000.0,1,0.000504,
6,BUSATO,União,228,JOAO BAPTISTA MINELLA NETO,***.132.730-**,CPF,1000.0,1,0.000504,
6,BUSATO,União,229,NEIVA DE LOURDES LIZARDI BORGES,***.017.440-**,CPF,1000.0,1,0.000504,
6,BUSATO,União,230,TACIANA BEISTORF FERNANDES,***.960.170-**,CPF,1000.0,1,0.000504,
6,BUSATO,União,231,ELEICAO 2026 MAIQUEL ANDRIEL SECKLER BUTZKE DEPUTADO ESTADUAL,68.403.548/0001-16,CNPJ,980.0,1,0.000494,
6,BUSATO,União,232,ELISANDRA RODRIGUES MESQUITA DA CRUZ,***.070.430-**,CPF,960.0,1,0.000484,
6,BUSATO,União,233,NOELI BARBOSA DA LUZ,***.059.820-**,CPF,960.0,1,0.000484,
6,BUSATO,União,234,PAMELA CAROLINE DA SILVA,***.303.370-**,CPF,960.0,1,0.000484,
6,BUSATO,União,235,THAINARA OLIVEIRA BORGES LIMA,***.014.750-**,CPF,960.0,1,0.000484,
6,BUSATO,União,236,ADRIANO PAULO GUERSE,***.622.350-**,CPF,880.0,1,0.000443,
6,BUSATO,União,237,ANDREIA EDUARDA DA FONSECA MOREIRA,***.628.720-**,CPF,880.0,1,0.000443,
6,BUSATO,União,238,FABIO ANDRE GONCALVES,***.782.350-**,CPF,880.0,1,0.000443,
6,BUSATO,União,239,JORGE LUIS MACIEL BORGES,***.891.300-**,CPF,880.0,1,0.000443,
6,BUSATO,União,240,TIAGO BAIRROS,***.314.270-**,CPF,880.0,1,0.000443,
6,BUSATO,União,241,65.273.208 JOSEMAR PADILHA VIGNOL,65.273.208/0001-20,CNPJ,850.0,1,0.000428,
6,BUSATO,União,242,SMART PRINT SOLUCOES TECNOLOGIA LTDA,64.688.151/0001-67,CNPJ,820.0,1,0.000413,
6,BUSATO,União,243,EDITORA JORNALISTICA A GAZETA DO SINOS LTDA,04.476.796/0001-04,CNPJ,810.0,1,0.000408,
6,BUSATO,União,244,IRMAOS GIBBON LTDA,89.587.786/0001-07,CNPJ,800.11,4,0.000403,
6,BUSATO,União,245,NARDENI DA SILVA DOMINGUES,***.362.730-**,CPF,800.0,1,0.000403,
6,BUSATO,União,246,JOSE EDGAR DE ABREU,07.953.109/0001-92,CNPJ,750.0,3,0.000378,
6,BUSATO,União,247,RAQUEL CARDOSO DE ALMEIDA,***.652.810-**,CPF,720.0,1,0.000363,
6,BUSATO,União,248,JESSICA LAIS COSTA PEDROSO,***.378.530-**,CPF,700.0,1,0.000353,
6,BUSATO,União,249,EMPRESA JORNALISTICA FOLHA DO MATE LTDA,98.597.719/0001-56,CNPJ,596.25,1,0.0003,
6,BUSATO,União,250,EREGRAF INDUSTRIA E COMERCIO DE PRODUTOS GRAFICOS LTDA,54.033.521/0001-74,CNPJ,580.0,1,0.000292,
6,BUSATO,União,251,IVETE BERNARDELLI,***.396.950-**,CPF,560.0,1,0.000282,
6,BUSATO,União,252,OSVALDO CARDOSO DE OLIVEIRA JUNIOR,***.498.280-**,CPF,560.0,1,0.000282,
6,BUSATO,União,253,AIRTON LEOTTI DA SILVA JUNIOR,***.319.600-**,CPF,480.0,1,0.000242,
6,BUSATO,União,254,EDSON LUIS RIBAS WINCH,***.231.690-**,CPF,480.0,1,0.000242,
6,BUSATO,União,255,GABRIEL FRACARI WINCH,***.020.070-**,CPF,480.0,1,0.000242,
6,BUSATO,União,256,MARILEA MENDES,***.026.750-**,CPF,480.0,1,0.000242,
6,BUSATO,União,257,SILVIA FERNANDES LIMA FONSECA BINOTTO,***.696.890-**,CPF,480.0,1,0.000242,
6,BUSATO,União,258,CRISTINA BASTOS BRAGA,***.770.170-**,CPF,400.0,1,0.000201,
6,BUSATO,União,259,FELIPE MACIEL DAPPER,***.539.390-**,CPF,400.0,1,0.000201,
6,BUSATO,União,260,FABIO DE SOUZA PAIM JUNIOR,***.554.970-**,CPF,320.0,1,0.000161,
6,BUSATO,União,261,JOCIEL CARLOS PIRES,***.730.370-**,CPF,320.0,1,0.000161,
6,BUSATO,União,262,JOSE EDUARDO MENDES OLIVEIRA,***.755.700-**,CPF,320.0,1,0.000161,
6,BUSATO,União,263,KELEN ANDRESSA CARLOT ***.398.980-**,41.591.269/0001-77,CNPJ,300.0,1,0.000151,
6,BUSATO,União,264,S S COMERCIO DE COMBUSTIVEIS SA,01.991.461/0041-23,CNPJ,254.02,1,0.000128,
6,BUSATO,União,265,ANDERSON RAMOS FARIAS,***.376.400-**,CPF,240.0,1,0.000121,
6,BUSATO,União,266,GERMANN CERTIFICACAO DIGITAL LTDA,35.365.023/0001-84,CNPJ,210.0,1,0.000106,
6,BUSATO,União,267,COMERCIAL BUFFON COMBUSTIVEIS E TRANSPORTES LIMITADA,93.489.243/0027-55,CNPJ,206.66,1,0.000104,
6,BUSATO,União,268,ALCIDA MARIA MADALOZZO,10.241.276/0001-15,CNPJ,200.05,1,0.000101,
6,BUSATO,União,269,CAROLINA RODRIGUES DE PINTO,***.079.000-**,CPF,160.0,1,8.1e-05,
6,BUSATO,União,270,TAINA CORREA FONTES,***.625.960-**,CPF,160.0,1,8.1e-05,
6,BUSATO,União,271,TAMIRES CORREA FONTES,***.987.600-**,CPF,160.0,1,8.1e-05,
6,BUSATO,União,272,"ENCARGOS FINANCEIROS, TAXAS BANCÁRIAS E/OU OP. CARTÃO DE CRÉDITO",,,87.0,10,4.4e-05,
6,BUSATO,União,273,PALOMA RIBEIRO DA SILVA,***.212.770-**,CPF,80.0,1,4e-05,
7,CARLOS GOMES,Republicanos,1,PRUMO GRAFICA E EDITORA LTDA,21.314.550/0001-55,CNPJ,500020.0,186,0.477066,
7,CARLOS GOMES,Republicanos,2,SUBLIMY PRINT LTDA,58.411.181/0001-29,CNPJ,159404.0,26,0.152086,
7,CARLOS GOMES,Republicanos,3,ADRIANA M. MATTEVI LTDA,53.816.635/0001-28,CNPJ,74400.0,6,0.070985,
7,CARLOS GOMES,Republicanos,4,DLOCAL BRASIL INSTITUICAO DE PAGAMENTO S.A.,25.021.356/0001-32,CNPJ,50000.0,1,0.047705,
7,CARLOS GOMES,Republicanos,5,ELEICAO 2026 MARIA DE FATIMA MARTINS FORTUNA DEPUTADO ESTADUAL,68.430.184/0001-63,CNPJ,50000.0,1,0.047705,
7,CARLOS GOMES,Republicanos,6,FERRONI FILMES PRODUCOES LTDA,29.764.645/0001-82,CNPJ,31000.0,1,0.029577,
7,CARLOS GOMES,Republicanos,7,ELMI DOLORES BLOOS,***.694.420-**,CPF,30000.0,1,0.028623,
7,CARLOS GOMES,Republicanos,8,STUDIO PRINT GRAFICA E EDITORA LTDA,19.539.180/0001-02,CNPJ,28500.0,1,0.027192,
7,CARLOS GOMES,Republicanos,9,EMPRESA BRASILEIRA DE CORREIOS E TELEGRAFOS,34.028.316/4393-34,CNPJ,18074.65,1,0.017245,
7,CARLOS GOMES,Republicanos,10,FERNANDES RODRIGUES VIAGENS E TURISMO LTDA.,12.693.805/0001-47,CNPJ,16000.0,1,0.015266,
7,CARLOS GOMES,Republicanos,11,68.630.697 EDUARDO BATISTA PORTO,68.630.697/0001-18,CNPJ,11280.0,1,0.010762,
7,CARLOS GOMES,Republicanos,12,RS GRAFICA IMPRESSAO LTDA,55.008.753/0001-35,CNPJ,11200.0,1,0.010686,
7,CARLOS GOMES,Republicanos,13,HABITALAR IMOVEIS LTDA,88.686.589/0001-74,CNPJ,11000.0,1,0.010495,
7,CARLOS GOMES,Republicanos,14,AUTOLOCADORA LINCK & MELLO LTDA,09.146.749/0001-16,CNPJ,7800.0,1,0.007442,
7,CARLOS GOMES,Republicanos,15,LUCIANO PEREIRA GARCIA,***.261.280-**,CPF,7000.0,1,0.006679,
7,CARLOS GOMES,Republicanos,16,P. SANTOS COMUNICACAO VISUAL LTDA.,29.743.651/0001-53,CNPJ,7000.0,1,0.006679,
7,CARLOS GOMES,Republicanos,17,ALEX JESUS PEDILHA,***.595.250-**,CPF,5244.4,1,0.005004,
7,CARLOS GOMES,Republicanos,18,DAVI CORREA SANTIAGO,***.231.970-**,CPF,5244.4,1,0.005004,
7,CARLOS GOMES,Republicanos,19,PAULO RICARDO HEBERLE DOS SANTOS,***.105.610-**,CPF,5244.4,1,0.005004,
7,CARLOS GOMES,Republicanos,20,TIAGO SANTOS,***.325.110-**,CPF,5244.4,1,0.005004,
7,CARLOS GOMES,Republicanos,21,ALVARO PEREIRA GONÇALVES,***.896.810-**,CPF,4000.0,1,0.003816,
7,CARLOS GOMES,Republicanos,22,DAVID WILLIAM VIEIRA DOS SANTOS,***.815.980-**,CPF,4000.0,1,0.003816,
7,CARLOS GOMES,Republicanos,23,FELIPE SILVEIRA MARIANO,***.537.620-**,CPF,3000.0,1,0.002862,
7,CARLOS GOMES,Republicanos,24,WANDERLEI DE FREIAS ANCINELLO,***.459.890-**,CPF,3000.0,1,0.002862,
7,CARLOS GOMES,Republicanos,25,HOERLLE & ASSUMPCAO LTDA,21.921.645/0005-60,CNPJ,400.11,1,0.000382,
7,CARLOS GOMES,Republicanos,26,"ENCARGOS FINANCEIROS, TAXAS BANCÁRIAS E/OU OP. CARTÃO DE CRÉDITO",,,57.8,16,5.5e-05,
8,COVATTI FILHO,PP,1,ELF LOCADORA DE VEICULOS LTDA,07.447.405/0001-11,CNPJ,150109.0,20,0.183898,
8,COVATTI FILHO,PP,2,ALFA LATINO AMERICA LTDA,02.868.231/0001-47,CNPJ,99649.0,16,0.122079,
8,COVATTI FILHO,PP,3,PRINT PRESS FORMULARIOS LTDA,94.990.835/0001-80,CNPJ,95027.4,7,0.116418,
8,COVATTI FILHO,PP,4,ZILIO HOLDING E PARTICIPACOES LTDA,66.133.900/0001-15,CNPJ,48000.0,1,0.058805,
8,COVATTI FILHO,PP,5,AUTOSUL LOCADORA DE VEICULOS LTDA,23.285.134/0001-00,CNPJ,29204.0,3,0.035778,
8,COVATTI FILHO,PP,6,SUBLIMY PRINT LTDA,58.411.181/0001-29,CNPJ,20980.0,1,0.025702,
8,COVATTI FILHO,PP,7,CARLOS EDUARDO VILELA NUNES LTDA.,56.441.320/0001-31,CNPJ,18050.0,2,0.022113,
8,COVATTI FILHO,PP,8,BR SUL EMPREENDIMENTOS IMOBILIARIOS LTDA,19.453.961/0001-80,CNPJ,15000.0,1,0.018376,
8,COVATTI FILHO,PP,9,PAULO ROBERTO CARDOSO MOREIRA DE OLIVEIRA,***.338.350-**,CPF,10000.0,1,0.012251,
8,COVATTI FILHO,PP,10,CESAR SCHMITT SOUSA SOCIEDADE INDIVIDUAL DE ADVOCACIA,43.957.904/0001-12,CNPJ,9600.0,1,0.011761,
8,COVATTI FILHO,PP,11,AMC CONSULTORIA E CONTABILIDADE LTDA,93.711.224/0001-92,CNPJ,8000.0,1,0.009801,
8,COVATTI FILHO,PP,12,JOAO CARLOS BERTOLDI DE OLIVEIRA,***.660.050-**,CPF,6000.0,1,0.007351,
8,COVATTI FILHO,PP,13,P. C. B. RANGEL,42.606.075/0001-60,CNPJ,2830.0,2,0.003467,
8,COVATTI FILHO,PP,14,ABASTECEDORA DE COMBUSTIVEIS NONOAI LTDA,05.491.962/0001-04,CNPJ,2674.84,12,0.003277,
8,COVATTI FILHO,PP,15,JULITA THIESEN LTDA,14.526.852/0001-21,CNPJ,2672.09,10,0.003274,
8,COVATTI FILHO,PP,16,ALBERTO CLEITON KLEIN,***.205.570-**,CPF,2500.0,1,0.003063,
8,COVATTI FILHO,PP,17,COMERCIO DE COMBUSTIVEIS MP LTDA,24.060.754/0001-03,CNPJ,1634.75,6,0.002003,
8,COVATTI FILHO,PP,18,ABASTECEDORA DE COMBUSTIVEIS T W LTDA,00.110.559/0003-36,CNPJ,1180.21,1,0.001446,
8,COVATTI FILHO,PP,19,MARIANA DE MEDEIROS MUNIZ,***.977.980-**,CPF,1000.0,1,0.001225,
8,COVATTI FILHO,PP,20,NEREIDE FATIMA DE SOUZA,***.103.340-**,CPF,1000.0,1,0.001225,
8,COVATTI FILHO,PP,21,COMERCIAL DE COMBUSTIVEIS LUPATINI LTDA,97.497.333/0001-00,CNPJ,978.23,4,0.001198,
8,COVATTI FILHO,PP,22,ADALBERTO KLEBER,***.863.870-**,CPF,750.0,1,0.000919,
8,COVATTI FILHO,PP,23,ADELAR SCHWERTNER,***.394.740-**,CPF,750.0,1,0.000919,
8,COVATTI FILHO,PP,24,ADEMIR JOSE SPONCHIADO,***.194.300-**,CPF,750.0,1,0.000919,
8,COVATTI FILHO,PP,25,ADRIANA DA SILVA RODRIGUES,***.509.320-**,CPF,750.0,1,0.000919,
8,COVATTI FILHO,PP,26,ADRIANO BRUNO FEIJO DA SILVEIRA,***.951.700-**,CPF,750.0,1,0.000919,
8,COVATTI FILHO,PP,27,ADRIANO DA COSTA,***.953.420-**,CPF,750.0,1,0.000919,
8,COVATTI FILHO,PP,28,ADRIANO DA SILVA BENCKE,***.948.800-**,CPF,750.0,1,0.000919,
8,COVATTI FILHO,PP,29,ADRIANO JUNIOR DOS REIS,***.082.050-**,CPF,750.0,1,0.000919,
8,COVATTI FILHO,PP,30,ADRIELI BAHRY ZIMERMANN,***.640.840-**,CPF,750.0,1,0.000919,
8,COVATTI FILHO,PP,31,ALCI FUCHS,***.636.460-**,CPF,750.0,1,0.000919,
8,COVATTI FILHO,PP,32,ALDENEIDE FIORENTIN,***.955.030-**,CPF,750.0,1,0.000919,
8,COVATTI FILHO,PP,33,ALDERICO BOEIRA DA LUZ,***.583.300-**,CPF,750.0,1,0.000919,
8,COVATTI FILHO,PP,34,ALEX MULLER BACKES,***.642.330-**,CPF,750.0,1,0.000919,
8,COVATTI FILHO,PP,35,ALEX SOARES,***.772.270-**,CPF,750.0,1,0.000919,
8,COVATTI FILHO,PP,36,ALINE BORBA VAZ,***.112.330-**,CPF,750.0,1,0.000919,
8,COVATTI FILHO,PP,37,ANA CAROLINA PRUX,***.480.890-**,CPF,750.0,1,0.000919,
8,COVATTI FILHO,PP,38,ANA PAULA DOS SANTOS DORNELES,***.138.870-**,CPF,750.0,1,0.000919,
8,COVATTI FILHO,PP,39,ANA PAULA KOLBE DE OLIVEIRA,***.172.900-**,CPF,750.0,1,0.000919,
8,COVATTI FILHO,PP,40,ANDERSON DA SILVA DRIEMEYER,***.653.710-**,CPF,750.0,1,0.000919,
8,COVATTI FILHO,PP,41,ANDERSON PEREIRA JANES,***.859.120-**,CPF,750.0,1,0.000919,
8,COVATTI FILHO,PP,42,ANDERSON STIBORSKI DE CARVALHO,***.860.830-**,CPF,750.0,1,0.000919,
8,COVATTI FILHO,PP,43,ANDRE LUIS SANTOS DE LIMA,***.318.430-**,CPF,750.0,1,0.000919,
8,COVATTI FILHO,PP,44,ANDRE LUIZ DE LIMA MORAES,***.391.510-**,CPF,750.0,1,0.000919,
8,COVATTI FILHO,PP,45,ANDRIELLE CHAVES FELICIANO,***.714.460-**,CPF,750.0,1,0.000919,
8,COVATTI FILHO,PP,46,ANE CAROLINE VARELA SILVEIRA,***.127.520-**,CPF,750.0,1,0.000919,
8,COVATTI FILHO,PP,47,ANE DAIANE HERZOG,***.015.360-**,CPF,750.0,1,0.000919,
8,COVATTI FILHO,PP,48,ANGELICA KERN GONCALVES BARBOSA,***.042.020-**,CPF,750.0,1,0.000919,
8,COVATTI FILHO,PP,49,ANITA TATIANA ZAGETTI,***.762.200-**,CPF,750.0,1,0.000919,
8,COVATTI FILHO,PP,50,ANNA LUIZA GAIARALDE PERES,***.282.710-**,CPF,750.0,1,0.000919,
8,COVATTI FILHO,PP,51,ANSELMO JOSE FELLER,***.661.660-**,CPF,750.0,1,0.000919,
8,COVATTI FILHO,PP,52,ANTONINHO ALVES DE ANHAIA,***.474.030-**,CPF,750.0,1,0.000919,
8,COVATTI FILHO,PP,53,ANTONIO CARLOS BAUDINO,***.748.340-**,CPF,750.0,1,0.000919,
8,COVATTI FILHO,PP,54,ANTONIO DUVAL CLAMER,***.794.880-**,CPF,750.0,1,0.000919,Documento exibido pelo TSE não passa na verificação de dígitos
8,COVATTI FILHO,PP,55,ARIEL VARGAS COELHO,***.138.310-**,CPF,750.0,1,0.000919,
8,COVATTI FILHO,PP,56,ARSENIO CASPERS,***.310.850-**,CPF,750.0,1,0.000919,
8,COVATTI FILHO,PP,57,ARTHUR MASSARO RIGHI,***.235.580-**,CPF,750.0,1,0.000919,
8,COVATTI FILHO,PP,58,ARTHUR TEIXEIRA DIAS,***.409.490-**,CPF,750.0,1,0.000919,
8,COVATTI FILHO,PP,59,ATILIO MAFALDA DE OLIVEIRA,***.731.450-**,CPF,750.0,1,0.000919,
8,COVATTI FILHO,PP,60,BARBARA ALTMANN KAHMANN,***.516.070-**,CPF,750.0,1,0.000919,
8,COVATTI FILHO,PP,61,BERENICE DOS SANTOS ALBUQUERQUE,***.842.350-**,CPF,750.0,1,0.000919,
8,COVATTI FILHO,PP,62,BRUNA LOPES ABREU,***.966.990-**,CPF,750.0,1,0.000919,
8,COVATTI FILHO,PP,63,CANDIDO MEDEIROS NUNES,***.996.830-**,CPF,750.0,1,0.000919,
8,COVATTI FILHO,PP,64,CARINA GRANDI DA SILVA,***.768.360-**,CPF,750.0,1,0.000919,
8,COVATTI FILHO,PP,65,CARINE GOELZER,***.642.500-**,CPF,750.0,1,0.000919,
8,COVATTI FILHO,PP,66,CARLENE OLIVEIRA DA SILVA,***.265.597-**,CPF,750.0,1,0.000919,
8,COVATTI FILHO,PP,67,CARLOS ALBERTO ADAMS,***.795.500-**,CPF,750.0,1,0.000919,
8,COVATTI FILHO,PP,68,CARLOS ALFREDO DOS SANTOS VENTURA,***.381.030-**,CPF,750.0,1,0.000919,
8,COVATTI FILHO,PP,69,CARLOS ANDRE GHENO,***.260.870-**,CPF,750.0,1,0.000919,
8,COVATTI FILHO,PP,70,CARLOS EDUARDO GOULART MACHADO,***.850.770-**,CPF,750.0,1,0.000919,
8,COVATTI FILHO,PP,71,CARMEN MARIZA GRIPA LUNARDI,***.776.300-**,CPF,750.0,1,0.000919,
8,COVATTI FILHO,PP,72,CAROLINE DE FATIMA MORAIS,***.708.780-**,CPF,750.0,1,0.000919,
8,COVATTI FILHO,PP,73,CAUA VICTOR DA SILVA GORAL,***.217.180-**,CPF,750.0,1,0.000919,
8,COVATTI FILHO,PP,74,CELESTE SEVERGNINI,***.558.700-**,CPF,750.0,1,0.000919,
8,COVATTI FILHO,PP,75,CENIRA CAUMO SPIGOSSO,***.382.930-**,CPF,750.0,1,0.000919,
8,COVATTI FILHO,PP,76,CESAR FRASSAO,***.414.190-**,CPF,750.0,1,0.000919,
8,COVATTI FILHO,PP,77,CESAR TONIASSO,***.467.560-**,CPF,750.0,1,0.000919,
8,COVATTI FILHO,PP,78,CIBELLY COSTA VENCATO,***.396.960-**,CPF,750.0,1,0.000919,
8,COVATTI FILHO,PP,79,CICERO BIRAJARA LOPES CALBAR,***.428.308-**,CPF,750.0,1,0.000919,
8,COVATTI FILHO,PP,80,CINTIA ERICA SCHNEIDER,***.476.540-**,CPF,750.0,1,0.000919,
8,COVATTI FILHO,PP,81,CLAUDEMIR VOSS,***.125.890-**,CPF,750.0,1,0.000919,
8,COVATTI FILHO,PP,82,CLAUDIMIRO JOSE FACCO,***.685.590-**,CPF,750.0,1,0.000919,
8,COVATTI FILHO,PP,83,CLEDILEIA COHSUL,***.521.470-**,CPF,750.0,1,0.000919,
8,COVATTI FILHO,PP,84,CLEIDIMARA RODRIGUES,***.614.050-**,CPF,750.0,1,0.000919,
8,COVATTI FILHO,PP,85,CLEITON ANDRE E SILVA,***.122.930-**,CPF,750.0,1,0.000919,
8,COVATTI FILHO,PP,86,CLEOCY LOPES BARBOZA,***.632.600-**,CPF,750.0,1,0.000919,
8,COVATTI FILHO,PP,87,CLEONIR MARCIO BONETTI,***.318.070-**,CPF,750.0,1,0.000919,
8,COVATTI FILHO,PP,88,CREMILDA MARGARETE MENEGHETTI MORIN,***.399.910-**,CPF,750.0,1,0.000919,
8,COVATTI FILHO,PP,89,DAIANI MORARI,***.432.160-**,CPF,750.0,1,0.000919,
8,COVATTI FILHO,PP,90,DANIEL GAVIRAGHI DA ROSA,***.450.760-**,CPF,750.0,1,0.000919,
8,COVATTI FILHO,PP,91,DANIEL RODRIGO DA SILVA SANTOS,***.870.950-**,CPF,750.0,1,0.000919,
8,COVATTI FILHO,PP,92,DANIELA QUEVEDO FOGACA BOSSI,***.474.320-**,CPF,750.0,1,0.000919,
8,COVATTI FILHO,PP,93,DARLEI SANTOS GUERSE,***.270.790-**,CPF,750.0,1,0.000919,
8,COVATTI FILHO,PP,94,DENISE DE BARROS HUMMEL,***.713.300-**,CPF,750.0,1,0.000919,
8,COVATTI FILHO,PP,95,DIANA DE RE,***.179.940-**,CPF,750.0,1,0.000919,
8,COVATTI FILHO,PP,96,DILAMAR DOS SANTOS SALDANHA,***.299.790-**,CPF,750.0,1,0.000919,
8,COVATTI FILHO,PP,97,DIONATAN DOS REIS VIEIRA,***.125.080-**,CPF,750.0,1,0.000919,
8,COVATTI FILHO,PP,98,DOUGLAS ARNOLDO WEBLER,***.807.780-**,CPF,750.0,1,0.000919,
8,COVATTI FILHO,PP,99,EDER PANAZZOLLO,***.046.140-**,CPF,750.0,1,0.000919,
8,COVATTI FILHO,PP,100,EDER SILVA DA ROSA JUNIOR,***.871.490-**,CPF,750.0,1,0.000919,
8,COVATTI FILHO,PP,101,EDISON TEIXEIRA DE PAULA,***.082.530-**,CPF,750.0,1,0.000919,
8,COVATTI FILHO,PP,102,EDSON DA ROSA RIOS,***.307.620-**,CPF,750.0,1,0.000919,
8,COVATTI FILHO,PP,103,EDSON DA SILVEIRA,***.058.560-**,CPF,750.0,1,0.000919,
8,COVATTI FILHO,PP,104,EDUARDA FEIJO DA SILVEIRA,***.951.850-**,CPF,750.0,1,0.000919,
8,COVATTI FILHO,PP,105,EDUARDA LUIZA FINATTO,***.861.030-**,CPF,750.0,1,0.000919,
8,COVATTI FILHO,PP,106,EDUARDA THOMAS LAU,***.130.940-**,CPF,750.0,1,0.000919,
8,COVATTI FILHO,PP,107,EDUARDO FLORES,***.405.270-**,CPF,750.0,1,0.000919,
8,COVATTI FILHO,PP,108,ELI FORTES,***.800.450-**,CPF,750.0,1,0.000919,
8,COVATTI FILHO,PP,109,ELIANE DE MELLO,***.262.710-**,CPF,750.0,1,0.000919,
8,COVATTI FILHO,PP,110,ELIANE RANZOLIN PIGATTO,***.688.920-**,CPF,750.0,1,0.000919,
8,COVATTI FILHO,PP,111,ELIEZER BARBOSA DA COSTA,***.626.810-**,CPF,750.0,1,0.000919,
8,COVATTI FILHO,PP,112,ELIO DA COSTA,***.660.600-**,CPF,750.0,1,0.000919,
8,COVATTI FILHO,PP,113,ELISA KLEIN,***.386.100-**,CPF,750.0,1,0.000919,
8,COVATTI FILHO,PP,114,ELISEU ANTONIO HECK,***.461.730-**,CPF,750.0,1,0.000919,
8,COVATTI FILHO,PP,115,ELIVELTON DE QUEIROZ FARIAS,***.116.080-**,CPF,750.0,1,0.000919,
8,COVATTI FILHO,PP,116,ELIZABETH POLIDORIO TODESCHINI,***.429.560-**,CPF,750.0,1,0.000919,
8,COVATTI FILHO,PP,117,ELIZETE GUEDES ROSSATO,***.571.940-**,CPF,750.0,1,0.000919,
8,COVATTI FILHO,PP,118,ELSA ALVES,***.150.409-**,CPF,750.0,1,0.000919,
8,COVATTI FILHO,PP,119,EMANUEL DE CARVALHO RIBEIRO,***.887.870-**,CPF,750.0,1,0.000919,
8,COVATTI FILHO,PP,120,EMERSON SCHMIDT,***.690.020-**,CPF,750.0,1,0.000919,
8,COVATTI FILHO,PP,121,ENIR LUIZ RODRIGUES,***.285.780-**,CPF,750.0,1,0.000919,
8,COVATTI FILHO,PP,122,ERALDO LUIZ HISTER,***.703.620-**,CPF,750.0,1,0.000919,
8,COVATTI FILHO,PP,123,EVANDRO CARLOS LORENZI,***.344.440-**,CPF,750.0,1,0.000919,
8,COVATTI FILHO,PP,124,FABIO ANDRE HAAS,***.648.510-**,CPF,750.0,1,0.000919,
8,COVATTI FILHO,PP,125,FABIO FERNANDO ZIMMERMANN,***.117.370-**,CPF,750.0,1,0.000919,
8,COVATTI FILHO,PP,126,FABIO VIEIRA,***.911.430-**,CPF,750.0,1,0.000919,
8,COVATTI FILHO,PP,127,FABRICIO RIBAS LENCINA,***.116.760-**,CPF,750.0,1,0.000919,
8,COVATTI FILHO,PP,128,FELIPE VIGOLO FRANCESCATTO,***.345.290-**,CPF,750.0,1,0.000919,
8,COVATTI FILHO,PP,129,FERNANDA LUZIA DE OLIVEIRA,***.148.160-**,CPF,750.0,1,0.000919,
8,COVATTI FILHO,PP,130,FERNANDA MARQUES JARDIM,***.216.240-**,CPF,750.0,1,0.000919,
8,COVATTI FILHO,PP,131,FERNANDO ARIEL SCHUTZ HANS,***.346.700-**,CPF,750.0,1,0.000919,Documento exibido pelo TSE não passa na verificação de dígitos
8,COVATTI FILHO,PP,132,FERNANDO TIAGO RODRIGUES,***.936.090-**,CPF,750.0,1,0.000919,
8,COVATTI FILHO,PP,133,FILIPE HAAS BAIERLE,***.857.820-**,CPF,750.0,1,0.000919,
8,COVATTI FILHO,PP,134,FLAVIA OFELIA GONCALVES FORTES,***.879.270-**,CPF,750.0,1,0.000919,
8,COVATTI FILHO,PP,135,FLAVIO HENRIQUE QUEIROZ,***.087.040-**,CPF,750.0,1,0.000919,
8,COVATTI FILHO,PP,136,GABRIEL PEREIRA TONEZER,***.944.630-**,CPF,750.0,1,0.000919,
8,COVATTI FILHO,PP,137,GABRIELE CORATTO,***.703.890-**,CPF,750.0,1,0.000919,
8,COVATTI FILHO,PP,138,GELSON SCHMITT,***.760.300-**,CPF,750.0,1,0.000919,
8,COVATTI FILHO,PP,139,GELTRUDE MARIA CASTELI,***.939.210-**,CPF,750.0,1,0.000919,
8,COVATTI FILHO,PP,140,GENESSI FATIMA DEL SENTE,***.571.990-**,CPF,750.0,1,0.000919,
8,COVATTI FILHO,PP,141,GERON OLIVEIRA SILVEIRA,***.430.970-**,CPF,750.0,1,0.000919,
8,COVATTI FILHO,PP,142,GERONIMO PEREIRA DA SILVEIRA,***.556.930-**,CPF,750.0,1,0.000919,
8,COVATTI FILHO,PP,143,GERUSA ANDREATTA CARDOSO,***.372.150-**,CPF,750.0,1,0.000919,
8,COVATTI FILHO,PP,144,GESSI DA COSTA,***.808.050-**,CPF,750.0,1,0.000919,
8,COVATTI FILHO,PP,145,GESSICA GRODERES DA COSTA,***.053.110-**,CPF,750.0,1,0.000919,
8,COVATTI FILHO,PP,146,GILBERTO ROOS SACARDI,***.521.280-**,CPF,750.0,1,0.000919,
8,COVATTI FILHO,PP,147,GILMAR ANTONIO SCAPIN,***.818.420-**,CPF,750.0,1,0.000919,
8,COVATTI FILHO,PP,148,GISELE FAGUNDES DORR,***.570.280-**,CPF,750.0,1,0.000919,
8,COVATTI FILHO,PP,149,GISLAINE DANNENHAUER FARIAS,***.012.010-**,CPF,750.0,1,0.000919,
8,COVATTI FILHO,PP,150,GLACI APARECIDA DA CUNHA OSTER,***.138.450-**,CPF,750.0,1,0.000919,
8,COVATTI FILHO,PP,151,GRAZIELY DA SILVA BORGES,***.976.810-**,CPF,750.0,1,0.000919,
8,COVATTI FILHO,PP,152,GUIDO ERVINO MAROTZ,***.573.190-**,CPF,750.0,1,0.000919,
8,COVATTI FILHO,PP,153,GUILHERME DE BORBA LOPES,***.701.310-**,CPF,750.0,1,0.000919,
8,COVATTI FILHO,PP,154,GUILHERME MACHADO DA SILVEIRA,***.559.100-**,CPF,750.0,1,0.000919,
8,COVATTI FILHO,PP,155,GUILHERME PORT HANEL,***.060.490-**,CPF,750.0,1,0.000919,
8,COVATTI FILHO,PP,156,GUSTAVO BRESSAN,***.000.800-**,CPF,750.0,1,0.000919,
8,COVATTI FILHO,PP,157,HELENA MARIA DE MACEDO BALARDIN,***.807.220-**,CPF,750.0,1,0.000919,
8,COVATTI FILHO,PP,158,HELIO ODAIR DE MOURA,***.740.440-**,CPF,750.0,1,0.000919,
8,COVATTI FILHO,PP,159,HENRIQUE NOGUEIRA VARGAS,***.524.550-**,CPF,750.0,1,0.000919,
8,COVATTI FILHO,PP,160,IDILIA NICEIA GIUSTI,***.273.860-**,CPF,750.0,1,0.000919,
8,COVATTI FILHO,PP,161,IGOR FILIPE OLIVEIRA VAZ,***.145.267-**,CPF,750.0,1,0.000919,
8,COVATTI FILHO,PP,162,IRACEMA POLIS CABRAL,***.917.970-**,CPF,750.0,1,0.000919,
8,COVATTI FILHO,PP,163,IRANI WENDLER,***.026.630-**,CPF,750.0,1,0.000919,
8,COVATTI FILHO,PP,164,IRENA VANTZING GERALDO,***.584.170-**,CPF,750.0,1,0.000919,
8,COVATTI FILHO,PP,165,ISABELLI FAGUNDES DOS SANTOS,***.078.210-**,CPF,750.0,1,0.000919,
8,COVATTI FILHO,PP,166,ISAC LUAN CARDOSO DE CAMARGO,***.501.590-**,CPF,750.0,1,0.000919,
8,COVATTI FILHO,PP,167,ISADORA CRISTINE GONCALVES PAIER,***.466.440-**,CPF,750.0,1,0.000919,
8,COVATTI FILHO,PP,168,ISMAEL KIRSCH DOS SANTOS,***.933.020-**,CPF,750.0,1,0.000919,
8,COVATTI FILHO,PP,169,ISMAEL SCHUCK NUNES,***.702.150-**,CPF,750.0,1,0.000919,
8,COVATTI FILHO,PP,170,ITAMAR SILVEIRA SEIXAS,***.826.000-**,CPF,750.0,1,0.000919,
8,COVATTI FILHO,PP,171,IUGLAN CAPOANI,***.150.560-**,CPF,750.0,1,0.000919,
8,COVATTI FILHO,PP,172,IVANE STEFFENS,***.049.480-**,CPF,750.0,1,0.000919,
8,COVATTI FILHO,PP,173,IVANILDE FRANCESCHI,***.840.840-**,CPF,750.0,1,0.000919,
8,COVATTI FILHO,PP,174,JACIELI MORAES DA ROSA ORTIZ,***.399.830-**,CPF,750.0,1,0.000919,
8,COVATTI FILHO,PP,175,JADIR VIEIRA DE MELO,***.025.010-**,CPF,750.0,1,0.000919,
8,COVATTI FILHO,PP,176,JAIR ANTONIO DALL AGNOL,***.266.810-**,CPF,750.0,1,0.000919,
8,COVATTI FILHO,PP,177,JAIR CAMARGO BORGES,***.944.800-**,CPF,750.0,1,0.000919,
8,COVATTI FILHO,PP,178,JAIR DE ARAUJO VARGAS,***.674.580-**,CPF,750.0,1,0.000919,
8,COVATTI FILHO,PP,179,JAIR FERREIRA BORGES JUNIOR,***.270.500-**,CPF,750.0,1,0.000919,
8,COVATTI FILHO,PP,180,JAIR FRAGATA DOS SANTOS,***.896.440-**,CPF,750.0,1,0.000919,
8,COVATTI FILHO,PP,181,JAIR MEDEIROS DA SILVA,***.702.180-**,CPF,750.0,1,0.000919,
8,COVATTI FILHO,PP,182,JANDIRA BONINI WILKOMM,***.951.460-**,CPF,750.0,1,0.000919,
8,COVATTI FILHO,PP,183,JANDREA CARVALHO DA FONSECA,***.117.630-**,CPF,750.0,1,0.000919,
8,COVATTI FILHO,PP,184,JANE COSTA SCHNEIDER,***.609.770-**,CPF,750.0,1,0.000919,
8,COVATTI FILHO,PP,185,JANETE APARECIDA MACHADO DA SILVA,***.302.210-**,CPF,750.0,1,0.000919,
8,COVATTI FILHO,PP,186,JANETE HEMING FLORES,***.927.270-**,CPF,750.0,1,0.000919,
8,COVATTI FILHO,PP,187,JANETE SAGGIN,***.259.440-**,CPF,750.0,1,0.000919,
8,COVATTI FILHO,PP,188,JARBAS MAXIMINO GUIMARAES VIEIRA,***.389.580-**,CPF,750.0,1,0.000919,
8,COVATTI FILHO,PP,189,JEFERSON ROGER ALVES MACHADO,***.811.260-**,CPF,750.0,1,0.000919,
8,COVATTI FILHO,PP,190,JEFFERSON LUIS DE SOUZA DA ROSA,***.712.610-**,CPF,750.0,1,0.000919,
8,COVATTI FILHO,PP,191,JENIFER CABRAL DA SILVA,***.820.540-**,CPF,750.0,1,0.000919,
8,COVATTI FILHO,PP,192,JOAO DILAMAR GARCIA DA SILVA,***.854.530-**,CPF,750.0,1,0.000919,
8,COVATTI FILHO,PP,193,JOAO IVO SOUZA DA SILVA,***.526.170-**,CPF,750.0,1,0.000919,
8,COVATTI FILHO,PP,194,JOAO MARCELO SANTOS,***.599.580-**,CPF,750.0,1,0.000919,
8,COVATTI FILHO,PP,195,JOAO PEDRO FERREIRA DE CAMPOS FILHO,***.131.580-**,CPF,750.0,1,0.000919,
8,COVATTI FILHO,PP,196,JOEL DA ROSA,***.235.070-**,CPF,750.0,1,0.000919,
8,COVATTI FILHO,PP,197,JOELSO RODRIGUES,***.712.130-**,CPF,750.0,1,0.000919,
8,COVATTI FILHO,PP,198,JOICE CASTRO DE ALMEIDA,***.929.900-**,CPF,750.0,1,0.000919,
8,COVATTI FILHO,PP,199,JONATAN ZULIANOTTO,***.542.620-**,CPF,750.0,1,0.000919,
8,COVATTI FILHO,PP,200,JONES CLAUDIOMIRO DE SOUZA,***.520.510-**,CPF,750.0,1,0.000919,
8,COVATTI FILHO,PP,201,JOSE ALBERTO SCHUQUEL DE SOUZA,***.081.080-**,CPF,750.0,1,0.000919,
8,COVATTI FILHO,PP,202,JOSE MARCIANO GARCIA PRESTES,***.726.920-**,CPF,750.0,1,0.000919,
8,COVATTI FILHO,PP,203,JOSE NATALICIO DE ALMEIDA BUENO,***.067.200-**,CPF,750.0,1,0.000919,
8,COVATTI FILHO,PP,204,JOSIANE KLATT,***.034.670-**,CPF,750.0,1,0.000919,
8,COVATTI FILHO,PP,205,JOSIANE SOARES PEREIRA,***.695.910-**,CPF,750.0,1,0.000919,
8,COVATTI FILHO,PP,206,JUCIANO KWIATKOWSKI,***.071.460-**,CPF,750.0,1,0.000919,
8,COVATTI FILHO,PP,207,JULIANA GRAZIELA DOS SANTOS MOREIRA,***.183.360-**,CPF,750.0,1,0.000919,
8,COVATTI FILHO,PP,208,JULIANA MAINARDI BRIXNER,***.556.150-**,CPF,750.0,1,0.000919,
8,COVATTI FILHO,PP,209,JULIANO BIRNFELD VIEIRA,***.983.540-**,CPF,750.0,1,0.000919,
8,COVATTI FILHO,PP,210,JUNIOR MANOEL PAIVA,***.720.480-**,CPF,750.0,1,0.000919,
8,COVATTI FILHO,PP,211,JURIELI ZULIANOTTO,***.828.480-**,CPF,750.0,1,0.000919,
8,COVATTI FILHO,PP,212,KAILAINE SANTOS DA SILVA,***.848.630-**,CPF,750.0,1,0.000919,
8,COVATTI FILHO,PP,213,KASSIO JUNIOR MARQUES PEREIRA,***.868.390-**,CPF,750.0,1,0.000919,
8,COVATTI FILHO,PP,214,KATIANE SCHMENGLER MARION,***.620.920-**,CPF,750.0,1,0.000919,
8,COVATTI FILHO,PP,215,LARIELE BARCELOS RIBEIRO,***.939.270-**,CPF,750.0,1,0.000919,
8,COVATTI FILHO,PP,216,LARISSA CRISTIANE ULMANN,***.737.760-**,CPF,750.0,1,0.000919,
8,COVATTI FILHO,PP,217,LAURI LINK,***.300.800-**,CPF,750.0,1,0.000919,
8,COVATTI FILHO,PP,218,LEANDRA LOCATELLI CAMARA,***.901.360-**,CPF,750.0,1,0.000919,
8,COVATTI FILHO,PP,219,LECIR ROSA MACHADO,***.034.610-**,CPF,750.0,1,0.000919,
8,COVATTI FILHO,PP,220,LEDA MARIA BELLO DA SILVA,***.128.020-**,CPF,750.0,1,0.000919,
8,COVATTI FILHO,PP,221,LEUR FALEIRO VIANA,***.724.080-**,CPF,750.0,1,0.000919,
8,COVATTI FILHO,PP,222,LEVI ROQUE RAGAGNIN,***.817.230-**,CPF,750.0,1,0.000919,
8,COVATTI FILHO,PP,223,LIANE MARIA ABREU RIBEIRO,***.154.240-**,CPF,750.0,1,0.000919,
8,COVATTI FILHO,PP,224,LUAN LAGO,***.310.200-**,CPF,750.0,1,0.000919,
8,COVATTI FILHO,PP,225,LUANA MORAES DOS SANTOS,***.720.590-**,CPF,750.0,1,0.000919,
8,COVATTI FILHO,PP,226,LUCAS CESAR MARKOVSKI,***.231.510-**,CPF,750.0,1,0.000919,
8,COVATTI FILHO,PP,227,LUCAS ONGARATTO,***.215.200-**,CPF,750.0,1,0.000919,
8,COVATTI FILHO,PP,228,LUCAS PEREIRA STEDILE,***.298.508-**,CPF,750.0,1,0.000919,
8,COVATTI FILHO,PP,229,LUCIANA CRISTINA DALATEA,***.824.370-**,CPF,750.0,1,0.000919,
8,COVATTI FILHO,PP,230,LUCIANA FERREIRA SORIA,***.985.830-**,CPF,750.0,1,0.000919,
8,COVATTI FILHO,PP,231,LUCIANO CAVALLI,***.296.600-**,CPF,750.0,1,0.000919,
8,COVATTI FILHO,PP,232,LUCIELE GOLICZEVSKI,***.909.330-**,CPF,750.0,1,0.000919,
8,COVATTI FILHO,PP,233,LUCIELI FERNANDA DA SILVA,***.846.540-**,CPF,750.0,1,0.000919,
8,COVATTI FILHO,PP,234,LUIS CARLOS BRUXEL,***.254.470-**,CPF,750.0,1,0.000919,
8,COVATTI FILHO,PP,235,LUIS CARLOS VEBBER DO NASCIMENTO,***.310.690-**,CPF,750.0,1,0.000919,
8,COVATTI FILHO,PP,236,LUIS GUILHERME BORGES,***.863.380-**,CPF,750.0,1,0.000919,
8,COVATTI FILHO,PP,237,LUIS OTAVIO CASAGRANDE DE ALMEIDA EVANGELISTA,***.782.910-**,CPF,750.0,1,0.000919,
8,COVATTI FILHO,PP,238,LUIZ CARLOS PEREIRA,***.072.990-**,CPF,750.0,1,0.000919,
8,COVATTI FILHO,PP,239,LUIZ CARLOS VIZZOTO,***.342.940-**,CPF,750.0,1,0.000919,
8,COVATTI FILHO,PP,240,LUIZ DAVY POTRICH,***.423.370-**,CPF,750.0,1,0.000919,
8,COVATTI FILHO,PP,241,LUIZ FERNANDO DE ALMEIDA PEREIRA,***.189.480-**,CPF,750.0,1,0.000919,
8,COVATTI FILHO,PP,242,LUIZENIO BRAGA DE OLIVEIRA,***.363.560-**,CPF,750.0,1,0.000919,
8,COVATTI FILHO,PP,243,MAICON ROBERTO MULLER,***.836.630-**,CPF,750.0,1,0.000919,
8,COVATTI FILHO,PP,244,MAICON TONEZER FRAGOSO,***.043.380-**,CPF,750.0,1,0.000919,
8,COVATTI FILHO,PP,245,MANUELLE PENA FIGUEIRA,***.675.632-**,CPF,750.0,1,0.000919,
8,COVATTI FILHO,PP,246,MARCELO NUNES GARCIA,***.682.620-**,CPF,750.0,1,0.000919,
8,COVATTI FILHO,PP,247,MARCELO PORTO DA SILVA,***.134.160-**,CPF,750.0,1,0.000919,
8,COVATTI FILHO,PP,248,MARCIA AMARAL SILVA,***.100.300-**,CPF,750.0,1,0.000919,
8,COVATTI FILHO,PP,249,MARCIA FLESCH,***.802.170-**,CPF,750.0,1,0.000919,
8,COVATTI FILHO,PP,250,MARCOS HENRIQUE TAVARES,***.372.590-**,CPF,750.0,1,0.000919,
8,COVATTI FILHO,PP,251,MARCOS VINICIUS LEAL RODRIGUES,***.873.870-**,CPF,750.0,1,0.000919,
8,COVATTI FILHO,PP,252,MARIA CLARA MACHADO RODRIGUES,***.282.980-**,CPF,750.0,1,0.000919,
8,COVATTI FILHO,PP,253,MARIA GORETE PINHEIRO DA SILVA,***.173.210-**,CPF,750.0,1,0.000919,
8,COVATTI FILHO,PP,254,MARIA HELENA ROIER WAHLBRINCK,***.295.420-**,CPF,750.0,1,0.000919,
8,COVATTI FILHO,PP,255,MARIA LUIZA CAPRINI CALDERAN,***.550.430-**,CPF,750.0,1,0.000919,
8,COVATTI FILHO,PP,256,MARIBEL DE FREITAS BONDAN,***.316.290-**,CPF,750.0,1,0.000919,
8,COVATTI FILHO,PP,257,MARILENE CARGNELUTTI,***.643.690-**,CPF,750.0,1,0.000919,
8,COVATTI FILHO,PP,258,MARILIA CASAGRANDE DE ALMEIDA,***.179.220-**,CPF,750.0,1,0.000919,
8,COVATTI FILHO,PP,259,MARILIDES BARBOZA SARAIVA,***.552.180-**,CPF,750.0,1,0.000919,
8,COVATTI FILHO,PP,260,MARINA OTTONI DE OLIVEIRA,***.802.940-**,CPF,750.0,1,0.000919,
8,COVATTI FILHO,PP,261,MARINO KREWER,***.698.020-**,CPF,750.0,1,0.000919,
8,COVATTI FILHO,PP,262,MARINO NASCIMENTO,***.319.750-**,CPF,750.0,1,0.000919,
8,COVATTI FILHO,PP,263,MARIO LUIZ MARTINS PEREIRA,***.844.220-**,CPF,750.0,1,0.000919,
8,COVATTI FILHO,PP,264,MARIZANE KAROLINA RIBEIRO DA SILVA,***.356.330-**,CPF,750.0,1,0.000919,
8,COVATTI FILHO,PP,265,MARLEI DAUENHEIMER SCHUQUEL,***.539.620-**,CPF,750.0,1,0.000919,
8,COVATTI FILHO,PP,266,MARLI DE FATIMA MOREIRA BRANCO,***.377.460-**,CPF,750.0,1,0.000919,
8,COVATTI FILHO,PP,267,MARLI MADALENA SCHIAVO DALLA CORTE,***.382.520-**,CPF,750.0,1,0.000919,
8,COVATTI FILHO,PP,268,MARLON DOS SANTOS PASE,***.177.350-**,CPF,750.0,1,0.000919,
8,COVATTI FILHO,PP,269,MARTA DE LIMA,***.221.130-**,CPF,750.0,1,0.000919,
8,COVATTI FILHO,PP,270,MATIAS PAIM DE ALMEIDA,***.248.450-**,CPF,750.0,1,0.000919,
8,COVATTI FILHO,PP,271,MAURO ANTUNES DE FREITAS,***.290.510-**,CPF,750.0,1,0.000919,
8,COVATTI FILHO,PP,272,MAURO CESAR FLACH,***.315.960-**,CPF,750.0,1,0.000919,
8,COVATTI FILHO,PP,273,MOACIR ZANATTA,***.139.200-**,CPF,750.0,1,0.000919,
8,COVATTI FILHO,PP,274,NADIR DRUM DE OLIVEIRA,***.464.170-**,CPF,750.0,1,0.000919,
8,COVATTI FILHO,PP,275,NANCI ALVES DA SILVA,***.188.810-**,CPF,750.0,1,0.000919,
8,COVATTI FILHO,PP,276,NARA KLAT MOREIRA CALLEGARO,***.787.400-**,CPF,750.0,1,0.000919,
8,COVATTI FILHO,PP,277,NATALINA VENDRUSCOLO BOSSONI,***.748.070-**,CPF,750.0,1,0.000919,
8,COVATTI FILHO,PP,278,NATANIEL CEZAR DA SILVA,***.518.670-**,CPF,750.0,1,0.000919,
8,COVATTI FILHO,PP,279,NELI FATIMA PICOLOTTO DOS SANTOS,***.517.770-**,CPF,750.0,1,0.000919,
8,COVATTI FILHO,PP,280,NELSO MARKOVSKI,***.168.880-**,CPF,750.0,1,0.000919,
8,COVATTI FILHO,PP,281,NELSON BIOEU,***.886.120-**,CPF,750.0,1,0.000919,
8,COVATTI FILHO,PP,282,NICANOR ALVES DOS SANTOS,***.679.190-**,CPF,750.0,1,0.000919,
8,COVATTI FILHO,PP,283,NICOLAS ROSA DA SILVA,***.156.020-**,CPF,750.0,1,0.000919,
8,COVATTI FILHO,PP,284,NOELI EVA KEBIN,***.067.580-**,CPF,750.0,1,0.000919,
8,COVATTI FILHO,PP,285,NOELINTON DOS SANTOS RODRIGUES,***.500.010-**,CPF,750.0,1,0.000919,
8,COVATTI FILHO,PP,286,NOLI DA SILVA BUENO,***.605.180-**,CPF,750.0,1,0.000919,
8,COVATTI FILHO,PP,287,ODAIR GUSTAVO SCHANNE,***.997.700-**,CPF,750.0,1,0.000919,
8,COVATTI FILHO,PP,288,OGER MOURA DE FREITAS,***.641.620-**,CPF,750.0,1,0.000919,
8,COVATTI FILHO,PP,289,ONEIDE MACHADO SILVEIRA,***.912.160-**,CPF,750.0,1,0.000919,
8,COVATTI FILHO,PP,290,ORILDE GRASSI,***.581.860-**,CPF,750.0,1,0.000919,
8,COVATTI FILHO,PP,291,OSCAR POTRICH,***.515.870-**,CPF,750.0,1,0.000919,
8,COVATTI FILHO,PP,292,OSZOARDIR SILVA DOS SANTOS,***.404.360-**,CPF,750.0,1,0.000919,
8,COVATTI FILHO,PP,293,PATRICIA DA SILVA CAMPELLO,***.033.570-**,CPF,750.0,1,0.000919,
8,COVATTI FILHO,PP,294,PAULINA ELENA CINELLI GUADAGNIN,***.977.530-**,CPF,750.0,1,0.000919,
8,COVATTI FILHO,PP,295,PAULO FRANCISCO MACISKOSKI,***.825.800-**,CPF,750.0,1,0.000919,
8,COVATTI FILHO,PP,296,PEDRO EVANIR DA SILVA SOUZA,***.492.590-**,CPF,750.0,1,0.000919,
8,COVATTI FILHO,PP,297,PRIMO CEZAR DALLA LANA,***.083.140-**,CPF,750.0,1,0.000919,
8,COVATTI FILHO,PP,298,PRISCILA PARODES DA ROSA,***.216.670-**,CPF,750.0,1,0.000919,
8,COVATTI FILHO,PP,299,RAFAEL PEREIRA,***.611.550-**,CPF,750.0,1,0.000919,
8,COVATTI FILHO,PP,300,RAFAELA CHAVES RAMOS,***.606.660-**,CPF,750.0,1,0.000919,
8,COVATTI FILHO,PP,301,RAFAELA MATTJE,***.712.370-**,CPF,750.0,1,0.000919,
8,COVATTI FILHO,PP,302,RANGEL BALZANELLO,***.251.650-**,CPF,750.0,1,0.000919,
8,COVATTI FILHO,PP,303,RAQUEL CRISTINA STEIN,***.448.190-**,CPF,750.0,1,0.000919,
8,COVATTI FILHO,PP,304,RICARDO GIOVANELLA MOREIRA,***.659.560-**,CPF,750.0,1,0.000919,
8,COVATTI FILHO,PP,305,RODRIGO SANDRI GAZZONI,***.305.860-**,CPF,750.0,1,0.000919,
8,COVATTI FILHO,PP,306,ROMARIO PINTO PEREIRA DA SILVA,***.375.080-**,CPF,750.0,1,0.000919,
8,COVATTI FILHO,PP,307,ROSIELI SILVA DA ROSA,***.235.060-**,CPF,750.0,1,0.000919,
8,COVATTI FILHO,PP,308,ROSIMERI FREISLEBEN,***.246.860-**,CPF,750.0,1,0.000919,
8,COVATTI FILHO,PP,309,ROVANI MONTAGNER,***.478.690-**,CPF,750.0,1,0.000919,
8,COVATTI FILHO,PP,310,ROZANA MARGARETE DA FONSECA LAMPE,***.835.600-**,CPF,750.0,1,0.000919,
8,COVATTI FILHO,PP,311,RUBENS KOCH,***.386.060-**,CPF,750.0,1,0.000919,
8,COVATTI FILHO,PP,312,RUBIA SCHNEIDER DA SILVA,***.552.670-**,CPF,750.0,1,0.000919,
8,COVATTI FILHO,PP,313,RUDIMAR DOS SANTOS,***.957.620-**,CPF,750.0,1,0.000919,
8,COVATTI FILHO,PP,314,RYVAN CARVALHO BRAGA,***.911.770-**,CPF,750.0,1,0.000919,
8,COVATTI FILHO,PP,315,SABRINA MARIA MONTEIRO FERREIRA,***.568.400-**,CPF,750.0,1,0.000919,
8,COVATTI FILHO,PP,316,SALETE MARIA WAGNER DAMER,***.369.930-**,CPF,750.0,1,0.000919,
8,COVATTI FILHO,PP,317,SANDRA INES DOMINGOS LAZZAROTTO,***.420.480-**,CPF,750.0,1,0.000919,
8,COVATTI FILHO,PP,318,SEDIANA DALL ORSOLETTA,***.445.560-**,CPF,750.0,1,0.000919,
8,COVATTI FILHO,PP,319,SHIRLEI DAIANE DE OLIVEIRA,***.481.540-**,CPF,750.0,1,0.000919,
8,COVATTI FILHO,PP,320,SILVANA CLARA CANHA CANAN,***.513.930-**,CPF,750.0,1,0.000919,
8,COVATTI FILHO,PP,321,SILVIA REGINA RODRIGUES DOS SANTOS,***.089.010-**,CPF,750.0,1,0.000919,
8,COVATTI FILHO,PP,322,SIMONE DE FREITAS,***.021.930-**,CPF,750.0,1,0.000919,
8,COVATTI FILHO,PP,323,SINILDA LOPES FUCHS,***.733.620-**,CPF,750.0,1,0.000919,
8,COVATTI FILHO,PP,324,SOFIA CORADINI RODRIGUES,***.463.930-**,CPF,750.0,1,0.000919,
8,COVATTI FILHO,PP,325,SOLANGE TEREZINHA DUARTE,***.486.000-**,CPF,750.0,1,0.000919,
8,COVATTI FILHO,PP,326,SORAIA CANAL,***.558.080-**,CPF,750.0,1,0.000919,
8,COVATTI FILHO,PP,327,SUSANA LOURDES DICKOW RUFF,***.489.010-**,CPF,750.0,1,0.000919,
8,COVATTI FILHO,PP,328,TAIS APARECIDA DE ABREU,***.304.410-**,CPF,750.0,1,0.000919,
8,COVATTI FILHO,PP,329,TAISMARA SILVEIRA,***.361.070-**,CPF,750.0,1,0.000919,
8,COVATTI FILHO,PP,330,TAMIRES STEIN DOS SANTOS,***.598.790-**,CPF,750.0,1,0.000919,
8,COVATTI FILHO,PP,331,TANIA MARIA DORNELES DE FREITAS,***.819.230-**,CPF,750.0,1,0.000919,
8,COVATTI FILHO,PP,332,TATIANE DOS SANTOS LIMA,***.586.060-**,CPF,750.0,1,0.000919,
8,COVATTI FILHO,PP,333,TERESA CRISTINA CRIPPA CARDOSO,***.723.170-**,CPF,750.0,1,0.000919,
8,COVATTI FILHO,PP,334,TERESINHA MARLETE MORAIS,***.430.280-**,CPF,750.0,1,0.000919,
8,COVATTI FILHO,PP,335,THALYA DE LIMA SIEBEL,***.290.050-**,CPF,750.0,1,0.000919,
8,COVATTI FILHO,PP,336,THYRSAH GUEDES ROSSATO,***.551.540-**,CPF,750.0,1,0.000919,
8,COVATTI FILHO,PP,337,TIAGO RIBEIRO DA SILVA,***.461.440-**,CPF,750.0,1,0.000919,
8,COVATTI FILHO,PP,338,TIAGO SALES DOS SANTOS,***.222.450-**,CPF,750.0,1,0.000919,
8,COVATTI FILHO,PP,339,VAGNER RICARDO SOUZA DOS REIS,***.455.310-**,CPF,750.0,1,0.000919,
8,COVATTI FILHO,PP,340,VALCENIRA DE OLIVEIRA GONCALVES,***.547.232-**,CPF,750.0,1,0.000919,
8,COVATTI FILHO,PP,341,VALDECIR DAL ONGARO,***.186.940-**,CPF,750.0,1,0.000919,
8,COVATTI FILHO,PP,342,VALDEMIR ANTUNES BUENO,***.492.609-**,CPF,750.0,1,0.000919,
8,COVATTI FILHO,PP,343,VALDEMIR FRANCESCHI,***.368.000-**,CPF,750.0,1,0.000919,
8,COVATTI FILHO,PP,344,VALDIR ALVES DE OLIVEIRA,***.625.560-**,CPF,750.0,1,0.000919,
8,COVATTI FILHO,PP,345,VALERIA DA SILVA PIMENTEL,***.944.780-**,CPF,750.0,1,0.000919,
8,COVATTI FILHO,PP,346,VALERIA PEREIRA DE SANTANA,***.600.698-**,CPF,750.0,1,0.000919,
8,COVATTI FILHO,PP,347,VANDERLEI AVILA DA CUNHA,***.713.630-**,CPF,750.0,1,0.000919,
8,COVATTI FILHO,PP,348,VANDERLEI JANDREY DA SILVEIRA,***.175.230-**,CPF,750.0,1,0.000919,
8,COVATTI FILHO,PP,349,VANESSA DA SILVA DE FREITAS,***.857.960-**,CPF,750.0,1,0.000919,
8,COVATTI FILHO,PP,350,VANESSA SILVA DA SILVA,***.456.500-**,CPF,750.0,1,0.000919,
8,COVATTI FILHO,PP,351,VANIA VANEI IUNGBLUT,***.259.440-**,CPF,750.0,1,0.000919,
8,COVATTI FILHO,PP,352,VERA BRIZOLLA CASTANHO,***.352.330-**,CPF,750.0,1,0.000919,
8,COVATTI FILHO,PP,353,VERA LUCIA DIAS,***.025.190-**,CPF,750.0,1,0.000919,
8,COVATTI FILHO,PP,354,VILMA CARDOSO DOS SANTOS,***.700.081-**,CPF,750.0,1,0.000919,
8,COVATTI FILHO,PP,355,VILMA SOUZA DE CASTILHOS,***.992.400-**,CPF,750.0,1,0.000919,
8,COVATTI FILHO,PP,356,VILMAR KARAL,***.430.740-**,CPF,750.0,1,0.000919,
8,COVATTI FILHO,PP,357,VINICIUS PEREIRA DOS SANTOS,***.715.600-**,CPF,750.0,1,0.000919,
8,COVATTI FILHO,PP,358,VITORIA HELENA MACHRY,***.048.620-**,CPF,750.0,1,0.000919,
8,COVATTI FILHO,PP,359,WESLEY DA SILVEIRA,***.891.680-**,CPF,750.0,1,0.000919,
8,COVATTI FILHO,PP,360,WILLIAM WIOPPIOLD MORSCHEL,***.883.720-**,CPF,750.0,1,0.000919,
8,COVATTI FILHO,PP,361,WILLIAN CORADINI,***.094.600-**,CPF,750.0,1,0.000919,
8,COVATTI FILHO,PP,362,64.076.923 ADRIELE DAISE ZOUNAR DE CAMARGO,64.076.923/0001-00,CNPJ,675.0,1,0.000827,
8,COVATTI FILHO,PP,363,ADILSON JARZYNSKI NUNES,***.847.400-**,CPF,625.0,1,0.000766,
8,COVATTI FILHO,PP,364,ADRIANA BATISTA VARELA,***.477.210-**,CPF,625.0,1,0.000766,
8,COVATTI FILHO,PP,365,ALCEU LUIS FEDEROFF FERNANDES,***.881.740-**,CPF,625.0,1,0.000766,
8,COVATTI FILHO,PP,366,ALEX TROJAHN NETO,***.797.530-**,CPF,625.0,1,0.000766,
8,COVATTI FILHO,PP,367,ANA BEATRIZ DOS SANTOS LEAL,***.417.390-**,CPF,625.0,1,0.000766,
8,COVATTI FILHO,PP,368,ANDERSON GOETTEMS NUNES,***.774.930-**,CPF,625.0,1,0.000766,
8,COVATTI FILHO,PP,369,ANDREI MENEZES MAURENTE,***.355.790-**,CPF,625.0,1,0.000766,
8,COVATTI FILHO,PP,370,ANGELICA ZANUSSO RIBEIRO LOPES,***.350.320-**,CPF,625.0,1,0.000766,
8,COVATTI FILHO,PP,371,BERNADETE VIEIRA CAVALHEIRO,***.297.730-**,CPF,625.0,1,0.000766,
8,COVATTI FILHO,PP,372,CARINA HELISA FELIPPE DE SIMAS,***.010.840-**,CPF,625.0,1,0.000766,
8,COVATTI FILHO,PP,373,ELEN IOSTE BORBA ALMEIDA,***.614.640-**,CPF,625.0,1,0.000766,
8,COVATTI FILHO,PP,374,ELIANE PACHECO DA SILVA,***.163.190-**,CPF,625.0,1,0.000766,
8,COVATTI FILHO,PP,375,ELZA MARIA LANGHANZ DA SILVA,***.004.900-**,CPF,625.0,1,0.000766,
8,COVATTI FILHO,PP,376,FABIANO DE OLIVEIRA PEREIRA JUNIOR,***.898.300-**,CPF,625.0,1,0.000766,
8,COVATTI FILHO,PP,377,FERNANDA MACKMILLAN DE SOUZA,***.245.400-**,CPF,625.0,1,0.000766,
8,COVATTI FILHO,PP,378,FLAVIA DA SILVA VIANNA,***.069.430-**,CPF,625.0,1,0.000766,
8,COVATTI FILHO,PP,379,IURI DE MORAES ALVES BRANCO,***.907.170-**,CPF,625.0,1,0.000766,
8,COVATTI FILHO,PP,380,JENIFER CARINE DA SILVA MONTEIRO,***.935.080-**,CPF,625.0,1,0.000766,
8,COVATTI FILHO,PP,381,JONATHA LIMA DE OLIVEIRA,***.242.760-**,CPF,625.0,1,0.000766,
8,COVATTI FILHO,PP,382,JOSE HENRIQUE FARIAS DAS NEVES,***.360.090-**,CPF,625.0,1,0.000766,
8,COVATTI FILHO,PP,383,JOSEANE BORGES FERNANDES MARTINS,***.035.550-**,CPF,625.0,1,0.000766,
8,COVATTI FILHO,PP,384,JULIANE CORREA SOUZA,***.528.640-**,CPF,625.0,1,0.000766,
8,COVATTI FILHO,PP,385,JULIANO HENRIQUE RAUPP,***.322.690-**,CPF,625.0,1,0.000766,
8,COVATTI FILHO,PP,386,KASSANDRA DE FREITAS XAVIER,***.937.620-**,CPF,625.0,1,0.000766,
8,COVATTI FILHO,PP,387,KETLEN RHEINHEIMER LANDERDAHL,***.200.000-**,CPF,625.0,1,0.000766,
8,COVATTI FILHO,PP,388,LADIMOR NUNES,***.940.200-**,CPF,625.0,1,0.000766,
8,COVATTI FILHO,PP,389,LUCIANE LUCAS GLEMBOWSKI,***.189.030-**,CPF,625.0,1,0.000766,
8,COVATTI FILHO,PP,390,LUCILIA MARTINS BASTOS,***.515.269-**,CPF,625.0,1,0.000766,
8,COVATTI FILHO,PP,391,MAICO SILVANO LACKMAN SOUZA,***.354.680-**,CPF,625.0,1,0.000766,
8,COVATTI FILHO,PP,392,MARIA CAROLINA SERAFIM DE OLIVEIRA,***.246.871-**,CPF,625.0,1,0.000766,
8,COVATTI FILHO,PP,393,MARILENE DUARTE ROMEU,***.753.300-**,CPF,625.0,1,0.000766,
8,COVATTI FILHO,PP,394,NAIARA VIEIRA DA SILVA,***.014.270-**,CPF,625.0,1,0.000766,
8,COVATTI FILHO,PP,395,PAULO RENATO PETER JUNIOR,***.697.770-**,CPF,625.0,1,0.000766,
8,COVATTI FILHO,PP,396,RIANE LUCAS GLEMBOWSKI,***.526.460-**,CPF,625.0,1,0.000766,
8,COVATTI FILHO,PP,397,ROBERTO REVELINO MOREIRA NOBRE,***.462.300-**,CPF,625.0,1,0.000766,
8,COVATTI FILHO,PP,398,ROMULO ROMEU RIBEIRO NETO,***.734.700-**,CPF,625.0,1,0.000766,
8,COVATTI FILHO,PP,399,VERA LUCIA CASARIL SOUZA,***.337.410-**,CPF,625.0,1,0.000766,
8,COVATTI FILHO,PP,400,VITORIA OLIVEIRA DE LIMA,***.742.610-**,CPF,625.0,1,0.000766,
8,COVATTI FILHO,PP,401,WILLIAN FILENO GONCALVES MONTEIRO,***.031.500-**,CPF,625.0,1,0.000766,
8,COVATTI FILHO,PP,402,E G COMERCIO DE COMBUSTIVEIS LTDA,30.892.209/0001-78,CNPJ,554.06,1,0.000679,
8,COVATTI FILHO,PP,403,ADRIANA QUILANTE,***.469.830-**,CPF,500.0,1,0.000613,
8,COVATTI FILHO,PP,404,CATARINA DE FATIMA TRINDADE FIGUEIREDO,***.880.260-**,CPF,500.0,1,0.000613,
8,COVATTI FILHO,PP,405,FRANCIELE DE ALMEIDA PRADO,***.507.210-**,CPF,500.0,1,0.000613,
8,COVATTI FILHO,PP,406,FRANCIELE OLEGINI QUILANTE,***.504.010-**,CPF,500.0,1,0.000613,
8,COVATTI FILHO,PP,407,INOEMIA CONSOLI DE ALMEIDA PRADO,***.543.580-**,CPF,500.0,1,0.000613,
8,COVATTI FILHO,PP,408,JENIFER TAINA SOUZA DA SILVA,***.849.530-**,CPF,500.0,1,0.000613,
8,COVATTI FILHO,PP,409,JESSICA EDUARDA PINHEIRO DA SILVA,***.669.730-**,CPF,500.0,1,0.000613,
8,COVATTI FILHO,PP,410,JESSICA OLEGINI,***.462.180-**,CPF,500.0,1,0.000613,
8,COVATTI FILHO,PP,411,JONAS DA SILVA GIUSTI,***.784.240-**,CPF,500.0,1,0.000613,
8,COVATTI FILHO,PP,412,LEANDRO CABRAL RIBEIRO,***.856.940-**,CPF,500.0,1,0.000613,
8,COVATTI FILHO,PP,413,LORENA PENTEADO SIMOES,***.993.580-**,CPF,500.0,1,0.000613,
8,COVATTI FILHO,PP,414,MARTA HELENA DOS SANTOS,***.146.030-**,CPF,500.0,1,0.000613,
8,COVATTI FILHO,PP,415,NATHAN HENRIQUE DE SOUZA SILVA,***.316.450-**,CPF,500.0,1,0.000613,
8,COVATTI FILHO,PP,416,SANDRO VICENZI,***.640.970-**,CPF,500.0,1,0.000613,
8,COVATTI FILHO,PP,417,SERGIO AUGUSTO DA SILVA,***.220.330-**,CPF,500.0,1,0.000613,
8,COVATTI FILHO,PP,418,SILVIA MARIA SILVA,***.073.100-**,CPF,500.0,1,0.000613,
8,COVATTI FILHO,PP,419,SONIA JULIETA BUTZKE,***.964.070-**,CPF,500.0,1,0.000613,
8,COVATTI FILHO,PP,420,POSTO DE COMBUSTIVEIS FUZER LTDA,00.624.595/0002-37,CNPJ,478.19,1,0.000586,
8,COVATTI FILHO,PP,421,SAGAS COMERCIO DE OLEOS E COMBUSTIVEIS LTDA,04.895.663/0001-72,CNPJ,339.04,1,0.000415,
8,COVATTI FILHO,PP,422,AUTO ABASTECEDORA PAPAGAIO LTDA,87.712.725/0002-71,CNPJ,252.37,1,0.000309,
9,DAIANA SANTOS,PCdoB,1,VOLMAR ERNESTO GOMES,50.076.774/0001-74,CNPJ,266695.0,49,0.236883,
9,DAIANA SANTOS,PCdoB,2,FACEBOOK SERVICOS ONLINE DO BRASIL LTDA.,13.347.016/0001-17,CNPJ,81000.0,6,0.071946,
9,DAIANA SANTOS,PCdoB,3,DALCIN COMUNICACAO LTDA,56.251.071/0001-11,CNPJ,72000.0,1,0.063952,
9,DAIANA SANTOS,PCdoB,4,ANS IMPRESSOES GRAFICAS LTDA.,05.677.050/0001-21,CNPJ,69061.04,32,0.061341,
9,DAIANA SANTOS,PCdoB,5,ALEXANDRE DE CAMPOS VELHO BIRCK ***.567.940-**,19.335.150/0001-84,CNPJ,56780.0,1,0.050433,
9,DAIANA SANTOS,PCdoB,6,JOKA SUBLIMACAO DIGITAL LTDA,94.350.113/0001-60,CNPJ,43018.0,9,0.038209,
9,DAIANA SANTOS,PCdoB,7,ELIS REGINA DUARTE GOMES,***.166.670-**,CPF,30000.0,1,0.026647,
9,DAIANA SANTOS,PCdoB,8,KADU MALHAS COMERCIO DE ROUPAS LTDA,88.804.513/0001-04,CNPJ,29700.0,1,0.02638,
9,DAIANA SANTOS,PCdoB,9,BARCELOS E CUNHA CONTABILIDADE LTDA,39.282.788/0001-01,CNPJ,23700.0,1,0.021051,
9,DAIANA SANTOS,PCdoB,10,ANGELA BEATRIZ DA COSTA SALOMAO LTDA,04.483.570/0001-30,CNPJ,14420.0,2,0.012808,
9,DAIANA SANTOS,PCdoB,11,MAGDA BEATRIZ BRAGA DE SOUZA,***.614.550-**,CPF,12000.0,1,0.010659,
9,DAIANA SANTOS,PCdoB,12,56.285.147 PATRICIA SCHMITT,56.285.147/0001-20,CNPJ,11624.0,6,0.010325,
9,DAIANA SANTOS,PCdoB,13,THALLYS MATHEUS DA SILVEIRA PRESTES DIAS,***.596.330-**,CPF,11000.0,1,0.00977,
9,DAIANA SANTOS,PCdoB,14,ALEJANDRO RAFAEL DOS SANTOS GUERRERO,***.671.040-**,CPF,10000.0,1,0.008882,
9,DAIANA SANTOS,PCdoB,15,JORGE LUIS MOREIRA DOS SANTOS,***.103.300-**,CPF,10000.0,1,0.008882,
9,DAIANA SANTOS,PCdoB,16,TASSIA CRISTINE AMORIM,***.381.240-**,CPF,10000.0,1,0.008882,
9,DAIANA SANTOS,PCdoB,17,FLT ASSESSORIA EM TURISMO LTDA,15.505.790/0001-34,CNPJ,9459.96,2,0.008403,
9,DAIANA SANTOS,PCdoB,18,V. ANVERSA SOLUCOES ADMINISTRATIVAS,24.514.543/0001-95,CNPJ,8000.0,1,0.007106,
9,DAIANA SANTOS,PCdoB,19,EDMILSON MARTINS DE SOUZA,***.499.230-**,CPF,7720.0,1,0.006857,
9,DAIANA SANTOS,PCdoB,20,WAGNER VICENTE MACHADO,***.583.940-**,CPF,7720.0,1,0.006857,
9,DAIANA SANTOS,PCdoB,21,ELOA DA SILVA,***.800.250-**,CPF,6300.0,1,0.005596,
9,DAIANA SANTOS,PCdoB,22,IZA TEREZINHA FERREIRA DA SILVA,***.668.690-**,CPF,6300.0,1,0.005596,
9,DAIANA SANTOS,PCdoB,23,VANESSA NUNES DA SILVA,***.137.380-**,CPF,6300.0,1,0.005596,
9,DAIANA SANTOS,PCdoB,24,JORGE MANOEL DOS SANTOS TORVES,***.715.730-**,CPF,4500.0,1,0.003997,
9,DAIANA SANTOS,PCdoB,25,NATALIA KLIPPEL CAMPELO,***.630.970-**,CPF,4500.0,1,0.003997,
9,DAIANA SANTOS,PCdoB,26,NELSON JANBASTIANI VIEGAS,***.424.960-**,CPF,4500.0,1,0.003997,
9,DAIANA SANTOS,PCdoB,27,PAULO ROBERTO DA SILVA INDALENCIO,***.302.620-**,CPF,4500.0,1,0.003997,
9,DAIANA SANTOS,PCdoB,28,SONIA DE FATIMA TRINDADE SILVEIRA,***.116.120-**,CPF,4500.0,1,0.003997,
9,DAIANA SANTOS,PCdoB,29,DANIEL ALENQUER GIMENEZ QUEVEDO,***.176.090-**,CPF,4350.0,1,0.003864,
9,DAIANA SANTOS,PCdoB,30,MELISSA VIEIRA RODRIGUES,***.062.750-**,CPF,4350.0,1,0.003864,
9,DAIANA SANTOS,PCdoB,31,SINDI BAGESTEIRO GAIDARJI,***.729.090-**,CPF,4350.0,1,0.003864,
9,DAIANA SANTOS,PCdoB,32,FABIANO SILVEIRA SILVA,***.561.450-**,CPF,4200.0,1,0.003731,
9,DAIANA SANTOS,PCdoB,33,ANDERSON MENDES DO NASCIMENTO,***.824.080-**,CPF,4060.0,1,0.003606,
9,DAIANA SANTOS,PCdoB,34,VINICIUS SILVEIRA DA SILVA,***.289.150-**,CPF,3500.0,1,0.003109,
9,DAIANA SANTOS,PCdoB,35,VICTORIA PEREIRA DE FREITAS,***.163.880-**,CPF,3060.0,1,0.002718,
9,DAIANA SANTOS,PCdoB,36,ELISON MARTINS LIMA,***.119.070-**,CPF,3000.0,1,0.002665,
9,DAIANA SANTOS,PCdoB,37,VETOR COMUNICACAO VISUAL E MATERIAL GRAFICO LTDA,10.202.206/0001-58,CNPJ,2960.0,2,0.002629,
9,DAIANA SANTOS,PCdoB,38,CARLA TATIANI FERREIRA MACHADO,***.540.740-**,CPF,2940.0,1,0.002611,
9,DAIANA SANTOS,PCdoB,39,ELISA GOMES DA SILVA,***.148.870-**,CPF,2940.0,1,0.002611,
9,DAIANA SANTOS,PCdoB,40,MÔNICA BEATRIZ FIGUEIREDO,***.424.250-**,CPF,2940.0,1,0.002611,Documento exibido pelo TSE não passa na verificação de dígitos
9,DAIANA SANTOS,PCdoB,41,PETERSON DA SILVA SOUZA,***.184.050-**,CPF,2940.0,1,0.002611,
9,DAIANA SANTOS,PCdoB,42,ALEX JOSE OYARZO MAYORGA,***.464.140-**,CPF,2870.0,1,0.002549,
9,DAIANA SANTOS,PCdoB,43,ANGELO GABRIEL VIDARTE,***.696.250-**,CPF,2870.0,1,0.002549,
9,DAIANA SANTOS,PCdoB,44,CAROLAINE MACHADO FAGUNDES,***.833.860-**,CPF,2870.0,1,0.002549,
9,DAIANA SANTOS,PCdoB,45,ELIANE CLARA DA SILVA,***.430.820-**,CPF,2870.0,1,0.002549,
9,DAIANA SANTOS,PCdoB,46,ELISANGELA DOS SANTOS,***.532.020-**,CPF,2870.0,1,0.002549,
9,DAIANA SANTOS,PCdoB,47,FERNANDA ALBUQUERQUE CUNHA,***.561.560-**,CPF,2870.0,1,0.002549,
9,DAIANA SANTOS,PCdoB,48,JULIA MORAIS FERREIRA,***.505.270-**,CPF,2870.0,1,0.002549,
9,DAIANA SANTOS,PCdoB,49,JULIANA DA SILVA LARA,***.041.260-**,CPF,2870.0,1,0.002549,
9,DAIANA SANTOS,PCdoB,50,KAUA VICTOR SAMPAIO LOPES,***.370.360-**,CPF,2870.0,1,0.002549,
9,DAIANA SANTOS,PCdoB,51,KEMELLY LAUANA DA SILVA RODRIGUES,***.983.850-**,CPF,2870.0,1,0.002549,
9,DAIANA SANTOS,PCdoB,52,LUCIANI MARIA NERES DA SILVA,***.395.100-**,CPF,2870.0,1,0.002549,
9,DAIANA SANTOS,PCdoB,53,LUIS FELIPE FERNANDES XAVIER,***.088.301-**,CPF,2870.0,1,0.002549,
9,DAIANA SANTOS,PCdoB,54,MAGNA DE FATIMA CARPES DOS SANTOS,***.375.480-**,CPF,2870.0,1,0.002549,
9,DAIANA SANTOS,PCdoB,55,MANUELA ALVES GUIMARAES,***.773.510-**,CPF,2870.0,1,0.002549,
9,DAIANA SANTOS,PCdoB,56,NICOLAS CORREA FORTES,***.920.300-**,CPF,2870.0,1,0.002549,
9,DAIANA SANTOS,PCdoB,57,NICOLAS MARQUES VICENTE,***.961.700-**,CPF,2870.0,1,0.002549,
9,DAIANA SANTOS,PCdoB,58,SIMONE CARVALHO PADILHA,***.100.920-**,CPF,2870.0,1,0.002549,
9,DAIANA SANTOS,PCdoB,59,THAUA MACHADO MULLER,***.539.960-**,CPF,2870.0,1,0.002549,
9,DAIANA SANTOS,PCdoB,60,THEODORE SCHESSOFF LEMES,***.941.880-**,CPF,2870.0,1,0.002549,
9,DAIANA SANTOS,PCdoB,61,SANDRA RAMIRES NUNES,***.264.270-**,CPF,2640.0,1,0.002345,
9,DAIANA SANTOS,PCdoB,62,AMANDA SCHULTZ RODRIGUES,***.637.220-**,CPF,2520.0,1,0.002238,
9,DAIANA SANTOS,PCdoB,63,EVERTON DE OLIVEIRA BITTENCOURT,***.739.810-**,CPF,2520.0,1,0.002238,
9,DAIANA SANTOS,PCdoB,64,GLADIMIR COSTA DA SILVA,***.254.300-**,CPF,2520.0,1,0.002238,
9,DAIANA SANTOS,PCdoB,65,JEFERSON RODRIGUES SANTOS DE OLIVEIRA,***.445.100-**,CPF,2520.0,1,0.002238,
9,DAIANA SANTOS,PCdoB,66,JESSICA VALENCIO LINCK,***.918.600-**,CPF,2520.0,1,0.002238,
9,DAIANA SANTOS,PCdoB,67,KATIA ALEXANDRA DOS SANTOS OLIVEIRA,***.849.460-**,CPF,2520.0,1,0.002238,
9,DAIANA SANTOS,PCdoB,68,WILSON LEAL DE LIMA,***.933.230-**,CPF,2520.0,1,0.002238,
9,DAIANA SANTOS,PCdoB,69,MARIA DE LOURDES PEREIRA DA SILVA,***.421.000-**,CPF,2500.0,1,0.002221,
9,DAIANA SANTOS,PCdoB,70,ROSALDA DE CACIA SALDANHA,***.583.130-**,CPF,2500.0,1,0.002221,
9,DAIANA SANTOS,PCdoB,71,COPY MUNDI LTDA,08.608.434/0001-80,CNPJ,2415.0,3,0.002145,
9,DAIANA SANTOS,PCdoB,72,CARINA DA SILVA ROSA,***.783.830-**,CPF,2380.0,1,0.002114,
9,DAIANA SANTOS,PCdoB,73,FRANCIELLE MARTINS LEMOS,***.921.500-**,CPF,2380.0,1,0.002114,
9,DAIANA SANTOS,PCdoB,74,JANAINA DA ROSA DOS REIS,***.805.720-**,CPF,2380.0,1,0.002114,Documento exibido pelo TSE não passa na verificação de dígitos
9,DAIANA SANTOS,PCdoB,75,MARIA JOSE DE SOUZA,***.573.210-**,CPF,2380.0,1,0.002114,
9,DAIANA SANTOS,PCdoB,76,WILLIAM DE VARGAS DOS SANTOS,***.342.640-**,CPF,2380.0,1,0.002114,
9,DAIANA SANTOS,PCdoB,77,DANIELA BATALHA DE OLIVEIRA,***.722.070-**,CPF,2310.0,1,0.002052,
9,DAIANA SANTOS,PCdoB,78,JEFFERSON ATAIDE ALVES SEVERO,***.379.560-**,CPF,2310.0,1,0.002052,
9,DAIANA SANTOS,PCdoB,79,LUIS FERNANDO RODRIGUES MARTINS,***.365.730-**,CPF,2310.0,1,0.002052,
9,DAIANA SANTOS,PCdoB,80,ADRIANA CORREA DA ROCHA DA SILVA,***.274.430-**,CPF,2240.0,1,0.00199,
9,DAIANA SANTOS,PCdoB,81,ANDERSON DA SILVA VALENCA,***.792.780-**,CPF,2240.0,1,0.00199,
9,DAIANA SANTOS,PCdoB,82,CARINE BORBA,***.537.190-**,CPF,2240.0,1,0.00199,
9,DAIANA SANTOS,PCdoB,83,DEIVID PINTO SOARES,***.449.870-**,CPF,2240.0,1,0.00199,
9,DAIANA SANTOS,PCdoB,84,IULA DA SILVA VALENCA,***.916.380-**,CPF,2240.0,1,0.00199,
9,DAIANA SANTOS,PCdoB,85,MARIA DE LOURDES MONTEIRO LOPES,***.376.970-**,CPF,2240.0,1,0.00199,
9,DAIANA SANTOS,PCdoB,86,THALLES MATOS DA SILVA,***.954.130-**,CPF,2240.0,1,0.00199,
9,DAIANA SANTOS,PCdoB,87,VICTORIA RENATA FONTOURA BENEMANN,***.749.280-**,CPF,2240.0,1,0.00199,
9,DAIANA SANTOS,PCdoB,88,ANDREZA QUINTANILHA MADRUGA,***.070.710-**,CPF,2100.0,1,0.001865,
9,DAIANA SANTOS,PCdoB,89,BEATRIZ LOPES DA SILVA,***.979.470-**,CPF,2100.0,1,0.001865,
9,DAIANA SANTOS,PCdoB,90,CARLA ROSSANA BRUM FERREIRA,***.235.100-**,CPF,2100.0,1,0.001865,
9,DAIANA SANTOS,PCdoB,91,CLAUDIO TAFAREL DA ROSA DOMINGUES,***.296.270-**,CPF,2100.0,1,0.001865,
9,DAIANA SANTOS,PCdoB,92,CLAUDIONEI DA SILVA PEREIRA,***.380.100-**,CPF,2100.0,1,0.001865,
9,DAIANA SANTOS,PCdoB,93,DAISY REGINA BRASIL LEMOS,***.346.300-**,CPF,2100.0,1,0.001865,
9,DAIANA SANTOS,PCdoB,94,DIEGO BRASIL LEMOS,***.879.860-**,CPF,2100.0,1,0.001865,
9,DAIANA SANTOS,PCdoB,95,FATIMA SIRLENE RODRIGUES DE AGUIAR,***.151.320-**,CPF,2100.0,1,0.001865,
9,DAIANA SANTOS,PCdoB,96,FERNANDO ROSA NICOLAU,***.668.090-**,CPF,2100.0,1,0.001865,Documento exibido pelo TSE não passa na verificação de dígitos
9,DAIANA SANTOS,PCdoB,97,GABRIELA ALVES SATIQ,***.495.190-**,CPF,2100.0,1,0.001865,
9,DAIANA SANTOS,PCdoB,98,GISELY ALESSANDRA SOUZA ESTULANO,***.686.190-**,CPF,2100.0,1,0.001865,
9,DAIANA SANTOS,PCdoB,99,GYULIA PENTEADO DOS SANTOS,***.985.670-**,CPF,2100.0,1,0.001865,
9,DAIANA SANTOS,PCdoB,100,ISAQUE FERNANDES MACHADO DA ROSA,***.561.410-**,CPF,2100.0,1,0.001865,
9,DAIANA SANTOS,PCdoB,101,JOAO ROBERTO AGUIRRE VIANA,***.515.610-**,CPF,2100.0,1,0.001865,
9,DAIANA SANTOS,PCdoB,102,KARINE DIAS TEIXEIRA,***.209.430-**,CPF,2100.0,1,0.001865,
9,DAIANA SANTOS,PCdoB,103,LUCIANA CUSTODIO DE OLIVEIRA ROSA,***.556.750-**,CPF,2100.0,1,0.001865,
9,DAIANA SANTOS,PCdoB,104,MARINAIDI MACIEL RODRIGUES,***.992.370-**,CPF,2100.0,1,0.001865,
9,DAIANA SANTOS,PCdoB,105,MARLEI DE FATIMA VENTURA,***.576.370-**,CPF,2100.0,1,0.001865,
9,DAIANA SANTOS,PCdoB,106,NATHALIA NICOLAU CONCEICAO,***.400.200-**,CPF,2100.0,1,0.001865,
9,DAIANA SANTOS,PCdoB,107,REJANE BEATRIZ ALVES DA SILVA,***.353.660-**,CPF,2100.0,1,0.001865,
9,DAIANA SANTOS,PCdoB,108,SONIA MARIA COLPES DA COSTA,***.765.580-**,CPF,2100.0,1,0.001865,
9,DAIANA SANTOS,PCdoB,109,THIAGO STUMPF MARCELINO,***.318.050-**,CPF,2100.0,1,0.001865,
9,DAIANA SANTOS,PCdoB,110,VERA REGINA ALVES DA SILVA,***.824.280-**,CPF,2100.0,1,0.001865,
9,DAIANA SANTOS,PCdoB,111,YASMIN DA SILVA VELHO,***.141.090-**,CPF,2100.0,1,0.001865,
9,DAIANA SANTOS,PCdoB,112,ANDERSON JOSE FERREIRA GALAO,***.062.230-**,CPF,2030.0,1,0.001803,
9,DAIANA SANTOS,PCdoB,113,ARTHUR FELIPE DE LIMA SERENA MACHADO,***.972.920-**,CPF,2030.0,1,0.001803,
9,DAIANA SANTOS,PCdoB,114,CAMILA PITTIGLIANI ADAMATTI,***.178.970-**,CPF,2030.0,1,0.001803,
9,DAIANA SANTOS,PCdoB,115,CAROLINA DE OLIVEIRA,***.645.230-**,CPF,2030.0,1,0.001803,
9,DAIANA SANTOS,PCdoB,116,CELIA CHIABOTTO RODRIGUES,***.317.050-**,CPF,2030.0,1,0.001803,
9,DAIANA SANTOS,PCdoB,117,CELSO RAMOS MACHADO,***.815.200-**,CPF,2030.0,1,0.001803,
9,DAIANA SANTOS,PCdoB,118,DANIELA FARIAS DE AZEVEDO,***.850.620-**,CPF,2030.0,1,0.001803,
9,DAIANA SANTOS,PCdoB,119,DANTE DA ROCHA VIANNA,***.346.780-**,CPF,2030.0,1,0.001803,
9,DAIANA SANTOS,PCdoB,120,DENICEIA DA SILVA PRADIE,***.504.750-**,CPF,2030.0,1,0.001803,
9,DAIANA SANTOS,PCdoB,121,ELIANE DA SILVA VAZ,***.909.190-**,CPF,2030.0,1,0.001803,
9,DAIANA SANTOS,PCdoB,122,ERICA ROCHELE DE CASTRO RIBEIRO,***.813.840-**,CPF,2030.0,1,0.001803,
9,DAIANA SANTOS,PCdoB,123,FABIANO SILVEIRA GOULARTE,***.611.770-**,CPF,2030.0,1,0.001803,
9,DAIANA SANTOS,PCdoB,124,GLORIA MARTINO MACIEL DE OLIVEIRA,***.561.030-**,CPF,2030.0,1,0.001803,
9,DAIANA SANTOS,PCdoB,125,GUILHERME MADRID RODRIGUES,***.161.210-**,CPF,2030.0,1,0.001803,
9,DAIANA SANTOS,PCdoB,126,JOAO LUCAS DA SILVA,***.302.630-**,CPF,2030.0,1,0.001803,
9,DAIANA SANTOS,PCdoB,127,JORGE ANTONIO DOS SANTOS VELHO,***.012.140-**,CPF,2030.0,1,0.001803,
9,DAIANA SANTOS,PCdoB,128,JUSSARA DE OLIVEIRA,***.984.760-**,CPF,2030.0,1,0.001803,
9,DAIANA SANTOS,PCdoB,129,LARISSA PACHECO DO NASCIMENTO,***.208.720-**,CPF,2030.0,1,0.001803,
9,DAIANA SANTOS,PCdoB,130,LAURA BARRETO DA SILVA,***.877.210-**,CPF,2030.0,1,0.001803,
9,DAIANA SANTOS,PCdoB,131,MARIA DA GRACA FREITAS,***.928.120-**,CPF,2030.0,1,0.001803,
9,DAIANA SANTOS,PCdoB,132,MATHEUS BARRETO DA SILVA,***.877.230-**,CPF,2030.0,1,0.001803,
9,DAIANA SANTOS,PCdoB,133,MICHELE LEAL DE LIMA,***.864.440-**,CPF,2030.0,1,0.001803,
9,DAIANA SANTOS,PCdoB,134,MOISES LUIZ MEDEIROS DE SOUZA,***.826.250-**,CPF,2030.0,1,0.001803,
9,DAIANA SANTOS,PCdoB,135,NATALIA KOBER MEDEIROS,***.479.480-**,CPF,2030.0,1,0.001803,
9,DAIANA SANTOS,PCdoB,136,NILO CHIABOTTO RODRIGUES,***.019.680-**,CPF,2030.0,1,0.001803,
9,DAIANA SANTOS,PCdoB,137,OMAR MOREIRA CORREA,***.951.880-**,CPF,2030.0,1,0.001803,
9,DAIANA SANTOS,PCdoB,138,PAKIZA SANTOS DA SILVA,***.905.540-**,CPF,2030.0,1,0.001803,
9,DAIANA SANTOS,PCdoB,139,REBECCA VELOSO PEIXOTO,***.370.497-**,CPF,2030.0,1,0.001803,
9,DAIANA SANTOS,PCdoB,140,ROSELAINE NUNES DE SOUZA,***.370.630-**,CPF,2030.0,1,0.001803,
9,DAIANA SANTOS,PCdoB,141,VICTORIA DILL NOGUEIRA,***.990.590-**,CPF,2030.0,1,0.001803,
9,DAIANA SANTOS,PCdoB,142,YURI DE OLIVEIRA DA COSTA,***.934.010-**,CPF,2030.0,1,0.001803,
9,DAIANA SANTOS,PCdoB,143,IONETE ROSALINDA CORREA,***.453.750-**,CPF,1960.0,1,0.001741,
9,DAIANA SANTOS,PCdoB,144,LUCIANE COSTA CORREA,***.382.200-**,CPF,1960.0,1,0.001741,
9,DAIANA SANTOS,PCdoB,145,LUIS CARLOS PIERETTI DE BRITTO,***.933.760-**,CPF,1960.0,1,0.001741,
9,DAIANA SANTOS,PCdoB,146,LUIS FERNANDO JUNIOR DA SILVA ATAIDES,***.799.140-**,CPF,1960.0,1,0.001741,
9,DAIANA SANTOS,PCdoB,147,ALAN ROSSI STEINDORFF,***.846.570-**,CPF,1890.0,1,0.001679,
9,DAIANA SANTOS,PCdoB,148,LUIZA LIRIO CARVALHO,***.601.870-**,CPF,1820.0,1,0.001617,
9,DAIANA SANTOS,PCdoB,149,MARINA MORAIS SANTOS,***.742.810-**,CPF,1750.0,1,0.001554,
9,DAIANA SANTOS,PCdoB,150,NAYANE TAINA DE LIMA BASTOS,***.663.500-**,CPF,1750.0,1,0.001554,
9,DAIANA SANTOS,PCdoB,151,PEDRA E ARALDI INDUSTRIA DE UNIFORMES LTDA,94.849.726/0001-47,CNPJ,1695.0,1,0.001506,
9,DAIANA SANTOS,PCdoB,152,AGENCIA DE CORREIOS FRANQUEADA ACORIANOS LTDA,97.269.740/0001-60,CNPJ,1355.36,20,0.001204,
9,DAIANA SANTOS,PCdoB,153,R R COMERCIAL DE ACOS LTDA,91.247.379/0002-75,CNPJ,1321.0,1,0.001173,
9,DAIANA SANTOS,PCdoB,154,INSTANT LINE COMERCIO E INDUSTRIA DE TENDAS LTDA,57.265.223/0001-06,CNPJ,950.0,2,0.000844,
9,DAIANA SANTOS,PCdoB,155,"ENCARGOS FINANCEIROS, TAXAS BANCÁRIAS E/OU OP. CARTÃO DE CRÉDITO",,,507.9,34,0.000451,
9,DAIANA SANTOS,PCdoB,156,VENEZIANOS PUB CAFE LTDA,03.661.306/0001-87,CNPJ,500.0,1,0.000444,
9,DAIANA SANTOS,PCdoB,157,BELLER COMERCIO DE PAPEIS LTDA,05.563.868/0037-24,CNPJ,443.54,16,0.000394,
9,DAIANA SANTOS,PCdoB,158,RITA DE CASSIA TERRA DIAS,***.522.690-**,CPF,420.0,1,0.000373,
9,DAIANA SANTOS,PCdoB,159,SIM REDE DE POSTOS LTDA,07.473.735/0163-47,CNPJ,190.76,1,0.000169,
9,DAIANA SANTOS,PCdoB,160,SIM REDE DE POSTOS LTDA,07.473.735/0194-43,CNPJ,190.0,1,0.000169,
9,DAIANA SANTOS,PCdoB,161,QUEROAPOIAR.COM.BR LTDA,39.586.155/0001-97,CNPJ,33.89,1,3e-05,
10,DANRLEI,PSD,1,GRAFICA E EDITORA BENTO GONCALVES LTDA,73.273.088/0001-99,CNPJ,408471.8,120,0.200311,
10,DANRLEI,PSD,2,ADRIANA BEATRIZ NUNES BONIATTI SOCIEDADE INDIVIDUAL DE ADVOCACIA,38.462.641/0001-30,CNPJ,130000.0,2,0.063751,
10,DANRLEI,PSD,3,ELEICAO 2026 ALOISIO TALSO CLASSMANN DEPUTADO ESTADUAL,68.455.563/0001-08,CNPJ,115000.0,3,0.056395,
10,DANRLEI,PSD,4,ELEICAO 2026 NERI ANDRADE PEREIRA JUNIOR DEPUTADO ESTADUAL,68.456.122/0001-20,CNPJ,100000.0,2,0.049039,
10,DANRLEI,PSD,5,DUKA OLIVEIRA COMUNICACAO VISUAL LTDA,59.447.429/0001-74,CNPJ,91100.0,11,0.044675,
10,DANRLEI,PSD,6,BANG IMPRESSAO E PROGRAMACAO VISUAL LTDA,05.454.055/0001-95,CNPJ,86537.5,92,0.042437,
10,DANRLEI,PSD,7,BRUNA KETZER PERALTA,20.336.140/0001-42,CNPJ,73126.0,2,0.03586,
10,DANRLEI,PSD,8,LOCALIZA RENT A CAR SA,16.670.085/0001-55,CNPJ,65964.02,8,0.032348,
10,DANRLEI,PSD,9,ELEICAO 2026 CESAR OLIVEIRA DE SOUZA DEPUTADO ESTADUAL,68.455.936/0001-40,CNPJ,65000.0,2,0.031875,
10,DANRLEI,PSD,10,ELEICAO 2026 LORENA PIRES GARCIA DEPUTADO ESTADUAL,68.456.225/0001-90,CNPJ,60000.0,2,0.029423,
10,DANRLEI,PSD,11,ELEICAO 2026 MARCELO ARRUDA DEPUTADO ESTADUAL,68.456.120/0001-31,CNPJ,50000.0,1,0.02452,
10,DANRLEI,PSD,12,ELEICAO 2026 NADINE TAGLIARI FARIAS ANFLOR DEPUTADO ESTADUAL,68.456.197/0001-01,CNPJ,50000.0,1,0.02452,
10,DANRLEI,PSD,13,FLSP LTDA,61.482.895/0001-32,CNPJ,50000.0,1,0.02452,
10,DANRLEI,PSD,14,ELEICAO 2026 MARCELO PITOL DEPUTADO ESTADUAL,68.455.384/0001-70,CNPJ,44000.0,2,0.021577,
10,DANRLEI,PSD,15,EBANX PAGAMENTOS LTDA,24.080.493/0001-85,CNPJ,39000.0,2,0.019125,
10,DANRLEI,PSD,16,ELEICAO 2026 MATEUS JOSE DE LIMA WESP DEPUTADO ESTADUAL,68.455.051/0001-41,CNPJ,30000.0,1,0.014712,
10,DANRLEI,PSD,17,FACEBOOK SERVICOS ONLINE DO BRASIL LTDA.,13.347.016/0001-17,CNPJ,30000.0,1,0.014712,
10,DANRLEI,PSD,18,ELEICAO 2026 JULIO CESAR HENRIQUE JEREMIAS DEPUTADO ESTADUAL,68.456.059/0001-22,CNPJ,25000.0,1,0.01226,
10,DANRLEI,PSD,19,BRUNO BECKER SCHNEIDER,32.300.836/0001-06,CNPJ,22447.0,8,0.011008,
10,DANRLEI,PSD,20,BARSAND PARTICIPACOES LTDA,10.676.087/0001-75,CNPJ,13800.0,1,0.006767,
10,DANRLEI,PSD,21,FOLHA COMUNICACAO VISUAL LTDA,50.894.599/0001-22,CNPJ,13575.0,4,0.006657,
10,DANRLEI,PSD,22,COMPLACA LTDA,51.516.829/0001-82,CNPJ,13000.0,7,0.006375,
10,DANRLEI,PSD,23,BE+ LTDA,46.466.141/0001-03,CNPJ,12000.0,2,0.005885,
10,DANRLEI,PSD,24,ELEICAO 2026 MELANIE GEIGER DE ALBUQUERQUE DEPUTADO ESTADUAL,68.455.094/0001-27,CNPJ,12000.0,3,0.005885,
10,DANRLEI,PSD,25,LUCAS OSORIO RIZZATTI LTDA,62.609.432/0001-51,CNPJ,10000.0,1,0.004904,
10,DANRLEI,PSD,26,MIRIAN ANTONIAZZI REFATTI,***.927.500-**,CPF,10000.0,1,0.004904,
10,DANRLEI,PSD,27,DEISI FARENZENA VUELMA,***.380.750-**,CPF,9400.0,1,0.00461,
10,DANRLEI,PSD,28,APPROPRIATO COMERCIO DE UTILIDADES LTDA,08.415.939/0001-29,CNPJ,8637.5,1,0.004236,
10,DANRLEI,PSD,29,ELEICAO 2026 MARCIO LUIS LISSEMERKI FERREIRA DEPUTADO ESTADUAL,68.456.234/0001-81,CNPJ,7000.0,1,0.003433,
10,DANRLEI,PSD,30,SANDERSON PATRIK REMEDI MORAES,***.115.600-**,CPF,6500.0,1,0.003188,
10,DANRLEI,PSD,31,VIAMONTE COMERCIO DE BRINDES LTDA,20.012.222/0001-31,CNPJ,6500.0,2,0.003188,
10,DANRLEI,PSD,32,VEPPO CIA LIMITADA,92.660.760/0001-43,CNPJ,6041.1,83,0.002963,
10,DANRLEI,PSD,33,EVERTON NOBREGA,***.572.500-**,CPF,5500.0,1,0.002697,
10,DANRLEI,PSD,34,TATIANA DE OLIVEIRA MASSON,***.112.050-**,CPF,5500.0,1,0.002697,
10,DANRLEI,PSD,35,TATIANE RADTKE DA SILVEIRA CARDOSO,***.850.030-**,CPF,5500.0,1,0.002697,
10,DANRLEI,PSD,36,REJANE GOMES CUNHA,***.780.240-**,CPF,5400.0,1,0.002648,
10,DANRLEI,PSD,37,ADILSON RODRIGUES,***.406.270-**,CPF,5000.0,1,0.002452,
10,DANRLEI,PSD,38,ALBERTO LUCHTEMBERG,***.277.590-**,CPF,5000.0,1,0.002452,
10,DANRLEI,PSD,39,CAMILA BASTIANI,***.651.060-**,CPF,5000.0,1,0.002452,
10,DANRLEI,PSD,40,CLEUSA MARIA RODRIGUES,***.251.200-**,CPF,5000.0,1,0.002452,
10,DANRLEI,PSD,41,DANLEI FERREIRA CONSTANTE,***.337.240-**,CPF,5000.0,1,0.002452,
10,DANRLEI,PSD,42,FABIO MORONI,***.577.920-**,CPF,5000.0,1,0.002452,
10,DANRLEI,PSD,43,ISABELLY BANDEIRA MOREIRA,***.117.620-**,CPF,5000.0,1,0.002452,
10,DANRLEI,PSD,44,JOAO ARGEMIRO LOPES NUNES,***.583.110-**,CPF,5000.0,1,0.002452,
10,DANRLEI,PSD,45,JULIO HENRIQUE ALMEIDA BOFF,***.070.120-**,CPF,5000.0,1,0.002452,
10,DANRLEI,PSD,46,LEONEL JOSE DA SILVA,***.249.100-**,CPF,5000.0,1,0.002452,
10,DANRLEI,PSD,47,MARIO JOSE COLOMBO LOPES DE ALMEIDA NETO,***.723.570-**,CPF,5000.0,1,0.002452,
10,DANRLEI,PSD,48,MARLI TERESINHA WIRTH DE SOUZA,***.288.650-**,CPF,5000.0,1,0.002452,
10,DANRLEI,PSD,49,MARLISE DA SILVA SILVEIRA,***.771.790-**,CPF,5000.0,1,0.002452,
10,DANRLEI,PSD,50,NESTOR BALTAZAR BOFF,***.846.240-**,CPF,5000.0,1,0.002452,
10,DANRLEI,PSD,51,PAMELLA CRISTINE BATISTA DE OLIVEIRA,***.299.640-**,CPF,5000.0,1,0.002452,
10,DANRLEI,PSD,52,PAULO VAGNER DOS SANTOS CARDOSO,***.158.040-**,CPF,5000.0,1,0.002452,
10,DANRLEI,PSD,53,RAQUEL RAMA,***.559.200-**,CPF,5000.0,1,0.002452,
10,DANRLEI,PSD,54,RODRIGO FARIAS DOS REIS,***.156.320-**,CPF,5000.0,1,0.002452,
10,DANRLEI,PSD,55,SADI LUIDES ESTULANO,***.140.700-**,CPF,5000.0,1,0.002452,
10,DANRLEI,PSD,56,WILLIAN DO SANTOS LOPES,***.146.780-**,CPF,5000.0,1,0.002452,
10,DANRLEI,PSD,57,WILLIAN SAUL DE MATOS,***.648.710-**,CPF,5000.0,1,0.002452,
10,DANRLEI,PSD,58,MARGARETE DE FATIMA RODRIGUES FAGUNDES,***.635.810-**,CPF,4800.0,1,0.002354,
10,DANRLEI,PSD,59,ADELAR LIMA BELMONTE,***.544.580-**,CPF,4000.0,1,0.001962,
10,DANRLEI,PSD,60,ESTEFANI RIBEIRO CAETANO CARDOSO,***.751.250-**,CPF,4000.0,1,0.001962,
10,DANRLEI,PSD,61,MARIA EUGENIA FRASCO ANTUNES,***.298.470-**,CPF,4000.0,1,0.001962,
10,DANRLEI,PSD,62,UINNI NATIELLE RODRIGUES RASQUINHA ROSA,***.588.270-**,CPF,3939.39,1,0.001932,
10,DANRLEI,PSD,63,ELOI RIBEIRO CONSTANCIO FILHO,***.245.730-**,CPF,3500.0,1,0.001716,
10,DANRLEI,PSD,64,FABIANO LOPES RIBEIRO,***.380.000-**,CPF,3500.0,1,0.001716,
10,DANRLEI,PSD,65,LEANDRO MUNHOZ MASSOCO,***.778.680-**,CPF,3500.0,1,0.001716,
10,DANRLEI,PSD,66,MAIQUEL MARQUES DA SILVA,***.790.870-**,CPF,3500.0,1,0.001716,
10,DANRLEI,PSD,67,PATRICK DARLAN CARABOTTA KONRATH,***.987.550-**,CPF,3500.0,1,0.001716,
10,DANRLEI,PSD,68,VICTOR MAGNUS BONHO,***.470.970-**,CPF,3200.0,1,0.001569,
10,DANRLEI,PSD,69,LEANDERSON JULIO DIAS,***.462.210-**,CPF,3180.0,1,0.001559,
10,DANRLEI,PSD,70,ALEXANDRE BOES DOS SANTOS,***.894.550-**,CPF,3000.0,1,0.001471,
10,DANRLEI,PSD,71,AMANDA CALDEIRA DOS SANTOS,***.447.100-**,CPF,3000.0,1,0.001471,
10,DANRLEI,PSD,72,CLAISON JEAN GOMES,***.266.910-**,CPF,3000.0,1,0.001471,
10,DANRLEI,PSD,73,GILBERTO VIEIRA MARTINS,***.802.900-**,CPF,3000.0,1,0.001471,
10,DANRLEI,PSD,74,JAMILE DA SILVA BORGES,***.969.260-**,CPF,3000.0,1,0.001471,
10,DANRLEI,PSD,75,LORILENE CORREA QUEVEDO,26.330.535/0001-14,CNPJ,3000.0,1,0.001471,
10,DANRLEI,PSD,76,PATRICIA GRUBERT DE QUADROS,***.024.420-**,CPF,3000.0,1,0.001471,
10,DANRLEI,PSD,77,TIAGO DRAGO LOUREIRO,***.917.530-**,CPF,3000.0,1,0.001471,
10,DANRLEI,PSD,78,VERA REGINA BRAGA,***.362.400-**,CPF,3000.0,1,0.001471,
10,DANRLEI,PSD,79,LORENA LAZZARETTI,***.380.010-**,CPF,2800.0,1,0.001373,
10,DANRLEI,PSD,80,RAQUEL CAROLINE NIED,***.161.640-**,CPF,2800.0,1,0.001373,
10,DANRLEI,PSD,81,TATIANA CORREIA ARAUJO,***.006.970-**,CPF,2800.0,1,0.001373,
10,DANRLEI,PSD,82,ELISANDRA PEREIRA DE MATOS,***.369.230-**,CPF,2600.0,1,0.001275,
10,DANRLEI,PSD,83,ALLAN GABRIEL DE MATOS ALMEIDA,***.329.280-**,CPF,2500.0,1,0.001226,
10,DANRLEI,PSD,84,CARLOS ROBERTO ROLDAO SELAU,***.490.330-**,CPF,2500.0,1,0.001226,
10,DANRLEI,PSD,85,CATIA SIMONE DE LIMA PERSSON,***.917.530-**,CPF,2500.0,1,0.001226,
10,DANRLEI,PSD,86,MARIA ESTELA SOARES PERES,***.633.380-**,CPF,2500.0,1,0.001226,
10,DANRLEI,PSD,87,MEIRIELEM BROCCA CATEL,***.583.660-**,CPF,2500.0,1,0.001226,
10,DANRLEI,PSD,88,SIMONE DE OLIVEIRA RODRIGUES,***.098.660-**,CPF,2500.0,1,0.001226,
10,DANRLEI,PSD,89,JOSE ROBERTO MARINHO FLORES,***.208.450-**,CPF,2400.0,1,0.001177,
10,DANRLEI,PSD,90,PATRICK SANTOS DO ROSARIO,***.427.960-**,CPF,2400.0,1,0.001177,
10,DANRLEI,PSD,91,PAULO SERGIO RIBEIRO DE ASSUMPCAO,***.180.470-**,CPF,2400.0,1,0.001177,
10,DANRLEI,PSD,92,ANNA CLARA ROSSNER JARDIM,***.218.520-**,CPF,2030.0,1,0.000995,
10,DANRLEI,PSD,93,RODRIGO KRAEMER MAUS,***.773.800-**,CPF,2030.0,1,0.000995,
10,DANRLEI,PSD,94,ADRIAN DOS SANTOS GARBELLOTTO,***.145.890-**,CPF,2000.0,1,0.000981,
10,DANRLEI,PSD,95,ALEX PUTON,***.394.680-**,CPF,2000.0,1,0.000981,
10,DANRLEI,PSD,96,ALEXSANDRA SALBEGO FERREIRA,***.176.760-**,CPF,2000.0,1,0.000981,
10,DANRLEI,PSD,97,ANGELINA COSTA DE OLIVEIRA,***.964.200-**,CPF,2000.0,1,0.000981,
10,DANRLEI,PSD,98,BRUNO CORREA MENDES DA VEIGA,***.114.480-**,CPF,2000.0,1,0.000981,
10,DANRLEI,PSD,99,BRUNO KULZER DA SILVA,***.772.920-**,CPF,2000.0,1,0.000981,
10,DANRLEI,PSD,100,CRISTIANO FAGUNDES DUARTE,***.385.630-**,CPF,2000.0,1,0.000981,
10,DANRLEI,PSD,101,ELEICAO 2026 ANDERSON JOSE PIETZARKA DEPUTADO ESTADUAL,68.456.231/0001-48,CNPJ,2000.0,1,0.000981,
10,DANRLEI,PSD,102,ERICK TESSARO,***.007.930-**,CPF,2000.0,1,0.000981,
10,DANRLEI,PSD,103,IOLANDA DOS SANTOS PEDROSO DE CASTRO,***.184.930-**,CPF,2000.0,1,0.000981,
10,DANRLEI,PSD,104,JANETE CORREA,***.010.490-**,CPF,2000.0,1,0.000981,
10,DANRLEI,PSD,105,JONATAN CANDIA BRAGA DE OLIVEIRA,***.219.150-**,CPF,2000.0,1,0.000981,
10,DANRLEI,PSD,106,JONATHAN SIQUEIRA DOS SANTOS,***.992.460-**,CPF,2000.0,1,0.000981,
10,DANRLEI,PSD,107,JUAN PABLO GONCALVES NOBREGA,***.447.470-**,CPF,2000.0,1,0.000981,
10,DANRLEI,PSD,108,JULIA SIQUEIRA SAVOLDI,***.856.840-**,CPF,2000.0,1,0.000981,
10,DANRLEI,PSD,109,LUCAS TEIXEIRA DOMINGUES,***.784.460-**,CPF,2000.0,1,0.000981,
10,DANRLEI,PSD,110,LUCIANA FRANCKS COLLARES MORAES,***.277.060-**,CPF,2000.0,1,0.000981,
10,DANRLEI,PSD,111,LUIZ EDUARDO RODRIGUES DOS SANTOS,***.803.410-**,CPF,2000.0,1,0.000981,
10,DANRLEI,PSD,112,LURDES EROTILDES DA COSTA ARAUJO,***.391.050-**,CPF,2000.0,1,0.000981,
10,DANRLEI,PSD,113,MAGDA REJANE LOPES ABREU,***.712.110-**,CPF,2000.0,1,0.000981,
10,DANRLEI,PSD,114,MARCELO PRADO SOARES,***.310.580-**,CPF,2000.0,1,0.000981,
10,DANRLEI,PSD,115,PATRIQUE MELLO NUNES,***.651.300-**,CPF,2000.0,1,0.000981,
10,DANRLEI,PSD,116,QUENIA LISANDRA CALDEIRA,***.814.950-**,CPF,2000.0,1,0.000981,
10,DANRLEI,PSD,117,RAPHAEL CASTRO AZEVEDO,***.452.870-**,CPF,2000.0,1,0.000981,
10,DANRLEI,PSD,118,RENATA ALMEIDA GALEAZZI,***.694.180-**,CPF,2000.0,1,0.000981,
10,DANRLEI,PSD,119,RODRIGO MOREIRA DE MOREIRA,***.111.640-**,CPF,2000.0,1,0.000981,
10,DANRLEI,PSD,120,SALETE DE FATIMA TIES OLIVEIRA,***.282.340-**,CPF,2000.0,1,0.000981,
10,DANRLEI,PSD,121,SANDRA SOUZA DOS SANTOS,***.225.700-**,CPF,2000.0,1,0.000981,
10,DANRLEI,PSD,122,TALITA MEURER PORTO,***.318.680-**,CPF,2000.0,1,0.000981,
10,DANRLEI,PSD,123,VITORIA EDUARDA VIANA MACHADO,***.349.330-**,CPF,2000.0,1,0.000981,
10,DANRLEI,PSD,124,DALPETRO ABASTECEDORA DE COMBUSTIVEIS LTDA,10.955.271/0001-54,CNPJ,1931.16,8,0.000947,
10,DANRLEI,PSD,125,KARINA PRISCILA DA SILVA AMBROS,***.229.820-**,CPF,1875.0,1,0.000919,
10,DANRLEI,PSD,126,ALESSANDRO RIBEIRO DA SILVA,***.455.130-**,CPF,1794.0,1,0.00088,
10,DANRLEI,PSD,127,ROGERIO SILVA VIEIRA,***.563.753-**,CPF,1794.0,1,0.00088,
10,DANRLEI,PSD,128,BARBARA GABRIELA NIED DE OLIVEIRA,***.386.090-**,CPF,1600.0,1,0.000785,
10,DANRLEI,PSD,129,RITA FABIANE MOREIRA DA SILVA,***.120.560-**,CPF,1600.0,1,0.000785,
10,DANRLEI,PSD,130,EMILE BELLO AZEVEDO,***.630.240-**,CPF,1587.0,1,0.000778,
10,DANRLEI,PSD,131,JOHNNY ERIK DE OLIVEIRA MACHADO,***.527.390-**,CPF,1587.0,1,0.000778,
10,DANRLEI,PSD,132,DEBORA NELI OLIVEIRA ROSA,***.198.620-**,CPF,1500.0,1,0.000736,
10,DANRLEI,PSD,133,DIENIFER VITORIA KNEVITZ DA SILVA,***.020.490-**,CPF,1500.0,1,0.000736,
10,DANRLEI,PSD,134,ANNE CAROLINE FERREIRA QUINTEIRO,***.755.920-**,CPF,1449.0,1,0.000711,
10,DANRLEI,PSD,135,PATRINE SILVA DA LUZ,***.395.950-**,CPF,1449.0,1,0.000711,
10,DANRLEI,PSD,136,CRISLAINE LUIZA DE VASCONCELOS PACHECO,***.565.740-**,CPF,1400.0,1,0.000687,
10,DANRLEI,PSD,137,NICOLE RAFAELA DOS SANTOS,***.878.390-**,CPF,1380.0,1,0.000677,
10,DANRLEI,PSD,138,PAOLA GIOVANA DOS SANTOS BRANDÃO,***.162.060-**,CPF,1380.0,1,0.000677,
10,DANRLEI,PSD,139,ABASTECEDORA DE COMBUSTIVEIS ITACOLOMI LTDA,35.247.621/0001-59,CNPJ,1345.55,6,0.00066,
10,DANRLEI,PSD,140,ERICA MARINHO DA SILVA,***.655.520-**,CPF,1311.0,1,0.000643,
10,DANRLEI,PSD,141,KAMILA FLORES REMEDI,***.554.540-**,CPF,1300.0,1,0.000638,
10,DANRLEI,PSD,142,LUAN ANDRADE DUTRA,***.717.240-**,CPF,1300.0,1,0.000638,
10,DANRLEI,PSD,143,MARA NUBIA DOS SANTOS REMEDI,***.363.700-**,CPF,1300.0,1,0.000638,
10,DANRLEI,PSD,144,MARIA MARTA FLORES LUCAS,***.266.500-**,CPF,1300.0,1,0.000638,
10,DANRLEI,PSD,145,RODRIGO MARTINS FERREIRA,***.448.740-**,CPF,1300.0,1,0.000638,
10,DANRLEI,PSD,146,SAMUEL FILIPE NUNES FERREIRA,***.440.100-**,CPF,1300.0,1,0.000638,
10,DANRLEI,PSD,147,EDITE ELAINE DA SILVA LATORRE,***.543.400-**,CPF,1250.0,1,0.000613,
10,DANRLEI,PSD,148,FERNANDA SILVA LEIVAS,***.615.780-**,CPF,1250.0,1,0.000613,
10,DANRLEI,PSD,149,JANAINA MOTA DE FREITAS,***.084.220-**,CPF,1250.0,1,0.000613,
10,DANRLEI,PSD,150,JOSE SANTO CANDOR SILVEIRA,***.590.780-**,CPF,1250.0,1,0.000613,
10,DANRLEI,PSD,151,LUCAS SALDANHA BARBOZA,***.168.430-**,CPF,1250.0,1,0.000613,
10,DANRLEI,PSD,152,MAGDA TEREZINHA MARINHO SILVEIRA,***.228.000-**,CPF,1250.0,1,0.000613,
10,DANRLEI,PSD,153,MARIA CRISTINA DA SILVA LACHMANN,***.698.880-**,CPF,1250.0,1,0.000613,
10,DANRLEI,PSD,154,VANUSA SOARES DE MOURA,***.878.470-**,CPF,1250.0,1,0.000613,
10,DANRLEI,PSD,155,ALEX SANDRO RAMIRO DA SILVA JUNIOR,***.399.230-**,CPF,1242.0,1,0.000609,
10,DANRLEI,PSD,156,BIANCA SALDANHA DA CRUZ,***.036.680-**,CPF,1200.0,1,0.000588,
10,DANRLEI,PSD,157,CRISTIANO PEREIRA DA SILVA,***.733.460-**,CPF,1200.0,1,0.000588,
10,DANRLEI,PSD,158,ERICSON LIMA MEDINA,***.951.590-**,CPF,1200.0,1,0.000588,
10,DANRLEI,PSD,159,IARA REJANE DE SOUZA SABALLA,***.648.170-**,CPF,1200.0,1,0.000588,
10,DANRLEI,PSD,160,ROBSON BARCELLOS ALVES,***.859.400-**,CPF,1200.0,1,0.000588,
10,DANRLEI,PSD,161,ROSANGELA BARBOSA BORGES,***.141.060-**,CPF,1200.0,1,0.000588,
10,DANRLEI,PSD,162,SIM PROPAGANDA LTDA,14.980.152/0001-02,CNPJ,1125.0,2,0.000552,
10,DANRLEI,PSD,163,CLAUDIO DANIEL DOS SANTOS PEREIRA,***.371.730-**,CPF,1000.0,1,0.00049,
10,DANRLEI,PSD,164,DAIANE CORTES PINHEIRO,***.661.160-**,CPF,1000.0,1,0.00049,
10,DANRLEI,PSD,165,GABRIEL GARCIA DA SILVEIRA,***.592.780-**,CPF,1000.0,1,0.00049,
10,DANRLEI,PSD,166,JORGE LUIS DA SILVA,***.041.090-**,CPF,1000.0,1,0.00049,
10,DANRLEI,PSD,167,KATIA SILVANIA PADILHA PEREIRA,***.126.870-**,CPF,1000.0,1,0.00049,
10,DANRLEI,PSD,168,LETICIA DE LARA MELLO,***.449.520-**,CPF,1000.0,1,0.00049,
10,DANRLEI,PSD,169,LUIS CARLOS SPETH,***.906.150-**,CPF,1000.0,1,0.00049,
10,DANRLEI,PSD,170,VANDERLEI DE AZEVEDO,***.805.230-**,CPF,1000.0,1,0.00049,
10,DANRLEI,PSD,171,POSTO DE COMBUSTIVEIS E CONVENIENCIAS CAMINHO DO GOL LTDA,20.890.807/0001-54,CNPJ,907.98,3,0.000445,
10,DANRLEI,PSD,172,JOCELENE FRAGA DA SILVA,***.415.800-**,CPF,860.0,1,0.000422,
10,DANRLEI,PSD,173,ABASTECEDORA DE COMBUSTIVEIS PER L' AMERICA LTDA.,04.606.672/0001-04,CNPJ,845.49,4,0.000415,
10,DANRLEI,PSD,174,COMERCIO DE COMBUSTIVEIS NEVOEIRO LTDA,95.425.369/0010-43,CNPJ,834.24,3,0.000409,
10,DANRLEI,PSD,175,EMERSON FELIPE RODRIGUES,***.416.680-**,CPF,780.0,1,0.000383,
10,DANRLEI,PSD,176,LURIAN GUSTAVO ORIZONTINO FERRARI,***.980.450-**,CPF,770.0,1,0.000378,
10,DANRLEI,PSD,177,CARLOS ROBERTO DOS SANTOS SILVEIRA,***.871.750-**,CPF,720.0,1,0.000353,
10,DANRLEI,PSD,178,VANIA NANCY BRAGA,***.520.680-**,CPF,710.0,1,0.000348,
10,DANRLEI,PSD,179,SERGIO LUIS HOPNER,***.108.800-**,CPF,625.0,1,0.000306,
10,DANRLEI,PSD,180,S S AUTO POSTO LTDA,25.407.869/0001-86,CNPJ,599.4,3,0.000294,
10,DANRLEI,PSD,181,L. R. CHEGUHEM & CIA LTDA,16.527.016/0001-97,CNPJ,565.07,2,0.000277,
10,DANRLEI,PSD,182,YASMIN DOMINGUES DA SILVA,***.840.680-**,CPF,560.0,1,0.000275,
10,DANRLEI,PSD,183,AMARILDO FERNANDO SOARES,92.482.231/0001-05,CNPJ,550.0,2,0.00027,
10,DANRLEI,PSD,184,AUTO POSTO ALMIRANTE LTDA,11.393.320/0004-18,CNPJ,496.18,2,0.000243,
10,DANRLEI,PSD,185,GIOVANNA VELOSO PEREIRA MARCON,***.188.400-**,CPF,490.0,1,0.00024,
10,DANRLEI,PSD,186,GRAFICA GAUCHA LTDA,07.368.646/0001-75,CNPJ,420.0,2,0.000206,
10,DANRLEI,PSD,187,COMERCIO DE COMBUSTIVEIS MALLMANN LTDA,16.750.866/0002-30,CNPJ,401.1,2,0.000197,
10,DANRLEI,PSD,188,GREGORY MATHEUS DA ROSA FREITAS,***.237.760-**,CPF,350.0,1,0.000172,
10,DANRLEI,PSD,189,JACIRA FONSECA DA SILVA FERNANDES,***.478.200-**,CPF,350.0,1,0.000172,
10,DANRLEI,PSD,190,GARAGEM BELEM LTDA,93.234.086/0001-06,CNPJ,317.49,2,0.000156,
10,DANRLEI,PSD,191,LIZANDRA TERESINHA DOS REIS DUARTE,***.806.320-**,CPF,280.0,1,0.000137,
10,DANRLEI,PSD,192,COMERCIAL DE COMBUSTIVEIS PLANETARIO LTDA,01.157.271/0001-18,CNPJ,274.7,1,0.000135,
10,DANRLEI,PSD,193,COMERCIO DE COMBUSTIVEIS FENIC LTDA.,03.597.901/0001-09,CNPJ,270.09,1,0.000132,
10,DANRLEI,PSD,194,COMERCIO DE COMBUSTIVEIS NEVOEIRO LTDA,95.425.369/0001-52,CNPJ,249.4,1,0.000122,
10,DANRLEI,PSD,195,BELLER COMERCIO DE PAPEIS LTDA,05.563.868/0001-13,CNPJ,247.7,6,0.000121,
10,DANRLEI,PSD,196,S S COMERCIO DE COMBUSTIVEIS SA,01.991.461/0020-07,CNPJ,247.4,1,0.000121,
10,DANRLEI,PSD,197,AUTO POSTO JONAVE LTDA EM RECUPERACAO JUDICIAL,89.656.110/0001-10,CNPJ,245.93,1,0.000121,
10,DANRLEI,PSD,198,SIM REDE DE POSTOS LTDA,07.473.735/0095-61,CNPJ,242.51,1,0.000119,
10,DANRLEI,PSD,199,SIM REDE DE POSTOS LTDA,07.473.735/0035-20,CNPJ,242.39,1,0.000119,
10,DANRLEI,PSD,200,R TAUBE POSTO DE COMBUSTIVEIS E CONVENIENCIAS LTDA,13.793.895/0001-00,CNPJ,240.3,1,0.000118,
10,DANRLEI,PSD,201,ABASTECEDORA DE COMBUSTIVEIS PORTO ALEGRE LTDA,08.689.190/0001-08,CNPJ,239.31,1,0.000117,
10,DANRLEI,PSD,202,CM BR COMERCIO DE COMBUSTIVEIS LTDA EM RECUPERACAO JUDICIAL,14.565.491/0001-22,CNPJ,238.03,1,0.000117,
10,DANRLEI,PSD,203,COMERCIO DE COMBUSTIVEIS MENDESCAR LTDA,24.361.152/0001-88,CNPJ,233.16,1,0.000114,
10,DANRLEI,PSD,204,GROSSI COMBUSTIVEIS LTDA,60.639.537/0001-28,CNPJ,226.4,1,0.000111,
10,DANRLEI,PSD,205,ABASTECEDORA CASQUENSE LTDA,87.596.177/0001-80,CNPJ,222.04,1,0.000109,
10,DANRLEI,PSD,206,"ENCARGOS FINANCEIROS, TAXAS BANCÁRIAS E/OU OP. CARTÃO DE CRÉDITO",,,215.0,20,0.000105,
10,DANRLEI,PSD,207,CHRISTIAN DA SILVA ALEXANDRE,***.551.780-**,CPF,210.0,1,0.000103,
10,DANRLEI,PSD,208,ELDIANE BRASIL DORNELES,***.565.400-**,CPF,210.0,1,0.000103,
10,DANRLEI,PSD,209,COMERCIAL DE COMBUSTIVEIS PR LTDA,36.905.276/0001-66,CNPJ,197.3,1,9.7e-05,
10,DANRLEI,PSD,210,MP POSTOS E LOGISTICA LTDA,23.448.964/0048-66,CNPJ,194.99,1,9.6e-05,
10,DANRLEI,PSD,211,STILO COMERCIO DE COMBUSTIVEIS LTDA,12.564.276/0001-81,CNPJ,176.04,1,8.6e-05,
10,DANRLEI,PSD,212,EMPRESA BRASILEIRA DE CORREIOS E TELEGRAFOS,34.028.316/4385-24,CNPJ,93.0,1,4.6e-05,
10,DANRLEI,PSD,213,BELLER COMERCIO DE PAPEIS LTDA,05.563.868/0033-09,CNPJ,75.88,2,3.7e-05,
10,DANRLEI,PSD,214,ANDRESSA ALVES CONTIMOS,***.866.500-**,CPF,70.0,1,3.4e-05,
10,DANRLEI,PSD,215,LUCAS MENDES TEIXEIRA,***.689.290-**,CPF,70.0,1,3.4e-05,
10,DANRLEI,PSD,216,EMPRESA BRASILEIRA DE CORREIOS E TELEGRAFOS,34.028.316/5664-41,CNPJ,55.8,1,2.7e-05,
10,DANRLEI,PSD,217,SERGIO LUIZ COSTA JUNIOR & CIA LTDA,97.059.695/0001-19,CNPJ,40.7,1,2e-05,
11,DENISE PESSÔA,PT,1,GRAFICA E EDITORA BENTO GONCALVES LTDA,73.273.088/0001-99,CNPJ,250560.0,87,0.151273,
11,DENISE PESSÔA,PT,2,FACEBOOK SERVICOS ONLINE DO BRASIL LTDA.,13.347.016/0001-17,CNPJ,120000.0,2,0.072449,
11,DENISE PESSÔA,PT,3,CAE COMUNICACAO E PUBLICIDADE LTDA,46.655.435/0001-75,CNPJ,100000.0,1,0.060374,
11,DENISE PESSÔA,PT,4,ROMA SERVICOS INTEGRADOS DE DESIGN TEXTIL LTDA,09.006.501/0001-50,CNPJ,83101.0,36,0.050171,
11,DENISE PESSÔA,PT,5,"FELIX, FLORIANO, RONDON E RIBEIRO ADVOGADOS ASSOCIADOS",23.339.084/0001-98,CNPJ,50000.0,1,0.030187,
11,DENISE PESSÔA,PT,6,F. C. DOS SANTOS LTDA,35.953.151/0001-49,CNPJ,41020.0,1,0.024765,
11,DENISE PESSÔA,PT,7,MIDIA PLUS RS LTDA,05.963.397/0001-30,CNPJ,38000.0,1,0.022942,
11,DENISE PESSÔA,PT,8,VERITTAS SOLUCOES LTDA,66.127.468/0001-50,CNPJ,35000.0,1,0.021131,
11,DENISE PESSÔA,PT,9,PRIMATAS INDUSTRIA SERIGRAFICA LTDA,93.368.892/0001-69,CNPJ,32919.2,22,0.019875,
11,DENISE PESSÔA,PT,10,ELEICAO 2026 IVONETE CARVALHO DEPUTADO ESTADUAL,68.312.658/0001-72,CNPJ,30000.0,1,0.018112,
11,DENISE PESSÔA,PT,11,LOCALIZA RENT A CAR SA,16.670.085/0314-68,CNPJ,28288.5,4,0.017079,
11,DENISE PESSÔA,PT,12,DANIEL FERRETTI ***.945.520-**,14.121.025/0001-58,CNPJ,23040.0,2,0.01391,
11,DENISE PESSÔA,PT,13,NIC NEGOCIOS IMOBILIARIOS LTDA,55.911.189/0001-66,CNPJ,20000.0,1,0.012075,
11,DENISE PESSÔA,PT,14,ESSENT INOVACAO CONTABIL LTDA,25.188.538/0001-00,CNPJ,15000.0,1,0.009056,
11,DENISE PESSÔA,PT,15,ASSOCIACAO LITERARIA SAO BOAVENTURA,88.625.181/0007-88,CNPJ,14570.0,4,0.008796,
11,DENISE PESSÔA,PT,16,GETULIO MENDES,***.713.030-**,CPF,14500.0,2,0.008754,
11,DENISE PESSÔA,PT,17,FILIPE BINOTTI PESSOA,***.520.270-**,CPF,10000.0,1,0.006037,
11,DENISE PESSÔA,PT,18,ICARO ORTIZ CARNET,***.143.410-**,CPF,9000.0,1,0.005434,
11,DENISE PESSÔA,PT,19,NOLAR IMOVEIS LTDA,10.322.198/0001-83,CNPJ,8508.0,1,0.005137,
11,DENISE PESSÔA,PT,20,ALEX LEONARDO COUTO DA ROSA,***.640.370-**,CPF,8500.0,1,0.005132,
11,DENISE PESSÔA,PT,21,AMANDA RODRIGUES SOUSA,***.640.570-**,CPF,8500.0,1,0.005132,
11,DENISE PESSÔA,PT,22,DOUGLAS TREVISAN,***.273.640-**,CPF,8000.0,1,0.00483,
11,DENISE PESSÔA,PT,23,MARINES DE FATIMA CHAVES VARELA,***.519.740-**,CPF,7500.0,1,0.004528,
11,DENISE PESSÔA,PT,24,MARISTELA SILVESTRIN,***.388.580-**,CPF,7000.0,1,0.004226,
11,DENISE PESSÔA,PT,25,RENAN TORBES DA SILVA,***.121.640-**,CPF,6800.0,1,0.004105,
11,DENISE PESSÔA,PT,26,MARIA REGINA PEREIRA,***.706.850-**,CPF,6600.0,1,0.003985,
11,DENISE PESSÔA,PT,27,ELUIR PEDRO DAVANZO,***.597.660-**,CPF,6500.0,1,0.003924,
11,DENISE PESSÔA,PT,28,ISOPPO & LONDERO LTDA,05.147.669/0001-24,CNPJ,6250.0,1,0.003773,
11,DENISE PESSÔA,PT,29,ANTONIO DANIEL KNEVITZ DE OLIVEIRA,***.890.560-**,CPF,6000.0,1,0.003622,
11,DENISE PESSÔA,PT,30,AURI HEISSER,***.494.270-**,CPF,6000.0,1,0.003622,
11,DENISE PESSÔA,PT,31,EMERSON DE OLIVEIRA,***.813.360-**,CPF,6000.0,1,0.003622,
11,DENISE PESSÔA,PT,32,FABIANE AMORIM DUTRA,***.843.860-**,CPF,6000.0,1,0.003622,
11,DENISE PESSÔA,PT,33,JENNIFER DOERR SINS,***.373.520-**,CPF,6000.0,1,0.003622,
11,DENISE PESSÔA,PT,34,LEON DINIS BORGES DA SILVA,***.553.300-**,CPF,6000.0,1,0.003622,
11,DENISE PESSÔA,PT,35,PATRICIO SANTOS DOS SANTOS,***.057.690-**,CPF,6000.0,1,0.003622,
11,DENISE PESSÔA,PT,36,VICTOR DE OLIVEIRA BORGES,***.001.240-**,CPF,5800.0,1,0.003502,
11,DENISE PESSÔA,PT,37,DILSON GENESIO DOS SANTOS MACHADO,***.572.950-**,CPF,5300.0,1,0.0032,
11,DENISE PESSÔA,PT,38,63.437.403 LEONARDO DE ATAIDE MELO,63.437.403/0001-12,CNPJ,5000.0,1,0.003019,
11,DENISE PESSÔA,PT,39,ADRIANO FRAGA DA SILVA,***.815.980-**,CPF,5000.0,1,0.003019,
11,DENISE PESSÔA,PT,40,ALINE MICHELE SANTUARIO,***.457.440-**,CPF,5000.0,1,0.003019,
11,DENISE PESSÔA,PT,41,IVAR PAVAN,***.153.100-**,CPF,5000.0,1,0.003019,
11,DENISE PESSÔA,PT,42,JOSELIA CIVA DONIDA,***.548.400-**,CPF,5000.0,1,0.003019,
11,DENISE PESSÔA,PT,43,JUSSARA MARTINS DOS SANTOS,***.334.840-**,CPF,5000.0,1,0.003019,
11,DENISE PESSÔA,PT,44,MARCOS ANTONIO SMOLAREK,***.053.560-**,CPF,5000.0,1,0.003019,
11,DENISE PESSÔA,PT,45,SHEILA MARTINS DOS SANTOS,***.059.710-**,CPF,5000.0,1,0.003019,
11,DENISE PESSÔA,PT,46,ZENIR GROSS KELLERMANN,***.270.420-**,CPF,5000.0,1,0.003019,
11,DENISE PESSÔA,PT,47,MOBILISCAR LOCACAO DE VEICULOS LTDA,09.537.344/0001-09,CNPJ,4860.0,2,0.002934,
11,DENISE PESSÔA,PT,48,NILVIO DA SILVA RODRIGUES,***.599.900-**,CPF,4860.0,1,0.002934,
11,DENISE PESSÔA,PT,49,VALDIR FERNANDES WALTER,***.952.319-**,CPF,4350.0,1,0.002626,
11,DENISE PESSÔA,PT,50,ALDO SANTO INHAIA,***.687.640-**,CPF,4000.0,1,0.002415,
11,DENISE PESSÔA,PT,51,ANDREIA SUTERIO PEREIRA,***.414.270-**,CPF,4000.0,1,0.002415,
11,DENISE PESSÔA,PT,52,BARBARA ROCHELE MORALES SANTOS,***.046.940-**,CPF,4000.0,1,0.002415,
11,DENISE PESSÔA,PT,53,DJANDARA BIA FRARE AMARAL,***.372.830-**,CPF,4000.0,1,0.002415,
11,DENISE PESSÔA,PT,54,EDISON BIASSI,***.809.620-**,CPF,4000.0,1,0.002415,
11,DENISE PESSÔA,PT,55,ELIAS LUIZ TRAMONTIN,***.033.300-**,CPF,4000.0,1,0.002415,
11,DENISE PESSÔA,PT,56,FABIANA HANNECKER,***.894.900-**,CPF,4000.0,1,0.002415,
11,DENISE PESSÔA,PT,57,LAERCIO JORGE HECK,***.861.130-**,CPF,4000.0,1,0.002415,
11,DENISE PESSÔA,PT,58,LUCAS ROBERTO FARINA,***.817.230-**,CPF,4000.0,1,0.002415,
11,DENISE PESSÔA,PT,59,SANDRA MARIA ANTUNES DA SILVA,***.897.410-**,CPF,4000.0,1,0.002415,
11,DENISE PESSÔA,PT,60,THAIS RIBEIRO DOS SANTOS,***.847.210-**,CPF,4000.0,1,0.002415,
11,DENISE PESSÔA,PT,61,NESELITA PEREIRA DE LIMA,***.490.582-**,CPF,3900.0,1,0.002355,
11,DENISE PESSÔA,PT,62,IGOR DA SILVA DOS REIS,***.518.670-**,CPF,3800.0,1,0.002294,
11,DENISE PESSÔA,PT,63,JOHN LENNON VALERIO PEREIRA,***.342.970-**,CPF,3800.0,1,0.002294,
11,DENISE PESSÔA,PT,64,ASSOCIACAO DOS AUDITORES-FISCAIS DA RECEITA MUNICIPAL DE PORTO ALEGRE - AIAMU,93.018.141/0001-12,CNPJ,3600.0,5,0.002173,
11,DENISE PESSÔA,PT,65,ALESCYANE RAPOSO BATISTA,***.367.362-**,CPF,3500.0,1,0.002113,
11,DENISE PESSÔA,PT,66,CLARISSA AZEVEDO DA SILVEIRA,***.216.600-**,CPF,3500.0,1,0.002113,
11,DENISE PESSÔA,PT,67,ELIANE FRANCA DE FREITAS,***.887.190-**,CPF,3500.0,1,0.002113,
11,DENISE PESSÔA,PT,68,GILMAR PEDRO BERTE,***.232.840-**,CPF,3500.0,1,0.002113,
11,DENISE PESSÔA,PT,69,LUIS AFONSO DOS SANTOS,***.391.960-**,CPF,3500.0,1,0.002113,
11,DENISE PESSÔA,PT,70,MARLENE RODRIGUES DE CAMARGO,***.330.650-**,CPF,3500.0,1,0.002113,
11,DENISE PESSÔA,PT,71,ORZEBAL KLAMOS MACIEL,***.618.630-**,CPF,3500.0,1,0.002113,
11,DENISE PESSÔA,PT,72,ROBISON BENEDITO DA SILVEIRA CORREIA,***.409.268-**,CPF,3500.0,1,0.002113,
11,DENISE PESSÔA,PT,73,SANDRO ZACCA KAYSER,***.891.520-**,CPF,3500.0,1,0.002113,
11,DENISE PESSÔA,PT,74,CLEUZA DAS GRACAS DO NASCIMENTO SOBROSA,***.827.820-**,CPF,3420.0,1,0.002065,
11,DENISE PESSÔA,PT,75,OLGA BRANDALISE ORTIZ,***.996.600-**,CPF,3420.0,1,0.002065,
11,DENISE PESSÔA,PT,76,AUTO POSTO ZM LTDA,07.011.546/0001-97,CNPJ,3336.3,4,0.002014,
11,DENISE PESSÔA,PT,77,CARMEN LUIZA GARCIA DOS SANTOS,***.439.040-**,CPF,3300.0,1,0.001992,
11,DENISE PESSÔA,PT,78,ANDREZA DA SILVA MONTEIRO,***.662.500-**,CPF,3200.0,1,0.001932,
11,DENISE PESSÔA,PT,79,DEIVID BOSSLE LEGUICANO,***.445.470-**,CPF,3200.0,1,0.001932,
11,DENISE PESSÔA,PT,80,JORGE GILSEU DA COSTA SILVA,***.258.250-**,CPF,3200.0,1,0.001932,
11,DENISE PESSÔA,PT,81,MARIA ANTONIA DA SILVA,***.152.150-**,CPF,3200.0,1,0.001932,
11,DENISE PESSÔA,PT,82,PAULO RICARDO PROENCA DE QUADROS,***.784.520-**,CPF,3200.0,1,0.001932,
11,DENISE PESSÔA,PT,83,ANE CAROLINE DE ABREU LONGHI,***.550.590-**,CPF,3100.0,1,0.001872,
11,DENISE PESSÔA,PT,84,CARLOS ANDRES MONTEIRO,***.756.260-**,CPF,3000.0,1,0.001811,
11,DENISE PESSÔA,PT,85,DINO GIARETTA,***.182.940-**,CPF,3000.0,1,0.001811,
11,DENISE PESSÔA,PT,86,EDNA CRISTINA ARBOGAST FONTOURA,***.392.870-**,CPF,3000.0,1,0.001811,
11,DENISE PESSÔA,PT,87,EDUARDO DA ROZA DE ABREU,***.284.280-**,CPF,3000.0,1,0.001811,
11,DENISE PESSÔA,PT,88,EVERALDO VALIM BOEIRA,***.941.520-**,CPF,3000.0,1,0.001811,
11,DENISE PESSÔA,PT,89,FERNANDA MARTHA DOS SANTOS,***.657.360-**,CPF,3000.0,1,0.001811,
11,DENISE PESSÔA,PT,90,IRINES RUPP,***.147.330-**,CPF,3000.0,1,0.001811,
11,DENISE PESSÔA,PT,91,JOAO PEDRO MENDES FREITAS,***.105.620-**,CPF,3000.0,1,0.001811,
11,DENISE PESSÔA,PT,92,JOMAR MOREIRA DE BARCELLOS,***.373.150-**,CPF,3000.0,1,0.001811,
11,DENISE PESSÔA,PT,93,LUCIARA SOARES MACEDO DAMASCENO,***.104.310-**,CPF,3000.0,1,0.001811,
11,DENISE PESSÔA,PT,94,MARIA CRISTINA PEREIRA PESSOA,***.566.260-**,CPF,3000.0,1,0.001811,
11,DENISE PESSÔA,PT,95,MARISTELA PELEGRINI FRAPORTI,***.398.930-**,CPF,3000.0,1,0.001811,
11,DENISE PESSÔA,PT,96,NEDIO JOAO FRAPORTI,***.400.770-**,CPF,3000.0,1,0.001811,
11,DENISE PESSÔA,PT,97,NELCI D AGOSTINI,***.129.750-**,CPF,3000.0,1,0.001811,
11,DENISE PESSÔA,PT,98,RONALDO SANTOS DE OLIVEIRA JUNIOR,***.440.230-**,CPF,3000.0,1,0.001811,
11,DENISE PESSÔA,PT,99,VICENTE KINALSKI JUNIOR,***.184.890-**,CPF,3000.0,1,0.001811,
11,DENISE PESSÔA,PT,100,VOLNEI ANTONIO FISCHER,***.298.970-**,CPF,3000.0,1,0.001811,
11,DENISE PESSÔA,PT,101,VOLNEI MARI,***.418.240-**,CPF,3000.0,1,0.001811,
11,DENISE PESSÔA,PT,102,PAULO AFONSO DE LEMOS,***.188.810-**,CPF,2900.0,1,0.001751,
11,DENISE PESSÔA,PT,103,ANA BEATRIZ ALORRALDE DA SILVA,***.300.260-**,CPF,2800.0,1,0.00169,
11,DENISE PESSÔA,PT,104,ELI EXPEDITO DO NASCIMENTO,***.287.080-**,CPF,2800.0,1,0.00169,
11,DENISE PESSÔA,PT,105,FERNANDA CAMILA DA SILVA,***.739.590-**,CPF,2800.0,1,0.00169,
11,DENISE PESSÔA,PT,106,JOAO VITOR DOS SANTOS,***.926.520-**,CPF,2800.0,1,0.00169,
11,DENISE PESSÔA,PT,107,JOSE ROBERTO DOS SANTOS,***.656.280-**,CPF,2800.0,1,0.00169,
11,DENISE PESSÔA,PT,108,LARISSA PAOLA DE SOUSA DA ROSA,***.530.480-**,CPF,2800.0,1,0.00169,
11,DENISE PESSÔA,PT,109,PATRICIA FACHINELLI,***.718.940-**,CPF,2800.0,1,0.00169,
11,DENISE PESSÔA,PT,110,SERGIO AUGUSTO DE SOUZA,***.251.420-**,CPF,2800.0,1,0.00169,
11,DENISE PESSÔA,PT,111,VIVIANE DUTRA,***.300.800-**,CPF,2800.0,1,0.00169,
11,DENISE PESSÔA,PT,112,ADAIR PADILHA DA SILVA,***.393.400-**,CPF,2700.0,1,0.00163,
11,DENISE PESSÔA,PT,113,CLAIR DE OLIVEIRA,***.599.910-**,CPF,2700.0,1,0.00163,
11,DENISE PESSÔA,PT,114,ELISANGELA DA SILVA RIBAS,***.411.610-**,CPF,2700.0,1,0.00163,
11,DENISE PESSÔA,PT,115,EVERSON OSNI DE OLIVEIRA,***.957.260-**,CPF,2700.0,1,0.00163,
11,DENISE PESSÔA,PT,116,IVANIR DE FATIMA NUNES CAVALHEIRO,***.139.300-**,CPF,2700.0,1,0.00163,
11,DENISE PESSÔA,PT,117,JOSE DERLI MAGALHAES,***.087.700-**,CPF,2700.0,1,0.00163,
11,DENISE PESSÔA,PT,118,LILIAN DE OLIVEIRA DA SILVA,***.831.050-**,CPF,2700.0,1,0.00163,
11,DENISE PESSÔA,PT,119,VALDIR BRUNO ORLANDY,***.073.100-**,CPF,2700.0,1,0.00163,
11,DENISE PESSÔA,PT,120,ALIVINA MANOELA DA FONSECA,***.172.670-**,CPF,2500.0,1,0.001509,
11,DENISE PESSÔA,PT,121,ANA JULIA OSIELSKI SCHONHOFEN,***.319.810-**,CPF,2500.0,1,0.001509,
11,DENISE PESSÔA,PT,122,ANA LUCIA RODRIGUES DO NASCIMENTO,***.816.290-**,CPF,2500.0,1,0.001509,
11,DENISE PESSÔA,PT,123,ANDREA LOSANGELA ORTIZ DE BAIRROS,***.950.900-**,CPF,2500.0,1,0.001509,
11,DENISE PESSÔA,PT,124,BRUNA HELENA CUNHA RODRIGUES,***.937.780-**,CPF,2500.0,1,0.001509,
11,DENISE PESSÔA,PT,125,CAROL BLUME CORSSAC,***.568.380-**,CPF,2500.0,1,0.001509,
11,DENISE PESSÔA,PT,126,CAROLAIN DE OLIVEIRA SANTOS,***.545.320-**,CPF,2500.0,1,0.001509,
11,DENISE PESSÔA,PT,127,CAROLINE MILAN GUARNIERI,***.452.970-**,CPF,2500.0,1,0.001509,
11,DENISE PESSÔA,PT,128,CICERO AMARAL PEREIRA,***.409.780-**,CPF,2500.0,1,0.001509,
11,DENISE PESSÔA,PT,129,CYNARA BAUM,***.694.660-**,CPF,2500.0,1,0.001509,
11,DENISE PESSÔA,PT,130,ELIS REGINA FRIZZO WEIRICH,***.516.440-**,CPF,2500.0,1,0.001509,
11,DENISE PESSÔA,PT,131,EMILIO DIONISIO PORTO DINIZ,***.333.450-**,CPF,2500.0,1,0.001509,
11,DENISE PESSÔA,PT,132,FRANCIELE OLIVEIRA DOS SANTOS,***.413.160-**,CPF,2500.0,1,0.001509,
11,DENISE PESSÔA,PT,133,GILSON SANTOS DA SILVA,***.362.110-**,CPF,2500.0,1,0.001509,
11,DENISE PESSÔA,PT,134,IGOR DE ABREU,***.409.720-**,CPF,2500.0,1,0.001509,
11,DENISE PESSÔA,PT,135,JESSICA DAIANA GONCALVES RODRIGUES,***.541.730-**,CPF,2500.0,1,0.001509,
11,DENISE PESSÔA,PT,136,JOICE FAGUNDES,***.939.660-**,CPF,2500.0,1,0.001509,
11,DENISE PESSÔA,PT,137,LUIS CARLOS TOMAZELLI,***.121.100-**,CPF,2500.0,1,0.001509,
11,DENISE PESSÔA,PT,138,LUIS PAULO VANONI,***.884.460-**,CPF,2500.0,1,0.001509,
11,DENISE PESSÔA,PT,139,MARIA LUIZA GOMES DA SILVA,***.875.610-**,CPF,2500.0,1,0.001509,
11,DENISE PESSÔA,PT,140,MATEUS TAVARES SANTOS DA SILVA,***.224.280-**,CPF,2500.0,1,0.001509,
11,DENISE PESSÔA,PT,141,MAURICIO SALVADOR,***.188.930-**,CPF,2500.0,1,0.001509,
11,DENISE PESSÔA,PT,142,MONICA DO NASCIMENTO GROHE,***.642.040-**,CPF,2500.0,1,0.001509,
11,DENISE PESSÔA,PT,143,NEUSA CORREIA DA SILVA,***.531.010-**,CPF,2500.0,1,0.001509,
11,DENISE PESSÔA,PT,144,NICOLE THALIA ROSA PEREIRA,***.782.800-**,CPF,2500.0,1,0.001509,
11,DENISE PESSÔA,PT,145,OSMAR KOSSMANN,***.467.250-**,CPF,2500.0,1,0.001509,
11,DENISE PESSÔA,PT,146,ROSANAN DE CARLI TESTA BRUSTOLIN,***.653.100-**,CPF,2500.0,1,0.001509,
11,DENISE PESSÔA,PT,147,THAIS DIAS PEREIRA,***.739.130-**,CPF,2500.0,1,0.001509,
11,DENISE PESSÔA,PT,148,VALDIR BASSO,***.831.760-**,CPF,2500.0,1,0.001509,
11,DENISE PESSÔA,PT,149,VILSON RAIMUNDO COLTRO,***.765.770-**,CPF,2500.0,1,0.001509,
11,DENISE PESSÔA,PT,150,VITORIA MONTEIRO,***.468.780-**,CPF,2500.0,1,0.001509,
11,DENISE PESSÔA,PT,151,YAN SCHERER,***.387.290-**,CPF,2500.0,1,0.001509,
11,DENISE PESSÔA,PT,152,CHAIANE CUNHA DE FREITAS,***.568.700-**,CPF,2400.0,1,0.001449,
11,DENISE PESSÔA,PT,153,CLAITON COSTA SARAIVA,***.069.120-**,CPF,2400.0,1,0.001449,
11,DENISE PESSÔA,PT,154,DIMAR RITTA RODRIGUES,***.089.470-**,CPF,2400.0,1,0.001449,
11,DENISE PESSÔA,PT,155,DIULIANE SARAIVA SARAIVA,***.665.640-**,CPF,2400.0,1,0.001449,
11,DENISE PESSÔA,PT,156,LUCIANO JOSE DOS SANTOS,***.649.590-**,CPF,2400.0,1,0.001449,
11,DENISE PESSÔA,PT,157,KAUANY MELLO SOARES,***.520.910-**,CPF,2300.0,1,0.001389,
11,DENISE PESSÔA,PT,158,MATEUS RODRIGUES DA SILVA,***.068.240-**,CPF,2300.0,1,0.001389,
11,DENISE PESSÔA,PT,159,DANIELA LORENA DOS SANTOS,***.793.230-**,CPF,2225.0,1,0.001343,
11,DENISE PESSÔA,PT,160,ALICE DE MOURA OLIVEIRA SANTOS,***.095.430-**,CPF,2200.0,1,0.001328,
11,DENISE PESSÔA,PT,161,CAROLINE PEREIRA FERNANDES,***.538.550-**,CPF,2200.0,1,0.001328,
11,DENISE PESSÔA,PT,162,CLAIR RODRIGUES DIAS,***.381.540-**,CPF,2200.0,1,0.001328,
11,DENISE PESSÔA,PT,163,CLEUNICI ELI MANI GOMES,***.258.150-**,CPF,2200.0,1,0.001328,
11,DENISE PESSÔA,PT,164,ELEONILDA DA SILVA FREITAS,***.644.080-**,CPF,2200.0,1,0.001328,
11,DENISE PESSÔA,PT,165,GABRIELLA DE OLIVEIRA DUARTE,***.399.160-**,CPF,2200.0,1,0.001328,
11,DENISE PESSÔA,PT,166,JENIFER CRISTINA ROSA DA ROSA,***.693.970-**,CPF,2200.0,1,0.001328,
11,DENISE PESSÔA,PT,167,JOAO ALCIDES TOME,***.842.810-**,CPF,2200.0,1,0.001328,
11,DENISE PESSÔA,PT,168,JOSE CARLOS RIBEIRO SANTOS,***.687.660-**,CPF,2200.0,1,0.001328,
11,DENISE PESSÔA,PT,169,JOSE RONALDO MENDONCA ALVES,***.481.280-**,CPF,2200.0,1,0.001328,
11,DENISE PESSÔA,PT,170,LEONIRA DE ALMEIDA HENRIQUE,***.885.380-**,CPF,2200.0,1,0.001328,
11,DENISE PESSÔA,PT,171,LISIANE AFFELDT DE LARA,***.626.470-**,CPF,2200.0,1,0.001328,
11,DENISE PESSÔA,PT,172,MATHEUS ROZBORA SCHWUCHOW,***.069.000-**,CPF,2200.0,1,0.001328,
11,DENISE PESSÔA,PT,173,MAYRA DA SILVA ROSA,***.562.440-**,CPF,2200.0,1,0.001328,
11,DENISE PESSÔA,PT,174,NICOLAS GONCALVES VIDAL,***.016.980-**,CPF,2200.0,1,0.001328,
11,DENISE PESSÔA,PT,175,PAULO FRANCISCO DA SILVA,***.536.460-**,CPF,2200.0,1,0.001328,
11,DENISE PESSÔA,PT,176,VALDIR DIAS DUARTE,***.178.700-**,CPF,2200.0,1,0.001328,
11,DENISE PESSÔA,PT,177,VANESCA BRITTO MARIA,***.626.100-**,CPF,2200.0,1,0.001328,
11,DENISE PESSÔA,PT,178,VERA REGINA CORRALES MARCAL,***.352.340-**,CPF,2200.0,1,0.001328,
11,DENISE PESSÔA,PT,179,ADELINA SILVERIO DA ROSA,***.732.250-**,CPF,2000.0,1,0.001207,
11,DENISE PESSÔA,PT,180,ADRIANA GUERRA CARVALHO,***.866.090-**,CPF,2000.0,1,0.001207,
11,DENISE PESSÔA,PT,181,ADRIANO RODRIGUES VIEIRA,***.273.690-**,CPF,2000.0,1,0.001207,
11,DENISE PESSÔA,PT,182,ALAN RIBEIRO PINTO,***.847.200-**,CPF,2000.0,1,0.001207,
11,DENISE PESSÔA,PT,183,ANDRE LUCIANO NAZIAZENO MARTINS,***.938.340-**,CPF,2000.0,1,0.001207,
11,DENISE PESSÔA,PT,184,ANGELINA FERREIRA MATTOS,***.017.410-**,CPF,2000.0,1,0.001207,
11,DENISE PESSÔA,PT,185,ARLINDO CRAMES FERREIRA,***.088.680-**,CPF,2000.0,1,0.001207,
11,DENISE PESSÔA,PT,186,BRUNA ANGELICA CAMARA CORREA,***.805.310-**,CPF,2000.0,1,0.001207,
11,DENISE PESSÔA,PT,187,BRUNO MACANEIRO DA SILVA,***.101.320-**,CPF,2000.0,1,0.001207,
11,DENISE PESSÔA,PT,188,CASSIANO BORGES RIBEIRO,***.874.860-**,CPF,2000.0,1,0.001207,
11,DENISE PESSÔA,PT,189,DAGUIMAR DUARTE SCHUMACHER,***.646.970-**,CPF,2000.0,1,0.001207,
11,DENISE PESSÔA,PT,190,DANIEL LEMOS MESSIAS,***.495.160-**,CPF,2000.0,1,0.001207,
11,DENISE PESSÔA,PT,191,HERMES KAMANSKI,***.330.530-**,CPF,2000.0,1,0.001207,
11,DENISE PESSÔA,PT,192,JAQUELINE ROSA CIMA DAL PIZZOL,***.720.180-**,CPF,2000.0,1,0.001207,
11,DENISE PESSÔA,PT,193,JULIA TUANE MACHADO MORAES,***.803.880-**,CPF,2000.0,1,0.001207,
11,DENISE PESSÔA,PT,194,PAOLA DA SILVA MENDES,***.803.820-**,CPF,2000.0,1,0.001207,
11,DENISE PESSÔA,PT,195,RESTAURANTE E CHURRASCARIA DASSI LTDA,24.960.519/0001-80,CNPJ,2000.0,1,0.001207,
11,DENISE PESSÔA,PT,196,VALLEI PEREIRA DA SILVA,***.835.210-**,CPF,2000.0,1,0.001207,
11,DENISE PESSÔA,PT,197,ADRIANA TERESINHA DE SOUZA DA SILVEIRA,***.943.690-**,CPF,1800.0,1,0.001087,
11,DENISE PESSÔA,PT,198,ALCIONE SILVA DOS SANTOS,***.305.950-**,CPF,1800.0,1,0.001087,
11,DENISE PESSÔA,PT,199,ALEXANDRA MENDES PEREIRA,***.923.380-**,CPF,1800.0,1,0.001087,
11,DENISE PESSÔA,PT,200,ALVARO DUARTE DA SILVA,***.476.180-**,CPF,1800.0,1,0.001087,
11,DENISE PESSÔA,PT,201,ANGELA MARIA ROSA ETCHEVERRY,***.157.440-**,CPF,1800.0,1,0.001087,
11,DENISE PESSÔA,PT,202,BERNARDO VIEIRA SILVEIRA,***.814.180-**,CPF,1800.0,1,0.001087,
11,DENISE PESSÔA,PT,203,BRUNA MOURA DA ROSA,***.693.650-**,CPF,1800.0,1,0.001087,
11,DENISE PESSÔA,PT,204,CARINE MONTEIRO TISATTO,***.045.370-**,CPF,1800.0,1,0.001087,
11,DENISE PESSÔA,PT,205,CARLOS EDUARDO CAMARGO,***.972.300-**,CPF,1800.0,1,0.001087,
11,DENISE PESSÔA,PT,206,CAROLLYNE ZUFFO,***.083.050-**,CPF,1800.0,1,0.001087,
11,DENISE PESSÔA,PT,207,CLAUDIA MARTINS BALDES,***.261.030-**,CPF,1800.0,1,0.001087,
11,DENISE PESSÔA,PT,208,CLEONIR TRASSANTE DOS SANTOS DE BAIRROS,***.387.910-**,CPF,1800.0,1,0.001087,
11,DENISE PESSÔA,PT,209,CYNTIA DE SOUZA DA SILVA,***.975.890-**,CPF,1800.0,1,0.001087,
11,DENISE PESSÔA,PT,210,DANIELA LEITE RODRIGUES,***.772.600-**,CPF,1800.0,1,0.001087,
11,DENISE PESSÔA,PT,211,DEISE MARIANI FERREIRA VELEDA,***.248.460-**,CPF,1800.0,1,0.001087,
11,DENISE PESSÔA,PT,212,DILLERMANDO BRAGA CHRYSOSTOMO,***.305.860-**,CPF,1800.0,1,0.001087,
11,DENISE PESSÔA,PT,213,DOUGLAS DOS SANTOS MONTANO,***.460.410-**,CPF,1800.0,1,0.001087,
11,DENISE PESSÔA,PT,214,DOUGLAS MONTEIRO,***.045.360-**,CPF,1800.0,1,0.001087,
11,DENISE PESSÔA,PT,215,EDUARDO LIMA ALVES,***.524.550-**,CPF,1800.0,1,0.001087,
11,DENISE PESSÔA,PT,216,ELENIR MACEDO SCHMEIER,***.072.170-**,CPF,1800.0,1,0.001087,
11,DENISE PESSÔA,PT,217,EVA LOPES TEIXEIRA DE AVILA,***.944.180-**,CPF,1800.0,1,0.001087,
11,DENISE PESSÔA,PT,218,EVELIN INAE ALVES,***.963.000-**,CPF,1800.0,1,0.001087,
11,DENISE PESSÔA,PT,219,FABIANA DE MELLO DE OLIVEIRA,***.507.500-**,CPF,1800.0,1,0.001087,
11,DENISE PESSÔA,PT,220,FABIO FARIAS VICENTE,***.934.650-**,CPF,1800.0,1,0.001087,
11,DENISE PESSÔA,PT,221,FERNANDA NERYS,***.459.620-**,CPF,1800.0,1,0.001087,
11,DENISE PESSÔA,PT,222,FERNANDA SEVERO BIANCHI,***.021.800-**,CPF,1800.0,1,0.001087,
11,DENISE PESSÔA,PT,223,FERNANDO LEMOS NOGUEIRA,***.156.050-**,CPF,1800.0,1,0.001087,
11,DENISE PESSÔA,PT,224,GEOVANA ACOSTA ALMEIDA,***.116.050-**,CPF,1800.0,1,0.001087,
11,DENISE PESSÔA,PT,225,GIOVANNA SANTOS CANTILIANO DA SILVA,***.460.920-**,CPF,1800.0,1,0.001087,
11,DENISE PESSÔA,PT,226,GLADIS AZEVEDO ANTUNES,***.031.660-**,CPF,1800.0,1,0.001087,
11,DENISE PESSÔA,PT,227,IAGO RITTA DE BARRES,***.071.920-**,CPF,1800.0,1,0.001087,
11,DENISE PESSÔA,PT,228,IGOR NOGUEIRA FERREIRA,***.361.990-**,CPF,1800.0,1,0.001087,
11,DENISE PESSÔA,PT,229,JEFFERSON LUIS CONCEICAO VARGAS,***.770.930-**,CPF,1800.0,1,0.001087,
11,DENISE PESSÔA,PT,230,JOAO JOSE CORREA BETIM,***.092.830-**,CPF,1800.0,1,0.001087,
11,DENISE PESSÔA,PT,231,JOAO MONTEIRO JUNIOR,***.851.260-**,CPF,1800.0,1,0.001087,
11,DENISE PESSÔA,PT,232,JOSE ARCE VALANSUELO BERTUOL,***.069.780-**,CPF,1800.0,1,0.001087,
11,DENISE PESSÔA,PT,233,JOSE UBIRAJARA FARIAS NAITSCH,***.314.200-**,CPF,1800.0,1,0.001087,
11,DENISE PESSÔA,PT,234,JOSSINES GUIMARAES MONTEIRO,***.384.780-**,CPF,1800.0,1,0.001087,
11,DENISE PESSÔA,PT,235,JOSUE ALVES VARGAS,***.330.340-**,CPF,1800.0,1,0.001087,
11,DENISE PESSÔA,PT,236,JULIA MASIERO COSTA,***.790.920-**,CPF,1800.0,1,0.001087,
11,DENISE PESSÔA,PT,237,KELEN FERNANDA SILVA DA SILVA,***.145.420-**,CPF,1800.0,1,0.001087,
11,DENISE PESSÔA,PT,238,LAURA CAMILE DE OLIVEIRA RIBEIRO,***.176.130-**,CPF,1800.0,1,0.001087,
11,DENISE PESSÔA,PT,239,LAURIANO SILVEIRA ALVES,***.420.640-**,CPF,1800.0,1,0.001087,
11,DENISE PESSÔA,PT,240,LAURO POGOZELSKI JUNIOR,***.117.090-**,CPF,1800.0,1,0.001087,
11,DENISE PESSÔA,PT,241,LECI DE SOUZA LIMA,***.680.610-**,CPF,1800.0,1,0.001087,
11,DENISE PESSÔA,PT,242,LORIZETE SOUZA DA SILVA,***.773.960-**,CPF,1800.0,1,0.001087,
11,DENISE PESSÔA,PT,243,MANUELA SILVA FERREIRA,***.415.580-**,CPF,1800.0,1,0.001087,
11,DENISE PESSÔA,PT,244,MARCIO DO CANTO FLORES,***.305.990-**,CPF,1800.0,1,0.001087,
11,DENISE PESSÔA,PT,245,MARCO ANTONIO VIEIRA VELOZO,***.412.950-**,CPF,1800.0,1,0.001087,
11,DENISE PESSÔA,PT,246,MARIA CLENI TEIXEIRA,***.914.510-**,CPF,1800.0,1,0.001087,
11,DENISE PESSÔA,PT,247,MARIA OLINDA PAULINO TORBES,***.254.500-**,CPF,1800.0,1,0.001087,
11,DENISE PESSÔA,PT,248,MARIA REGINA PIRES,***.819.880-**,CPF,1800.0,1,0.001087,
11,DENISE PESSÔA,PT,249,MARINA DA SILVA,***.060.560-**,CPF,1800.0,1,0.001087,
11,DENISE PESSÔA,PT,250,MARINEI RODRIGUES MACHADO,***.697.900-**,CPF,1800.0,1,0.001087,
11,DENISE PESSÔA,PT,251,MARIO REIS BITTENCOURT,***.702.270-**,CPF,1800.0,1,0.001087,
11,DENISE PESSÔA,PT,252,MARIZA TAVARES DUARTE,***.900.500-**,CPF,1800.0,1,0.001087,
11,DENISE PESSÔA,PT,253,MATEUS TRESCASTRO CARDOSO,***.149.170-**,CPF,1800.0,1,0.001087,
11,DENISE PESSÔA,PT,254,MAURIN JAQUELINE ANDRADE BONATTO,***.074.100-**,CPF,1800.0,1,0.001087,
11,DENISE PESSÔA,PT,255,MICHAEL DOUGLAS PEREIRA DA SILVA,***.858.950-**,CPF,1800.0,1,0.001087,
11,DENISE PESSÔA,PT,256,MICHELE SANTOS DO AMARAL,***.729.580-**,CPF,1800.0,1,0.001087,
11,DENISE PESSÔA,PT,257,MICHELLE ALMEIDA DINIS,***.079.680-**,CPF,1800.0,1,0.001087,
11,DENISE PESSÔA,PT,258,MIRIAM REGINA SOUZA DA ROSA,***.718.930-**,CPF,1800.0,1,0.001087,
11,DENISE PESSÔA,PT,259,ORACILIA DOS SANTOS VALANSUELO,***.293.450-**,CPF,1800.0,1,0.001087,
11,DENISE PESSÔA,PT,260,PAULA TRINDADE SOUZA,***.078.770-**,CPF,1800.0,1,0.001087,
11,DENISE PESSÔA,PT,261,RAFAEL RODRIGUES MESSIAS,***.750.960-**,CPF,1800.0,1,0.001087,
11,DENISE PESSÔA,PT,262,ROBSON CESAR DA ROSA GULARTE,***.768.230-**,CPF,1800.0,1,0.001087,
11,DENISE PESSÔA,PT,263,ROSSANA DA SILVA SOARES,***.863.700-**,CPF,1800.0,1,0.001087,
11,DENISE PESSÔA,PT,264,RUAN MONTEIRO DA COSTA,***.431.930-**,CPF,1800.0,1,0.001087,
11,DENISE PESSÔA,PT,265,SILVIA ALVES DE OLIVEIRA,***.603.320-**,CPF,1800.0,1,0.001087,
11,DENISE PESSÔA,PT,266,TANIA MARA BILHALVA GOULART,***.967.100-**,CPF,1800.0,1,0.001087,
11,DENISE PESSÔA,PT,267,TANISE DA CUNHA LUNA,***.245.670-**,CPF,1800.0,1,0.001087,
11,DENISE PESSÔA,PT,268,TATIANE DA SILVA MACHADO DE SOUZA,***.663.790-**,CPF,1800.0,1,0.001087,
11,DENISE PESSÔA,PT,269,THAINAH LUIZA PEREIRA MUNHOZ,***.039.130-**,CPF,1800.0,1,0.001087,
11,DENISE PESSÔA,PT,270,AMANDA FELIPE DE SOUSA,***.005.797-**,CPF,1621.0,1,0.000979,
11,DENISE PESSÔA,PT,271,DAIANE BEATRIZ RIBEIRO GARCIA,***.356.760-**,CPF,1500.0,1,0.000906,
11,DENISE PESSÔA,PT,272,FADIA MARIA GOULART,***.450.600-**,CPF,1500.0,1,0.000906,
11,DENISE PESSÔA,PT,273,KAREN KARINE PIRES RIOS,***.542.620-**,CPF,1500.0,1,0.000906,
11,DENISE PESSÔA,PT,274,GABRIEL LEITE DA FONTOURA,***.312.630-**,CPF,1400.0,1,0.000845,
11,DENISE PESSÔA,PT,275,CAMILLE HARTMANN BITENCOURT,***.132.190-**,CPF,1200.0,1,0.000724,
11,DENISE PESSÔA,PT,276,ATOS ROGERIO MARQUES DOS REIS,***.098.630-**,CPF,1000.0,1,0.000604,
11,DENISE PESSÔA,PT,277,MARIVONE CORREA,***.507.400-**,CPF,1000.0,1,0.000604,
11,DENISE PESSÔA,PT,278,LUCIANO GARCIA DE FREITAS,***.448.560-**,CPF,900.0,1,0.000543,
11,DENISE PESSÔA,PT,279,EDITORA JORNALISTICA BOM PRINCIPIO LTDA,93.605.046/0001-15,CNPJ,810.0,1,0.000489,
11,DENISE PESSÔA,PT,280,ARIELE FAGUNDES SOUSA,***.002.140-**,CPF,780.0,1,0.000471,
11,DENISE PESSÔA,PT,281,DHULLY DAVILA CORREA,***.545.350-**,CPF,780.0,1,0.000471,
11,DENISE PESSÔA,PT,282,JOANA DARC CARDOSO TRASSANTE,***.942.560-**,CPF,780.0,1,0.000471,
11,DENISE PESSÔA,PT,283,LUCAS BAJADARES MIRANDA,***.214.300-**,CPF,780.0,1,0.000471,
11,DENISE PESSÔA,PT,284,ROSA ALICE FREITAS,***.415.650-**,CPF,780.0,1,0.000471,
11,DENISE PESSÔA,PT,285,ROSELAINE PEREIRA FERREIRA,***.228.690-**,CPF,780.0,1,0.000471,
11,DENISE PESSÔA,PT,286,TALITA CARDOSO TRASSANTE,***.438.050-**,CPF,780.0,1,0.000471,
11,DENISE PESSÔA,PT,287,VITORIA PEREIRA FERREIRA,***.144.610-**,CPF,780.0,1,0.000471,
11,DENISE PESSÔA,PT,288,VINICIUS DA SILVA CAMPELLO,29.982.046/0001-35,CNPJ,423.0,1,0.000255,
11,DENISE PESSÔA,PT,289,PABLO FERREIRA DA TRINDADE,18.662.561/0001-11,CNPJ,375.0,1,0.000226,
11,DENISE PESSÔA,PT,290,QUEROAPOIAR.COM.BR LTDA,39.586.155/0001-97,CNPJ,299.0,1,0.000181,
11,DENISE PESSÔA,PT,291,INSTITUTO FENACON,11.825.802/0001-57,CNPJ,199.75,1,0.000121,
11,DENISE PESSÔA,PT,292,"SINDICATO DOS TRABALHADORES NAS INDUSTRIAS METALURGICAS, MECANICAS E DE MATERIAL ELETRICO DE SAO JERONIMO",89.602.684/0001-05,CNPJ,100.0,1,6e-05,
11,DENISE PESSÔA,PT,293,"ENCARGOS FINANCEIROS, TAXAS BANCÁRIAS E/OU OP. CARTÃO DE CRÉDITO",,,51.0,10,3.1e-05,
12,DIOGO SIQUEIRA,PL,1,EMPRESA BRASILEIRA DE CORREIOS E TELEGRAFOS,34.028.316/4306-20,CNPJ,66246.6,2,0.305327,
12,DIOGO SIQUEIRA,PL,2,1000 IMPRESSOES NH LTDA,13.844.156/0001-09,CNPJ,31388.0,7,0.144666,
12,DIOGO SIQUEIRA,PL,3,GRUPO EDITORIAL SINOS SA,91.665.570/0001-56,CNPJ,13104.0,6,0.060396,
12,DIOGO SIQUEIRA,PL,4,ELEICAO 2026 ADRIANA LEITE DA SILVA DEPUTADO ESTADUAL,68.345.711/0001-31,CNPJ,10000.0,1,0.046089,
12,DIOGO SIQUEIRA,PL,5,DLOCAL BRASIL INSTITUICAO DE PAGAMENTO S.A.,25.021.356/0001-32,CNPJ,9995.46,2,0.046069,
12,DIOGO SIQUEIRA,PL,6,GETE FILMES LTDA,29.335.125/0001-54,CNPJ,8000.0,1,0.036872,
12,DIOGO SIQUEIRA,PL,7,AUTO LOCADORA BENTO GONCALVES LTDA,31.385.161/0001-74,CNPJ,7900.0,2,0.036411,
12,DIOGO SIQUEIRA,PL,8,CLUBE IPIRANGA,87.557.708/0001-26,CNPJ,7000.0,1,0.032263,
12,DIOGO SIQUEIRA,PL,9,CAPRARA EDITORA IMPRESSORA PUBLICIDADE E PROMOCOES LTDA,87.555.710/0001-66,CNPJ,6501.0,1,0.029963,
12,DIOGO SIQUEIRA,PL,10,CENTRO DE TRADICOES GAUCHAS LACO VELHO,89.341.770/0001-01,CNPJ,6500.0,1,0.029958,
12,DIOGO SIQUEIRA,PL,11,KRIART PERSONALIZADOS LTDA,61.590.422/0001-59,CNPJ,5225.0,4,0.024082,
12,DIOGO SIQUEIRA,PL,12,M. RACHELE COMUNICACAO LTDA,32.164.779/0001-77,CNPJ,5000.0,1,0.023045,
12,DIOGO SIQUEIRA,PL,13,RCP ASSESSORIA CONTABIL E ADMINISTRATIVA LTDA,03.991.640/0001-07,CNPJ,3500.0,1,0.016131,
12,DIOGO SIQUEIRA,PL,14,66.706.389 CIBELI BRUNA DA LUZ,66.706.389/0001-01,CNPJ,3350.0,1,0.01544,
12,DIOGO SIQUEIRA,PL,15,JORGE ELEMAR BRUXEL,87.905.998/0001-51,CNPJ,3200.0,1,0.014749,
12,DIOGO SIQUEIRA,PL,16,PULSO SOLUCOES EM COMUNICACAO E CULTURA LTDA,59.549.786/0001-43,CNPJ,3193.46,1,0.014718,
12,DIOGO SIQUEIRA,PL,17,ALVES EDITORA DE JORNAIS E REVISTAS LTDA,11.866.896/0001-02,CNPJ,2940.0,1,0.01355,
12,DIOGO SIQUEIRA,PL,18,EDITORA SECULO NOVO LTDA,73.795.668/0001-46,CNPJ,2720.0,1,0.012536,
12,DIOGO SIQUEIRA,PL,19,CONTEXTO CARLOS BARBOSA EDITORA JORNALISTICA LTDA,09.391.506/0001-43,CNPJ,2481.0,1,0.011435,
12,DIOGO SIQUEIRA,PL,20,DE FATO EDITORA LTDA,01.794.132/0001-03,CNPJ,2400.0,1,0.011061,
12,DIOGO SIQUEIRA,PL,21,INFORMATIVO REGIONAL EMPRESA JORNALISTICA LTDA,04.539.571/0001-50,CNPJ,2000.0,1,0.009218,
12,DIOGO SIQUEIRA,PL,22,D2 CONSULTORIA E INTEGRACAO COMUNICACAO LTDA,53.018.874/0001-32,CNPJ,1640.0,1,0.007559,
12,DIOGO SIQUEIRA,PL,23,EMPRESA JORNALISTICA INDEPENDENTE LTDA,06.789.331/0001-39,CNPJ,1550.0,1,0.007144,
12,DIOGO SIQUEIRA,PL,24,FOLHA DE TEUTONIA GRAFICA E EDITORA JORNALISTICA LTDA,90.240.235/0001-43,CNPJ,1530.0,1,0.007052,
12,DIOGO SIQUEIRA,PL,25,RODINEI AGOSTINI & CIA LTDA,03.228.557/0001-72,CNPJ,1380.0,1,0.00636,
12,DIOGO SIQUEIRA,PL,26,ECO REGIONAL EMPREENDIMENTOS JORNALISTICOS LTDA,04.066.340/0001-76,CNPJ,1300.0,2,0.005992,
12,DIOGO SIQUEIRA,PL,27,RODINEI AGOSTINI & CIA LTDA,03.228.557/0002-53,CNPJ,1300.0,1,0.005992,
12,DIOGO SIQUEIRA,PL,28,JOCELI LOPES ROLDAO,10.565.849/0001-66,CNPJ,1200.0,1,0.005531,
12,DIOGO SIQUEIRA,PL,29,FACEBOOK SERVICOS ONLINE DO BRASIL LTDA.,13.347.016/0001-17,CNPJ,1000.0,1,0.004609,
12,DIOGO SIQUEIRA,PL,30,JORNAL A HORA LTDA,04.280.850/0001-41,CNPJ,960.0,1,0.004425,
12,DIOGO SIQUEIRA,PL,31,ROJOEL SIMAS DO AMARAL,94.555.141/0001-14,CNPJ,870.0,1,0.00401,
12,DIOGO SIQUEIRA,PL,32,SILVESTRI & SILVESTRI COM LTDA,16.859.009/0001-92,CNPJ,780.0,1,0.003595,
12,DIOGO SIQUEIRA,PL,33,JORNAL L ATTUALITA LTDA,02.162.126/0001-98,CNPJ,650.0,2,0.002996,
12,DIOGO SIQUEIRA,PL,34,36.807.306 MARILDA DA SILVA EVANGELISTA CARBONIERI,36.807.306/0001-00,CNPJ,150.0,1,0.000691,
12,DIOGO SIQUEIRA,PL,35,QUEROAPOIAR.COM.BR LTDA,39.586.155/0001-97,CNPJ,11.94,1,5.5e-05,
12,DIOGO SIQUEIRA,PL,36,"ENCARGOS FINANCEIROS, TAXAS BANCÁRIAS E/OU OP. CARTÃO DE CRÉDITO",,,3.0,2,1.4e-05,
13,FELIPE CAMOZZATO,Novo,1,FACEBOOK SERVICOS ONLINE DO BRASIL LTDA.,13.347.016/0001-17,CNPJ,225000.0,11,0.138625,
13,FELIPE CAMOZZATO,Novo,2,JOKA SUBLIMACAO DIGITAL LTDA,94.350.113/0001-60,CNPJ,223878.0,38,0.137933,
13,FELIPE CAMOZZATO,Novo,3,GRAFICA R J R LTDA,93.439.313/0001-21,CNPJ,140397.6,90,0.0865,
13,FELIPE CAMOZZATO,Novo,4,ELEICAO 2026 RAMIRO STALLBAUM ROSARIO DEPUTADO ESTADUAL,68.236.949/0001-29,CNPJ,90000.0,5,0.05545,
13,FELIPE CAMOZZATO,Novo,5,ELEICAO 2026 RODRIGO DAVILA LOPES DEPUTADO ESTADUAL,68.236.902/0001-65,CNPJ,65700.0,5,0.040478,
13,FELIPE CAMOZZATO,Novo,6,EMPRESA BRASILEIRA DE CORREIOS E TELEGRAFOS,34.028.316/4374-71,CNPJ,47866.5,1,0.029491,
13,FELIPE CAMOZZATO,Novo,7,KADU MALHAS COMERCIO DE ROUPAS LTDA,88.804.513/0001-04,CNPJ,40167.5,8,0.024748,
13,FELIPE CAMOZZATO,Novo,8,ELEICAO 2026 LUIS PAULO KAYSER DEPUTADO ESTADUAL,68.236.929/0001-58,CNPJ,40000.0,3,0.024644,
13,FELIPE CAMOZZATO,Novo,9,ERTHAL EVENTOS LTDA,23.915.493/0001-95,CNPJ,40000.0,1,0.024644,
13,FELIPE CAMOZZATO,Novo,10,GUSTAVO ECCHER LTDA,39.158.679/0001-87,CNPJ,36945.14,23,0.022762,
13,FELIPE CAMOZZATO,Novo,11,GIOVANI DA SILVA GERHARDT LTDA,43.451.708/0001-71,CNPJ,31975.0,1,0.0197,
13,FELIPE CAMOZZATO,Novo,12,ELEICAO 2026 LUCIANO DRUM DE ALMEIDA DEPUTADO ESTADUAL,68.237.800/0001-64,CNPJ,30000.0,3,0.018483,
13,FELIPE CAMOZZATO,Novo,13,PAOLA COSER MAGNANI,***.034.310-**,CPF,30000.0,1,0.018483,
13,FELIPE CAMOZZATO,Novo,14,JORNAL REPERCUSSAO LTDA,17.376.797/0001-29,CNPJ,25792.0,1,0.015891,
13,FELIPE CAMOZZATO,Novo,15,ELEICAO 2026 JULIO CESAR SANTOS DA CUNHA DEPUTADO ESTADUAL,68.237.694/0001-19,CNPJ,25000.0,4,0.015403,
13,FELIPE CAMOZZATO,Novo,16,RODRIGO LAGEMANN HORN,***.549.260-**,CPF,24000.0,1,0.014787,
13,FELIPE CAMOZZATO,Novo,17,HENDERSON NUNES SANTOS,***.784.010-**,CPF,20000.0,1,0.012322,
13,FELIPE CAMOZZATO,Novo,18,JOAO COUTINHO DE SOUZA JUNIOR,***.141.740-**,CPF,20000.0,1,0.012322,
13,FELIPE CAMOZZATO,Novo,19,JOSE BOAVENTURA FAN FAGUNDES,***.261.530-**,CPF,20000.0,1,0.012322,
13,FELIPE CAMOZZATO,Novo,20,ALEMANHA VEICULOS LTDA,03.854.802/0001-57,CNPJ,19416.59,3,0.011963,
13,FELIPE CAMOZZATO,Novo,21,ELEICAO 2026 GIUSEPPE RICARDO MENEGHETTI RIESGO DEPUTADO ESTADUAL,68.237.077/0001-13,CNPJ,15000.0,1,0.009242,
13,FELIPE CAMOZZATO,Novo,22,ELEICAO 2026 SAMUEL MACIEL DA SILVA DEPUTADO ESTADUAL,68.237.869/0001-98,CNPJ,15000.0,2,0.009242,
13,FELIPE CAMOZZATO,Novo,23,PONCHE VERDE SERVICOS LTDA,49.602.880/0001-65,CNPJ,15000.0,1,0.009242,
13,FELIPE CAMOZZATO,Novo,24,RIBOLLA GIALLA IMOVEIS LTDA,27.077.109/0001-83,CNPJ,15000.0,1,0.009242,
13,FELIPE CAMOZZATO,Novo,25,RAFAELLA CRUXEN TEDESCO,***.827.070-**,CPF,13000.0,1,0.008009,
13,FELIPE CAMOZZATO,Novo,26,CAROLINA BRUN RUGA FABIAN,***.830.120-**,CPF,12000.0,1,0.007393,
13,FELIPE CAMOZZATO,Novo,27,EXPRESSO LEOMAR LTDA EM RECUPERACAO JUDICIAL,02.633.583/0001-13,CNPJ,11133.84,4,0.00686,
13,FELIPE CAMOZZATO,Novo,28,ANA PAULA VIANA DIOGO,***.565.940-**,CPF,10000.0,1,0.006161,
13,FELIPE CAMOZZATO,Novo,29,CLAUBER EDUARDO MARCHEZAN SCHERER,***.981.790-**,CPF,10000.0,1,0.006161,
13,FELIPE CAMOZZATO,Novo,30,ELEICAO 2026 DANIELA SILVA DEPUTADO ESTADUAL,68.237.003/0001-87,CNPJ,10000.0,1,0.006161,
13,FELIPE CAMOZZATO,Novo,31,ELEICAO 2026 EVERTON DE SOUZA DIAS DEPUTADO ESTADUAL,68.237.722/0001-06,CNPJ,10000.0,1,0.006161,
13,FELIPE CAMOZZATO,Novo,32,ELEICAO 2026 LAURA FERRAZ BAICK DEPUTADO ESTADUAL,68.237.021/0001-69,CNPJ,10000.0,1,0.006161,
13,FELIPE CAMOZZATO,Novo,33,ELEICAO 2026 MATHEUS SCHILLING NUNES DEPUTADO ESTADUAL,68.237.920/0001-61,CNPJ,10000.0,1,0.006161,
13,FELIPE CAMOZZATO,Novo,34,LEONILDO SALES DOS SANTOS,***.942.448-**,CPF,10000.0,1,0.006161,
13,FELIPE CAMOZZATO,Novo,35,VALDIR DA COSTA TOLEDO JUNIOR,***.274.870-**,CPF,10000.0,1,0.006161,
13,FELIPE CAMOZZATO,Novo,36,IZABEL CRISTINE NICOLA,***.294.140-**,CPF,9000.0,1,0.005545,
13,FELIPE CAMOZZATO,Novo,37,JOSE RICARDO ROSA DA SILVA,***.379.550-**,CPF,9000.0,1,0.005545,
13,FELIPE CAMOZZATO,Novo,38,MOAI SPORTWEAR SERIGRAFIA LTDA,47.111.282/0001-68,CNPJ,8525.0,6,0.005252,
13,FELIPE CAMOZZATO,Novo,39,TAILOR WILIAN DA ROSA,***.723.720-**,CPF,8400.0,1,0.005175,
13,FELIPE CAMOZZATO,Novo,40,IVANEZ CURSEL,***.469.700-**,CPF,8300.0,2,0.005114,
13,FELIPE CAMOZZATO,Novo,41,BRYAN DE OLIVEIRA BARBOSA,***.687.830-**,CPF,8200.0,1,0.005052,
13,FELIPE CAMOZZATO,Novo,42,57.007.052 ANDRE TAGLIARI SEMINOTI,57.007.052/0001-07,CNPJ,8000.0,1,0.004929,
13,FELIPE CAMOZZATO,Novo,43,PAULO ANDRE JORIS,***.804.400-**,CPF,7500.0,1,0.004621,
13,FELIPE CAMOZZATO,Novo,44,ANDREA STREB DE SOUSA,***.347.930-**,CPF,7000.0,1,0.004313,
13,FELIPE CAMOZZATO,Novo,45,CANTO BAR E RESTAURANTE LTDA,35.795.551/0001-73,CNPJ,7000.0,1,0.004313,
13,FELIPE CAMOZZATO,Novo,46,FABRICIO CARLOS SCHREINERT,***.579.970-**,CPF,7000.0,1,0.004313,
13,FELIPE CAMOZZATO,Novo,47,MARCO AURELIO JABLONSKI JUNIOR,***.502.110-**,CPF,7000.0,1,0.004313,
13,FELIPE CAMOZZATO,Novo,48,THALLYS EDUARDO DE MIRANDA TEIXEIRA,***.371.670-**,CPF,6200.0,1,0.00382,
13,FELIPE CAMOZZATO,Novo,49,CRISTIAN FERNANDO DE MELLO,***.579.200-**,CPF,6000.0,1,0.003697,
13,FELIPE CAMOZZATO,Novo,50,LUCELIO MERELLES DOS SANTOS,***.856.130-**,CPF,6000.0,1,0.003697,
13,FELIPE CAMOZZATO,Novo,51,HENRIQUE XIMENDES MACEDO DUARTE,***.546.880-**,CPF,5280.0,1,0.003253,
13,FELIPE CAMOZZATO,Novo,52,33.051.519 LEONARDO LINO GALUCIO AVILA DA SILVA,33.051.519/0001-58,CNPJ,5000.0,1,0.003081,
13,FELIPE CAMOZZATO,Novo,53,52.603.425 JOAO COUTINHO DE SOUZA JUNIOR,52.603.425/0001-99,CNPJ,5000.0,1,0.003081,
13,FELIPE CAMOZZATO,Novo,54,CLAIR ELIZABET BORBA SCHREINERT,***.290.500-**,CPF,5000.0,1,0.003081,
13,FELIPE CAMOZZATO,Novo,55,EDUARDA OSORIO ALCARAZ,***.159.160-**,CPF,5000.0,1,0.003081,
13,FELIPE CAMOZZATO,Novo,56,ELEICAO 2026 CRISTIAN PAULO MIOTTO BARBOSA DEPUTADO ESTADUAL,68.237.046/0001-62,CNPJ,5000.0,1,0.003081,
13,FELIPE CAMOZZATO,Novo,57,MONVIE PRODUCOES CRIATIVAS LTDA.,19.280.383/0001-27,CNPJ,5000.0,1,0.003081,
13,FELIPE CAMOZZATO,Novo,58,WAGNER HUBBE DA SILVA,***.095.620-**,CPF,5000.0,1,0.003081,
13,FELIPE CAMOZZATO,Novo,59,GUSTAVO FROHLICH GRUNER,***.918.380-**,CPF,4700.0,1,0.002896,
13,FELIPE CAMOZZATO,Novo,60,GET PREMIUM - SERVICOS DE SONORIZACAO E PRODUCAO DE EVENTOS LTDA,00.985.734/0001-77,CNPJ,4400.0,1,0.002711,
13,FELIPE CAMOZZATO,Novo,61,ALCEMAR ANDRE KLEIN,***.129.730-**,CPF,4300.0,1,0.002649,
13,FELIPE CAMOZZATO,Novo,62,BRUNO DE SOUZA BITTENCOURT,***.022.490-**,CPF,4200.0,1,0.002588,
13,FELIPE CAMOZZATO,Novo,63,GUILHERME XAVIER FERNANDES,***.689.110-**,CPF,4200.0,1,0.002588,
13,FELIPE CAMOZZATO,Novo,64,ISABELA VERARDI THUNM,***.905.950-**,CPF,4000.0,1,0.002464,
13,FELIPE CAMOZZATO,Novo,65,LEONARDO CARDOSO PERES,***.963.910-**,CPF,4000.0,1,0.002464,
13,FELIPE CAMOZZATO,Novo,66,NILTON D AVILA DIOGO,***.718.420-**,CPF,4000.0,1,0.002464,
13,FELIPE CAMOZZATO,Novo,67,FABIO MOREIRA KRAUSE,***.089.190-**,CPF,3500.0,1,0.002156,
13,FELIPE CAMOZZATO,Novo,68,ALESSANDRO SOARES DE BASTOS,***.065.740-**,CPF,3190.0,1,0.001965,
13,FELIPE CAMOZZATO,Novo,69,LUANN AGUIAR ALVES,***.094.020-**,CPF,3080.0,1,0.001898,
13,FELIPE CAMOZZATO,Novo,70,BANG IMPRESSAO E PROGRAMACAO VISUAL LTDA,05.454.055/0001-95,CNPJ,3072.5,6,0.001893,
13,FELIPE CAMOZZATO,Novo,71,CAROLINE AROCHE RODRIGUES,***.155.531-**,CPF,3000.0,1,0.001848,
13,FELIPE CAMOZZATO,Novo,72,PAULO CESAR VIVIAN,***.965.530-**,CPF,3000.0,1,0.001848,
13,FELIPE CAMOZZATO,Novo,73,RODRIGO FUMAGALLI PORTELLA,***.981.740-**,CPF,3000.0,1,0.001848,
13,FELIPE CAMOZZATO,Novo,74,LUAN FERREIRA MOTTA,***.755.710-**,CPF,2300.0,1,0.001417,
13,FELIPE CAMOZZATO,Novo,75,VANTUIR BUENO DA ROCHA,***.755.960-**,CPF,2200.0,1,0.001355,
13,FELIPE CAMOZZATO,Novo,76,DE FATO EDITORA LTDA,01.794.132/0001-03,CNPJ,2160.0,1,0.001331,
13,FELIPE CAMOZZATO,Novo,77,ISADORA JARDIM SALATI,***.722.060-**,CPF,2000.0,1,0.001232,
13,FELIPE CAMOZZATO,Novo,78,LEANDRO DUARTE DA SILVEIRA,***.572.950-**,CPF,2000.0,1,0.001232,
13,FELIPE CAMOZZATO,Novo,79,GLOBAL DISTRIBUICAO DE BENS DE CONSUMO LTDA.,89.237.911/0017-08,CNPJ,1996.0,3,0.00123,
13,FELIPE CAMOZZATO,Novo,80,ALINE JUSIELE CARDOSO DE CAMPOS DECKER,***.230.190-**,CPF,1600.0,1,0.000986,
13,FELIPE CAMOZZATO,Novo,81,THIAGO GRANJA MASSIMINO,14.431.638/0001-91,CNPJ,1590.0,1,0.00098,
13,FELIPE CAMOZZATO,Novo,82,ANGELA RODRIGUES,***.424.770-**,CPF,1500.0,1,0.000924,
13,FELIPE CAMOZZATO,Novo,83,ELEICAO 2026 ANETTE SCHIEMANN PEGAS DEPUTADO ESTADUAL,68.237.504/0001-63,CNPJ,1500.0,1,0.000924,
13,FELIPE CAMOZZATO,Novo,84,FERNANDA COSTA DA ROCHA,***.760.760-**,CPF,1500.0,1,0.000924,
13,FELIPE CAMOZZATO,Novo,85,JERISON DA SILVA CORREA,***.806.900-**,CPF,1500.0,1,0.000924,
13,FELIPE CAMOZZATO,Novo,86,NERI WEBER,***.594.160-**,CPF,1500.0,1,0.000924,
13,FELIPE CAMOZZATO,Novo,87,SUELEN PEIXOTO AGUILHAR,***.342.250-**,CPF,1500.0,1,0.000924,
13,FELIPE CAMOZZATO,Novo,88,SUSETE MARIA DA SILVA THOMAS,***.276.200-**,CPF,1500.0,1,0.000924,
13,FELIPE CAMOZZATO,Novo,89,KETELLYM VITORIA GARCIA PEREIRA,***.901.910-**,CPF,1300.0,1,0.000801,
13,FELIPE CAMOZZATO,Novo,90,18.778.060 VILSON PRESTES DA SILVA JUNIOR,18.778.060/0001-03,CNPJ,1090.0,1,0.000672,
13,FELIPE CAMOZZATO,Novo,91,RENE DE SOUZA MARTINS,***.452.800-**,CPF,1050.0,1,0.000647,
13,FELIPE CAMOZZATO,Novo,92,EDIMCA EDITORA MENIN CALDAS LTDA,94.484.458/0001-07,CNPJ,900.0,1,0.000554,
13,FELIPE CAMOZZATO,Novo,93,QUEROAPOIAR.COM.BR LTDA,39.586.155/0001-97,CNPJ,799.83,1,0.000493,
13,FELIPE CAMOZZATO,Novo,94,EMPRESA BRASILEIRA DE CORREIOS E TELEGRAFOS,34.028.316/5286-04,CNPJ,737.45,38,0.000454,
13,FELIPE CAMOZZATO,Novo,95,RENATO FREITAS TORRES,30.009.707/0001-20,CNPJ,700.0,1,0.000431,
13,FELIPE CAMOZZATO,Novo,96,RENON BARCELO KOVALSCKI,***.331.720-**,CPF,700.0,1,0.000431,
13,FELIPE CAMOZZATO,Novo,97,BELLER COMERCIO DE PAPEIS LTDA,05.563.868/0020-86,CNPJ,649.21,28,0.0004,
13,FELIPE CAMOZZATO,Novo,98,ROSA HELENA NUNES PEREIRA DA SILVEIRA DA SILVA LTDA,38.445.072/0001-15,CNPJ,600.0,1,0.00037,
13,FELIPE CAMOZZATO,Novo,99,SIM REDE DE POSTOS LTDA,07.473.735/0216-93,CNPJ,587.48,2,0.000362,
13,FELIPE CAMOZZATO,Novo,100,SIM REDE DE POSTOS LTDA,07.473.735/0231-22,CNPJ,548.12,2,0.000338,
13,FELIPE CAMOZZATO,Novo,101,SIM REDE DE POSTOS LTDA,07.473.735/0148-08,CNPJ,536.95,2,0.000331,
13,FELIPE CAMOZZATO,Novo,102,SIM REDE DE POSTOS LTDA,07.473.735/0162-66,CNPJ,486.36,2,0.0003,
13,FELIPE CAMOZZATO,Novo,103,COMPANHIA ZAFFARI COMERCIO E INDUSTRIA,93.015.006/0038-05,CNPJ,480.79,24,0.000296,
13,FELIPE CAMOZZATO,Novo,104,PLANALTO TRANSPORTES LTDA,95.592.077/0001-04,CNPJ,470.8,5,0.00029,
13,FELIPE CAMOZZATO,Novo,105,CYBER DIM SERVICOS GRAFICOS E BRINDES LTDA,13.739.341/0001-25,CNPJ,450.0,1,0.000277,
13,FELIPE CAMOZZATO,Novo,106,ESLI DOS SANTOS SALERNO BALTEZAN,***.942.370-**,CPF,330.0,1,0.000203,
13,FELIPE CAMOZZATO,Novo,107,SIM REDE DE POSTOS LTDA,07.473.735/0099-95,CNPJ,317.24,1,0.000195,
13,FELIPE CAMOZZATO,Novo,108,VIACAO OURO E PRATA SA,92.954.106/0001-42,CNPJ,300.2,5,0.000185,
13,FELIPE CAMOZZATO,Novo,109,EMPRESA BENTO GONCALVES DE TRANSPORTES LTDA,87.548.848/0001-38,CNPJ,280.85,4,0.000173,
13,FELIPE CAMOZZATO,Novo,110,SIM REDE DE POSTOS LTDA,07.473.735/0221-50,CNPJ,268.76,1,0.000166,
13,FELIPE CAMOZZATO,Novo,111,SIM REDE DE POSTOS LTDA,07.473.735/0134-02,CNPJ,266.14,1,0.000164,
13,FELIPE CAMOZZATO,Novo,112,OFICINA DO PROFESSOR LTDA,02.602.535/0001-68,CNPJ,257.5,1,0.000159,
13,FELIPE CAMOZZATO,Novo,113,SIM REDE DE POSTOS LTDA,07.473.735/0071-94,CNPJ,256.33,1,0.000158,
13,FELIPE CAMOZZATO,Novo,114,SIM REDE DE POSTOS LTDA,07.473.735/0182-00,CNPJ,220.8,1,0.000136,
13,FELIPE CAMOZZATO,Novo,115,VIACAO UNIAO SANTA CRUZ LTDA,95.424.735/0001-59,CNPJ,206.75,4,0.000127,
13,FELIPE CAMOZZATO,Novo,116,ESPACO LED VIRTUAL LTDA,52.402.246/0001-93,CNPJ,176.91,6,0.000109,
13,FELIPE CAMOZZATO,Novo,117,JVR FERRAGEM LTDA,34.550.040/0001-29,CNPJ,102.1,4,6.3e-05,
13,FELIPE CAMOZZATO,Novo,118,EXPRESSO AZUL DE TRANSPORTE SA,91.158.717/0001-11,CNPJ,83.8,1,5.2e-05,
13,FELIPE CAMOZZATO,Novo,119,BRASIL DOS PARAFUSOS COMERCIAL LTDA,10.878.757/0001-36,CNPJ,60.09,5,3.7e-05,
13,FELIPE CAMOZZATO,Novo,120,EXPRESSO FREDERES S/A - VIAGENS E TURISMO,92.745.991/0001-50,CNPJ,54.7,1,3.4e-05,
13,FELIPE CAMOZZATO,Novo,121,EXPRESSO SB TRANSPORTES E TURISMO LTDA,88.276.704/0001-32,CNPJ,54.7,1,3.4e-05,
13,FELIPE CAMOZZATO,Novo,122,CITRAL TRANSPORTE E TURISMO SA,97.755.607/0001-13,CNPJ,50.7,1,3.1e-05,
13,FELIPE CAMOZZATO,Novo,123,PENHA ENCOMENDAS EXPRESS LTDA,06.367.990/0001-87,CNPJ,46.5,1,2.9e-05,
14,FERNANDA MELCHIONNA,PSOL,1,DLOCAL BRASIL INSTITUICAO DE PAGAMENTO S.A.,25.021.356/0001-32,CNPJ,410000.0,5,0.209601,
14,FERNANDA MELCHIONNA,PSOL,2,EVAG COMUNICACAO E TECNOLOGIA LTDA.,15.705.697/0001-73,CNPJ,162000.0,1,0.082818,
14,FERNANDA MELCHIONNA,PSOL,3,MZ FERNANDES IMPRESSOS LTDA,68.748.772/0001-40,CNPJ,105357.0,8,0.053861,
14,FERNANDA MELCHIONNA,PSOL,4,RS GRAFICA IMPRESSAO LTDA,55.008.753/0001-35,CNPJ,100269.0,2,0.05126,
14,FERNANDA MELCHIONNA,PSOL,5,NOTERA MEDIA LTDA,65.698.630/0001-27,CNPJ,66700.0,1,0.034099,
14,FERNANDA MELCHIONNA,PSOL,6,ALZIMERI O. FERNANDES & ANTONIO CARLOS LIMA DE OLIVEIRA LTDA,44.691.407/0001-88,CNPJ,56220.0,4,0.028741,
14,FERNANDA MELCHIONNA,PSOL,7,RBS - ZERO HORA EDITORA JORNALISTICA S.A.,92.821.701/0001-00,CNPJ,53708.13,1,0.027457,
14,FERNANDA MELCHIONNA,PSOL,8,VAGNER CRISTIANO GARCIA DUTRA,03.696.700/0001-50,CNPJ,45000.0,1,0.023005,
14,FERNANDA MELCHIONNA,PSOL,9,CRISTINA GRANDEMAGNE DISTRIBUIDORA,19.264.763/0001-78,CNPJ,39640.0,1,0.020265,
14,FERNANDA MELCHIONNA,PSOL,10,KADU MALHAS COMERCIO DE ROUPAS LTDA,88.804.513/0001-04,CNPJ,36607.0,6,0.018714,
14,FERNANDA MELCHIONNA,PSOL,11,HAMILTON GARCIA LEITE,***.881.750-**,CPF,36000.0,2,0.018404,
14,FERNANDA MELCHIONNA,PSOL,12,IMPACTA COMUNICACAO E MIDIAS DIGITAIS LTDA,58.895.246/0001-59,CNPJ,35000.0,1,0.017893,
14,FERNANDA MELCHIONNA,PSOL,13,DIOS VIEIRA MARKETING E PROPAGANDA LTDA,93.741.312/0001-37,CNPJ,29242.4,1,0.014949,
14,FERNANDA MELCHIONNA,PSOL,14,JOKA SUBLIMACAO DIGITAL LTDA,94.350.113/0001-60,CNPJ,25960.0,5,0.013271,
14,FERNANDA MELCHIONNA,PSOL,15,66.469.923 CAMILA CLARA ABECH,66.469.923/0001-03,CNPJ,25000.0,1,0.012781,
14,FERNANDA MELCHIONNA,PSOL,16,PEDRO FELTRIN BATISTA,***.197.370-**,CPF,16400.0,1,0.008384,
14,FERNANDA MELCHIONNA,PSOL,17,30.643.459 ALLAN LEAL DA SILVA,30.643.459/0001-74,CNPJ,16200.0,1,0.008282,
14,FERNANDA MELCHIONNA,PSOL,18,EMPRESA DE TRANSPORTES KOPERECK LTDA,05.824.788/0001-74,CNPJ,14700.0,1,0.007515,
14,FERNANDA MELCHIONNA,PSOL,19,SIM REDE DE POSTOS LTDA,07.473.735/0001-81,CNPJ,14000.0,3,0.007157,
14,FERNANDA MELCHIONNA,PSOL,20,HAMILTON GARCIA LEITE PRODUCOES ARTISTICAS,03.604.248/0001-50,CNPJ,12156.0,1,0.006214,
14,FERNANDA MELCHIONNA,PSOL,21,CREDITO REAL IMOVEIS E CONDOMINIOS S A,92.691.336/0001-66,CNPJ,11005.9,1,0.005626,
14,FERNANDA MELCHIONNA,PSOL,22,O PAO DOS POBRES DE SANTO ANTONIO,92.666.015/0001-01,CNPJ,11005.9,1,0.005626,
14,FERNANDA MELCHIONNA,PSOL,23,EMPRESA JORNALISTICA CALDAS JUNIOR LTDA,92.757.798/0001-39,CNPJ,10800.0,1,0.005521,
14,FERNANDA MELCHIONNA,PSOL,24,18.157.653 PEDRO HERTER MANCUSO,18.157.653/0001-44,CNPJ,9800.0,1,0.00501,
14,FERNANDA MELCHIONNA,PSOL,25,MATEUS MULLER ***.306.060-**,33.043.805/0001-71,CNPJ,8887.0,4,0.004543,
14,FERNANDA MELCHIONNA,PSOL,26,GRUPO EDITORIAL SINOS SA,91.665.570/0001-56,CNPJ,7920.0,1,0.004049,
14,FERNANDA MELCHIONNA,PSOL,27,62.031.052 RAQUEL MATOS SILVA,62.031.052/0001-82,CNPJ,7800.0,1,0.003988,
14,FERNANDA MELCHIONNA,PSOL,28,SELDON FAVARO,***.934.400-**,CPF,7600.0,2,0.003885,
14,FERNANDA MELCHIONNA,PSOL,29,ANDRE LUIZ VARELA DUTRA LTDA,19.582.515/0001-75,CNPJ,6000.0,1,0.003067,
14,FERNANDA MELCHIONNA,PSOL,30,PATRICIA TERESINHA DUARTE,***.214.350-**,CPF,5600.0,1,0.002863,
14,FERNANDA MELCHIONNA,PSOL,31,ANDERSON GONZALEZ DUTRA,***.539.850-**,CPF,5250.0,1,0.002684,
14,FERNANDA MELCHIONNA,PSOL,32,JANDIRA JULIA VIEIRA CAMACHO,***.105.350-**,CPF,5250.0,1,0.002684,
14,FERNANDA MELCHIONNA,PSOL,33,JARBAS TADEU ARAUJO,***.017.257-**,CPF,5250.0,1,0.002684,
14,FERNANDA MELCHIONNA,PSOL,34,JONAS GABRIEL HACKER PORTO,***.929.250-**,CPF,5250.0,1,0.002684,
14,FERNANDA MELCHIONNA,PSOL,35,LILIAN CORREA,***.022.370-**,CPF,5250.0,1,0.002684,
14,FERNANDA MELCHIONNA,PSOL,36,MURILO DE CARVALHO ROSA,***.691.290-**,CPF,5250.0,1,0.002684,
14,FERNANDA MELCHIONNA,PSOL,37,PATRICK DE FREITAS TIBURI,***.040.430-**,CPF,5250.0,1,0.002684,
14,FERNANDA MELCHIONNA,PSOL,38,PAULO RODRIGO TOLEDO INDA,***.758.478-**,CPF,5250.0,1,0.002684,Documento exibido pelo TSE não passa na verificação de dígitos
14,FERNANDA MELCHIONNA,PSOL,39,NEWCO SM - EMPRESA JORNALISTICA LTDA,26.748.774/0001-99,CNPJ,5116.06,1,0.002615,
14,FERNANDA MELCHIONNA,PSOL,40,TASCHETTO TONDOLO TRANSPORTE LTDA,41.197.667/0001-03,CNPJ,4500.0,1,0.002301,
14,FERNANDA MELCHIONNA,PSOL,41,RODRIGO MATEUS NICKEL,***.871.830-**,CPF,4200.0,1,0.002147,
14,FERNANDA MELCHIONNA,PSOL,42,AGENCIA DE CORREIOS FRANQUEADA ACORIANOS LTDA,97.269.740/0001-60,CNPJ,3570.76,3,0.001825,
14,FERNANDA MELCHIONNA,PSOL,43,ALEXANDRE MOROSO GUILHAO,***.699.020-**,CPF,3500.0,1,0.001789,
14,FERNANDA MELCHIONNA,PSOL,44,ALINE INACIO DA SILVA LEITES AIRES,***.717.310-**,CPF,3500.0,1,0.001789,
14,FERNANDA MELCHIONNA,PSOL,45,ALISSA BORGES KALIL,***.207.140-**,CPF,3500.0,1,0.001789,
14,FERNANDA MELCHIONNA,PSOL,46,ANA CRISTINA DA LUZ ALMEIDA,***.593.960-**,CPF,3500.0,1,0.001789,
14,FERNANDA MELCHIONNA,PSOL,47,ANDRE EMANUEL LORETO CULAU JUNIOR,***.688.780-**,CPF,3500.0,1,0.001789,
14,FERNANDA MELCHIONNA,PSOL,48,ANDRE ZANOLETE LUZARDO,***.094.540-**,CPF,3500.0,1,0.001789,
14,FERNANDA MELCHIONNA,PSOL,49,ANE BRISCKE PRATES,***.943.510-**,CPF,3500.0,1,0.001789,
14,FERNANDA MELCHIONNA,PSOL,50,AUGUSTO HENRIQUE MENCHIK DE MELLO,***.987.890-**,CPF,3500.0,1,0.001789,
14,FERNANDA MELCHIONNA,PSOL,51,BRUNA MAIA MOREIRA,***.139.920-**,CPF,3500.0,1,0.001789,
14,FERNANDA MELCHIONNA,PSOL,52,CAROLINE FAIET FERREIRA,***.116.660-**,CPF,3500.0,1,0.001789,
14,FERNANDA MELCHIONNA,PSOL,53,CASSIANO ANDRADE DOS SANTOS SILVA,***.304.770-**,CPF,3500.0,1,0.001789,
14,FERNANDA MELCHIONNA,PSOL,54,CELISMAR OLIVEIRA BARELA,***.044.250-**,CPF,3500.0,1,0.001789,
14,FERNANDA MELCHIONNA,PSOL,55,CELSO MARQUES DA ROSA,***.459.320-**,CPF,3500.0,1,0.001789,
14,FERNANDA MELCHIONNA,PSOL,56,CLAUDIA REJANE DOS SANTOS GUEDES,***.344.180-**,CPF,3500.0,1,0.001789,
14,FERNANDA MELCHIONNA,PSOL,57,CLAUDIO GIMENEZ DA SILVA,***.075.400-**,CPF,3500.0,1,0.001789,
14,FERNANDA MELCHIONNA,PSOL,58,DENISE SANHUDO DA SILVA,***.564.100-**,CPF,3500.0,1,0.001789,
14,FERNANDA MELCHIONNA,PSOL,59,EBERTON LUIS VERNES SANTOS,***.860.340-**,CPF,3500.0,1,0.001789,
14,FERNANDA MELCHIONNA,PSOL,60,EDUARDA DA SILVA CACERES,***.557.430-**,CPF,3500.0,1,0.001789,
14,FERNANDA MELCHIONNA,PSOL,61,EMILIA PEREIRA,***.995.260-**,CPF,3500.0,1,0.001789,
14,FERNANDA MELCHIONNA,PSOL,62,ERIC JANSEN ALMEIDA PEREIRA,***.827.990-**,CPF,3500.0,1,0.001789,
14,FERNANDA MELCHIONNA,PSOL,63,ESTEVAN VICENTE BRIANCE LEITE,***.615.190-**,CPF,3500.0,1,0.001789,
14,FERNANDA MELCHIONNA,PSOL,64,EVANDRO ALVES MEDINA,***.104.370-**,CPF,3500.0,1,0.001789,
14,FERNANDA MELCHIONNA,PSOL,65,FELIPE SIMOES PEREIRA,***.022.277-**,CPF,3500.0,1,0.001789,
14,FERNANDA MELCHIONNA,PSOL,66,FELIPI VIDAL FRAGA,***.396.990-**,CPF,3500.0,1,0.001789,
14,FERNANDA MELCHIONNA,PSOL,67,FRANCISCO MALESKI,***.863.720-**,CPF,3500.0,1,0.001789,
14,FERNANDA MELCHIONNA,PSOL,68,GABRIELA DA SILVA,***.319.560-**,CPF,3500.0,1,0.001789,
14,FERNANDA MELCHIONNA,PSOL,69,GABRIELA FIGUEIRO CHAVES,***.745.770-**,CPF,3500.0,1,0.001789,
14,FERNANDA MELCHIONNA,PSOL,70,GISELE DE LIMA DUARTE,***.290.550-**,CPF,3500.0,1,0.001789,
14,FERNANDA MELCHIONNA,PSOL,71,GUILHERME ANTONIO COELHO,***.550.160-**,CPF,3500.0,1,0.001789,
14,FERNANDA MELCHIONNA,PSOL,72,GUSTAVO LENDECKER DA SILVA DE SOUZA,***.505.990-**,CPF,3500.0,1,0.001789,
14,FERNANDA MELCHIONNA,PSOL,73,HAIDEE ALMEIDA DA ROSA,***.533.720-**,CPF,3500.0,1,0.001789,
14,FERNANDA MELCHIONNA,PSOL,74,ITAMAR AUGUSTO DA SILVA CARPES,***.012.590-**,CPF,3500.0,1,0.001789,
14,FERNANDA MELCHIONNA,PSOL,75,JEFERSON FLORES DOS SANTOS,***.784.130-**,CPF,3500.0,1,0.001789,
14,FERNANDA MELCHIONNA,PSOL,76,JOAO VITOR BARGMANN PAZ,***.140.840-**,CPF,3500.0,1,0.001789,
14,FERNANDA MELCHIONNA,PSOL,77,JOCELAINE OLIVEIRA DA COSTA,***.020.380-**,CPF,3500.0,1,0.001789,
14,FERNANDA MELCHIONNA,PSOL,78,JOEL MARCO ANTONIO RIBEIRO DIAS,***.169.450-**,CPF,3500.0,1,0.001789,
14,FERNANDA MELCHIONNA,PSOL,79,JORGE LUCIANO RIBEIRO DA SILVA,***.282.510-**,CPF,3500.0,1,0.001789,
14,FERNANDA MELCHIONNA,PSOL,80,JOSE AUGUSTO SANTOS DA SILVA,***.442.400-**,CPF,3500.0,1,0.001789,
14,FERNANDA MELCHIONNA,PSOL,81,JOSE EDUARDO ABREU DE PAULA FARIAS,***.671.150-**,CPF,3500.0,1,0.001789,
14,FERNANDA MELCHIONNA,PSOL,82,JUAN THALES PORTINHO MENDES,***.050.990-**,CPF,3500.0,1,0.001789,
14,FERNANDA MELCHIONNA,PSOL,83,JULIA RAINARA DA SILVA,***.989.010-**,CPF,3500.0,1,0.001789,
14,FERNANDA MELCHIONNA,PSOL,84,JULIA VITORIA MEIRELLES DO AMARAL,***.335.030-**,CPF,3500.0,1,0.001789,
14,FERNANDA MELCHIONNA,PSOL,85,KAREN ANDREA DOS SANTOS LOUZADA,***.933.020-**,CPF,3500.0,1,0.001789,
14,FERNANDA MELCHIONNA,PSOL,86,LANI BRITO FAGUNDES,***.182.790-**,CPF,3500.0,1,0.001789,
14,FERNANDA MELCHIONNA,PSOL,87,LAURENCE WURDIG GONCALVES,***.933.670-**,CPF,3500.0,1,0.001789,
14,FERNANDA MELCHIONNA,PSOL,88,LIGIANE OLIVEIRA DA SILVA,***.012.060-**,CPF,3500.0,1,0.001789,
14,FERNANDA MELCHIONNA,PSOL,89,LORENZO FARIAS BANDEIRA,***.461.880-**,CPF,3500.0,1,0.001789,
14,FERNANDA MELCHIONNA,PSOL,90,LUCAS DOS SANTOS MACHADO,***.106.860-**,CPF,3500.0,1,0.001789,
14,FERNANDA MELCHIONNA,PSOL,91,LUCIA PEREIRA DA LUZ,***.416.839-**,CPF,3500.0,1,0.001789,
14,FERNANDA MELCHIONNA,PSOL,92,LUIZ ADRIANO DOS REIS BATISTA,***.529.510-**,CPF,3500.0,1,0.001789,
14,FERNANDA MELCHIONNA,PSOL,93,LUIZ FELIPE FLORES DENIZ,***.512.820-**,CPF,3500.0,1,0.001789,
14,FERNANDA MELCHIONNA,PSOL,94,MANUELA ROSS RAMOS,***.338.540-**,CPF,3500.0,1,0.001789,
14,FERNANDA MELCHIONNA,PSOL,95,MARCIA ROSANGELA DE OLIVEIRA,***.869.640-**,CPF,3500.0,1,0.001789,
14,FERNANDA MELCHIONNA,PSOL,96,MARIA EDUARDA BARGMANN PAZ,***.140.760-**,CPF,3500.0,1,0.001789,
14,FERNANDA MELCHIONNA,PSOL,97,MARIA FERNANDA DOS SANTOS MACHADO HACKER,***.297.080-**,CPF,3500.0,1,0.001789,
14,FERNANDA MELCHIONNA,PSOL,98,MARIA INEZ GELATTI,***.187.460-**,CPF,3500.0,1,0.001789,
14,FERNANDA MELCHIONNA,PSOL,99,MARIA LUCIA DA SILVA FERNANDES,***.094.290-**,CPF,3500.0,1,0.001789,
14,FERNANDA MELCHIONNA,PSOL,100,MARIA LUIZA SIMOES DE CASTRO,***.211.320-**,CPF,3500.0,1,0.001789,
14,FERNANDA MELCHIONNA,PSOL,101,MAYARA DOS SANTOS,***.247.930-**,CPF,3500.0,1,0.001789,
14,FERNANDA MELCHIONNA,PSOL,102,NICOLAS GABRIEL GUEDES MARTINS,***.768.170-**,CPF,3500.0,1,0.001789,
14,FERNANDA MELCHIONNA,PSOL,103,NICOLE VEIGA KUCHARSKI,***.585.080-**,CPF,3500.0,1,0.001789,
14,FERNANDA MELCHIONNA,PSOL,104,PAULO RICARDO OLIVEIRA DA SILVA,***.321.420-**,CPF,3500.0,1,0.001789,
14,FERNANDA MELCHIONNA,PSOL,105,PEDRO MACHADO NUNES,***.612.050-**,CPF,3500.0,1,0.001789,
14,FERNANDA MELCHIONNA,PSOL,106,RAFAEL DOS REIS BATISTA,***.313.690-**,CPF,3500.0,1,0.001789,
14,FERNANDA MELCHIONNA,PSOL,107,RENATA DA COSTA SILVA,***.317.920-**,CPF,3500.0,1,0.001789,
14,FERNANDA MELCHIONNA,PSOL,108,ROSALETE DRESSLER HECK,***.811.420-**,CPF,3500.0,1,0.001789,
14,FERNANDA MELCHIONNA,PSOL,109,ROSANGELA DE CAMPOS,***.574.720-**,CPF,3500.0,1,0.001789,
14,FERNANDA MELCHIONNA,PSOL,110,ROSIMARY DA COSTA GORGES,***.285.200-**,CPF,3500.0,1,0.001789,
14,FERNANDA MELCHIONNA,PSOL,111,SOCIEDADE RECREATIVA BENEFICENTE E CULTURAL BANDA DA SALDANHA MARINHO,05.489.226/0001-11,CNPJ,3500.0,1,0.001789,
14,FERNANDA MELCHIONNA,PSOL,112,SOFIA BALDIN FIGUEIREDO,***.446.370-**,CPF,3500.0,1,0.001789,
14,FERNANDA MELCHIONNA,PSOL,113,SOFIA SANCHEZ PEREIRA,***.348.180-**,CPF,3500.0,1,0.001789,
14,FERNANDA MELCHIONNA,PSOL,114,TATIANA GONCALVES,***.143.000-**,CPF,3500.0,1,0.001789,
14,FERNANDA MELCHIONNA,PSOL,115,THALYS GOMES,***.132.150-**,CPF,3500.0,1,0.001789,
14,FERNANDA MELCHIONNA,PSOL,116,UYANARA MAKEURY FERNANDES,***.680.966-**,CPF,3500.0,1,0.001789,
14,FERNANDA MELCHIONNA,PSOL,117,VALENTINE DA ROCHA MARTINS,***.945.650-**,CPF,3500.0,1,0.001789,
14,FERNANDA MELCHIONNA,PSOL,118,VINICIUS BORGES BRAUN,***.216.800-**,CPF,3500.0,1,0.001789,
14,FERNANDA MELCHIONNA,PSOL,119,VITOR FRANCISCO GARBINATTO MATHIAS,***.414.560-**,CPF,3500.0,1,0.001789,
14,FERNANDA MELCHIONNA,PSOL,120,VITOR SILVA ROSA,***.889.600-**,CPF,3500.0,1,0.001789,
14,FERNANDA MELCHIONNA,PSOL,121,VITORIA DUARTE ROSA,***.376.130-**,CPF,3500.0,1,0.001789,
14,FERNANDA MELCHIONNA,PSOL,122,VIVIAN ELISABETH ARAUJO BONETE DOBINSKI,***.570.220-**,CPF,3500.0,1,0.001789,
14,FERNANDA MELCHIONNA,PSOL,123,VIVIANE DA SILVA GONCALVES,***.501.540-**,CPF,3500.0,1,0.001789,
14,FERNANDA MELCHIONNA,PSOL,124,WILLIAM DOS SANTOS COUTINHO,***.982.170-**,CPF,3500.0,1,0.001789,
14,FERNANDA MELCHIONNA,PSOL,125,LEONOR CRISTINA CABRAL DE MELO,***.574.590-**,CPF,3083.84,1,0.001577,
14,FERNANDA MELCHIONNA,PSOL,126,SANDRA DE SOUZA BECHE,***.726.920-**,CPF,3083.34,1,0.001576,
14,FERNANDA MELCHIONNA,PSOL,127,ESPETAO SANTANA - CHURRASCARIA LTDA,08.342.657/0001-49,CNPJ,3075.0,1,0.001572,
14,FERNANDA MELCHIONNA,PSOL,128,BIANCA DE MORAES JANKE,***.746.320-**,CPF,3000.0,1,0.001534,
14,FERNANDA MELCHIONNA,PSOL,129,CATIA LARISSA JUZWIAK,15.337.299/0001-41,CNPJ,3000.0,1,0.001534,
14,FERNANDA MELCHIONNA,PSOL,130,DANIELE MORAIS JUNG DE MOURA,***.819.440-**,CPF,3000.0,1,0.001534,
14,FERNANDA MELCHIONNA,PSOL,131,DOMINIKY CORDEIRO CHASSOT,***.672.830-**,CPF,3000.0,1,0.001534,
14,FERNANDA MELCHIONNA,PSOL,132,DOUGLAS DA COSTA MARTINS,***.257.350-**,CPF,3000.0,1,0.001534,
14,FERNANDA MELCHIONNA,PSOL,133,EDUARDA MARTINS DA SILVA,***.964.390-**,CPF,3000.0,1,0.001534,
14,FERNANDA MELCHIONNA,PSOL,134,EVALDO DE OLIVEIRA MARTINS,***.768.370-**,CPF,3000.0,1,0.001534,
14,FERNANDA MELCHIONNA,PSOL,135,GABRIEL FERREIRA DA SILVA,***.516.610-**,CPF,3000.0,1,0.001534,
14,FERNANDA MELCHIONNA,PSOL,136,GABRIEL FORTES MACIEL,***.510.040-**,CPF,3000.0,1,0.001534,
14,FERNANDA MELCHIONNA,PSOL,137,GEORGIA MEDEIROS TORRES,***.837.900-**,CPF,3000.0,1,0.001534,
14,FERNANDA MELCHIONNA,PSOL,138,LAIS MARQUES MATTE,***.464.300-**,CPF,3000.0,1,0.001534,
14,FERNANDA MELCHIONNA,PSOL,139,LEILA CRISTINA TINOCO,***.633.990-**,CPF,3000.0,1,0.001534,
14,FERNANDA MELCHIONNA,PSOL,140,MARIA EDUARDA DE OLIVEIRA ORTIZ,***.717.300-**,CPF,3000.0,1,0.001534,
14,FERNANDA MELCHIONNA,PSOL,141,MELISSA OLIVEIRA DA SILVA,***.769.450-**,CPF,3000.0,1,0.001534,
14,FERNANDA MELCHIONNA,PSOL,142,MONICA APARECIDA DA SILVA,***.425.300-**,CPF,3000.0,1,0.001534,
14,FERNANDA MELCHIONNA,PSOL,143,SHAYENNE BRASIL DA SILVA,***.388.540-**,CPF,3000.0,1,0.001534,
14,FERNANDA MELCHIONNA,PSOL,144,VALDIR SOARES DE OLIVEIRA,***.211.150-**,CPF,3000.0,1,0.001534,
14,FERNANDA MELCHIONNA,PSOL,145,VINICIUS ABREU RIBEIRO,***.646.230-**,CPF,3000.0,1,0.001534,
14,FERNANDA MELCHIONNA,PSOL,146,ANA LAURA DE SOUZA BARONI,34.149.747/0001-28,CNPJ,2640.0,1,0.00135,
14,FERNANDA MELCHIONNA,PSOL,147,31.809.116 MARCIO ALEXANDRE GOBBI,31.809.116/0001-08,CNPJ,2500.0,1,0.001278,
14,FERNANDA MELCHIONNA,PSOL,148,EDERSON SILVA COITINHO,***.956.340-**,CPF,2500.0,1,0.001278,
14,FERNANDA MELCHIONNA,PSOL,149,GABRIEL MILLANI DIAS,***.635.300-**,CPF,2500.0,1,0.001278,
14,FERNANDA MELCHIONNA,PSOL,150,JOAO PAULO PASSOS CARVALHAL SANTOS,***.578.137-**,CPF,2500.0,1,0.001278,
14,FERNANDA MELCHIONNA,PSOL,151,JORNAL OPINIAO DE VIAMAO LTDA,03.080.511/0001-59,CNPJ,2500.0,1,0.001278,
14,FERNANDA MELCHIONNA,PSOL,152,PABLO FIGUEROA FERNANDES ALVES,***.731.470-**,CPF,2500.0,1,0.001278,
14,FERNANDA MELCHIONNA,PSOL,153,PAULO MOISES TELLES,***.243.890-**,CPF,2500.0,1,0.001278,
14,FERNANDA MELCHIONNA,PSOL,154,ROSANA SIEBER MULLER,***.539.220-**,CPF,2500.0,1,0.001278,
14,FERNANDA MELCHIONNA,PSOL,155,ADRIANA SANTAREM DE FIGUEIREDO,***.892.270-**,CPF,2100.0,1,0.001074,
14,FERNANDA MELCHIONNA,PSOL,156,ALBERTO RUCK DOS SANTOS,***.457.910-**,CPF,2100.0,1,0.001074,
14,FERNANDA MELCHIONNA,PSOL,157,ANA LUCIA PEREIRA DOS SANTOS,***.592.350-**,CPF,2100.0,1,0.001074,
14,FERNANDA MELCHIONNA,PSOL,158,ANDRESSA PAZ TABELA,***.886.400-**,CPF,2100.0,1,0.001074,
14,FERNANDA MELCHIONNA,PSOL,159,ARTUR SANTOS DE ALMEIDA,***.163.190-**,CPF,2100.0,1,0.001074,
14,FERNANDA MELCHIONNA,PSOL,160,DEISE BARBOSA BARBOSA,***.824.060-**,CPF,2100.0,1,0.001074,
14,FERNANDA MELCHIONNA,PSOL,161,EDUARDA BORGES DOS SANTOS VARGAS,***.994.570-**,CPF,2100.0,1,0.001074,
14,FERNANDA MELCHIONNA,PSOL,162,EVENIN LUCAS TANHOTE,***.927.580-**,CPF,2100.0,1,0.001074,
14,FERNANDA MELCHIONNA,PSOL,163,GESSI TERESINHA MACHADO JARDIM,***.955.280-**,CPF,2100.0,1,0.001074,
14,FERNANDA MELCHIONNA,PSOL,164,ISABELLA ZAMPONI RAMOS,***.121.978-**,CPF,2100.0,1,0.001074,
14,FERNANDA MELCHIONNA,PSOL,165,JANAINA SILVA DE OLIVEIRA,***.734.400-**,CPF,2100.0,1,0.001074,
14,FERNANDA MELCHIONNA,PSOL,166,JULIA MOREIRA FERNANDEZ,***.967.480-**,CPF,2100.0,1,0.001074,
14,FERNANDA MELCHIONNA,PSOL,167,JULIANA MARTINS DA SILVA,***.645.740-**,CPF,2100.0,1,0.001074,
14,FERNANDA MELCHIONNA,PSOL,168,JULIANO DA SILVA PINTO JUNIOR,***.185.530-**,CPF,2100.0,1,0.001074,
14,FERNANDA MELCHIONNA,PSOL,169,KARINA SIEBEN,***.590.890-**,CPF,2100.0,1,0.001074,
14,FERNANDA MELCHIONNA,PSOL,170,KATIUSCIA SILVA DE OLIVEIRA,***.495.770-**,CPF,2100.0,1,0.001074,
14,FERNANDA MELCHIONNA,PSOL,171,KRISZIANE SANTOS DA SILVA,***.883.370-**,CPF,2100.0,1,0.001074,
14,FERNANDA MELCHIONNA,PSOL,172,LAISLA BORGES DOS SANTOS VARGAS,***.994.560-**,CPF,2100.0,1,0.001074,
14,FERNANDA MELCHIONNA,PSOL,173,LENON SANTOS DE BEM,***.269.680-**,CPF,2100.0,1,0.001074,
14,FERNANDA MELCHIONNA,PSOL,174,LUCIA SILVA DOS SANTOS,***.356.389-**,CPF,2100.0,1,0.001074,Documento exibido pelo TSE não passa na verificação de dígitos
14,FERNANDA MELCHIONNA,PSOL,175,LUCIANA PEREIRA PEDROSO,***.188.490-**,CPF,2100.0,1,0.001074,
14,FERNANDA MELCHIONNA,PSOL,176,MARA RUBIA BARBOSA,***.424.720-**,CPF,2100.0,1,0.001074,
14,FERNANDA MELCHIONNA,PSOL,177,MARCIA LIBERACI VIEIRA DE ASSIS,***.763.120-**,CPF,2100.0,1,0.001074,
14,FERNANDA MELCHIONNA,PSOL,178,MARIA CRISTINA BORGES DA COSTA,***.554.050-**,CPF,2100.0,1,0.001074,
14,FERNANDA MELCHIONNA,PSOL,179,PEDRO FELIPE FLORES NABARR,***.538.270-**,CPF,2100.0,1,0.001074,
14,FERNANDA MELCHIONNA,PSOL,180,PRISCILLA SIQUEIRA BITELO,***.461.100-**,CPF,2100.0,1,0.001074,
14,FERNANDA MELCHIONNA,PSOL,181,QUESIA RODRIGUES MACHADO,***.455.600-**,CPF,2100.0,1,0.001074,
14,FERNANDA MELCHIONNA,PSOL,182,RAFAEL DE ASSUNCAO NOVAIS,***.545.230-**,CPF,2100.0,1,0.001074,
14,FERNANDA MELCHIONNA,PSOL,183,RAFAEL FARIAS ALDAB,***.207.030-**,CPF,2100.0,1,0.001074,
14,FERNANDA MELCHIONNA,PSOL,184,SHEILA BATISTA DE OLIVEIRA,***.571.360-**,CPF,2100.0,1,0.001074,
14,FERNANDA MELCHIONNA,PSOL,185,TAIS PEDROSO DE MORAES,***.238.440-**,CPF,2100.0,1,0.001074,
14,FERNANDA MELCHIONNA,PSOL,186,THAIS MARIBEL MENGUE FERREIRA,***.694.040-**,CPF,2100.0,1,0.001074,
14,FERNANDA MELCHIONNA,PSOL,187,THAIS REGINA SILVEIRA DE MENEZES,***.484.380-**,CPF,2100.0,1,0.001074,
14,FERNANDA MELCHIONNA,PSOL,188,VERA LUCIA NUNES,***.614.390-**,CPF,2100.0,1,0.001074,
14,FERNANDA MELCHIONNA,PSOL,189,FACEBOOK SERVICOS ONLINE DO BRASIL LTDA.,13.347.016/0001-17,CNPJ,2000.0,1,0.001022,
14,FERNANDA MELCHIONNA,PSOL,190,GABRIEL SERRANO PIRES,***.794.910-**,CPF,2000.0,1,0.001022,
14,FERNANDA MELCHIONNA,PSOL,191,GIOVANNA BITTENCOURT FERREIRA,***.757.830-**,CPF,2000.0,1,0.001022,
14,FERNANDA MELCHIONNA,PSOL,192,IURY ADAMS RIBEIRO DA SILVA,***.012.640-**,CPF,2000.0,1,0.001022,
14,FERNANDA MELCHIONNA,PSOL,193,JULIA DOS SANTOS BRUSCATO D AVILA,***.614.950-**,CPF,2000.0,1,0.001022,
14,FERNANDA MELCHIONNA,PSOL,194,KATRYNE FERREIRA DA ROSA,***.923.970-**,CPF,2000.0,1,0.001022,
14,FERNANDA MELCHIONNA,PSOL,195,LUCINARA VARGAS SOUZA,***.857.630-**,CPF,2000.0,1,0.001022,
14,FERNANDA MELCHIONNA,PSOL,196,NATHANIA FAGUNDES DA SILVA,***.344.110-**,CPF,2000.0,1,0.001022,
14,FERNANDA MELCHIONNA,PSOL,197,RITA BEATRIZ SANTOS PORTELLA,***.574.560-**,CPF,2000.0,1,0.001022,
14,FERNANDA MELCHIONNA,PSOL,198,VINICIUS DE OLIVEIRA FIGUEIRO,***.513.330-**,CPF,2000.0,1,0.001022,
14,FERNANDA MELCHIONNA,PSOL,199,ADRIANA CORREA DA ROCHA DA SILVA,***.274.430-**,CPF,1800.0,1,0.00092,
14,FERNANDA MELCHIONNA,PSOL,200,ELENICE TERESINHA DE ALMEIDA,***.752.060-**,CPF,1800.0,1,0.00092,
14,FERNANDA MELCHIONNA,PSOL,201,FRANCIELE DOS SANTOS ARAUJO,***.738.760-**,CPF,1800.0,1,0.00092,
14,FERNANDA MELCHIONNA,PSOL,202,GABRIELLY DA SILVA RAMOS,***.471.540-**,CPF,1800.0,1,0.00092,
14,FERNANDA MELCHIONNA,PSOL,203,LUCIANE CARVALHO DOS ANJOS,***.368.630-**,CPF,1800.0,1,0.00092,
14,FERNANDA MELCHIONNA,PSOL,204,OUTROS 500 LTDA,23.147.452/0001-04,CNPJ,1800.0,1,0.00092,
14,FERNANDA MELCHIONNA,PSOL,205,PAULO REGIS DOS SANTOS,***.234.330-**,CPF,1800.0,1,0.00092,
14,FERNANDA MELCHIONNA,PSOL,206,THALIA CARVALHO ATAIDES,***.914.600-**,CPF,1800.0,1,0.00092,
14,FERNANDA MELCHIONNA,PSOL,207,WAGNER DA ROSA DE OLIVEIRA,***.566.120-**,CPF,1800.0,1,0.00092,
14,FERNANDA MELCHIONNA,PSOL,208,"IMPOSTOS, CONTRIBUIÇÕES E TAXAS",,,1624.59,1,0.000831,
14,FERNANDA MELCHIONNA,PSOL,209,LUEL-TUR TRANSPORTES DE PASSAGEIROS LTDA,11.750.556/0001-11,CNPJ,1600.0,1,0.000818,
14,FERNANDA MELCHIONNA,PSOL,210,DOUGLAS SILVEIRA MARTINI,***.436.460-**,CPF,1500.0,1,0.000767,
14,FERNANDA MELCHIONNA,PSOL,211,GABRIEL GARZLAFF GOEBEL,***.355.770-**,CPF,1500.0,1,0.000767,
14,FERNANDA MELCHIONNA,PSOL,212,MANUELA DALLA ROSA,***.518.770-**,CPF,1500.0,1,0.000767,
14,FERNANDA MELCHIONNA,PSOL,213,VANESSA VIANA DE QUADROS,***.729.301-**,CPF,1500.0,1,0.000767,
14,FERNANDA MELCHIONNA,PSOL,214,WILSON DE ALMEIDA NETO,***.628.950-**,CPF,1500.0,1,0.000767,
14,FERNANDA MELCHIONNA,PSOL,215,ÁGATHA NATASCHA BARCELOS,***.420.871-**,CPF,1500.0,1,0.000767,Documento exibido pelo TSE não passa na verificação de dígitos
14,FERNANDA MELCHIONNA,PSOL,216,PADARIA QUERO PAO LTDA,53.286.946/0001-22,CNPJ,1400.0,1,0.000716,
14,FERNANDA MELCHIONNA,PSOL,217,CARLA ROBERTA TELLES DA SILVA,***.483.520-**,CPF,1200.0,1,0.000613,
14,FERNANDA MELCHIONNA,PSOL,218,CARLOS VINICIUS DE OLIVEIRA MACHADO RODRIGUES,***.678.120-**,CPF,1200.0,1,0.000613,
14,FERNANDA MELCHIONNA,PSOL,219,DANUBIA DA SILVA MACHADO,***.519.350-**,CPF,1200.0,1,0.000613,
14,FERNANDA MELCHIONNA,PSOL,220,ROSANE DA SILVA FELICISSIMO,***.676.030-**,CPF,1200.0,1,0.000613,
14,FERNANDA MELCHIONNA,PSOL,221,VALERIA NUNES RIBEIRO,***.478.250-**,CPF,1200.0,1,0.000613,Documento exibido pelo TSE não passa na verificação de dígitos
14,FERNANDA MELCHIONNA,PSOL,222,CAROLINA SCHUMACHER ABECH DA SILVA,***.375.160-**,CPF,1000.0,1,0.000511,
14,FERNANDA MELCHIONNA,PSOL,223,ELISANGELA VALERIO DO PINHO,***.377.030-**,CPF,1000.0,1,0.000511,
14,FERNANDA MELCHIONNA,PSOL,224,JORGE EZEQUIEL BARBOSA DE ABREU,***.555.720-**,CPF,1000.0,1,0.000511,
14,FERNANDA MELCHIONNA,PSOL,225,PRINCELA CIDAMAR DA COSTA SILVA,***.819.850-**,CPF,1000.0,1,0.000511,
14,FERNANDA MELCHIONNA,PSOL,226,47.908.854 ERICK ALMEIDA DE OLIVEIRA,47.908.854/0001-34,CNPJ,840.0,1,0.000429,
14,FERNANDA MELCHIONNA,PSOL,227,ISMAEL CESAR GONCALVES PADILHA,***.621.060-**,CPF,750.0,1,0.000383,
14,FERNANDA MELCHIONNA,PSOL,228,VEPPO CIA LIMITADA,92.660.760/0001-43,CNPJ,661.95,1,0.000338,
14,FERNANDA MELCHIONNA,PSOL,229,AVENTURA - CAMPING E NAUTICA LTDA.,01.394.856/0001-51,CNPJ,527.0,1,0.000269,
14,FERNANDA MELCHIONNA,PSOL,230,50.113.148 CRISTIANO SCHLAVIN ARDENGHI BRIZOLLA,50.113.148/0001-00,CNPJ,500.0,1,0.000256,
14,FERNANDA MELCHIONNA,PSOL,231,AMPLA EMPRESA JORNALISTICA LTDA,04.185.347/0001-07,CNPJ,500.0,1,0.000256,
14,FERNANDA MELCHIONNA,PSOL,232,KAREN ALINE PEREZ,***.141.509-**,CPF,500.0,1,0.000256,
14,FERNANDA MELCHIONNA,PSOL,233,VIACAO OURO E PRATA SA,92.954.106/0001-42,CNPJ,429.0,4,0.000219,
14,FERNANDA MELCHIONNA,PSOL,234,LIGIA KENI DE OLIVEIRA FONTES,***.724.220-**,CPF,300.0,1,0.000153,
14,FERNANDA MELCHIONNA,PSOL,235,"ENCARGOS FINANCEIROS, TAXAS BANCÁRIAS E/OU OP. CARTÃO DE CRÉDITO",,,273.0,26,0.00014,
14,FERNANDA MELCHIONNA,PSOL,236,ABASTECEDORA DE COMBUSTIVEIS PHOENIX LTDA,11.247.692/0001-93,CNPJ,253.0,1,0.000129,
14,FERNANDA MELCHIONNA,PSOL,237,PLANALTO TRANSPORTES LTDA,95.592.077/0001-04,CNPJ,232.15,2,0.000119,
14,FERNANDA MELCHIONNA,PSOL,238,PENHA ENCOMENDAS EXPRESS LTDA,06.367.990/0001-87,CNPJ,165.7,1,8.5e-05,
14,FERNANDA MELCHIONNA,PSOL,239,QUEROAPOIAR.COM.BR LTDA,39.586.155/0001-97,CNPJ,91.35,1,4.7e-05,
15,GIOVANI CHERINI,PL,1,SPEED PROMOCIONAL INDUSTRIA DE BRINDES LTDA,15.115.234/0001-51,CNPJ,470400.0,20,0.16007,
15,GIOVANI CHERINI,PL,2,FACEBOOK SERVICOS ONLINE DO BRASIL LTDA.,13.347.016/0001-17,CNPJ,420000.0,11,0.14292,
15,GIOVANI CHERINI,PL,3,CROMO GRAFICA E EDITORA LTDA,05.476.664/0001-45,CNPJ,118800.0,13,0.040426,
15,GIOVANI CHERINI,PL,4,AUTOLOCADORA LINCK & MELLO LTDA,09.146.749/0001-16,CNPJ,96824.58,19,0.032948,
15,GIOVANI CHERINI,PL,5,ELF LOCADORA DE VEICULOS LTDA,07.447.405/0001-11,CNPJ,95246.6,11,0.032411,
15,GIOVANI CHERINI,PL,6,ELEICAO 2026 ADRIANE CERINI DEPUTADO ESTADUAL,68.345.643/0001-00,CNPJ,94000.0,2,0.031987,
15,GIOVANI CHERINI,PL,7,RODRIGO NEVES SOCIEDADE INDIVIDUAL DE ADVOCACIA,55.875.500/0001-69,CNPJ,80000.0,1,0.027223,
15,GIOVANI CHERINI,PL,8,GRAFICA LIDER LTDA,90.589.540/0001-45,CNPJ,42431.2,6,0.014439,
15,GIOVANI CHERINI,PL,9,CENTENO & MENDES ASSESSORIA CONTABIL LTDA,25.053.197/0001-58,CNPJ,33510.0,1,0.011403,
15,GIOVANI CHERINI,PL,10,HERIANA BARRIGA DE SOUZA PEDO,***.633.472-**,CPF,27010.55,1,0.009191,
15,GIOVANI CHERINI,PL,11,THS IMPRESSAO DIGITAL LTDA,08.537.010/0001-72,CNPJ,25975.0,8,0.008839,
15,GIOVANI CHERINI,PL,12,CIMAROSTI IMOVEIS LTDA,22.901.723/0001-02,CNPJ,25500.0,1,0.008677,
15,GIOVANI CHERINI,PL,13,G BENEFICIAMENTO E COMERCIO DE TECIDOS LTDA,88.000.377/0001-91,CNPJ,22985.0,5,0.007821,
15,GIOVANI CHERINI,PL,14,ELEICAO 2026 CLAUDIO GILNEI TATSCH DEPUTADO ESTADUAL,68.345.841/0001-74,CNPJ,20000.0,1,0.006806,
15,GIOVANI CHERINI,PL,15,ELEICAO 2026 VALDECI JOSE MARTINS ROCHA DEPUTADO FEDERAL,68.312.645/0001-01,CNPJ,20000.0,1,0.006806,
15,GIOVANI CHERINI,PL,16,HERMES TEIXEIRA DA ROSA,***.088.260-**,CPF,20000.0,1,0.006806,
15,GIOVANI CHERINI,PL,17,RICARDO GARCIA FERREIRA,***.324.460-**,CPF,16000.0,1,0.005445,
15,GIOVANI CHERINI,PL,18,COUROARTE COMERCIO DE BRINDES PROMOCIONAIS LTDA,87.000.089/0001-74,CNPJ,12460.0,1,0.00424,
15,GIOVANI CHERINI,PL,19,LUIZ DOS SANTOS,***.326.610-**,CPF,12000.0,1,0.004083,
15,GIOVANI CHERINI,PL,20,EDITORA EVANGRAF LTDA,01.530.830/0001-93,CNPJ,11887.5,2,0.004045,
15,GIOVANI CHERINI,PL,21,AUTOSUL LOCADORA DE VEICULOS LTDA,23.285.134/0001-00,CNPJ,10080.0,1,0.00343,
15,GIOVANI CHERINI,PL,22,DIEGO RAFAEL KRAMER,***.263.420-**,CPF,10000.0,1,0.003403,
15,GIOVANI CHERINI,PL,23,FABIANE LUCIA WASKIEVICZ,***.299.460-**,CPF,10000.0,1,0.003403,
15,GIOVANI CHERINI,PL,24,JARDILINO TEXEIRA MAICA,***.419.210-**,CPF,10000.0,1,0.003403,
15,GIOVANI CHERINI,PL,25,JAURI DE BRUM RAMOS,***.123.050-**,CPF,10000.0,1,0.003403,
15,GIOVANI CHERINI,PL,26,JEAN FELIPE DE FREITAS,***.536.480-**,CPF,10000.0,1,0.003403,
15,GIOVANI CHERINI,PL,27,LUCIANO VALADA PEREIRA,***.316.930-**,CPF,10000.0,1,0.003403,
15,GIOVANI CHERINI,PL,28,RAFAEL MACHADO POHALESKI,***.198.020-**,CPF,10000.0,1,0.003403,
15,GIOVANI CHERINI,PL,29,RAFAEL MEDEIROS LEITE,***.536.940-**,CPF,10000.0,1,0.003403,
15,GIOVANI CHERINI,PL,30,ABASTECEDORA DE COMBUSTIVEIS PORTO ALEGRE LTDA,08.689.190/0001-08,CNPJ,9725.76,34,0.00331,
15,GIOVANI CHERINI,PL,31,GILCEIA ROLIM DA SILVA,***.257.780-**,CPF,9000.0,1,0.003063,
15,GIOVANI CHERINI,PL,32,VANILSON ANTUNES PEREIRA,***.038.940-**,CPF,9000.0,1,0.003063,
15,GIOVANI CHERINI,PL,33,MAFALDA TERESINHA LOREGIAN,***.174.280-**,CPF,8500.0,1,0.002892,
15,GIOVANI CHERINI,PL,34,MARIA LUISA DOCKHORN SASSO,***.579.210-**,CPF,8500.0,1,0.002892,
15,GIOVANI CHERINI,PL,35,JOSEANE TOMAZELLI,***.987.660-**,CPF,8000.0,1,0.002722,
15,GIOVANI CHERINI,PL,36,LUIS ULISSES RODRIGUES NUNES,***.687.630-**,CPF,8000.0,1,0.002722,
15,GIOVANI CHERINI,PL,37,MARCO ANTONIO DE LIMA,***.664.000-**,CPF,8000.0,1,0.002722,
15,GIOVANI CHERINI,PL,38,OTAVIO IRENEU ZYGER,***.014.720-**,CPF,8000.0,1,0.002722,
15,GIOVANI CHERINI,PL,39,PATRICIA PERIN,***.375.440-**,CPF,8000.0,1,0.002722,
15,GIOVANI CHERINI,PL,40,ANS IMPRESSOES GRAFICAS LTDA.,05.677.050/0001-21,CNPJ,7644.94,2,0.002601,
15,GIOVANI CHERINI,PL,41,ANTONIO ALMERACI PEREIRA DA SILVEIRA,***.522.220-**,CPF,7000.0,1,0.002382,
15,GIOVANI CHERINI,PL,42,EVANDERSON CLEVACIR GARCIA MIRANDA,***.798.770-**,CPF,7000.0,1,0.002382,
15,GIOVANI CHERINI,PL,43,JONATAN MORGENSTERN DA CRUZ,***.802.190-**,CPF,7000.0,1,0.002382,
15,GIOVANI CHERINI,PL,44,MARCO ROCHA DOS SANTOS,***.751.130-**,CPF,7000.0,1,0.002382,
15,GIOVANI CHERINI,PL,45,ALESSANDRA KRAETZIG FRAGA CARVALHO,***.913.650-**,CPF,6000.0,1,0.002042,
15,GIOVANI CHERINI,PL,46,ANGELA MARIA DA ROCHA TAVARES,***.828.980-**,CPF,6000.0,1,0.002042,
15,GIOVANI CHERINI,PL,47,JORGE RICARDO FLORES TABORDA,***.651.650-**,CPF,6000.0,1,0.002042,
15,GIOVANI CHERINI,PL,48,JULIO CEZAR SOUZA MACHADO,***.209.110-**,CPF,6000.0,1,0.002042,
15,GIOVANI CHERINI,PL,49,LUCAS SPERLING PARIZOTTO,***.489.590-**,CPF,6000.0,1,0.002042,
15,GIOVANI CHERINI,PL,50,LUCIANA DE BRUM,***.254.800-**,CPF,6000.0,1,0.002042,
15,GIOVANI CHERINI,PL,51,MARCOS AURELIO SOUZA MACHADO,***.012.380-**,CPF,6000.0,1,0.002042,
15,GIOVANI CHERINI,PL,52,MARINA CAMERA MACHADO,***.283.300-**,CPF,6000.0,1,0.002042,
15,GIOVANI CHERINI,PL,53,SARA DUTRA SANCHES,***.372.560-**,CPF,6000.0,2,0.002042,
15,GIOVANI CHERINI,PL,54,TIAGO MACIEL DOS SANTOS,***.375.970-**,CPF,6000.0,1,0.002042,
15,GIOVANI CHERINI,PL,55,VICTORIA WEBER VIEIRA FLORES,***.158.447-**,CPF,6000.0,1,0.002042,
15,GIOVANI CHERINI,PL,56,WESLEY OLIVEIRA DA ROSA,***.393.150-**,CPF,6000.0,1,0.002042,
15,GIOVANI CHERINI,PL,57,PEDRO OSVALDO DE QUEIROZ,***.833.440-**,CPF,5900.0,1,0.002008,
15,GIOVANI CHERINI,PL,58,LETICIA REGINA FIUZA,***.964.070-**,CPF,5850.0,1,0.001991,
15,GIOVANI CHERINI,PL,59,LUCAS CORAZON FRAGA,***.506.000-**,CPF,5850.0,1,0.001991,
15,GIOVANI CHERINI,PL,60,JOSE MODKOWSKI NETO,***.526.890-**,CPF,5760.0,1,0.00196,
15,GIOVANI CHERINI,PL,61,MARCELO NALERIO DOS REIS,***.153.950-**,CPF,5650.0,1,0.001923,
15,GIOVANI CHERINI,PL,62,CARLOS FABIANO MEZQUITA NUNES,***.562.820-**,CPF,5500.0,1,0.001872,
15,GIOVANI CHERINI,PL,63,DANIELA ALVES XIMENDES,***.420.530-**,CPF,5500.0,1,0.001872,
15,GIOVANI CHERINI,PL,64,JULIA EDUARDA SCHUCK,***.000.490-**,CPF,5500.0,1,0.001872,
15,GIOVANI CHERINI,PL,65,LAUDELINO LUIZ BANDEIRA,***.037.070-**,CPF,5500.0,1,0.001872,
15,GIOVANI CHERINI,PL,66,COMERCIAL DE COMBUSTIVEIS LUPATINI LTDA,97.497.333/0001-00,CNPJ,5460.2,24,0.001858,
15,GIOVANI CHERINI,PL,67,RODRIGUES MECANICA E ELETRICA AUTOMOTIVA LTDA,33.776.125/0001-67,CNPJ,5350.0,1,0.001821,
15,GIOVANI CHERINI,PL,68,MAIKON DE OLIVEIRA,***.983.580-**,CPF,5280.0,1,0.001797,
15,GIOVANI CHERINI,PL,69,SAMANTHA KAROL MOLINARI BORGES,***.817.980-**,CPF,5280.0,1,0.001797,
15,GIOVANI CHERINI,PL,70,CLEDINEI CRISTINA PENS DE ABREU,***.412.710-**,CPF,5200.0,1,0.001769,
15,GIOVANI CHERINI,PL,71,ZENOMAR SOARES FARIAS,***.916.220-**,CPF,5100.0,1,0.001735,
15,GIOVANI CHERINI,PL,72,ADOLAR CHAVES,***.477.120-**,CPF,5000.0,1,0.001701,
15,GIOVANI CHERINI,PL,73,ADRIANO CLETES DE MORAES NETO,***.718.340-**,CPF,5000.0,1,0.001701,
15,GIOVANI CHERINI,PL,74,ALCIR PAULO BRUSTOLIN,***.135.850-**,CPF,5000.0,1,0.001701,
15,GIOVANI CHERINI,PL,75,ALEXANDRE PAESE,***.909.400-**,CPF,5000.0,1,0.001701,
15,GIOVANI CHERINI,PL,76,ALMIR VARGAS DE VARGAS,***.206.670-**,CPF,5000.0,1,0.001701,
15,GIOVANI CHERINI,PL,77,ANA CLAUDIA RODRIGUES TONIOLO DUTRA,***.239.380-**,CPF,5000.0,1,0.001701,
15,GIOVANI CHERINI,PL,78,ANDRE RIGOTTI LEITES,***.268.570-**,CPF,5000.0,1,0.001701,
15,GIOVANI CHERINI,PL,79,ANDRISA COUTINHO LOPES BUGS,***.326.590-**,CPF,5000.0,1,0.001701,
15,GIOVANI CHERINI,PL,80,ARIEL COSTA DA SILVA,***.454.990-**,CPF,5000.0,1,0.001701,
15,GIOVANI CHERINI,PL,81,ARLEI TORMA ROCHA,***.314.400-**,CPF,5000.0,1,0.001701,
15,GIOVANI CHERINI,PL,82,BARBARA GEHLEN,***.973.510-**,CPF,5000.0,1,0.001701,
15,GIOVANI CHERINI,PL,83,CELITA OLIVEIRA SCHNEIDER WAGNER,***.998.290-**,CPF,5000.0,1,0.001701,
15,GIOVANI CHERINI,PL,84,CLAUDIA MORALES LUMERTZ,***.997.950-**,CPF,5000.0,1,0.001701,
15,GIOVANI CHERINI,PL,85,CLEUSA MARISA UCLE VENTURA,***.798.300-**,CPF,5000.0,1,0.001701,
15,GIOVANI CHERINI,PL,86,CRISTIANE FERREIRA DA LUZ LUCIETTO,***.709.410-**,CPF,5000.0,1,0.001701,
15,GIOVANI CHERINI,PL,87,DANIEL TEIXEIRA FERREIRA,***.599.680-**,CPF,5000.0,1,0.001701,
15,GIOVANI CHERINI,PL,88,DARCI DE SOUZA LEAL,***.237.280-**,CPF,5000.0,2,0.001701,
15,GIOVANI CHERINI,PL,89,DELAVI GONCALVES DE OLIVEIRA JUNIOR,***.774.700-**,CPF,5000.0,1,0.001701,
15,GIOVANI CHERINI,PL,90,EDMILSON FELICIANO,***.717.625-**,CPF,5000.0,1,0.001701,
15,GIOVANI CHERINI,PL,91,ELISANGELA PEREIRA,***.288.040-**,CPF,5000.0,1,0.001701,
15,GIOVANI CHERINI,PL,92,ELMO MALVAR MARINHO,***.247.190-**,CPF,5000.0,1,0.001701,
15,GIOVANI CHERINI,PL,93,FABIO LUIZ TEDESCO SOARES,***.915.310-**,CPF,5000.0,1,0.001701,
15,GIOVANI CHERINI,PL,94,FATIMA ROSANA FERNANDES GONCALVES,***.924.200-**,CPF,5000.0,1,0.001701,
15,GIOVANI CHERINI,PL,95,FELIX MATIAS GEWEHR,***.063.320-**,CPF,5000.0,1,0.001701,
15,GIOVANI CHERINI,PL,96,GABRIELA BERGHETTI LUTZ,***.598.640-**,CPF,5000.0,1,0.001701,
15,GIOVANI CHERINI,PL,97,GILBERTO DOS SANTOS,***.758.180-**,CPF,5000.0,1,0.001701,
15,GIOVANI CHERINI,PL,98,JOAO CARLOS LOPES VIANA,***.337.630-**,CPF,5000.0,1,0.001701,
15,GIOVANI CHERINI,PL,99,JOSE HONORIO COELHO FLORES,***.237.850-**,CPF,5000.0,1,0.001701,
15,GIOVANI CHERINI,PL,100,JOSE LUIS BENITES LEAL,***.464.890-**,CPF,5000.0,1,0.001701,
15,GIOVANI CHERINI,PL,101,LARISSA ROLIM DOS SANTOS VITALIS,***.532.940-**,CPF,5000.0,1,0.001701,
15,GIOVANI CHERINI,PL,102,LEONARA APOLONIA ARNHOLD,***.228.300-**,CPF,5000.0,1,0.001701,
15,GIOVANI CHERINI,PL,103,LUIS FELIPE KITTEL,***.079.900-**,CPF,5000.0,1,0.001701,
15,GIOVANI CHERINI,PL,104,LUIS HENRIQUE MULLER,***.253.420-**,CPF,5000.0,1,0.001701,
15,GIOVANI CHERINI,PL,105,MAGALI REGINA DE ANDRADE,***.666.490-**,CPF,5000.0,1,0.001701,
15,GIOVANI CHERINI,PL,106,MARCIO LUIS VIVIAN,***.612.430-**,CPF,5000.0,1,0.001701,
15,GIOVANI CHERINI,PL,107,MARCOS VINICIUS CERATTO CERUTTI,***.513.740-**,CPF,5000.0,1,0.001701,
15,GIOVANI CHERINI,PL,108,MARIO JOSE KIST,***.750.180-**,CPF,5000.0,1,0.001701,
15,GIOVANI CHERINI,PL,109,MICHELE DE OLIVEIRA MEDEIROS,***.773.640-**,CPF,5000.0,1,0.001701,
15,GIOVANI CHERINI,PL,110,MICHELE FATIMA DE QUADROS PADILHA,***.405.930-**,CPF,5000.0,1,0.001701,
15,GIOVANI CHERINI,PL,111,NAA MOREIRA BOFF,***.505.220-**,CPF,5000.0,1,0.001701,
15,GIOVANI CHERINI,PL,112,PABLO FABRICIO MARTINS,***.545.780-**,CPF,5000.0,1,0.001701,
15,GIOVANI CHERINI,PL,113,PAMELA ZIMERMANN DE MORAIS,***.535.320-**,CPF,5000.0,1,0.001701,
15,GIOVANI CHERINI,PL,114,RAFAEL MALACARNE,***.834.910-**,CPF,5000.0,1,0.001701,
15,GIOVANI CHERINI,PL,115,RENE MAURICIO SUTTON BARBACHAN,***.974.500-**,CPF,5000.0,1,0.001701,
15,GIOVANI CHERINI,PL,116,RENILTON CIVA,***.030.440-**,CPF,5000.0,1,0.001701,
15,GIOVANI CHERINI,PL,117,ROBERTO DALZOTTO,***.087.340-**,CPF,5000.0,1,0.001701,
15,GIOVANI CHERINI,PL,118,SERGIO HENRIQUE SUITON BARBACHAN,***.807.710-**,CPF,5000.0,1,0.001701,
15,GIOVANI CHERINI,PL,119,SIDNEI OLIVEIRA BATISTA,***.796.520-**,CPF,5000.0,1,0.001701,
15,GIOVANI CHERINI,PL,120,TIAGO ARNHOLD LUZA,***.476.560-**,CPF,5000.0,1,0.001701,
15,GIOVANI CHERINI,PL,121,VALDOIR DE QUADROS MACEDO,***.800.260-**,CPF,5000.0,1,0.001701,
15,GIOVANI CHERINI,PL,122,VANESSA FRAGA DA SILVA,***.756.840-**,CPF,5000.0,1,0.001701,
15,GIOVANI CHERINI,PL,123,AUTO POSTO CIDADE JARDIM LTDA,11.342.355/0001-85,CNPJ,4992.82,17,0.001699,
15,GIOVANI CHERINI,PL,124,C. M. GOMES DE OLIVEIRA SOUZA DIGITAL LTDA,53.720.531/0001-15,CNPJ,4950.0,1,0.001684,
15,GIOVANI CHERINI,PL,125,COMERCIO DE COMBUSTIVEIS NEVOEIRO LTDA,95.425.369/0001-52,CNPJ,4923.5,22,0.001675,
15,GIOVANI CHERINI,PL,126,DANIELLE AZAMBUJA MACHADO,***.081.480-**,CPF,4500.0,1,0.001531,
15,GIOVANI CHERINI,PL,127,FELIPE GIULIANI FANTINEL,***.315.510-**,CPF,4500.0,1,0.001531,
15,GIOVANI CHERINI,PL,128,JOAO ALBERTO PEREYRA,***.235.010-**,CPF,4500.0,1,0.001531,
15,GIOVANI CHERINI,PL,129,LIRIO KUENTZER,***.731.130-**,CPF,4500.0,1,0.001531,
15,GIOVANI CHERINI,PL,130,NARDELI RAFAEL GRASSEL,***.889.670-**,CPF,4500.0,1,0.001531,
15,GIOVANI CHERINI,PL,131,MOACIR  JUNIOR SEELING ALENCAR,***.460.250-**,CPF,4300.0,1,0.001463,
15,GIOVANI CHERINI,PL,132,EVERALDO PINTO FERNANDES,***.893.000-**,CPF,4250.0,1,0.001446,
15,GIOVANI CHERINI,PL,133,TOP CLUB LOCACOES E ORGANIZACAO DE EVENTOS LTDA,33.045.363/0001-00,CNPJ,4110.0,2,0.001399,
15,GIOVANI CHERINI,PL,134,ABASTECEDORA DE COMBUSTIVEIS RIOXEL LTDA,03.358.858/0003-82,CNPJ,4016.21,19,0.001367,
15,GIOVANI CHERINI,PL,135,ALESSANDRA RASSIER BARBACHAN,***.417.690-**,CPF,4000.0,1,0.001361,
15,GIOVANI CHERINI,PL,136,AUGUSTO BOESCHE LEUCK,***.595.250-**,CPF,4000.0,1,0.001361,
15,GIOVANI CHERINI,PL,137,BRAYAN CASTRO MENDES,***.400.150-**,CPF,4000.0,1,0.001361,
15,GIOVANI CHERINI,PL,138,CASSIEL GERALDO DICK,***.702.080-**,CPF,4000.0,1,0.001361,
15,GIOVANI CHERINI,PL,139,CLENICE DE MORAES MARTINS,***.737.200-**,CPF,4000.0,1,0.001361,
15,GIOVANI CHERINI,PL,140,CRISTIANO VARGAS DE OLIVEIRA,***.267.540-**,CPF,4000.0,1,0.001361,
15,GIOVANI CHERINI,PL,141,DAVI PIRES DOS SANTOS,***.157.550-**,CPF,4000.0,1,0.001361,
15,GIOVANI CHERINI,PL,142,ELISANDRA VIEIRA RODRIGUES,***.712.760-**,CPF,4000.0,1,0.001361,
15,GIOVANI CHERINI,PL,143,FABIO WILSON MACHADO PAREDES,***.950.390-**,CPF,4000.0,1,0.001361,
15,GIOVANI CHERINI,PL,144,GIDIANE SANTOS DE JESUS CORREA,***.334.040-**,CPF,4000.0,1,0.001361,
15,GIOVANI CHERINI,PL,145,JOSE ANTONIO ZANTEDESCHI,***.880.270-**,CPF,4000.0,1,0.001361,
15,GIOVANI CHERINI,PL,146,JULIANE DE SOUZA DOS SANTOS,***.588.970-**,CPF,4000.0,1,0.001361,
15,GIOVANI CHERINI,PL,147,LUCIANO CHEROBINI,***.170.990-**,CPF,4000.0,1,0.001361,
15,GIOVANI CHERINI,PL,148,LURDES DE FATIMA CAVALHEIRO DA ROSA,***.542.960-**,CPF,4000.0,1,0.001361,
15,GIOVANI CHERINI,PL,149,MARINEZ MOREIRA,***.287.300-**,CPF,4000.0,1,0.001361,
15,GIOVANI CHERINI,PL,150,MELISSA DA SILVA SCHMITT,***.270.330-**,CPF,4000.0,1,0.001361,
15,GIOVANI CHERINI,PL,151,RODRIGO ROSA MACHADO,***.272.030-**,CPF,4000.0,1,0.001361,
15,GIOVANI CHERINI,PL,152,ROMILDA VARGAS DE OLIVEIRA,***.641.100-**,CPF,4000.0,1,0.001361,
15,GIOVANI CHERINI,PL,153,ROSEMIR DE OLIVEIRA,***.275.300-**,CPF,4000.0,1,0.001361,
15,GIOVANI CHERINI,PL,154,SILAS BRITTO FELICIANO,***.632.458-**,CPF,4000.0,1,0.001361,
15,GIOVANI CHERINI,PL,155,VALDECIR DA SILVA,***.469.690-**,CPF,4000.0,1,0.001361,
15,GIOVANI CHERINI,PL,156,VANDERLEI JOSE JUNGES PRESTES,***.141.310-**,CPF,4000.0,1,0.001361,
15,GIOVANI CHERINI,PL,157,VONEI DESIAM,***.517.410-**,CPF,4000.0,1,0.001361,
15,GIOVANI CHERINI,PL,158,EMPRESA BRASILEIRA DE CORREIOS E TELEGRAFOS,34.028.316/0001-03,CNPJ,3829.32,1,0.001303,
15,GIOVANI CHERINI,PL,159,LUIS DA SILVA PAULO,***.531.300-**,CPF,3600.0,1,0.001225,
15,GIOVANI CHERINI,PL,160,BIANCA VALERIO JUNIOR,***.654.930-**,CPF,3500.0,1,0.001191,
15,GIOVANI CHERINI,PL,161,CLAUDIO BRASIL COSTA SILVEIRA,***.460.900-**,CPF,3500.0,1,0.001191,
15,GIOVANI CHERINI,PL,162,CLAUDIOMAR SILVEIRA DA SILVA,***.396.300-**,CPF,3500.0,1,0.001191,
15,GIOVANI CHERINI,PL,163,JAQUELINE SPETH,***.491.600-**,CPF,3500.0,1,0.001191,
15,GIOVANI CHERINI,PL,164,RAFAELLA ZANOLLA SOLIMAN,***.948.660-**,CPF,3500.0,1,0.001191,
15,GIOVANI CHERINI,PL,165,RONISON RICARDO PEREIRA,***.302.310-**,CPF,3500.0,1,0.001191,
15,GIOVANI CHERINI,PL,166,TAINA OLINDA DA SILVA,***.574.610-**,CPF,3500.0,1,0.001191,
15,GIOVANI CHERINI,PL,167,VOLMAR CEZAR DA SILVA,***.351.800-**,CPF,3500.0,1,0.001191,
15,GIOVANI CHERINI,PL,168,POSTO PONTUAL COMERCIO DE COMBUSTIVEIS LTDA,18.108.615/0001-00,CNPJ,3324.64,15,0.001131,
15,GIOVANI CHERINI,PL,169,MARCELO DOS SANTOS BENDER,***.464.230-**,CPF,3300.0,1,0.001123,
15,GIOVANI CHERINI,PL,170,REGES SCHUCK,***.789.180-**,CPF,3300.0,1,0.001123,
15,GIOVANI CHERINI,PL,171,ANA PAULA NEVES SANTOS,***.332.290-**,CPF,3000.0,1,0.001021,
15,GIOVANI CHERINI,PL,172,ARILSO ALENCASTRO DA LUZ,***.965.000-**,CPF,3000.0,1,0.001021,
15,GIOVANI CHERINI,PL,173,BRUNA FRANCIELE DOS SANTOS,***.446.910-**,CPF,3000.0,1,0.001021,
15,GIOVANI CHERINI,PL,174,BRUNA MAIARA DE SIQUEIRA BORGES,***.845.280-**,CPF,3000.0,1,0.001021,
15,GIOVANI CHERINI,PL,175,BRUNO WALTER HESSE,***.628.590-**,CPF,3000.0,1,0.001021,
15,GIOVANI CHERINI,PL,176,CARLA DA SILVA DENARDI,***.227.690-**,CPF,3000.0,1,0.001021,
15,GIOVANI CHERINI,PL,177,CARLOS MACHADO DA SILVA,***.088.700-**,CPF,3000.0,1,0.001021,
15,GIOVANI CHERINI,PL,178,CIRANO ALVES VIEIRA,***.134.000-**,CPF,3000.0,1,0.001021,
15,GIOVANI CHERINI,PL,179,CLEBER SAMUEL CORNELY,***.456.300-**,CPF,3000.0,1,0.001021,
15,GIOVANI CHERINI,PL,180,CLOVIS RENRICH VEIGA,***.239.710-**,CPF,3000.0,1,0.001021,
15,GIOVANI CHERINI,PL,181,CRISTIANO VIVALDINO VERGUTZ,***.078.090-**,CPF,3000.0,1,0.001021,
15,GIOVANI CHERINI,PL,182,DELMAR FRACALOSSI,***.095.220-**,CPF,3000.0,1,0.001021,
15,GIOVANI CHERINI,PL,183,ELISETE SOARES DE BRITTES,***.720.840-**,CPF,3000.0,1,0.001021,
15,GIOVANI CHERINI,PL,184,FELIPA DE CAMPOS SOARES,***.402.250-**,CPF,3000.0,1,0.001021,
15,GIOVANI CHERINI,PL,185,FRANCIELI DOGENSKI,***.579.670-**,CPF,3000.0,1,0.001021,
15,GIOVANI CHERINI,PL,186,GABRIELE PINHEIRO VILOTTI,***.130.129-**,CPF,3000.0,1,0.001021,
15,GIOVANI CHERINI,PL,187,GILBERTO FUCHS,***.706.740-**,CPF,3000.0,1,0.001021,
15,GIOVANI CHERINI,PL,188,GILMAR ELTON ROHRIG,***.219.180-**,CPF,3000.0,1,0.001021,
15,GIOVANI CHERINI,PL,189,GUARANI SOARES RODRIGUES,***.142.800-**,CPF,3000.0,1,0.001021,
15,GIOVANI CHERINI,PL,190,INDIANARA CAMARGO,***.959.530-**,CPF,3000.0,1,0.001021,
15,GIOVANI CHERINI,PL,191,JACIR HILARIO SCHRODER,***.791.440-**,CPF,3000.0,1,0.001021,
15,GIOVANI CHERINI,PL,192,JADIR DOMINGO ANTUNES,***.636.370-**,CPF,3000.0,1,0.001021,
15,GIOVANI CHERINI,PL,193,JAIRO LOPES KUBA,***.570.230-**,CPF,3000.0,1,0.001021,
15,GIOVANI CHERINI,PL,194,JAQUELINE DO COUTO,***.485.700-**,CPF,3000.0,1,0.001021,
15,GIOVANI CHERINI,PL,195,JOAO VICTOR JARDIM CAMPOS DIAS,***.615.970-**,CPF,3000.0,1,0.001021,
15,GIOVANI CHERINI,PL,196,JOSE CERILIO LOPES DA NATIVIDADE,***.155.800-**,CPF,3000.0,1,0.001021,
15,GIOVANI CHERINI,PL,197,JULIANA APARECIDA FERREIRA CORREA,***.158.500-**,CPF,3000.0,1,0.001021,
15,GIOVANI CHERINI,PL,198,KAMILA BARCK KOVALSKI,***.605.560-**,CPF,3000.0,1,0.001021,
15,GIOVANI CHERINI,PL,199,LIDIANA AUGUSTINI BRONCA,***.500.430-**,CPF,3000.0,1,0.001021,
15,GIOVANI CHERINI,PL,200,LILIAN GARCIA DEWES,***.397.180-**,CPF,3000.0,1,0.001021,
15,GIOVANI CHERINI,PL,201,LISANDRO GERMANO GRINGS,***.628.500-**,CPF,3000.0,1,0.001021,
15,GIOVANI CHERINI,PL,202,LISIANE BRAGA DE ABREU,***.994.890-**,CPF,3000.0,1,0.001021,
15,GIOVANI CHERINI,PL,203,MARA EUGENIA DE CASTRO FIGUEIRA,***.190.300-**,CPF,3000.0,1,0.001021,
15,GIOVANI CHERINI,PL,204,MARCOS VINICIUS DENARDI DURANTE,***.864.540-**,CPF,3000.0,2,0.001021,
15,GIOVANI CHERINI,PL,205,MARIA CLECI MULLER DOS SANTOS,***.769.090-**,CPF,3000.0,1,0.001021,
15,GIOVANI CHERINI,PL,206,MARIA IZABEL PEREIRA DA SILVA TREIN,***.328.400-**,CPF,3000.0,1,0.001021,
15,GIOVANI CHERINI,PL,207,MARIO CEZAR DE OLIVEIRA,***.017.440-**,CPF,3000.0,1,0.001021,
15,GIOVANI CHERINI,PL,208,MATHEUS HENRIQUE DE MOURA,***.092.480-**,CPF,3000.0,1,0.001021,
15,GIOVANI CHERINI,PL,209,MAURI FALKEMBACH,***.467.400-**,CPF,3000.0,1,0.001021,
15,GIOVANI CHERINI,PL,210,MICHELE TERRA OLIVEIRA,***.402.790-**,CPF,3000.0,1,0.001021,
15,GIOVANI CHERINI,PL,211,PIETRO ORLANDI ROSSO,***.632.870-**,CPF,3000.0,1,0.001021,
15,GIOVANI CHERINI,PL,212,RODIMAR DE FREITAS DAME,***.872.170-**,CPF,3000.0,1,0.001021,
15,GIOVANI CHERINI,PL,213,RODRIGO JOSE BISOGNIN,***.038.690-**,CPF,3000.0,1,0.001021,
15,GIOVANI CHERINI,PL,214,ROSANE HORMAN HIRSCH,***.710.930-**,CPF,3000.0,1,0.001021,
15,GIOVANI CHERINI,PL,215,ROSI MARI MAGALHAES CARDOSO,***.961.870-**,CPF,3000.0,1,0.001021,
15,GIOVANI CHERINI,PL,216,TATIANA DISCONZI CORTEZ,***.598.160-**,CPF,3000.0,1,0.001021,
15,GIOVANI CHERINI,PL,217,VALDOCI BATISTA DE MORAIS,***.529.490-**,CPF,3000.0,1,0.001021,
15,GIOVANI CHERINI,PL,218,VERA LUCIA DOMINGUES PEREIRA,***.675.610-**,CPF,3000.0,1,0.001021,
15,GIOVANI CHERINI,PL,219,WILLIAN LOPES CORREIA,***.478.510-**,CPF,3000.0,1,0.001021,
15,GIOVANI CHERINI,PL,220,ASSOCIACAO LITERARIA SAO BOAVENTURA,88.625.181/0007-88,CNPJ,2950.0,1,0.001004,
15,GIOVANI CHERINI,PL,221,ABREU FLORES & PEREIRA LTDA,14.131.443/0001-26,CNPJ,2847.88,12,0.000969,
15,GIOVANI CHERINI,PL,222,COMERCIO DE COMBUSTIVEIS GRODERS LTDA,05.133.768/0001-57,CNPJ,2810.5,11,0.000956,
15,GIOVANI CHERINI,PL,223,GERSON UBIRAJARA MEDEIROS BITTENCOURT,***.892.600-**,CPF,2800.0,1,0.000953,
15,GIOVANI CHERINI,PL,224,PASSOGRAFIC INDUSTRIA GRAFICA E EDITORA LTDA,03.509.226/0001-00,CNPJ,2790.0,1,0.000949,
15,GIOVANI CHERINI,PL,225,COMERCIAL GROSSI DE COMBUSTIVEIS LTDA,92.647.023/0003-72,CNPJ,2756.39,16,0.000938,
15,GIOVANI CHERINI,PL,226,JOAO CARLOS QUEIROZ BONETTI NETO,46.208.878/0001-18,CNPJ,2600.0,1,0.000885,
15,GIOVANI CHERINI,PL,227,ANDERSON SILVA CABRAL,***.795.330-**,CPF,2500.0,1,0.000851,
15,GIOVANI CHERINI,PL,228,ANGELICA DE SOUZA CUNHA,***.301.320-**,CPF,2500.0,1,0.000851,
15,GIOVANI CHERINI,PL,229,CILSA DA SILVA COSTA,***.812.530-**,CPF,2500.0,1,0.000851,
15,GIOVANI CHERINI,PL,230,ENEIDA CAMARGO LANZARIN,***.394.330-**,CPF,2500.0,1,0.000851,
15,GIOVANI CHERINI,PL,231,EVERTON RIBEIRO DA SILVA,***.761.540-**,CPF,2500.0,1,0.000851,
15,GIOVANI CHERINI,PL,232,FABIO BRAZ DE OLIVEIRA,***.566.360-**,CPF,2500.0,1,0.000851,
15,GIOVANI CHERINI,PL,233,GELSI DE MOURA PUHL,***.047.400-**,CPF,2500.0,1,0.000851,
15,GIOVANI CHERINI,PL,234,IDENE DE LOURDES GIORDANI BOSCHETTI,***.035.700-**,CPF,2500.0,1,0.000851,
15,GIOVANI CHERINI,PL,235,IVONETE DA LUZ,***.795.549-**,CPF,2500.0,1,0.000851,
15,GIOVANI CHERINI,PL,236,JAIRO FATH,***.809.940-**,CPF,2500.0,1,0.000851,
15,GIOVANI CHERINI,PL,237,JANETE ZANOLLA,***.908.450-**,CPF,2500.0,1,0.000851,
15,GIOVANI CHERINI,PL,238,JORGE BOEIRA BATISTA,***.355.030-**,CPF,2500.0,1,0.000851,
15,GIOVANI CHERINI,PL,239,JOSE NEUZIR MULINARI BALEST,***.985.570-**,CPF,2500.0,1,0.000851,
15,GIOVANI CHERINI,PL,240,JUAREZ RIBEIRO,***.118.050-**,CPF,2500.0,1,0.000851,
15,GIOVANI CHERINI,PL,241,LEONARDO LUIS NEUMANN,***.621.580-**,CPF,2500.0,1,0.000851,
15,GIOVANI CHERINI,PL,242,LUCICLEIA FIGUEIREDO LODEMKARPER,***.811.103-**,CPF,2500.0,1,0.000851,
15,GIOVANI CHERINI,PL,243,MARIA DE LOURDES ANTUNES,***.462.840-**,CPF,2500.0,1,0.000851,
15,GIOVANI CHERINI,PL,244,MARIA FATIMA BOSCHETTI,***.492.900-**,CPF,2500.0,1,0.000851,
15,GIOVANI CHERINI,PL,245,MARIA LISETE HEINZMANN,***.764.370-**,CPF,2500.0,1,0.000851,
15,GIOVANI CHERINI,PL,246,MARIA MADALENA OLIVEIRA FERREIRA,***.298.260-**,CPF,2500.0,1,0.000851,
15,GIOVANI CHERINI,PL,247,MARLENE LEMES DA ROSA,***.531.330-**,CPF,2500.0,1,0.000851,
15,GIOVANI CHERINI,PL,248,MERI LUCIA DA SILVEIRA,***.938.700-**,CPF,2500.0,1,0.000851,
15,GIOVANI CHERINI,PL,249,PABLO MATHEUS PINTO DE CARVALHO,***.281.720-**,CPF,2500.0,1,0.000851,
15,GIOVANI CHERINI,PL,250,RONI RIBEIRO DA SILVA,***.837.090-**,CPF,2500.0,1,0.000851,
15,GIOVANI CHERINI,PL,251,SEVERINO DA SILVA FLORES,***.903.820-**,CPF,2500.0,1,0.000851,
15,GIOVANI CHERINI,PL,252,COMERCIAL GROSSI DE COMBUSTIVEIS LTDA,92.647.023/0001-00,CNPJ,2438.69,13,0.00083,
15,GIOVANI CHERINI,PL,253,ALDO DO AMARAL COSTA,***.766.720-**,CPF,2400.0,1,0.000817,
15,GIOVANI CHERINI,PL,254,JAIRO AUGUSTO DE MELLO BATISTA,***.411.600-**,CPF,2400.0,1,0.000817,
15,GIOVANI CHERINI,PL,255,MANOEL LUIZ RIBEIRO DE AVILA,***.118.630-**,CPF,2400.0,1,0.000817,
15,GIOVANI CHERINI,PL,256,SIMONE CRISTINA DE GASPERI,***.772.440-**,CPF,2400.0,1,0.000817,
15,GIOVANI CHERINI,PL,257,TIAGO RAFAEL PEREIRA,***.837.180-**,CPF,2400.0,1,0.000817,
15,GIOVANI CHERINI,PL,258,NATALICIO CAMARGO DOS SANTOS,***.073.000-**,CPF,2300.0,1,0.000783,
15,GIOVANI CHERINI,PL,259,DFR ANGEL LOCACOES LTDA,67.218.274/0001-22,CNPJ,2160.0,1,0.000735,
15,GIOVANI CHERINI,PL,260,68.104.929 ODAIR BERNARDES DOS SANTOS,68.104.929/0001-02,CNPJ,2000.0,1,0.000681,
15,GIOVANI CHERINI,PL,261,ADEMIR KLEIM,***.349.510-**,CPF,2000.0,1,0.000681,
15,GIOVANI CHERINI,PL,262,ADIANA BASSANEZI,***.013.030-**,CPF,2000.0,1,0.000681,
15,GIOVANI CHERINI,PL,263,AERTON LUIS MENDES GUIMARAES,***.719.600-**,CPF,2000.0,1,0.000681,
15,GIOVANI CHERINI,PL,264,ALCIONE TONET,***.278.820-**,CPF,2000.0,1,0.000681,
15,GIOVANI CHERINI,PL,265,ANA JULIA SCARMAGNAN DE OLIVEIRA,***.694.330-**,CPF,2000.0,1,0.000681,
15,GIOVANI CHERINI,PL,266,ANDRESSA MAGALHAES CARDOSO ROMEIRA,***.046.780-**,CPF,2000.0,1,0.000681,
15,GIOVANI CHERINI,PL,267,BEATRIZ DE FATIMA GUBERT,***.726.020-**,CPF,2000.0,1,0.000681,
15,GIOVANI CHERINI,PL,268,CRISTIANO KRUGER DE CAMPOS,***.397.980-**,CPF,2000.0,1,0.000681,
15,GIOVANI CHERINI,PL,269,DANIELE VIEIRA,***.418.040-**,CPF,2000.0,1,0.000681,
15,GIOVANI CHERINI,PL,270,DENISE DUTRA RIBEIRO,***.140.500-**,CPF,2000.0,1,0.000681,
15,GIOVANI CHERINI,PL,271,DIANA ISABEL KOTZ PERIUS,***.933.270-**,CPF,2000.0,1,0.000681,
15,GIOVANI CHERINI,PL,272,DILNEY DE JESUS MADRID GARRA,***.084.720-**,CPF,2000.0,1,0.000681,
15,GIOVANI CHERINI,PL,273,EDUARDA LONDERO CORREA,***.099.500-**,CPF,2000.0,1,0.000681,
15,GIOVANI CHERINI,PL,274,ELONIR SILVA DOS PASSOS SANGUINE,***.814.830-**,CPF,2000.0,1,0.000681,
15,GIOVANI CHERINI,PL,275,EMANUEL MACHADO NEVES,***.198.150-**,CPF,2000.0,1,0.000681,
15,GIOVANI CHERINI,PL,276,FRANCISCO THEOTONIO FONSECA VERZANI,***.039.140-**,CPF,2000.0,1,0.000681,
15,GIOVANI CHERINI,PL,277,JHONATA PETER DA FONSECA RAMOS,***.473.460-**,CPF,2000.0,1,0.000681,
15,GIOVANI CHERINI,PL,278,JOACIR ZEPPE,***.768.400-**,CPF,2000.0,1,0.000681,
15,GIOVANI CHERINI,PL,279,JOAO VITOR MELLER,***.065.910-**,CPF,2000.0,1,0.000681,
15,GIOVANI CHERINI,PL,280,JORGE LAERTE DE LIMA DANIEL,***.198.470-**,CPF,2000.0,1,0.000681,
15,GIOVANI CHERINI,PL,281,JULINHO MINETO,***.130.280-**,CPF,2000.0,1,0.000681,
15,GIOVANI CHERINI,PL,282,KAUANA PEREIRA,***.411.160-**,CPF,2000.0,1,0.000681,
15,GIOVANI CHERINI,PL,283,LUCIMARA ANTONIA MORANDI DAGHETTI DE LARA,***.953.320-**,CPF,2000.0,1,0.000681,
15,GIOVANI CHERINI,PL,284,LUIZ CARLOS STRAPASSON,***.671.910-**,CPF,2000.0,1,0.000681,
15,GIOVANI CHERINI,PL,285,MARCIO EDENEI BLUME WELTER,***.676.570-**,CPF,2000.0,1,0.000681,
15,GIOVANI CHERINI,PL,286,MARGARETE SALLES MULLER,***.082.240-**,CPF,2000.0,1,0.000681,
15,GIOVANI CHERINI,PL,287,MOISES MACIEL DA SILVA,***.324.270-**,CPF,2000.0,1,0.000681,
15,GIOVANI CHERINI,PL,288,PAULO FERNANDO DE MATTOS MACEDO,***.977.700-**,CPF,2000.0,1,0.000681,
15,GIOVANI CHERINI,PL,289,PAULO ROBERTO MENEGON,***.553.950-**,CPF,2000.0,1,0.000681,
15,GIOVANI CHERINI,PL,290,REGIS FABIANO CARDOSO GIL,***.499.380-**,CPF,2000.0,1,0.000681,
15,GIOVANI CHERINI,PL,291,RENATO GIACOMOLLI,***.664.100-**,CPF,2000.0,1,0.000681,
15,GIOVANI CHERINI,PL,292,RICARDO PEREIRA MOREIRA,***.356.960-**,CPF,2000.0,1,0.000681,
15,GIOVANI CHERINI,PL,293,RITA DE CASSIA DOS SANTOS PAZ,***.415.990-**,CPF,2000.0,1,0.000681,
15,GIOVANI CHERINI,PL,294,RL NET INTERNET LTDA,09.506.894/0001-60,CNPJ,2000.0,1,0.000681,
15,GIOVANI CHERINI,PL,295,ROBERTO NOTARJAGAMOS SUCHY,***.403.260-**,CPF,2000.0,1,0.000681,
15,GIOVANI CHERINI,PL,296,RODRIGO CRIST,***.447.830-**,CPF,2000.0,1,0.000681,
15,GIOVANI CHERINI,PL,297,ROSMARI ANGELA SOTTILI,***.331.920-**,CPF,2000.0,1,0.000681,
15,GIOVANI CHERINI,PL,298,RUDI DE ANDRADE,***.450.700-**,CPF,2000.0,1,0.000681,
15,GIOVANI CHERINI,PL,299,RUDIMAR CANELLO,***.104.620-**,CPF,2000.0,2,0.000681,
15,GIOVANI CHERINI,PL,300,TEREZINHA FERREIRA SOARES,***.191.680-**,CPF,2000.0,1,0.000681,
15,GIOVANI CHERINI,PL,301,TOBYAS ARTHUR LORIGIAN,***.285.520-**,CPF,2000.0,1,0.000681,
15,GIOVANI CHERINI,PL,302,VERA LUCIA NUNES DA SILVA,***.069.860-**,CPF,2000.0,1,0.000681,
15,GIOVANI CHERINI,PL,303,VITORIA BOHRER,***.213.660-**,CPF,2000.0,1,0.000681,
15,GIOVANI CHERINI,PL,304,ABASTECEDORA DE COMBUSTIVEIS VERDES MARES LTDA,90.065.103/0001-22,CNPJ,1882.55,8,0.000641,
15,GIOVANI CHERINI,PL,305,CARLOS HENRIQUE BARBOSA DA COSTA,***.399.220-**,CPF,1800.0,1,0.000613,
15,GIOVANI CHERINI,PL,306,HELLEN REGINA RIBAS DE QUADROS,***.890.070-**,CPF,1800.0,1,0.000613,
15,GIOVANI CHERINI,PL,307,JOAO NARCISO DUTRA,***.788.300-**,CPF,1800.0,1,0.000613,
15,GIOVANI CHERINI,PL,308,MARIO AMALIO TAVARES ALVES,***.591.010-**,CPF,1750.0,1,0.000595,
15,GIOVANI CHERINI,PL,309,DIEGO CARVALHO,***.167.110-**,CPF,1700.0,1,0.000578,
15,GIOVANI CHERINI,PL,310,POSTO RAVANELLO LTDA.,04.563.781/0001-83,CNPJ,1607.4,7,0.000547,
15,GIOVANI CHERINI,PL,311,BRAIANE FERREIRA CAVALHEIRO,***.826.990-**,CPF,1600.0,1,0.000544,
15,GIOVANI CHERINI,PL,312,CARLOS VENIS FERREIRA CUADROS,***.807.750-**,CPF,1600.0,1,0.000544,
15,GIOVANI CHERINI,PL,313,DIRLEIA BRESCOVIT PORTELA DA SILVA,***.715.260-**,CPF,1600.0,1,0.000544,
15,GIOVANI CHERINI,PL,314,JONATAS ELDELES DOS SANTOS VASCONCELOS,***.198.880-**,CPF,1600.0,1,0.000544,
15,GIOVANI CHERINI,PL,315,LARA TOLEDO RAEDER HENRIQUE,***.535.980-**,CPF,1600.0,1,0.000544,
15,GIOVANI CHERINI,PL,316,LUCIANA CLAUDIA ESCHER CONOGRAY,***.748.940-**,CPF,1600.0,1,0.000544,
15,GIOVANI CHERINI,PL,317,MOACIR MOREIRA,***.352.750-**,CPF,1600.0,1,0.000544,
15,GIOVANI CHERINI,PL,318,POSTO SAO SEBASTIAO LTDA,06.886.783/0001-39,CNPJ,1592.62,9,0.000542,
15,GIOVANI CHERINI,PL,319,ADELINA BORGES DOS SANTOS,***.174.640-**,CPF,1500.0,1,0.00051,
15,GIOVANI CHERINI,PL,320,ADEMAR SILVEIRA DOS SANTOS,***.986.000-**,CPF,1500.0,1,0.00051,
15,GIOVANI CHERINI,PL,321,AJAUNA LUCIANE DA SILVA BRUXEL,***.429.810-**,CPF,1500.0,1,0.00051,
15,GIOVANI CHERINI,PL,322,ANDRE LUIZ CARVALHO DE AVILA,***.041.020-**,CPF,1500.0,1,0.00051,
15,GIOVANI CHERINI,PL,323,ANDRESSA DUARTE,***.904.520-**,CPF,1500.0,1,0.00051,
15,GIOVANI CHERINI,PL,324,ANDRESSA MACEDO ARSEGO,***.904.630-**,CPF,1500.0,1,0.00051,
15,GIOVANI CHERINI,PL,325,CARLA ROSANA GOMES DE MOR,***.017.740-**,CPF,1500.0,1,0.00051,
15,GIOVANI CHERINI,PL,326,CARMEN REGINA SANCHES SOARES,***.329.460-**,CPF,1500.0,1,0.00051,
15,GIOVANI CHERINI,PL,327,CLAUDIO LUIZ SAWKA,***.163.748-**,CPF,1500.0,1,0.00051,
15,GIOVANI CHERINI,PL,328,DIULI SILVA CARDOSO,***.989.070-**,CPF,1500.0,1,0.00051,
15,GIOVANI CHERINI,PL,329,EDSON MACHADO DA SILVA,***.352.290-**,CPF,1500.0,1,0.00051,
15,GIOVANI CHERINI,PL,330,EDUARDO SERPA DE CARVALHO LIMA,***.316.508-**,CPF,1500.0,1,0.00051,
15,GIOVANI CHERINI,PL,331,ELIANE MARIA VIEIRA FERREIRA,***.603.350-**,CPF,1500.0,1,0.00051,
15,GIOVANI CHERINI,PL,332,HILARIO SOARES DOS SANTOS,***.068.860-**,CPF,1500.0,1,0.00051,
15,GIOVANI CHERINI,PL,333,JOSUE GONCALVES BUDELON,***.335.490-**,CPF,1500.0,1,0.00051,
15,GIOVANI CHERINI,PL,334,KELLY CHRYSTINI DE CAMARGO,***.854.240-**,CPF,1500.0,1,0.00051,
15,GIOVANI CHERINI,PL,335,KEMINI LAIZZA CABRAL DA SILVA,***.346.780-**,CPF,1500.0,1,0.00051,
15,GIOVANI CHERINI,PL,336,LECI DA SILVA,***.776.210-**,CPF,1500.0,1,0.00051,
15,GIOVANI CHERINI,PL,337,LORIS FRANCESCHINI,***.960.480-**,CPF,1500.0,1,0.00051,
15,GIOVANI CHERINI,PL,338,LUCIANA REICHOW,***.862.000-**,CPF,1500.0,1,0.00051,
15,GIOVANI CHERINI,PL,339,LUIS SILVANO BAPTISTA DA ROSA,***.795.770-**,CPF,1500.0,1,0.00051,Documento exibido pelo TSE não passa na verificação de dígitos
15,GIOVANI CHERINI,PL,340,MARIA LUCIA NOVAZ DE PAULA,***.940.970-**,CPF,1500.0,1,0.00051,
15,GIOVANI CHERINI,PL,341,MARIA MADALENA GROSS,***.026.320-**,CPF,1500.0,1,0.00051,
15,GIOVANI CHERINI,PL,342,MARILI SALEATE GAMBA AFNOL,***.769.140-**,CPF,1500.0,1,0.00051,
15,GIOVANI CHERINI,PL,343,MONIQUI IVANOFF BERNARDI,***.567.650-**,CPF,1500.0,1,0.00051,
15,GIOVANI CHERINI,PL,344,NEURA CRISTINA BOCCALON CAPELLARI,***.410.590-**,CPF,1500.0,1,0.00051,
15,GIOVANI CHERINI,PL,345,NORBERTO UTIGUIANO CURZEE,***.813.430-**,CPF,1500.0,1,0.00051,
15,GIOVANI CHERINI,PL,346,PATRICIA BOFF,***.293.410-**,CPF,1500.0,1,0.00051,
15,GIOVANI CHERINI,PL,347,PRISCILA SILVA DA ROSA,***.835.890-**,CPF,1500.0,1,0.00051,
15,GIOVANI CHERINI,PL,348,RAQUEL RODRIGUES DA ROCHA,***.722.830-**,CPF,1500.0,1,0.00051,
15,GIOVANI CHERINI,PL,349,VERIDIANE DE SOUZA,***.983.070-**,CPF,1500.0,1,0.00051,
15,GIOVANI CHERINI,PL,350,VICTOR MATHEUS MENDES MARIA,***.896.130-**,CPF,1500.0,1,0.00051,
15,GIOVANI CHERINI,PL,351,VITORIA MARINA TRAINOTI,***.886.370-**,CPF,1500.0,1,0.00051,
15,GIOVANI CHERINI,PL,352,DIEGO KAFER CORREA,***.341.490-**,CPF,1400.0,1,0.000476,
15,GIOVANI CHERINI,PL,353,EXXEN COMERCIO DE COMBUSTIVEIS LTDA,51.032.256/0001-11,CNPJ,1373.8,7,0.000467,
15,GIOVANI CHERINI,PL,354,POSTO DE COMBUSTIVEIS ORTOLAN LTDA,58.179.553/0001-33,CNPJ,1299.3,7,0.000442,
15,GIOVANI CHERINI,PL,355,CATIA CRISTIANE OLIVEIRA DE MOURA RIBEIRO,***.335.510-**,CPF,1250.0,1,0.000425,
15,GIOVANI CHERINI,PL,356,EVALDO FERREIRA MACHADO,***.529.950-**,CPF,1250.0,1,0.000425,
15,GIOVANI CHERINI,PL,357,MARTA REGINA FERRAZ BOEIRA,***.016.940-**,CPF,1250.0,1,0.000425,
15,GIOVANI CHERINI,PL,358,CAROLINA BERLESI GERMANO,***.740.950-**,CPF,1200.0,1,0.000408,
15,GIOVANI CHERINI,PL,359,ELLEN GABRIELA SANTOS PORTAL,***.152.110-**,CPF,1200.0,1,0.000408,
15,GIOVANI CHERINI,PL,360,LUIS ALBERTO RODRIGUES MOREIRA,***.579.900-**,CPF,1200.0,1,0.000408,
15,GIOVANI CHERINI,PL,361,MARCELO DE JESUS FARIA,***.026.920-**,CPF,1200.0,1,0.000408,
15,GIOVANI CHERINI,PL,362,MARCELO PANIS,***.475.590-**,CPF,1200.0,1,0.000408,
15,GIOVANI CHERINI,PL,363,MARCIA LUZIA LINDE,***.117.030-**,CPF,1200.0,1,0.000408,
15,GIOVANI CHERINI,PL,364,MAIL EXPRESS REPRESENTACOES POSTAIS LTDA,73.817.017/0001-00,CNPJ,1170.96,1,0.000398,
15,GIOVANI CHERINI,PL,365,ABASTECEDORA DE COMBUSTIVEIS RIOXEL LTDA,03.358.858/0002-00,CNPJ,1092.72,5,0.000372,
15,GIOVANI CHERINI,PL,366,VPS COMERCIO DE COMBUSTIVEIS LTDA,27.360.993/0001-69,CNPJ,1047.87,5,0.000357,
15,GIOVANI CHERINI,PL,367,COMERCIAL DE COMBUSTIVEIS ROSUL LTDA,89.371.058/0001-55,CNPJ,1030.88,5,0.000351,
15,GIOVANI CHERINI,PL,368,CHRISTIAN VAGNER DE MOURA,***.528.638-**,CPF,1000.0,1,0.00034,
15,GIOVANI CHERINI,PL,369,EDSON MOREIRA BRIGIDO,***.587.247-**,CPF,1000.0,1,0.00034,
15,GIOVANI CHERINI,PL,370,EDUARDA WACZUK PETZHOLD,***.051.880-**,CPF,1000.0,1,0.00034,
15,GIOVANI CHERINI,PL,371,ELITON MOREIRA,***.871.950-**,CPF,1000.0,1,0.00034,
15,GIOVANI CHERINI,PL,372,EVANDRO MUNHOS,***.461.120-**,CPF,1000.0,1,0.00034,
15,GIOVANI CHERINI,PL,373,FERNANDO GOMES DE CARVALHO,***.909.490-**,CPF,1000.0,1,0.00034,
15,GIOVANI CHERINI,PL,374,GABRIELA WINTER LEITE,***.373.680-**,CPF,1000.0,1,0.00034,
15,GIOVANI CHERINI,PL,375,GREGORY MENDES DOS SANTOS,***.879.740-**,CPF,1000.0,1,0.00034,
15,GIOVANI CHERINI,PL,376,JOCEMAR DE OLIVEIRA,***.879.170-**,CPF,1000.0,1,0.00034,
15,GIOVANI CHERINI,PL,377,JUNIOR SAMOEL SANTANA CORREA,***.362.420-**,CPF,1000.0,1,0.00034,
15,GIOVANI CHERINI,PL,378,LUIS FRANCISCO DA ROSA SALES,***.076.670-**,CPF,1000.0,1,0.00034,
15,GIOVANI CHERINI,PL,379,LUIZ CARLOS DA SILVA,***.172.030-**,CPF,1000.0,1,0.00034,
15,GIOVANI CHERINI,PL,380,MARA MENDES RODA,***.196.280-**,CPF,1000.0,1,0.00034,
15,GIOVANI CHERINI,PL,381,MARCIANE CRISTINE HAAS,***.412.340-**,CPF,1000.0,1,0.00034,
15,GIOVANI CHERINI,PL,382,MARINO DELEVATTI,***.403.060-**,CPF,1000.0,1,0.00034,
15,GIOVANI CHERINI,PL,383,MONICA FRANCIELE ALVES DE LIMA,***.373.810-**,CPF,1000.0,1,0.00034,
15,GIOVANI CHERINI,PL,384,PAOLA DA CUNHA BRUM,***.594.970-**,CPF,1000.0,1,0.00034,
15,GIOVANI CHERINI,PL,385,ROBERTO CARLOS GUGEL MACHADO,***.191.770-**,CPF,1000.0,1,0.00034,
15,GIOVANI CHERINI,PL,386,SERGIO DE QUEIROZ COUTINHO,***.220.808-**,CPF,1000.0,1,0.00034,
15,GIOVANI CHERINI,PL,387,SERGIO FERREIRA DE LIMA,***.186.020-**,CPF,1000.0,1,0.00034,
15,GIOVANI CHERINI,PL,388,VANESSA DA COSTA AGUIRRE,***.921.690-**,CPF,1000.0,1,0.00034,
15,GIOVANI CHERINI,PL,389,ROBERTO LUIZ TONIOLO JUNIOR,***.975.100-**,CPF,850.0,1,0.000289,
15,GIOVANI CHERINI,PL,390,ILSO ANTONIO FABRIS,***.723.310-**,CPF,800.0,1,0.000272,
15,GIOVANI CHERINI,PL,391,MARLI FONTOURA DA COSTA BORDINHAO,***.498.170-**,CPF,750.0,1,0.000255,
15,GIOVANI CHERINI,PL,392,RAQUIELI GARROT FLORES RODRIGUES,***.455.240-**,CPF,750.0,1,0.000255,
15,GIOVANI CHERINI,PL,393,BCR COMERCIO DE COMBUSTIVEIS LTDA,14.060.985/0002-36,CNPJ,630.75,4,0.000215,
15,GIOVANI CHERINI,PL,394,CAMILA LEITE DE OLIVEIRA,***.428.840-**,CPF,600.0,1,0.000204,
15,GIOVANI CHERINI,PL,395,VALQUIRIA REGINA ROSA OLIVEIRA LIMA,***.780.280-**,CPF,600.0,1,0.000204,
15,GIOVANI CHERINI,PL,396,"ENCARGOS FINANCEIROS, TAXAS BANCÁRIAS E/OU OP. CARTÃO DE CRÉDITO",,,554.5,14,0.000189,
15,GIOVANI CHERINI,PL,397,PATRICIA MEDEIROS GOULART,36.471.731/0001-62,CNPJ,525.0,1,0.000179,
15,GIOVANI CHERINI,PL,398,BCR COMERCIO DE COMBUSTIVEIS LTDA,14.060.985/0001-55,CNPJ,513.88,3,0.000175,
15,GIOVANI CHERINI,PL,399,ALEXANDRE SILVA DOS SANTOS,***.736.580-**,CPF,500.0,1,0.00017,
15,GIOVANI CHERINI,PL,400,ALICE DANIELE RODA,***.732.290-**,CPF,500.0,1,0.00017,
15,GIOVANI CHERINI,PL,401,ANELISE MIRANDA RODRIGUES,***.299.090-**,CPF,500.0,1,0.00017,
15,GIOVANI CHERINI,PL,402,COMERCIAL DE COMBUSTIVEIS ROSUL LTDA,89.371.058/0002-36,CNPJ,464.42,2,0.000158,
15,GIOVANI CHERINI,PL,403,VIP DOIS IRMAOS COMERCIO DE COMBUSTIVEIS LTDA,62.287.186/0001-69,CNPJ,413.83,2,0.000141,
15,GIOVANI CHERINI,PL,404,HALYSON ARIEL SLAIFER,***.364.120-**,CPF,400.0,1,0.000136,
15,GIOVANI CHERINI,PL,405,ILAMAR SOUZA NUNES,***.067.700-**,CPF,400.0,1,0.000136,
15,GIOVANI CHERINI,PL,406,LEONARDO DE ALMEIDA CARCAMO,***.782.938-**,CPF,400.0,1,0.000136,
15,GIOVANI CHERINI,PL,407,COMPANHIA ZAFFARI COMERCIO E INDUSTRIA,93.015.006/0007-09,CNPJ,388.03,1,0.000132,
15,GIOVANI CHERINI,PL,408,POSTO ROTA 386 SEBERI DERIVADOS DE PETROLEO LTDA,59.425.936/0001-07,CNPJ,151.75,1,5.2e-05,
15,GIOVANI CHERINI,PL,409,58.125.276 BERNARDO PINTO BITTENCOURT,58.125.276/0001-86,CNPJ,150.0,1,5.1e-05,
15,GIOVANI CHERINI,PL,410,VIVARTE SOLUCAO VISUAL LTDA,16.774.950/0001-03,CNPJ,150.0,1,5.1e-05,
15,GIOVANI CHERINI,PL,411,POSTO DO CLESIO LTDA,11.452.733/0001-83,CNPJ,93.8,1,3.2e-05,
15,GIOVANI CHERINI,PL,412,07.553.594 ALESSANDRO CORREA DOS SANTOS,07.553.594/0001-07,CNPJ,80.0,1,2.7e-05,
15,GIOVANI CHERINI,PL,413,AGUAS DO CENTRO LTDA,48.119.436/0001-20,CNPJ,40.0,1,1.4e-05,
16,GUSTAVO VICTORINO,Republicanos,1,AMANDA MASCARELLO TEIXEIRA,24.355.173/0001-90,CNPJ,126261.0,10,0.198837,
16,GUSTAVO VICTORINO,Republicanos,2,AUMA DESIGN & PRODUCOES LTDA,36.977.979/0001-08,CNPJ,96600.0,1,0.152127,
16,GUSTAVO VICTORINO,Republicanos,3,HL IMPRESSOES SERIGRAFICAS LTDA,00.830.914/0001-80,CNPJ,82990.0,9,0.130694,
16,GUSTAVO VICTORINO,Republicanos,4,GRAFICA E EDITORA COMUNICACAO IMPRESSA LTDA,89.840.797/0001-49,CNPJ,47885.51,15,0.075411,
16,GUSTAVO VICTORINO,Republicanos,5,RENATA ESMERALDINO SOCIEDADE INDIVIDUAL DE ADVOCACIA,52.588.762/0001-54,CNPJ,40000.0,1,0.062993,
16,GUSTAVO VICTORINO,Republicanos,6,ALOISIO DIAS,***.052.660-**,CPF,20000.0,1,0.031496,
16,GUSTAVO VICTORINO,Republicanos,7,EVERSON MAGNI DA SILVA,***.630.020-**,CPF,20000.0,1,0.031496,
16,GUSTAVO VICTORINO,Republicanos,8,KATIA JANAINA GONCALVES ESTEVES,***.714.430-**,CPF,20000.0,1,0.031496,
16,GUSTAVO VICTORINO,Republicanos,9,MARCELO ROCHA MARQUES,***.712.500-**,CPF,20000.0,1,0.031496,
16,GUSTAVO VICTORINO,Republicanos,10,MARCIO CARDOSO DA SILVA,***.472.230-**,CPF,20000.0,1,0.031496,
16,GUSTAVO VICTORINO,Republicanos,11,CONTAB SYSTEM ASSESSORIA CONTABIL E EMPRESARIAL LTDA,52.218.432/0001-77,CNPJ,15000.0,1,0.023622,
16,GUSTAVO VICTORINO,Republicanos,12,NILO LEOPOLDO HACKMANN,***.889.750-**,CPF,15000.0,1,0.023622,
16,GUSTAVO VICTORINO,Republicanos,13,CLAUDIO ROBERTO DE PINTO LAMB,***.347.900-**,CPF,10000.0,1,0.015748,
16,GUSTAVO VICTORINO,Republicanos,14,LAIRTON JAIR HEINEN,***.319.730-**,CPF,10000.0,1,0.015748,
16,GUSTAVO VICTORINO,Republicanos,15,LUCIANE MARQUES RACHE,***.431.760-**,CPF,10000.0,1,0.015748,
16,GUSTAVO VICTORINO,Republicanos,16,MARLON MOURA SILVEIRA,***.373.400-**,CPF,10000.0,1,0.015748,
16,GUSTAVO VICTORINO,Republicanos,17,MRM COMERCIO VAREJISTA DE ARTIGOS DO VESTUARIO E ACESSORIOS LTDA,21.889.007/0001-86,CNPJ,5600.0,2,0.008819,
16,GUSTAVO VICTORINO,Republicanos,18,ARTHUR GADEA,***.173.420-**,CPF,5000.0,1,0.007874,
16,GUSTAVO VICTORINO,Republicanos,19,GREICI SALAH EL BEITUNE,***.504.460-**,CPF,5000.0,1,0.007874,
16,GUSTAVO VICTORINO,Republicanos,20,GUSTAVO TOLEDO CARUS,***.379.130-**,CPF,5000.0,1,0.007874,
16,GUSTAVO VICTORINO,Republicanos,21,JULIANE DUTRA MAIDANA,***.675.420-**,CPF,5000.0,1,0.007874,
16,GUSTAVO VICTORINO,Republicanos,22,KIM NARVAZ MELLO,***.883.600-**,CPF,5000.0,1,0.007874,
16,GUSTAVO VICTORINO,Republicanos,23,LEONARDO SOARES GOMES,***.494.606-**,CPF,5000.0,1,0.007874,
16,GUSTAVO VICTORINO,Republicanos,24,LEONARDO SOUZA CONCEICAO,***.678.840-**,CPF,5000.0,1,0.007874,
16,GUSTAVO VICTORINO,Republicanos,25,MARCIA POLETTO,***.754.020-**,CPF,5000.0,1,0.007874,
16,GUSTAVO VICTORINO,Republicanos,26,MARIANA CARNEIRO SETTI,***.416.720-**,CPF,5000.0,1,0.007874,
16,GUSTAVO VICTORINO,Republicanos,27,SALETE SILVEIRA TEIXEIRA,***.842.410-**,CPF,5000.0,1,0.007874,
16,GUSTAVO VICTORINO,Republicanos,28,TAINA FERREIRA DA ROSA,***.284.100-**,CPF,3600.0,1,0.005669,
16,GUSTAVO VICTORINO,Republicanos,29,FABIANO SALOMONI FRAGA,***.644.610-**,CPF,3000.0,1,0.004724,
16,GUSTAVO VICTORINO,Republicanos,30,FABIO LEANDRO BORGES,***.961.380-**,CPF,3000.0,1,0.004724,
16,GUSTAVO VICTORINO,Republicanos,31,SILVANA BORN BARTZ,***.414.690-**,CPF,3000.0,1,0.004724,
16,GUSTAVO VICTORINO,Republicanos,32,SUELI DA SILVA ALVES,***.539.820-**,CPF,3000.0,1,0.004724,
16,GUSTAVO VICTORINO,Republicanos,33,"ELEGIS GESTAO ESTRATEGICA, CONSULTORIA E TECNOLOGIA LTDA",28.067.410/0001-79,CNPJ,54.44,1,8.6e-05,
16,GUSTAVO VICTORINO,Republicanos,34,"ENCARGOS FINANCEIROS, TAXAS BANCÁRIAS E/OU OP. CARTÃO DE CRÉDITO",,,5.0,4,8e-06,
17,JESSÉ SANGALLI,PL,1,ANS IMPRESSOES GRAFICAS LTDA.,05.677.050/0001-21,CNPJ,308906.12,90,0.377197,
17,JESSÉ SANGALLI,PL,2,AUDIO POWER SONORIZACAO LTDA,65.808.760/0001-75,CNPJ,104900.0,1,0.128091,
17,JESSÉ SANGALLI,PL,3,1000 IMPRESSOES NH LTDA,13.844.156/0001-09,CNPJ,95000.0,6,0.116002,
17,JESSÉ SANGALLI,PL,4,FACEBOOK SERVICOS ONLINE DO BRASIL LTDA.,13.347.016/0001-17,CNPJ,60270.0,2,0.073594,
17,JESSÉ SANGALLI,PL,5,POSTO DE COMBUSTIVEIS MEGA ELDORADO LTDA,37.117.016/0001-99,CNPJ,25000.0,1,0.030527,
17,JESSÉ SANGALLI,PL,6,ELEICAO 2026 LUIS ANDRE BENOITT DEPUTADO ESTADUAL,68.344.700/0001-37,CNPJ,20000.0,1,0.024421,
17,JESSÉ SANGALLI,PL,7,SUL FER COMERCIO DE FERROS LTDA,03.530.239/0001-61,CNPJ,19728.0,2,0.024089,
17,JESSÉ SANGALLI,PL,8,IGOR LEANDRO DA SILVA MILLER,***.570.780-**,CPF,10990.0,1,0.01342,
17,JESSÉ SANGALLI,PL,9,MAXSUEL DA SILVA COUTO,***.948.160-**,CPF,9000.0,1,0.01099,
17,JESSÉ SANGALLI,PL,10,SILVA AUTO PECAS LTDA,86.822.376/0001-05,CNPJ,9000.0,1,0.01099,
17,JESSÉ SANGALLI,PL,11,JAIR BARRETO,***.744.790-**,CPF,7000.0,1,0.008548,
17,JESSÉ SANGALLI,PL,12,ELEICAO 2026 JONAS RODRIGUES SILVA DEPUTADO ESTADUAL,68.344.781/0001-75,CNPJ,5000.0,1,0.006105,
17,JESSÉ SANGALLI,PL,13,GLEISON MAIA RIVA DE MOURA,***.833.320-**,CPF,4900.0,1,0.005983,
17,JESSÉ SANGALLI,PL,14,SEUBONE COMERCIO DE BONES PERSONALIZADOS LTDA,36.153.457/0001-83,CNPJ,4890.0,1,0.005971,
17,JESSÉ SANGALLI,PL,15,ASL SOM E LUZ LTDA,18.709.895/0001-01,CNPJ,3200.0,1,0.003907,
17,JESSÉ SANGALLI,PL,16,RODRIGO LEMOS DE MEDEIROS,***.003.050-**,CPF,3150.0,3,0.003846,
17,JESSÉ SANGALLI,PL,17,FUSOPAR PARAFUSOS LTDA,89.135.073/0001-02,CNPJ,2999.9,1,0.003663,
17,JESSÉ SANGALLI,PL,18,LIVIA QUARTI NOLASCO,***.480.200-**,CPF,2900.0,7,0.003541,
17,JESSÉ SANGALLI,PL,19,CRISTIAN MICHEL LOURENCO,***.863.790-**,CPF,2700.0,1,0.003297,
17,JESSÉ SANGALLI,PL,20,MARCIO MARTIM DA SILVA,***.066.820-**,CPF,2500.0,2,0.003053,
17,JESSÉ SANGALLI,PL,21,ASUN COMERCIO DE GENEROS ALIMENTICIOS LTDA,92.091.891/0035-04,CNPJ,2356.18,1,0.002877,
17,JESSÉ SANGALLI,PL,22,ISABELA VITORIA DA SILVA CRUZ,***.783.600-**,CPF,2325.0,6,0.002839,
17,JESSÉ SANGALLI,PL,23,ROSELAINE DA PAZ BELL,***.436.700-**,CPF,2250.0,6,0.002747,
17,JESSÉ SANGALLI,PL,24,64.934.074 LILYAN DANIELY FERREIRA,64.934.074/0001-88,CNPJ,2210.0,3,0.002699,
17,JESSÉ SANGALLI,PL,25,ALESSANDRA ANHAIA DA SILVA,***.964.400-**,CPF,2175.0,6,0.002656,
17,JESSÉ SANGALLI,PL,26,LUISA SILVEIRA NUNES,***.131.460-**,CPF,2175.0,6,0.002656,
17,JESSÉ SANGALLI,PL,27,SOPHIA BAYS ARGENTI,***.959.710-**,CPF,2175.0,6,0.002656,
17,JESSÉ SANGALLI,PL,28,CATIA ROSANGELA SERPA OLIVEIRA,***.613.690-**,CPF,2100.0,6,0.002564,
17,JESSÉ SANGALLI,PL,29,LAURA ELAINE GOULART DE CABRAL,***.617.640-**,CPF,2100.0,6,0.002564,
17,JESSÉ SANGALLI,PL,30,THIFANI JULIANE DA SILVA DIHELL,***.357.370-**,CPF,2080.0,3,0.00254,
17,JESSÉ SANGALLI,PL,31,VALERIA BORGES PACHECO,***.320.230-**,CPF,1995.0,3,0.002436,
17,JESSÉ SANGALLI,PL,32,NATALICIO CAMARGO DOS SANTOS,***.073.000-**,CPF,1980.0,2,0.002418,
17,JESSÉ SANGALLI,PL,33,LUCIA CAROLINA DA SILVA BORGES,***.198.690-**,CPF,1875.0,6,0.00229,
17,JESSÉ SANGALLI,PL,34,VIVIAN TATIANE SOARES,***.342.460-**,CPF,1875.0,3,0.00229,
17,JESSÉ SANGALLI,PL,35,IANCA DAMASIO PRESTES DA ROSA,***.661.330-**,CPF,1870.0,6,0.002283,
17,JESSÉ SANGALLI,PL,36,DIEISSE ROCHA DA SILVA,***.628.880-**,CPF,1800.0,3,0.002198,
17,JESSÉ SANGALLI,PL,37,MARCOS PAULO PADILHA DA SILVA,***.012.600-**,CPF,1750.0,1,0.002137,
17,JESSÉ SANGALLI,PL,38,"ELEGIS GESTAO ESTRATEGICA, CONSULTORIA E TECNOLOGIA LTDA",28.067.410/0001-79,CNPJ,1706.54,3,0.002084,
17,JESSÉ SANGALLI,PL,39,LUCAS DE OLIVEIRA DA ROSA,***.146.720-**,CPF,1700.0,3,0.002076,
17,JESSÉ SANGALLI,PL,40,GUILHERME NOGUEIRA DE OLIVEIRA,***.038.100-**,CPF,1680.0,2,0.002051,
17,JESSÉ SANGALLI,PL,41,RODRIGO RODRIGUES DOS SANTOS,***.964.680-**,CPF,1600.0,3,0.001954,
17,JESSÉ SANGALLI,PL,42,ADILSON PAZ,***.262.710-**,CPF,1560.0,2,0.001905,
17,JESSÉ SANGALLI,PL,43,ERICA LEAL SEVERO KLEIN,***.125.900-**,CPF,1560.0,2,0.001905,
17,JESSÉ SANGALLI,PL,44,MARIA EDUARDA SOARES LOPES,***.159.230-**,CPF,1550.0,5,0.001893,
17,JESSÉ SANGALLI,PL,45,DIEGO DUTRA RIEGER,***.521.080-**,CPF,1545.0,4,0.001887,
17,JESSÉ SANGALLI,PL,46,GABRYELA HUBNER BARBOZA,***.019.070-**,CPF,1545.0,6,0.001887,
17,JESSÉ SANGALLI,PL,47,MARIANA HERNANDES DE OLIVEIRA,***.440.490-**,CPF,1530.0,4,0.001868,
17,JESSÉ SANGALLI,PL,48,GABRIELA DE ALMEIDA COELHO,***.962.580-**,CPF,1500.0,1,0.001832,
17,JESSÉ SANGALLI,PL,49,THIFANI MARTINS DA SILVA,***.105.260-**,CPF,1430.0,2,0.001746,
17,JESSÉ SANGALLI,PL,50,CAROLINE DOMBROWSKI GONSIOROSKI,***.177.940-**,CPF,1400.0,3,0.00171,
17,JESSÉ SANGALLI,PL,51,THIAGO MOTTOLA CARLOS ROSA,***.881.630-**,CPF,1380.0,3,0.001685,
17,JESSÉ SANGALLI,PL,52,FURLAN COMERCIO DE FERROS E FERRAGENS LTDA,00.997.448/0001-21,CNPJ,1330.0,1,0.001624,
17,JESSÉ SANGALLI,PL,53,MARIA EDUARDA REITTER DOS SANTOS,***.594.820-**,CPF,1320.0,6,0.001612,
17,JESSÉ SANGALLI,PL,54,MARIANA APARECIDA DE SOUZA ROSA,***.783.450-**,CPF,1285.0,4,0.001569,
17,JESSÉ SANGALLI,PL,55,ALINE DE OLIVEIRA NIEDERAUER BOTELHO,***.503.490-**,CPF,1275.0,4,0.001557,
17,JESSÉ SANGALLI,PL,56,GUILHERME RODRIGUES SILVA,***.990.370-**,CPF,1260.0,2,0.001539,
17,JESSÉ SANGALLI,PL,57,NATHALIA ALDERETTE DOS SANTOS,***.139.900-**,CPF,1220.0,4,0.00149,
17,JESSÉ SANGALLI,PL,58,SIANDRA TAIS MACHADO ORTIZ,***.175.640-**,CPF,1220.0,4,0.00149,
17,JESSÉ SANGALLI,PL,59,FERNANDO TOLEDO MACHADO,***.274.830-**,CPF,1200.0,2,0.001465,
17,JESSÉ SANGALLI,PL,60,LAURA DOMBROWSKI GONSIOROSKI,***.503.800-**,CPF,1200.0,3,0.001465,
17,JESSÉ SANGALLI,PL,61,PAULO RICARDO FREITAS DA SILVA,***.523.940-**,CPF,1200.0,2,0.001465,
17,JESSÉ SANGALLI,PL,62,JHULIA DA ROSA BARBOSA,***.211.180-**,CPF,1155.0,4,0.00141,
17,JESSÉ SANGALLI,PL,63,MARIANE LACERDA DA SILVA,***.771.580-**,CPF,1125.0,4,0.001374,
17,JESSÉ SANGALLI,PL,64,FERNANDO ORNELES FARIAS,***.227.900-**,CPF,1050.0,3,0.001282,
17,JESSÉ SANGALLI,PL,65,JULIA DANIELA MARTINS DUARTE,***.111.430-**,CPF,1010.0,5,0.001233,
17,JESSÉ SANGALLI,PL,66,FELIPE BARBIAN MULLER,***.555.910-**,CPF,1000.0,2,0.001221,
17,JESSÉ SANGALLI,PL,67,KAUANI GONCALVES,***.647.840-**,CPF,1000.0,2,0.001221,
17,JESSÉ SANGALLI,PL,68,LUANA BORDIN STEINDORFF DA SILVA,***.520.640-**,CPF,1000.0,4,0.001221,
17,JESSÉ SANGALLI,PL,69,ROSEANE DE SOUZA RAMOS,***.213.250-**,CPF,1000.0,2,0.001221,
17,JESSÉ SANGALLI,PL,70,ANDRESSA LACERDA DE ARAUJO,***.421.730-**,CPF,975.0,4,0.001191,
17,JESSÉ SANGALLI,PL,71,JONATA EDUARDO ROOS,***.708.040-**,CPF,900.0,2,0.001099,
17,JESSÉ SANGALLI,PL,72,LUCIANE CAMBOIM DA SILVA,***.065.480-**,CPF,900.0,2,0.001099,
17,JESSÉ SANGALLI,PL,73,MAIURY VITORIA CAMARGO ZUGE,***.141.290-**,CPF,900.0,4,0.001099,
17,JESSÉ SANGALLI,PL,74,VITORIA LOURENCO RODRIGUES,***.593.400-**,CPF,880.0,2,0.001075,
17,JESSÉ SANGALLI,PL,75,AMANDA SOARES FONSECA,***.651.870-**,CPF,815.0,5,0.000995,
17,JESSÉ SANGALLI,PL,76,ANNE VITORIA DA SILVA ALVAREZ,***.062.500-**,CPF,795.0,5,0.000971,
17,JESSÉ SANGALLI,PL,77,KEMILLY MENDES BORBA,***.877.360-**,CPF,780.0,2,0.000952,
17,JESSÉ SANGALLI,PL,78,DEBORA SILVA CAMPOS,***.811.570-**,CPF,765.0,3,0.000934,
17,JESSÉ SANGALLI,PL,79,MARIANA PEDROSO CASAGRANDE,***.808.980-**,CPF,765.0,2,0.000934,
17,JESSÉ SANGALLI,PL,80,LAIZ FELIX PEREIRA,***.491.928-**,CPF,755.0,4,0.000922,
17,JESSÉ SANGALLI,PL,81,ANA PAULA PEREIRA,***.024.690-**,CPF,750.0,4,0.000916,
17,JESSÉ SANGALLI,PL,82,DARLEI EDERSON BARBOSA,***.634.199-**,CPF,750.0,2,0.000916,
17,JESSÉ SANGALLI,PL,83,JENIFER VITORIA DOS SANTOS VARGAS,***.731.150-**,CPF,750.0,4,0.000916,
17,JESSÉ SANGALLI,PL,84,VEPPO CIA LIMITADA,92.660.760/0001-43,CNPJ,715.3,3,0.000873,
17,JESSÉ SANGALLI,PL,85,VIVIANE TRINDADE BARBOSA,***.910.970-**,CPF,715.0,3,0.000873,
17,JESSÉ SANGALLI,PL,86,63.538.551 TAIS KERVALT ALVES PEREIRA DA SILVA,63.538.551/0001-23,CNPJ,700.0,1,0.000855,
17,JESSÉ SANGALLI,PL,87,ALINE SEHN NACONIEZMY,***.009.660-**,CPF,700.0,4,0.000855,
17,JESSÉ SANGALLI,PL,88,TAIANE PIRES GRABOLSKI,***.796.120-**,CPF,665.0,7,0.000812,
17,JESSÉ SANGALLI,PL,89,RAFAELA RODRIGUES MENDES,***.912.470-**,CPF,645.0,2,0.000788,
17,JESSÉ SANGALLI,PL,90,LETICIA SOARES LOPES,***.502.210-**,CPF,635.0,5,0.000775,
17,JESSÉ SANGALLI,PL,91,SARAH BEATRIZ SILVA SANTOS,***.282.080-**,CPF,635.0,2,0.000775,
17,JESSÉ SANGALLI,PL,92,ANDRESSA DOS SANTOS PEREIRA,***.264.140-**,CPF,600.0,1,0.000733,
17,JESSÉ SANGALLI,PL,93,CATIELE HUMBERT MARTINS,***.788.790-**,CPF,600.0,2,0.000733,
17,JESSÉ SANGALLI,PL,94,JOANA DA SILVA BORBA,***.038.390-**,CPF,600.0,1,0.000733,
17,JESSÉ SANGALLI,PL,95,LUCAS SOARES DE AGUIAR,***.557.190-**,CPF,600.0,2,0.000733,
17,JESSÉ SANGALLI,PL,96,PEDRO HENRIQUE SOARES DE AGUIAR,***.087.810-**,CPF,600.0,2,0.000733,
17,JESSÉ SANGALLI,PL,97,THEMIS RESTAURANTE LTDA.,17.435.073/0001-09,CNPJ,600.0,1,0.000733,
17,JESSÉ SANGALLI,PL,98,JULIA HIGA MACHADO,***.628.780-**,CPF,550.0,4,0.000672,
17,JESSÉ SANGALLI,PL,99,ALISSON SILVA DE SOUZA,***.324.050-**,CPF,540.0,1,0.000659,
17,JESSÉ SANGALLI,PL,100,NATHALI OLIVEIRA NUNES,***.350.820-**,CPF,530.0,5,0.000647,
17,JESSÉ SANGALLI,PL,101,KARINA DOSSIN,***.184.610-**,CPF,525.0,2,0.000641,
17,JESSÉ SANGALLI,PL,102,NICOLE ROMUALDO SANTANA,***.722.398-**,CPF,525.0,4,0.000641,
17,JESSÉ SANGALLI,PL,103,EDUARDA MEDEIROS DA ROSA,***.661.530-**,CPF,520.0,2,0.000635,
17,JESSÉ SANGALLI,PL,104,DANIEL HENRIQUE SALDANHA CAVALCANTE,***.456.500-**,CPF,500.0,1,0.000611,
17,JESSÉ SANGALLI,PL,105,LUIZA DOMBROWSKI GONSIOROSKI,***.502.370-**,CPF,500.0,1,0.000611,
17,JESSÉ SANGALLI,PL,106,ALINE PERES DA SILVA,***.727.080-**,CPF,495.0,3,0.000604,
17,JESSÉ SANGALLI,PL,107,EMANUELLE ELIAS OSIO,***.429.420-**,CPF,495.0,3,0.000604,
17,JESSÉ SANGALLI,PL,108,EMANUELLE LOPES DA COSTA,***.726.770-**,CPF,495.0,3,0.000604,
17,JESSÉ SANGALLI,PL,109,MARCIA PEDROSO,***.734.290-**,CPF,485.0,2,0.000592,
17,JESSÉ SANGALLI,PL,110,IARA DA SILVA QUEVEDO,***.162.960-**,CPF,480.0,1,0.000586,
17,JESSÉ SANGALLI,PL,111,RAFAELA DA SILVA MENEZES,***.047.070-**,CPF,480.0,2,0.000586,
17,JESSÉ SANGALLI,PL,112,ANDRESSA GUIMARAES DA LUZ,***.210.990-**,CPF,455.0,2,0.000556,
17,JESSÉ SANGALLI,PL,113,PAULA ABRUZZI PIMENTEL,***.234.160-**,CPF,455.0,2,0.000556,
17,JESSÉ SANGALLI,PL,114,SUSIELLE BORGES MORAES,***.956.840-**,CPF,455.0,2,0.000556,
17,JESSÉ SANGALLI,PL,115,AMANDA TIELLE DE SOUZA,***.079.450-**,CPF,450.0,4,0.000549,
17,JESSÉ SANGALLI,PL,116,EMANUELLE GARCIA PIRES,***.253.770-**,CPF,420.0,3,0.000513,
17,JESSÉ SANGALLI,PL,117,VANESSA DOS SANTOS MELLO,***.367.700-**,CPF,420.0,2,0.000513,
17,JESSÉ SANGALLI,PL,118,LETICIA TOMAZ DA SILVA,***.929.330-**,CPF,410.0,3,0.000501,
17,JESSÉ SANGALLI,PL,119,ELISANGELA CRUZ DA ROSA VIEIRA,***.559.900-**,CPF,400.0,1,0.000488,
17,JESSÉ SANGALLI,PL,120,MARIA EDUARDA DE LIMAS MACHADO,***.117.770-**,CPF,400.0,2,0.000488,
17,JESSÉ SANGALLI,PL,121,ROBINSON DA SILVA JUSTINIANO,***.090.710-**,CPF,400.0,1,0.000488,
17,JESSÉ SANGALLI,PL,122,YASMIM AMARAL DA ROSA,***.142.700-**,CPF,390.0,3,0.000476,
17,JESSÉ SANGALLI,PL,123,AYADNI ASSMANN DE OLIVEIRA DA SILVA,***.035.970-**,CPF,355.0,2,0.000433,
17,JESSÉ SANGALLI,PL,124,KATIUSSA RODRIGUES PRATES,***.636.340-**,CPF,355.0,3,0.000433,
17,JESSÉ SANGALLI,PL,125,LEROY MERLIN COMPANHIA BRASILEIRA DE BRICOLAGEM,01.438.784/0001-05,CNPJ,350.76,1,0.000428,
17,JESSÉ SANGALLI,PL,126,ALLICIA SOUZA PIRES,***.262.110-**,CPF,325.0,2,0.000397,
17,JESSÉ SANGALLI,PL,127,BIBIANA TAJES XAVIER,***.943.220-**,CPF,300.0,1,0.000366,
17,JESSÉ SANGALLI,PL,128,CASSIA CAROLINE PORTO RODRIGUES,***.339.500-**,CPF,300.0,2,0.000366,
17,JESSÉ SANGALLI,PL,129,ISADORA TAJES XAVIER,***.943.080-**,CPF,300.0,2,0.000366,
17,JESSÉ SANGALLI,PL,130,KAROLINE DA ROSA MILLER,***.647.700-**,CPF,300.0,6,0.000366,
17,JESSÉ SANGALLI,PL,131,FRANCIELI SANTOS DA SILVA,***.723.490-**,CPF,280.0,3,0.000342,
17,JESSÉ SANGALLI,PL,132,NATALIA PRESTES VAZ,***.338.000-**,CPF,280.0,5,0.000342,
17,JESSÉ SANGALLI,PL,133,CARLA ALESSANDRA VOGL KLEIN,***.301.760-**,CPF,260.0,1,0.000317,
17,JESSÉ SANGALLI,PL,134,AMANDA ALVES MARTINS,***.219.550-**,CPF,255.0,1,0.000311,
17,JESSÉ SANGALLI,PL,135,IASMIN ALESSANDRA HUMBERT MARTINS,***.066.520-**,CPF,240.0,1,0.000293,
17,JESSÉ SANGALLI,PL,136,EDUARDA DORNELES TEIXEIRA BERCHON,***.322.470-**,CPF,215.0,2,0.000263,
17,JESSÉ SANGALLI,PL,137,ROGER SOUZA SANTOS,***.081.020-**,CPF,200.0,1,0.000244,
17,JESSÉ SANGALLI,PL,138,THAUAN GABRYEL MOREIRA DOS SANTOS,***.119.200-**,CPF,196.12,2,0.000239,
17,JESSÉ SANGALLI,PL,139,CAROLINA GONCALVES DA SILVA,***.021.959-**,CPF,195.0,1,0.000238,
17,JESSÉ SANGALLI,PL,140,LAUREN SILVA DE SOUZA,***.823.230-**,CPF,195.0,2,0.000238,
17,JESSÉ SANGALLI,PL,141,MARIA SOPHIA STORTTI DOS SANTOS MARQUES,***.883.230-**,CPF,195.0,3,0.000238,
17,JESSÉ SANGALLI,PL,142,"ENCARGOS FINANCEIROS, TAXAS BANCÁRIAS E/OU OP. CARTÃO DE CRÉDITO",,,155.0,2,0.000189,
17,JESSÉ SANGALLI,PL,143,KEROLYN CARDOSO ALVES,***.884.070-**,CPF,150.0,2,0.000183,
17,JESSÉ SANGALLI,PL,144,HELEN ARCE DE ASSIS,***.737.400-**,CPF,140.0,3,0.000171,
17,JESSÉ SANGALLI,PL,145,KARINA FEITOSA VENTURA,***.351.341-**,CPF,130.0,1,0.000159,
17,JESSÉ SANGALLI,PL,146,MARIA EDUARDA BARBOSA PEREIRA,***.270.080-**,CPF,130.0,1,0.000159,
17,JESSÉ SANGALLI,PL,147,MIKAELA MATTOS SANTOS,***.267.810-**,CPF,130.0,2,0.000159,
17,JESSÉ SANGALLI,PL,148,THUANY AZEVEDO SILVA,***.199.790-**,CPF,130.0,1,0.000159,
17,JESSÉ SANGALLI,PL,149,VITORIA VENINA TEIXEIRA GONCALVES,***.358.390-**,CPF,130.0,1,0.000159,
17,JESSÉ SANGALLI,PL,150,HELLEN SANTOS DE OLIVEIRA,***.304.760-**,CPF,100.0,1,0.000122,
17,JESSÉ SANGALLI,PL,151,JOANA DUARTE LESNIK,***.391.570-**,CPF,100.0,1,0.000122,
17,JESSÉ SANGALLI,PL,152,FRANCIELE BANDARZ BRASIL,***.766.260-**,CPF,97.5,1,0.000119,
17,JESSÉ SANGALLI,PL,153,ERICA LIMA DA SILVA,***.682.700-**,CPF,75.0,2,9.2e-05,
17,JESSÉ SANGALLI,PL,154,MARIA HELENA CANANEA PEREIRA,***.632.820-**,CPF,75.0,2,9.2e-05,
17,JESSÉ SANGALLI,PL,155,GABRIEL MOREIRA,***.377.730-**,CPF,65.0,1,7.9e-05,
17,JESSÉ SANGALLI,PL,156,MARIA CLARA BASTOS ECHEGUREN,***.367.150-**,CPF,65.0,1,7.9e-05,
17,JESSÉ SANGALLI,PL,157,MILLENA DA SILVA SCHIRMER,***.077.660-**,CPF,65.0,1,7.9e-05,
17,JESSÉ SANGALLI,PL,158,PRISCILA RIBEIRO LOPES,***.937.450-**,CPF,65.0,1,7.9e-05,
17,JESSÉ SANGALLI,PL,159,RAYANY DA SILVA PENA PEIXOTO,***.421.440-**,CPF,65.0,1,7.9e-05,
17,JESSÉ SANGALLI,PL,160,NATHALIA MORELLE,***.466.200-**,CPF,60.0,1,7.3e-05,
18,JUVIR COSTELLA,MDB,1,MERITO CONSULTORIA EM COMUNICACAO LTDA,50.563.855/0001-07,CNPJ,230000.0,1,0.278574,
18,JUVIR COSTELLA,MDB,2,NOSCHANG ARTES GRAFICAS LTDA,07.027.856/0001-08,CNPJ,61049.0,54,0.073942,
18,JUVIR COSTELLA,MDB,3,SPEED PROMOCIONAL INDUSTRIA DE BRINDES LTDA,15.115.234/0001-51,CNPJ,50135.0,10,0.060723,
18,JUVIR COSTELLA,MDB,4,SUBLIMY PRINT LTDA,58.411.181/0001-29,CNPJ,38465.0,2,0.046588,
18,JUVIR COSTELLA,MDB,5,FACEBOOK SERVICOS ONLINE DO BRASIL LTDA.,13.347.016/0001-17,CNPJ,38077.34,6,0.046119,
18,JUVIR COSTELLA,MDB,6,AUDIO POWER SONORIZACAO LTDA,65.808.760/0001-75,CNPJ,30000.0,1,0.036336,
18,JUVIR COSTELLA,MDB,7,MILTON CAVA SOCIEDADE INDIVIDUAL DE ADVOCACIA,26.258.993/0001-90,CNPJ,20000.0,1,0.024224,
18,JUVIR COSTELLA,MDB,8,IMOBILIARIA LUZ LTDA,92.790.526/0001-30,CNPJ,11370.6,1,0.013772,
18,JUVIR COSTELLA,MDB,9,NP IMOVEIS LTDA,89.176.887/0001-87,CNPJ,11045.39,3,0.013378,
18,JUVIR COSTELLA,MDB,10,MAURICIO HANSEL AUDIO,33.738.638/0001-83,CNPJ,6500.0,1,0.007873,
18,JUVIR COSTELLA,MDB,11,ALESSANDRO ARNOLD PINHEIRO,***.171.260-**,CPF,5000.0,1,0.006056,
18,JUVIR COSTELLA,MDB,12,BIANCA MADRUGA MATTOS,***.176.320-**,CPF,5000.0,1,0.006056,
18,JUVIR COSTELLA,MDB,13,CARLA MAGDA NUNES NOVACZYK,***.066.040-**,CPF,5000.0,1,0.006056,
18,JUVIR COSTELLA,MDB,14,DANIELLE MOULHERES,***.387.810-**,CPF,5000.0,1,0.006056,
18,JUVIR COSTELLA,MDB,15,EDERSON DA ROSA THIMOTEO,***.614.630-**,CPF,5000.0,1,0.006056,
18,JUVIR COSTELLA,MDB,16,EDUARDO PEIXOTO,***.339.700-**,CPF,5000.0,1,0.006056,
18,JUVIR COSTELLA,MDB,17,ELIANE DA SILVA GRECO,***.248.740-**,CPF,5000.0,1,0.006056,
18,JUVIR COSTELLA,MDB,18,GERSON ROVISCO OLIVEIRA,***.268.160-**,CPF,5000.0,1,0.006056,
18,JUVIR COSTELLA,MDB,19,JAQUELINE DA ROSA,***.306.110-**,CPF,5000.0,1,0.006056,
18,JUVIR COSTELLA,MDB,20,LANNA CHRISTINI DOS SANTOS ZANELLA,***.808.740-**,CPF,5000.0,1,0.006056,
18,JUVIR COSTELLA,MDB,21,LUIZ CARLOS NUNES DOS SANTOS JUNIOR,***.806.570-**,CPF,5000.0,1,0.006056,
18,JUVIR COSTELLA,MDB,22,MARIA DE FATIMA RAUPP MORAES,***.181.630-**,CPF,5000.0,1,0.006056,
18,JUVIR COSTELLA,MDB,23,NARA CLAUDETE VIANA SELISTRE,***.406.500-**,CPF,5000.0,1,0.006056,
18,JUVIR COSTELLA,MDB,24,RAFAELA MIRANDA DA SILVEIRA,***.084.340-**,CPF,5000.0,1,0.006056,
18,JUVIR COSTELLA,MDB,25,RENATA DE SOUZA FALEIRO,***.276.590-**,CPF,5000.0,1,0.006056,
18,JUVIR COSTELLA,MDB,26,RODRIANE RODRIGUES LEIRIA,***.374.380-**,CPF,5000.0,1,0.006056,
18,JUVIR COSTELLA,MDB,27,TIAGO DOS SANTOS VIEIRA,***.801.810-**,CPF,5000.0,1,0.006056,
18,JUVIR COSTELLA,MDB,28,VANDERLEA SILVA DA ROSA,***.483.400-**,CPF,5000.0,1,0.006056,
18,JUVIR COSTELLA,MDB,29,VLADIMIR DA SILVA,***.859.130-**,CPF,5000.0,1,0.006056,
18,JUVIR COSTELLA,MDB,30,GRAFICA LAJEADENSE LTDA,88.057.187/0001-00,CNPJ,4198.9,5,0.005086,
18,JUVIR COSTELLA,MDB,31,AIRTON ANTONIO FONTANA,***.064.750-**,CPF,4000.0,1,0.004845,
18,JUVIR COSTELLA,MDB,32,ALAN SCHNEIDER,***.404.070-**,CPF,4000.0,1,0.004845,
18,JUVIR COSTELLA,MDB,33,ANA PAULA BALDICERA,***.326.700-**,CPF,4000.0,1,0.004845,
18,JUVIR COSTELLA,MDB,34,ANDRESA CRISTINA DE SOUZA,***.375.010-**,CPF,4000.0,1,0.004845,
18,JUVIR COSTELLA,MDB,35,ANIELI DIERINGS MOURA,***.808.850-**,CPF,4000.0,1,0.004845,
18,JUVIR COSTELLA,MDB,36,ANTONIO DE OLIVEIRA,***.417.280-**,CPF,4000.0,1,0.004845,
18,JUVIR COSTELLA,MDB,37,ARIANE PAES DA SILVA,***.633.700-**,CPF,4000.0,1,0.004845,
18,JUVIR COSTELLA,MDB,38,ARLETE DILL RAUBER,***.060.100-**,CPF,4000.0,1,0.004845,
18,JUVIR COSTELLA,MDB,39,AURI BRANDT KOCHHANN,***.702.800-**,CPF,4000.0,1,0.004845,
18,JUVIR COSTELLA,MDB,40,CARLIZE REICHEL SCHMITZ,***.516.600-**,CPF,4000.0,1,0.004845,
18,JUVIR COSTELLA,MDB,41,CARLOS ADELAR RODRIGUES DA TRINDADE,***.307.200-**,CPF,4000.0,1,0.004845,
18,JUVIR COSTELLA,MDB,42,CASSIA BAMBIL BIRMANN,***.358.970-**,CPF,4000.0,1,0.004845,
18,JUVIR COSTELLA,MDB,43,CESAR FRANCISCO SCHEIN,***.922.450-**,CPF,4000.0,1,0.004845,
18,JUVIR COSTELLA,MDB,44,CHRISTY ANGELA CALDAS MACHADO,***.461.440-**,CPF,4000.0,1,0.004845,
18,JUVIR COSTELLA,MDB,45,DIOGO CETTOLIN,***.762.170-**,CPF,4000.0,1,0.004845,
18,JUVIR COSTELLA,MDB,46,ELOIR TADEU LEAL FAGUNDES,***.999.070-**,CPF,4000.0,1,0.004845,
18,JUVIR COSTELLA,MDB,47,ERNO HEYDT,***.799.650-**,CPF,4000.0,1,0.004845,
18,JUVIR COSTELLA,MDB,48,FABIANE ARALDI GUADAGNIN,***.878.930-**,CPF,4000.0,1,0.004845,
18,JUVIR COSTELLA,MDB,49,FERNANDO NUNES,***.157.570-**,CPF,4000.0,1,0.004845,
18,JUVIR COSTELLA,MDB,50,GILBERTO BOHM,***.756.130-**,CPF,4000.0,1,0.004845,
18,JUVIR COSTELLA,MDB,51,GILVANE RAUBER FIEDLER,***.130.020-**,CPF,4000.0,1,0.004845,
18,JUVIR COSTELLA,MDB,52,GUSTAVO LARANGEIRA BERNARDES,***.222.310-**,CPF,4000.0,1,0.004845,
18,JUVIR COSTELLA,MDB,53,JACILIN PIOVESAN SALVADOR,***.949.150-**,CPF,4000.0,1,0.004845,
18,JUVIR COSTELLA,MDB,54,JANAINA ROCHA MEDEIROS,***.875.890-**,CPF,4000.0,1,0.004845,
18,JUVIR COSTELLA,MDB,55,JOVANI MACHADO DA SILVA,***.868.190-**,CPF,4000.0,1,0.004845,
18,JUVIR COSTELLA,MDB,56,KAZUZA BATISTA SILVA,***.830.110-**,CPF,4000.0,1,0.004845,
18,JUVIR COSTELLA,MDB,57,KELEN CRISTINA DOS REIS,***.022.450-**,CPF,4000.0,1,0.004845,
18,JUVIR COSTELLA,MDB,58,LUIZ FELIPPE,***.145.160-**,CPF,4000.0,1,0.004845,
18,JUVIR COSTELLA,MDB,59,MAIARA LOPES DE LIMA,***.850.690-**,CPF,4000.0,1,0.004845,
18,JUVIR COSTELLA,MDB,60,MAIDI MARLI SCHEDLER DE CARVALHO,***.819.880-**,CPF,4000.0,1,0.004845,
18,JUVIR COSTELLA,MDB,61,MARGANE HEYDT,***.226.280-**,CPF,4000.0,1,0.004845,
18,JUVIR COSTELLA,MDB,62,MARIA EDUARDA DE LIMA,***.502.840-**,CPF,4000.0,1,0.004845,
18,JUVIR COSTELLA,MDB,63,MARIA REGINA SARTORI LORENZINI,***.705.290-**,CPF,4000.0,1,0.004845,
18,JUVIR COSTELLA,MDB,64,MARIO JUNIOR LIMA DE OLIVEIRA,***.555.690-**,CPF,4000.0,1,0.004845,
18,JUVIR COSTELLA,MDB,65,MATEUS GUSTAVO DA SILVA,***.613.320-**,CPF,4000.0,1,0.004845,
18,JUVIR COSTELLA,MDB,66,NADIR LOURDES DA SILVA,***.205.190-**,CPF,4000.0,1,0.004845,
18,JUVIR COSTELLA,MDB,67,NEILA REGINA DORNELES PEREIRA,***.000.990-**,CPF,4000.0,1,0.004845,
18,JUVIR COSTELLA,MDB,68,PATRICIA DA ROCHA LUPATINI,***.225.020-**,CPF,4000.0,1,0.004845,
18,JUVIR COSTELLA,MDB,69,RENATA PORTO LEAL GONCALVES,***.949.180-**,CPF,4000.0,1,0.004845,
18,JUVIR COSTELLA,MDB,70,RONALDO ANTONIO GALSKI,***.511.480-**,CPF,4000.0,1,0.004845,
18,JUVIR COSTELLA,MDB,71,RUBEN CUSTODIO DE SOZA MERLO,***.738.810-**,CPF,4000.0,1,0.004845,
18,JUVIR COSTELLA,MDB,72,SUZI MARY GARRIDO CRUZ,***.799.580-**,CPF,4000.0,1,0.004845,
18,JUVIR COSTELLA,MDB,73,THALIA DE CASSIA DE SOUZA TASSONI,***.911.610-**,CPF,4000.0,1,0.004845,
18,JUVIR COSTELLA,MDB,74,VALERIA MACHADO BARBOSA,***.137.190-**,CPF,4000.0,1,0.004845,
18,JUVIR COSTELLA,MDB,75,VINICIUS MACHADO DA SILVA,***.275.380-**,CPF,4000.0,1,0.004845,
18,JUVIR COSTELLA,MDB,76,ZELIO TESSARO SOBRINHO,***.728.880-**,CPF,4000.0,1,0.004845,
18,JUVIR COSTELLA,MDB,77,54.576.653 MARGELE BERNARDES GONCALVES,54.576.653/0001-42,CNPJ,3000.0,1,0.003634,
18,JUVIR COSTELLA,MDB,78,BRUNA APPIO PAIM,***.825.150-**,CPF,2513.33,1,0.003044,
18,JUVIR COSTELLA,MDB,79,ALCENIO DE CAMPOS,***.913.580-**,CPF,2500.0,1,0.003028,
18,JUVIR COSTELLA,MDB,80,CAROLINE CORREA BENETTI,***.265.590-**,CPF,2500.0,1,0.003028,
18,JUVIR COSTELLA,MDB,81,DEIZE CRISTIANE LOPES ALFONSO,***.063.880-**,CPF,2500.0,1,0.003028,
18,JUVIR COSTELLA,MDB,82,EOCLIDES ANDERSON DA ROSA PEREIRA COLOMBELLI,***.120.550-**,CPF,2500.0,1,0.003028,
18,JUVIR COSTELLA,MDB,83,JOSE MADSSON SILVA RIBEIRO,***.928.143-**,CPF,2500.0,1,0.003028,
18,JUVIR COSTELLA,MDB,84,LEONCIO BARUFFI,***.699.500-**,CPF,2500.0,1,0.003028,
18,JUVIR COSTELLA,MDB,85,MARCIA REGINA ROSA DA SILVA,***.873.170-**,CPF,2500.0,1,0.003028,
18,JUVIR COSTELLA,MDB,86,MARIA HELENA DA ROSA DARONCH,***.076.610-**,CPF,2500.0,1,0.003028,
18,JUVIR COSTELLA,MDB,87,PITAGORAS RODRIGO CHIARELI ROBINSON,***.986.810-**,CPF,2500.0,1,0.003028,
18,JUVIR COSTELLA,MDB,88,SUZAMARA SILVA DA SILVA,***.671.090-**,CPF,2500.0,1,0.003028,
18,JUVIR COSTELLA,MDB,89,GLAUBER DA SILVA AVILA,***.715.250-**,CPF,2400.0,1,0.002907,
18,JUVIR COSTELLA,MDB,90,VILMA DAUINHEIMER CARDOSO,***.324.790-**,CPF,2400.0,1,0.002907,
18,JUVIR COSTELLA,MDB,91,CAMALEOA STORE INDUSTRIA E COMERCIO DE TECIDOS LTDA,64.015.582/0001-62,CNPJ,2000.0,1,0.002422,
18,JUVIR COSTELLA,MDB,92,LUANA DOS SANTOS RIETH,***.540.800-**,CPF,1600.0,1,0.001938,
18,JUVIR COSTELLA,MDB,93,MARIA HELENA DE AZEVEDO OYARZABAL,***.342.880-**,CPF,1600.0,1,0.001938,
18,JUVIR COSTELLA,MDB,94,VITORIA DOS SANTOS OLIVEIRA,***.484.100-**,CPF,1600.0,1,0.001938,
18,JUVIR COSTELLA,MDB,95,ANDREA DOS SANTOS PEREIRA,***.091.420-**,CPF,1200.0,1,0.001453,
18,JUVIR COSTELLA,MDB,96,ELIETE LOPES FLORES,***.431.660-**,CPF,1200.0,1,0.001453,
18,JUVIR COSTELLA,MDB,97,NOAL & CIA LTDA,10.739.955/0001-19,CNPJ,1080.0,3,0.001308,
18,JUVIR COSTELLA,MDB,98,SAFE2PAY INTERMEDIACAO DE NEGOCIOS LTDA,31.037.942/0001-78,CNPJ,199.75,1,0.000242,
19,LUCAS REDECKER,PSD,1,SPEED PROMOCIONAL INDUSTRIA DE BRINDES LTDA,15.115.234/0001-51,CNPJ,134400.0,3,0.070799,
19,LUCAS REDECKER,PSD,2,1000 IMPRESSOES NH LTDA,13.844.156/0001-09,CNPJ,121440.0,23,0.063972,
19,LUCAS REDECKER,PSD,3,ELEICAO 2026 NERI ANDRADE PEREIRA JUNIOR DEPUTADO ESTADUAL,68.456.122/0001-20,CNPJ,100000.0,1,0.052678,
19,LUCAS REDECKER,PSD,4,RBS - ZERO HORA EDITORA JORNALISTICA S.A.,92.821.701/0001-00,CNPJ,96302.2,2,0.05073,
19,LUCAS REDECKER,PSD,5,PANAMERICA COMUNICACOES LTDA,11.324.041/0001-50,CNPJ,81000.0,1,0.042669,
19,LUCAS REDECKER,PSD,6,VERITTAS SOLUCOES LTDA,66.127.468/0001-50,CNPJ,76600.0,2,0.040351,
19,LUCAS REDECKER,PSD,7,DIVULGACOES TG LTDA,53.984.861/0001-18,CNPJ,70000.0,1,0.036875,
19,LUCAS REDECKER,PSD,8,WILLIAM KIPPER DA SILVA,***.534.430-**,CPF,63670.0,5,0.03354,
19,LUCAS REDECKER,PSD,9,ELEICAO 2026 CESAR OLIVEIRA DE SOUZA DEPUTADO ESTADUAL,68.455.936/0001-40,CNPJ,50000.0,1,0.026339,
19,LUCAS REDECKER,PSD,10,ELEICAO 2026 CLAUDIA VIEIRA DE ARAUJO DEPUTADO ESTADUAL,68.455.860/0001-53,CNPJ,50000.0,1,0.026339,
19,LUCAS REDECKER,PSD,11,NACAO CONSULTORIA E TREINAMENTOS EM PROJETOS LTDA,07.105.949/0001-03,CNPJ,50000.0,1,0.026339,
19,LUCAS REDECKER,PSD,12,ELEICAO 2026 ANA LUIZA MOURA TAROUCO DEPUTADO ESTADUAL,68.456.246/0001-06,CNPJ,45000.0,1,0.023705,
19,LUCAS REDECKER,PSD,13,HARTMANN COMUNICACAO ESTRATEGICA LTDA,59.516.809/0001-13,CNPJ,40000.0,1,0.021071,
19,LUCAS REDECKER,PSD,14,EDITORA SCHUCH LTDA,59.820.866/0001-91,CNPJ,39750.0,12,0.02094,
19,LUCAS REDECKER,PSD,15,CARLOS ALBERTO DE ARAUJO JUNIOR,***.165.850-**,CPF,35000.0,1,0.018437,
19,LUCAS REDECKER,PSD,16,FACEBOOK SERVICOS ONLINE DO BRASIL LTDA.,13.347.016/0001-17,CNPJ,35000.0,2,0.018437,
19,LUCAS REDECKER,PSD,17,MICHAEL MAURICIO ALMEIDA DAS CHAGAS,***.513.520-**,CPF,35000.0,1,0.018437,
19,LUCAS REDECKER,PSD,18,GRUPO EDITORIAL SINOS SA,91.665.570/0001-56,CNPJ,30672.0,4,0.016157,
19,LUCAS REDECKER,PSD,19,ELEICAO 2026 ELTON ROBERTO WEBER DEPUTADO ESTADUAL,68.455.861/0001-06,CNPJ,30000.0,1,0.015803,
19,LUCAS REDECKER,PSD,20,ESSENT INOVACAO CONTABIL LTDA,25.188.538/0001-00,CNPJ,29400.0,1,0.015487,
19,LUCAS REDECKER,PSD,21,STUDIO PRINT GRAFICA E EDITORA LTDA,19.539.180/0001-02,CNPJ,25871.0,2,0.013628,
19,LUCAS REDECKER,PSD,22,DOM CARLOS PARTICIPACOES SOCIETARIAS LTDA,92.556.893/0001-74,CNPJ,23383.82,1,0.012318,
19,LUCAS REDECKER,PSD,23,58.433.444 JEFERSON LUIS ALVES LOPES,58.433.444/0001-09,CNPJ,22000.0,2,0.011589,
19,LUCAS REDECKER,PSD,24,ELEICAO 2026 DOUGLAS HENRIQUE LENZ DIESEL DEPUTADO ESTADUAL,68.454.964/0001-43,CNPJ,20000.0,1,0.010536,
19,LUCAS REDECKER,PSD,25,RENATA AGUZZOLLI PROENCA SOCIEDADE INDIVIDUAL DE ADVOCACIA,65.928.501/0001-88,CNPJ,20000.0,1,0.010536,
19,LUCAS REDECKER,PSD,26,ERICSON WILLIAN CORREA TROTT,***.953.510-**,CPF,17000.0,2,0.008955,
19,LUCAS REDECKER,PSD,27,LEOMIR MARQUES DA ROSA,***.974.660-**,CPF,16400.0,1,0.008639,
19,LUCAS REDECKER,PSD,28,LUIS GUSTAVO DOS SANTOS SOARES LTDA,31.370.106/0001-00,CNPJ,15000.0,1,0.007902,
19,LUCAS REDECKER,PSD,29,IRMAOS BARROW LTDA,12.248.157/0001-10,CNPJ,14490.0,1,0.007633,
19,LUCAS REDECKER,PSD,30,FABRICIO SOARES DA SILVA,06.149.187/0001-76,CNPJ,13184.0,8,0.006945,
19,LUCAS REDECKER,PSD,31,JORNAL REPERCUSSAO LTDA,17.376.797/0001-29,CNPJ,12059.0,1,0.006352,
19,LUCAS REDECKER,PSD,32,"KLEIN, KLEIN COMERCIO DE BRINDES LTDA",94.314.507/0001-63,CNPJ,11900.0,1,0.006269,
19,LUCAS REDECKER,PSD,33,BLACK STONE PRODUTORA LTDA,15.156.120/0001-50,CNPJ,10890.0,1,0.005737,
19,LUCAS REDECKER,PSD,34,GUSTAVO VIEIRA AZAMBUJA DESIGN LTDA,66.665.115/0001-03,CNPJ,10000.0,1,0.005268,
19,LUCAS REDECKER,PSD,35,POSTO TOPGAS COMBUSTIVEIS LTDA,33.951.031/0001-87,CNPJ,8729.65,41,0.004599,
19,LUCAS REDECKER,PSD,36,JORNAL A HORA LTDA,04.280.850/0001-41,CNPJ,8700.0,1,0.004583,
19,LUCAS REDECKER,PSD,37,49.712.885 GABRIEL THOMSEN DE FREITAS,49.712.885/0001-40,CNPJ,7500.0,1,0.003951,
19,LUCAS REDECKER,PSD,38,MARA ISABEL BLOS HEPP,***.450.780-**,CPF,7500.0,1,0.003951,
19,LUCAS REDECKER,PSD,39,DIEGO RODRIGUES MONTEIRO,***.173.460-**,CPF,7200.0,1,0.003793,
19,LUCAS REDECKER,PSD,40,ANDRE RODRIGO STREIT,***.991.620-**,CPF,7000.0,1,0.003687,
19,LUCAS REDECKER,PSD,41,ANTONIO ALTAIR PUSCHNERAT,***.664.490-**,CPF,7000.0,1,0.003687,
19,LUCAS REDECKER,PSD,42,DORMELINDO LUCAS DE MELO,***.920.610-**,CPF,7000.0,1,0.003687,
19,LUCAS REDECKER,PSD,43,IMPRESSOS SCHUCH LTDA,22.952.916/0001-84,CNPJ,6600.0,3,0.003477,
19,LUCAS REDECKER,PSD,44,IMPRESSOS CORASUL LTDA,10.454.648/0001-91,CNPJ,6290.0,1,0.003313,
19,LUCAS REDECKER,PSD,45,DIONATA OLIVEIRA DOS SANTOS,***.457.940-**,CPF,6000.0,1,0.003161,
19,LUCAS REDECKER,PSD,46,GABRIEL SEVERO PRUDENTE,***.990.620-**,CPF,6000.0,1,0.003161,
19,LUCAS REDECKER,PSD,47,LINCOLN LEANO LOPES PONTES,***.515.520-**,CPF,6000.0,1,0.003161,
19,LUCAS REDECKER,PSD,48,VGM NEGOCIOS IMOBILIARIOS LTDA,01.061.005/0001-97,CNPJ,6000.0,1,0.003161,
19,LUCAS REDECKER,PSD,49,DREGER ADMINISTRADORA DE IMOVEIS LTDA,07.221.264/0001-14,CNPJ,5900.0,1,0.003108,
19,LUCAS REDECKER,PSD,50,MORAES & TRENTIN RESTAURANTE LTDA,00.476.404/0001-56,CNPJ,5845.0,2,0.003079,
19,LUCAS REDECKER,PSD,51,GUILHERME AUGUSTO DE AZEVEDO MOURA,***.782.870-**,CPF,5500.0,1,0.002897,
19,LUCAS REDECKER,PSD,52,WON COMUNICACAO TOTAL LTDA,88.622.444/0001-00,CNPJ,5355.0,6,0.002821,
19,LUCAS REDECKER,PSD,53,TOTAL REDES DE COMUNICACOES LTDA,60.340.938/0001-82,CNPJ,5200.0,1,0.002739,
19,LUCAS REDECKER,PSD,54,EDSON MACHADO ANTUNES,***.276.650-**,CPF,5188.5,1,0.002733,
19,LUCAS REDECKER,PSD,55,LEANDRO DE ALMEIDA MONTEIRO,***.512.670-**,CPF,5170.0,1,0.002723,
19,LUCAS REDECKER,PSD,56,ANA PAULA LOVATO DUTRA,***.523.810-**,CPF,5000.0,1,0.002634,
19,LUCAS REDECKER,PSD,57,GABRIEL LIMA DOS SANTOS,***.703.610-**,CPF,5000.0,1,0.002634,
19,LUCAS REDECKER,PSD,58,LAISA JARDIM DOS SANTOS,***.937.090-**,CPF,5000.0,1,0.002634,
19,LUCAS REDECKER,PSD,59,LARISSA DIAZ PEREIRA,***.844.730-**,CPF,5000.0,1,0.002634,
19,LUCAS REDECKER,PSD,60,LETICIA DOS SANTOS,***.519.970-**,CPF,5000.0,1,0.002634,
19,LUCAS REDECKER,PSD,61,MAICON GONCALVES DE OLIVEIRA,***.178.830-**,CPF,5000.0,1,0.002634,
19,LUCAS REDECKER,PSD,62,MARIA DO ROSARIO DE SOUZA FERREIRA,***.459.110-**,CPF,5000.0,1,0.002634,
19,LUCAS REDECKER,PSD,63,MIGUEL ALBERTO STANISLOSOSKI,***.474.070-**,CPF,5000.0,1,0.002634,
19,LUCAS REDECKER,PSD,64,PAULO CESAR ROCHA ARAUJO,***.287.640-**,CPF,5000.0,1,0.002634,
19,LUCAS REDECKER,PSD,65,ROSMARI DE OLIVEIRA CORDOVA,***.540.250-**,CPF,5000.0,1,0.002634,
19,LUCAS REDECKER,PSD,66,SANDRA DIAS MACHADO,***.719.220-**,CPF,5000.0,1,0.002634,
19,LUCAS REDECKER,PSD,67,VOLMAR ADAIR AFFONSO,***.465.600-**,CPF,5000.0,1,0.002634,
19,LUCAS REDECKER,PSD,68,ELIANE BEATRIZ DE OLIVEIRA,***.553.500-**,CPF,4900.0,1,0.002581,
19,LUCAS REDECKER,PSD,69,IARA SELOMI DE FARIA BATALHA,***.876.650-**,CPF,4900.0,1,0.002581,
19,LUCAS REDECKER,PSD,70,ZILMAR MOREIRA BORGES,***.024.950-**,CPF,4900.0,1,0.002581,
19,LUCAS REDECKER,PSD,71,JESSICA DA SILVA MACHADO,***.792.260-**,CPF,4400.0,1,0.002318,
19,LUCAS REDECKER,PSD,72,GRAFICA LAJEADENSE LTDA,88.057.187/0001-00,CNPJ,4380.0,1,0.002307,
19,LUCAS REDECKER,PSD,73,LUIS CARLOS ROSA DE MESQUITA,***.059.050-**,CPF,4200.0,1,0.002212,
19,LUCAS REDECKER,PSD,74,VITOR ZOEL SILVA DE OLIVEIRA,***.036.820-**,CPF,4200.0,1,0.002212,
19,LUCAS REDECKER,PSD,75,ALVINO ROSA PEREIRA,***.369.940-**,CPF,4000.0,1,0.002107,
19,LUCAS REDECKER,PSD,76,FLAVIOMIR VIDAL,***.062.880-**,CPF,4000.0,1,0.002107,
19,LUCAS REDECKER,PSD,77,GENILDO ROGERIO BARROS DOS SANTOS,***.730.670-**,CPF,4000.0,1,0.002107,
19,LUCAS REDECKER,PSD,78,JOAREZ JOSE CUNHA DE FRAGA,***.309.300-**,CPF,4000.0,1,0.002107,
19,LUCAS REDECKER,PSD,79,JULIANO DA SILVA POMIER,***.132.560-**,CPF,4000.0,1,0.002107,
19,LUCAS REDECKER,PSD,80,MICHEL LIMA DE LIMA,***.120.960-**,CPF,4000.0,1,0.002107,
19,LUCAS REDECKER,PSD,81,SIMONE CRISTINA HEMIRICH DOS SANTOS,***.965.640-**,CPF,4000.0,1,0.002107,
19,LUCAS REDECKER,PSD,82,TATIANE CHAVES SILVEIRA,***.808.260-**,CPF,4000.0,1,0.002107,
19,LUCAS REDECKER,PSD,83,VALDIR MANUEL SOUZA DA SILVA,***.883.670-**,CPF,4000.0,1,0.002107,
19,LUCAS REDECKER,PSD,84,MAIQUEL MICHEL SALVATERRA BERGMEIER,***.070.920-**,CPF,3850.0,1,0.002028,
19,LUCAS REDECKER,PSD,85,LUANA VANESSA TASSO DA SILVA,***.163.400-**,CPF,3732.0,1,0.001966,
19,LUCAS REDECKER,PSD,86,EVALDO LEMES DOS SANTOS,***.412.280-**,CPF,3600.0,1,0.001896,
19,LUCAS REDECKER,PSD,87,CARLOS ROBERTO GOMES DOS SANTOS,***.665.000-**,CPF,3500.0,1,0.001844,
19,LUCAS REDECKER,PSD,88,INES TERESINHA VIANA DOS SANTOS,***.124.820-**,CPF,3500.0,1,0.001844,
19,LUCAS REDECKER,PSD,89,JOSE ADAIR FERREIRA DOS PASSOS,***.198.300-**,CPF,3460.0,1,0.001823,
19,LUCAS REDECKER,PSD,90,FERNANDO POESTER ALBUQUERQUE,***.614.450-**,CPF,3360.0,1,0.00177,
19,LUCAS REDECKER,PSD,91,MAGDA ESPINDOLA BIBRICH,***.225.140-**,CPF,3360.0,1,0.00177,
19,LUCAS REDECKER,PSD,92,EVELIN KACIANE NUNES,***.818.980-**,CPF,3330.0,1,0.001754,
19,LUCAS REDECKER,PSD,93,ALDA TEIXEIRA,***.218.860-**,CPF,3000.0,1,0.00158,
19,LUCAS REDECKER,PSD,94,ELEANDRO FIORAVANTE,***.716.950-**,CPF,3000.0,1,0.00158,
19,LUCAS REDECKER,PSD,95,JULIO SANTOS DA COSTA,***.285.250-**,CPF,3000.0,1,0.00158,
19,LUCAS REDECKER,PSD,96,PABLO AUGUSTO LINCK,***.119.690-**,CPF,3000.0,1,0.00158,
19,LUCAS REDECKER,PSD,97,EDUARDO DA SILVA FERNANDES LOPES,***.195.040-**,CPF,2750.0,1,0.001449,
19,LUCAS REDECKER,PSD,98,DAIANE DA SILVA MARTINS,***.110.220-**,CPF,2600.0,1,0.00137,
19,LUCAS REDECKER,PSD,99,TRANSPORTE E TURISMO KOCHENBORGER LTDA,40.903.962/0001-75,CNPJ,2560.0,1,0.001349,
19,LUCAS REDECKER,PSD,100,NILTO MACHADO GOMES,***.040.770-**,CPF,2500.0,1,0.001317,
19,LUCAS REDECKER,PSD,101,CARMIRANDA COUTINHO BENDER,***.401.340-**,CPF,2400.0,1,0.001264,
19,LUCAS REDECKER,PSD,102,ANDRE FABIANO DA COSTA,***.473.910-**,CPF,2250.0,1,0.001185,
19,LUCAS REDECKER,PSD,103,BRUNO LAUX HENTSCHEL,***.144.650-**,CPF,2250.0,1,0.001185,
19,LUCAS REDECKER,PSD,104,CLARICE DE CASTRO,***.768.400-**,CPF,2250.0,1,0.001185,
19,LUCAS REDECKER,PSD,105,CLEONICE CATARINA RODRIGUES LOPES,***.957.140-**,CPF,2250.0,1,0.001185,
19,LUCAS REDECKER,PSD,106,JULIANO LUIS DA COSTA,***.293.810-**,CPF,2250.0,1,0.001185,
19,LUCAS REDECKER,PSD,107,LETICIA DE ALMEIDA MONTEIRO,***.639.500-**,CPF,2250.0,1,0.001185,
19,LUCAS REDECKER,PSD,108,LETIELE HESPER DA SILVA,***.846.420-**,CPF,2250.0,1,0.001185,
19,LUCAS REDECKER,PSD,109,LIZANDRA DE ALMEIDA MONTEIRO,***.410.600-**,CPF,2250.0,1,0.001185,
19,LUCAS REDECKER,PSD,110,MARCIA PEREIRA,***.627.120-**,CPF,2250.0,1,0.001185,
19,LUCAS REDECKER,PSD,111,NATA RAVEL PIRES DE OLIVEIRA,***.816.670-**,CPF,2250.0,1,0.001185,
19,LUCAS REDECKER,PSD,112,NATHANIELA GOMES DA SILVA,***.405.140-**,CPF,2250.0,1,0.001185,
19,LUCAS REDECKER,PSD,113,PATRICIA RAQUEL DA SILVA,***.754.100-**,CPF,2250.0,1,0.001185,
19,LUCAS REDECKER,PSD,114,TATIANA LENCINA FERREIRA,***.886.800-**,CPF,2250.0,1,0.001185,
19,LUCAS REDECKER,PSD,115,VOLNEIR CANABARRO,***.734.340-**,CPF,2250.0,1,0.001185,
19,LUCAS REDECKER,PSD,116,ALEX SANDER DA SILVA,***.716.330-**,CPF,2000.0,1,0.001054,
19,LUCAS REDECKER,PSD,117,ANDREA CARINE SELISTRE DE LIMA,***.747.370-**,CPF,2000.0,1,0.001054,
19,LUCAS REDECKER,PSD,118,EMERSON LUMERTZ SODRE,***.645.240-**,CPF,2000.0,1,0.001054,
19,LUCAS REDECKER,PSD,119,EVERTON JOSIAS DOS SANTOS,***.902.760-**,CPF,2000.0,1,0.001054,
19,LUCAS REDECKER,PSD,120,GILMAR KOCH,***.929.170-**,CPF,2000.0,1,0.001054,
19,LUCAS REDECKER,PSD,121,KEMILLY EMANUELLY RIBEIRO VIDAL,***.626.410-**,CPF,2000.0,1,0.001054,
19,LUCAS REDECKER,PSD,122,LAURA MARTINS BEDINOT,***.635.090-**,CPF,2000.0,1,0.001054,
19,LUCAS REDECKER,PSD,123,LUIZ FERNANDO SCHUTT,***.912.820-**,CPF,2000.0,1,0.001054,
19,LUCAS REDECKER,PSD,124,MARCIO SCHARDOSIM BROCCA,***.471.600-**,CPF,2000.0,1,0.001054,
19,LUCAS REDECKER,PSD,125,MARIA DE LURDES SOUZA RISSA,***.128.300-**,CPF,2000.0,1,0.001054,
19,LUCAS REDECKER,PSD,126,SABRINA TONELLI,***.792.530-**,CPF,2000.0,1,0.001054,
19,LUCAS REDECKER,PSD,127,SARA MARIA FERREIRA CARLOS,***.734.790-**,CPF,2000.0,1,0.001054,
19,LUCAS REDECKER,PSD,128,STEFANI DA SILVA ROLDAO,***.583.280-**,CPF,2000.0,1,0.001054,
19,LUCAS REDECKER,PSD,129,SUSANE MARGARETE MATTE,***.990.690-**,CPF,2000.0,1,0.001054,
19,LUCAS REDECKER,PSD,130,TAMIRES MONTEIRO ALBINO,***.013.700-**,CPF,2000.0,1,0.001054,
19,LUCAS REDECKER,PSD,131,THALYTA MIRIAM DUARTE HEBERLE,***.210.140-**,CPF,2000.0,1,0.001054,
19,LUCAS REDECKER,PSD,132,VIVIANE DAGMAR DA SILVEIRA SANTOS,***.235.580-**,CPF,2000.0,1,0.001054,
19,LUCAS REDECKER,PSD,133,CARLA PATRICIA MACHADO,***.465.210-**,CPF,1800.0,1,0.000948,
19,LUCAS REDECKER,PSD,134,EVELINE CAUZZO BADKE NEGRINI,***.416.910-**,CPF,1800.0,1,0.000948,
19,LUCAS REDECKER,PSD,135,GISLAINE GONCALVES SOARES,***.408.380-**,CPF,1800.0,1,0.000948,
19,LUCAS REDECKER,PSD,136,JACKSON GOTTARDI RIGOTTI,***.667.000-**,CPF,1800.0,1,0.000948,
19,LUCAS REDECKER,PSD,137,JAQUELINE FERNANDES DA ROSA,***.668.860-**,CPF,1800.0,1,0.000948,
19,LUCAS REDECKER,PSD,138,LAIANA QUILES DOS SANTOS,***.616.660-**,CPF,1800.0,1,0.000948,
19,LUCAS REDECKER,PSD,139,RODOLFO DE JESUS DUTRA,***.342.250-**,CPF,1800.0,1,0.000948,
19,LUCAS REDECKER,PSD,140,VERONICA MAZZINE PICHININ,***.474.350-**,CPF,1800.0,1,0.000948,
19,LUCAS REDECKER,PSD,141,BRUNA APARECIDA SOARES DA LUZ,***.162.770-**,CPF,1750.0,1,0.000922,
19,LUCAS REDECKER,PSD,142,CINTIA DE BORBA MELO,***.573.770-**,CPF,1750.0,1,0.000922,
19,LUCAS REDECKER,PSD,143,DAIANE MARTINS SENGER,***.611.140-**,CPF,1750.0,1,0.000922,
19,LUCAS REDECKER,PSD,144,ELISANGELA JARDIM,***.297.500-**,CPF,1750.0,1,0.000922,
19,LUCAS REDECKER,PSD,145,ELIZANDRO QUADROS DA SILVEIRA,***.627.220-**,CPF,1750.0,1,0.000922,
19,LUCAS REDECKER,PSD,146,JAQUELINE DE SOUZA MUNARI,***.686.890-**,CPF,1750.0,1,0.000922,
19,LUCAS REDECKER,PSD,147,RAFAEL DA SILVA CEZAR,***.737.220-**,CPF,1750.0,1,0.000922,
19,LUCAS REDECKER,PSD,148,SILVANA CASTRO ALVES,***.279.580-**,CPF,1750.0,1,0.000922,
19,LUCAS REDECKER,PSD,149,SOLANGE DE SOUZA MUNARI,***.994.490-**,CPF,1750.0,1,0.000922,
19,LUCAS REDECKER,PSD,150,TAISA APARECIDA GLUCK,***.161.010-**,CPF,1734.0,1,0.000913,
19,LUCAS REDECKER,PSD,151,PRIME SISTEMAS DE SEGURANCA LTDA,14.628.327/0001-17,CNPJ,1700.0,1,0.000896,
19,LUCAS REDECKER,PSD,152,ADEMAR LUIS DULLIUS,***.388.600-**,CPF,1600.0,1,0.000843,
19,LUCAS REDECKER,PSD,153,DIONATA FONSECA DE OLIVEIRA,***.940.290-**,CPF,1600.0,1,0.000843,
19,LUCAS REDECKER,PSD,154,EMILLY PEREIRA TRINDADE,***.132.990-**,CPF,1600.0,1,0.000843,
19,LUCAS REDECKER,PSD,155,GLADIMIR ROGERIO ERAZABA DOS SANTOS,***.798.680-**,CPF,1600.0,1,0.000843,
19,LUCAS REDECKER,PSD,156,MARIA ISABEL BANDEIRA SCHAUSSARD BRITO,***.811.180-**,CPF,1600.0,1,0.000843,
19,LUCAS REDECKER,PSD,157,MARIA TEREZINHA DOS SANTOS COSTA,***.242.800-**,CPF,1600.0,1,0.000843,
19,LUCAS REDECKER,PSD,158,MOISES LEMOS MACHADO,***.175.820-**,CPF,1600.0,1,0.000843,
19,LUCAS REDECKER,PSD,159,PAULO RICARDO DA SILVA,***.100.420-**,CPF,1600.0,1,0.000843,
19,LUCAS REDECKER,PSD,160,RAUANY YASMIN MATTE MACHADO,***.375.090-**,CPF,1600.0,1,0.000843,
19,LUCAS REDECKER,PSD,161,SABRINA ROANA SUPPI FREITAS,***.208.350-**,CPF,1600.0,1,0.000843,
19,LUCAS REDECKER,PSD,162,VERIDIANA SAME FORTUNATO MOLINA,***.434.200-**,CPF,1600.0,1,0.000843,
19,LUCAS REDECKER,PSD,163,ZILA FRAGA DOS SANTOS,***.949.650-**,CPF,1600.0,1,0.000843,
19,LUCAS REDECKER,PSD,164,CARLOS ALBERTO KERN AZEVEDO,***.131.310-**,CPF,1500.0,1,0.00079,
19,LUCAS REDECKER,PSD,165,ERNANDES NUNES XAVIER,***.977.420-**,CPF,1500.0,1,0.00079,
19,LUCAS REDECKER,PSD,166,RUAN PATRICK SANTOS FOGACA,***.970.010-**,CPF,1500.0,1,0.00079,
19,LUCAS REDECKER,PSD,167,SARAH DE SOUZA DA SILVA,***.626.420-**,CPF,1400.0,1,0.000737,
19,LUCAS REDECKER,PSD,168,GABRIEL ROMANO JACOBS,***.071.140-**,CPF,1200.0,1,0.000632,
19,LUCAS REDECKER,PSD,169,MOUTINHO & CIA LTDA,89.614.101/0001-66,CNPJ,1200.0,1,0.000632,
19,LUCAS REDECKER,PSD,170,NEW COMERCIO DE PRODUTOS GRAFICOS LTDA,08.436.415/0001-14,CNPJ,1095.5,2,0.000577,
19,LUCAS REDECKER,PSD,171,CARLOS ALBERTO DE ALMEIDA,***.748.850-**,CPF,1050.0,1,0.000553,
19,LUCAS REDECKER,PSD,172,BRUNA FLORES MAZZOTTI DURAO,***.920.590-**,CPF,1000.0,1,0.000527,
19,LUCAS REDECKER,PSD,173,RESTAURANTE LENIR DINIZ LTDA,63.589.635/0001-96,CNPJ,800.24,1,0.000422,
19,LUCAS REDECKER,PSD,174,MARIA JULIA CARVALHO DOS SANTOS,***.191.650-**,CPF,700.0,1,0.000369,
19,LUCAS REDECKER,PSD,175,RODRIGO LEONARDO BRUNES,***.257.230-**,CPF,520.0,1,0.000274,
19,LUCAS REDECKER,PSD,176,RESTAURANTE FIRENZE NH LTDA,51.226.016/0001-58,CNPJ,382.8,1,0.000202,
19,LUCAS REDECKER,PSD,177,LEONIDA DOS SANTOS,***.481.690-**,CPF,350.0,1,0.000184,
19,LUCAS REDECKER,PSD,178,ODILIA MARIA DE QUADROS MACHADO,***.523.970-**,CPF,200.0,1,0.000105,
19,LUCAS REDECKER,PSD,179,"ENCARGOS FINANCEIROS, TAXAS BANCÁRIAS E/OU OP. CARTÃO DE CRÉDITO",,,86.2,11,4.5e-05,
19,LUCAS REDECKER,PSD,180,VEPPO CIA LIMITADA,92.660.760/0001-43,CNPJ,81.1,1,4.3e-05,
20,MARCELO MORAES,PL,1,L3 MIDIA VISUAL LTDA,13.089.579/0001-52,CNPJ,130989.0,1,0.187295,
20,MARCELO MORAES,PL,2,LOCALIZA RENT A CAR SA,16.670.085/0001-55,CNPJ,69467.6,6,0.099329,
20,MARCELO MORAES,PL,3,ALV MARKETING E PERFORMANCE LTDA,66.553.700/0001-11,CNPJ,29000.0,2,0.041466,
20,MARCELO MORAES,PL,4,DLOCAL BRASIL INSTITUICAO DE PAGAMENTO S.A.,25.021.356/0001-32,CNPJ,21000.0,3,0.030027,
20,MARCELO MORAES,PL,5,JOSEVAN SOVERAL FERREIRA,***.922.390-**,CPF,20000.0,1,0.028597,
20,MARCELO MORAES,PL,6,PAULO JOSE REICHERT,***.579.190-**,CPF,20000.0,1,0.028597,
20,MARCELO MORAES,PL,7,ELEICAO 2026 GRAZIELE DE CAMARGO DEPUTADO ESTADUAL,68.344.689/0001-05,CNPJ,18000.0,1,0.025737,
20,MARCELO MORAES,PL,8,TRACO PRODUCOES GRAFICAS LTDA,07.279.542/0001-94,CNPJ,13050.0,1,0.01866,
20,MARCELO MORAES,PL,9,COMERCIAL DE COMBUSTIVEIS CIDRA LTDA,01.403.938/0001-15,CNPJ,10690.05,2,0.015285,
20,MARCELO MORAES,PL,10,BOA ENERGIA CONSULTORIA LTDA,52.600.710/0001-56,CNPJ,10000.0,1,0.014299,
20,MARCELO MORAES,PL,11,FACEBOOK SERVICOS ONLINE DO BRASIL LTDA.,13.347.016/0001-17,CNPJ,10000.0,2,0.014299,
20,MARCELO MORAES,PL,12,GICELDA VALENTE,***.388.350-**,CPF,8500.0,1,0.012154,
20,MARCELO MORAES,PL,13,ARI ANGELO BAGATINI,***.050.940-**,CPF,8000.0,1,0.011439,
20,MARCELO MORAES,PL,14,JUAREZ ROSTELLATO MARIN,***.706.460-**,CPF,8000.0,1,0.011439,
20,MARCELO MORAES,PL,15,ALEX SANDRO PRADO DOS SANTOS,***.717.020-**,CPF,7000.0,1,0.010009,
20,MARCELO MORAES,PL,16,ANGELITA SOARES BOTELHO,***.235.020-**,CPF,7000.0,1,0.010009,
20,MARCELO MORAES,PL,17,LOIVO DA SILVA,***.876.040-**,CPF,7000.0,1,0.010009,
20,MARCELO MORAES,PL,18,GAZETA DO SUL S/A -  EM RECUPERACAO JUDICIAL,95.424.834/0001-30,CNPJ,6300.0,1,0.009008,
20,MARCELO MORAES,PL,19,50.540.110 IGOR FREITAS GARCIA,50.540.110/0001-14,CNPJ,6250.0,1,0.008937,
20,MARCELO MORAES,PL,20,EDINA CAVALLI FERRARI,***.183.790-**,CPF,6000.0,1,0.008579,
20,MARCELO MORAES,PL,21,INGOLF JOSE JACOB KALTBACH,***.732.120-**,CPF,6000.0,1,0.008579,
20,MARCELO MORAES,PL,22,RAFAEL DECAVATA PEREIRA,***.573.170-**,CPF,6000.0,1,0.008579,
20,MARCELO MORAES,PL,23,JOAO VALDIR NUNES GARCIA,***.777.320-**,CPF,5800.0,1,0.008293,
20,MARCELO MORAES,PL,24,ILDOMAR HENKER,***.493.100-**,CPF,5600.0,1,0.008007,
20,MARCELO MORAES,PL,25,ELEICAO 2026 JOEL DE OLIVEIRA RIBEIRO DEPUTADO ESTADUAL,68.344.687/0001-16,CNPJ,5000.0,1,0.007149,
20,MARCELO MORAES,PL,26,ELEICAO 2026 NADIA RODRIGUES SILVEIRA GERHARD DEPUTADO ESTADUAL,68.345.629/0001-07,CNPJ,5000.0,1,0.007149,
20,MARCELO MORAES,PL,27,JOAO EDUARDO VIANA,***.169.280-**,CPF,5000.0,1,0.007149,
20,MARCELO MORAES,PL,28,POSTO DE COMBUSTIVEIS DAL RI LTDA.,08.824.904/0001-43,CNPJ,4548.59,3,0.006504,
20,MARCELO MORAES,PL,29,PELICULA VIDEO DESIGN LTDA,08.578.317/0001-11,CNPJ,4200.0,1,0.006005,
20,MARCELO MORAES,PL,30,32.732.701 ANA CAROLINA VITALIS DOS SANTOS,32.732.701/0001-01,CNPJ,4000.0,1,0.005719,
20,MARCELO MORAES,PL,31,CAMILA DOS SANTOS,***.888.500-**,CPF,4000.0,1,0.005719,
20,MARCELO MORAES,PL,32,ROMEU SANDRO DOS SANTOS NUNES,***.173.540-**,CPF,4000.0,1,0.005719,
20,MARCELO MORAES,PL,33,GNS EVENTOS E LOCACAO LTDA,50.142.401/0001-54,CNPJ,3740.0,1,0.005348,
20,MARCELO MORAES,PL,34,LEANDRO MACHADO KOSBI,***.646.300-**,CPF,3300.0,1,0.004719,
20,MARCELO MORAES,PL,35,IZOLDA CALDAS ACOSTA,***.765.160-**,CPF,3200.0,1,0.004576,
20,MARCELO MORAES,PL,36,LUCIANO LUDVIG DALCIN,***.875.530-**,CPF,3000.0,1,0.00429,
20,MARCELO MORAES,PL,37,RUBEN JOAS PIRES DA SILVEIRA,***.712.420-**,CPF,3000.0,1,0.00429,
20,MARCELO MORAES,PL,38,VANDERLUIZ GOMES,***.846.510-**,CPF,3000.0,1,0.00429,
20,MARCELO MORAES,PL,39,ABASTECEDORA DE COMBUSTIVEIS T W LTDA,00.110.559/0002-55,CNPJ,2916.29,1,0.00417,
20,MARCELO MORAES,PL,40,GILDA MARIA DUTRA DE AVILA,***.426.730-**,CPF,2800.0,1,0.004004,
20,MARCELO MORAES,PL,41,MARIA DE FATIMA TEIXEIRA DIAS DA COSTA,***.788.500-**,CPF,2800.0,1,0.004004,
20,MARCELO MORAES,PL,42,JAIR BATISTA CARVALHO,***.232.950-**,CPF,2750.0,1,0.003932,
20,MARCELO MORAES,PL,43,CRISTIAN RODRIGUES DA TRINDADE,***.276.770-**,CPF,2640.0,2,0.003775,
20,MARCELO MORAES,PL,44,WALTER SCHWINN,***.715.950-**,CPF,2500.0,1,0.003575,
20,MARCELO MORAES,PL,45,SAP 7 COMERCIO DE COMBUSTIVEIS LTDA,30.288.733/0001-34,CNPJ,2396.82,2,0.003427,
20,MARCELO MORAES,PL,46,KETLIN DOS SANTOS PEREIRA,***.579.030-**,CPF,2200.0,1,0.003146,
20,MARCELO MORAES,PL,47,MOACYR ROCHA DISTRIBUIDORA LTDA,01.607.284/0001-41,CNPJ,2100.74,1,0.003004,
20,MARCELO MORAES,PL,48,ANTONIO VALDIR DA SILVA,***.795.410-**,CPF,2000.0,1,0.00286,
20,MARCELO MORAES,PL,49,DAIANE PINHEIRO FREITAS,***.597.670-**,CPF,2000.0,1,0.00286,
20,MARCELO MORAES,PL,50,RONI VIEIRA DA ROSA,***.131.300-**,CPF,2000.0,1,0.00286,
20,MARCELO MORAES,PL,51,ABASTECEDORA CAVALLERI LTDA,01.867.395/0001-97,CNPJ,1858.72,1,0.002658,
20,MARCELO MORAES,PL,52,VALDEMAR RICARDO NEUSCHRANK,***.305.230-**,CPF,1850.0,1,0.002645,
20,MARCELO MORAES,PL,53,EVELYM NUNES MACHADO,***.667.620-**,CPF,1833.34,2,0.002621,
20,MARCELO MORAES,PL,54,ANA GIOVANAZ,***.532.160-**,CPF,1800.0,1,0.002574,
20,MARCELO MORAES,PL,55,MILENE NEVES PIRES,***.107.140-**,CPF,1666.66,1,0.002383,
20,MARCELO MORAES,PL,56,MARCELINO JOSE REGINATO,***.219.400-**,CPF,1600.0,1,0.002288,
20,MARCELO MORAES,PL,57,TAMILES PEREIRA DOS SANTOS,***.183.310-**,CPF,1600.0,1,0.002288,
20,MARCELO MORAES,PL,58,ANDRES MOTA DE LIMA,***.560.600-**,CPF,1560.0,1,0.002231,
20,MARCELO MORAES,PL,59,CHRISTIANE VIEIRA DA SILVA,***.585.820-**,CPF,1560.0,1,0.002231,
20,MARCELO MORAES,PL,60,TELMO LUIZ SCHEMES,***.110.300-**,CPF,1560.0,1,0.002231,
20,MARCELO MORAES,PL,61,ANDERSON FABIANO DE SOUZA,***.839.270-**,CPF,1500.0,1,0.002145,
20,MARCELO MORAES,PL,62,GERMANO AUGUSTO PETERSEN,***.779.190-**,CPF,1500.0,1,0.002145,
20,MARCELO MORAES,PL,63,JOAO DANIEL DUARTE ROCKENBACH,***.251.290-**,CPF,1500.0,1,0.002145,
20,MARCELO MORAES,PL,64,LUCIANO COSTA ARGOUT,***.682.890-**,CPF,1500.0,1,0.002145,
20,MARCELO MORAES,PL,65,MAICOL JUNIOR BECKER,***.738.040-**,CPF,1500.0,1,0.002145,
20,MARCELO MORAES,PL,66,MONICA TERESINHA MALLMANN,***.511.239-**,CPF,1500.0,1,0.002145,
20,MARCELO MORAES,PL,67,OVIDIO DELAIR CANDIDO,***.625.140-**,CPF,1500.0,1,0.002145,
20,MARCELO MORAES,PL,68,ROSELI JAEGER,***.238.790-**,CPF,1500.0,1,0.002145,
20,MARCELO MORAES,PL,69,TOPSIGN IMPRESSAO DIGITAL LTDA,03.730.938/0001-55,CNPJ,1500.0,1,0.002145,
20,MARCELO MORAES,PL,70,JENNIFER SELAU AQUINO,***.049.440-**,CPF,1320.0,1,0.001887,
20,MARCELO MORAES,PL,71,LEONARDO GIULIANO ACOSTA MARTINS,***.812.810-**,CPF,1320.0,1,0.001887,
20,MARCELO MORAES,PL,72,LETICIA SIQUEIRA SMOLARKI,***.839.780-**,CPF,1320.0,1,0.001887,
20,MARCELO MORAES,PL,73,LISIANE SAIONARA SILVEIRA CRESCENCIO,***.587.060-**,CPF,1320.0,1,0.001887,
20,MARCELO MORAES,PL,74,MARIA DOLAIR AGUIAR DOS REIS,***.367.360-**,CPF,1320.0,1,0.001887,
20,MARCELO MORAES,PL,75,TIZIANA FERREIRA SCHEMES,***.339.530-**,CPF,1320.0,1,0.001887,
20,MARCELO MORAES,PL,76,ALTEMAR CASTRO QUINHONES,***.906.820-**,CPF,1200.0,1,0.001716,
20,MARCELO MORAES,PL,77,ANA APARECIDA DOS SANTOS KUTER,***.373.310-**,CPF,1200.0,1,0.001716,
20,MARCELO MORAES,PL,78,BIANCA BITENCOURT ALVES,***.536.690-**,CPF,1200.0,1,0.001716,
20,MARCELO MORAES,PL,79,ENI JAHNKE DA SILVEIRA,***.856.120-**,CPF,1200.0,1,0.001716,
20,MARCELO MORAES,PL,80,GREICE KELLI RODRIGUES PINHEIRO,***.134.870-**,CPF,1200.0,1,0.001716,
20,MARCELO MORAES,PL,81,JANETE ESPIRING MARON,***.895.170-**,CPF,1200.0,1,0.001716,
20,MARCELO MORAES,PL,82,KEMILY DJULIANA PEREIRA OLIVEIRA,***.387.610-**,CPF,1200.0,1,0.001716,
20,MARCELO MORAES,PL,83,LEANDRA GARCIA DE VARGAS,***.379.950-**,CPF,1200.0,1,0.001716,
20,MARCELO MORAES,PL,84,LEE CEZARY PINHEIRO GONÇALVES,***.772.190-**,CPF,1200.0,1,0.001716,
20,MARCELO MORAES,PL,85,LUCILIA MARTINS BASTOS,***.515.269-**,CPF,1200.0,1,0.001716,
20,MARCELO MORAES,PL,86,LUIS CLAUDIO LONGARAY BOEIRA,***.496.620-**,CPF,1200.0,1,0.001716,
20,MARCELO MORAES,PL,87,MAIRA JANINE BERENS LAMBE,***.728.510-**,CPF,1200.0,1,0.001716,
20,MARCELO MORAES,PL,88,MARA NUBIA PEREIRA PACHECO,***.663.430-**,CPF,1200.0,1,0.001716,
20,MARCELO MORAES,PL,89,MARA REGINA DOS SANTOS DA SILVA,***.372.140-**,CPF,1200.0,1,0.001716,
20,MARCELO MORAES,PL,90,MARA ROSANE LEAL NUNES,***.532.460-**,CPF,1200.0,1,0.001716,
20,MARCELO MORAES,PL,91,MARIA ELIANE QUEIROZ LEAL,***.956.900-**,CPF,1200.0,1,0.001716,
20,MARCELO MORAES,PL,92,MIRIA AZAMBUJA DA SILVA,***.533.380-**,CPF,1200.0,1,0.001716,
20,MARCELO MORAES,PL,93,PAULO GILBERTO SIQUEIRA,***.230.560-**,CPF,1200.0,1,0.001716,
20,MARCELO MORAES,PL,94,ROMULO ROMEU RIBEIRO NETO,***.734.700-**,CPF,1200.0,1,0.001716,
20,MARCELO MORAES,PL,95,UBEL RODRIGUES DE FREITAS,***.039.090-**,CPF,1200.0,1,0.001716,
20,MARCELO MORAES,PL,96,LEONARDO NUNES DA SILVA,***.850.440-**,CPF,1100.0,1,0.001573,
20,MARCELO MORAES,PL,97,SABRINA SCHUCH SANTANA,***.739.320-**,CPF,1100.0,1,0.001573,
20,MARCELO MORAES,PL,98,CESAR FELIPE VENCATO,***.258.140-**,CPF,1050.0,1,0.001501,
20,MARCELO MORAES,PL,99,IRMAOS STOBIENIA LTDA,00.785.714/0001-52,CNPJ,1048.09,1,0.001499,
20,MARCELO MORAES,PL,100,AIRES ORTIZ CARVALHO,***.855.380-**,CPF,1000.0,1,0.00143,
20,MARCELO MORAES,PL,101,ALDAIR INGANCE GERBAUDO,***.923.810-**,CPF,1000.0,1,0.00143,
20,MARCELO MORAES,PL,102,ALESSANDRA GRIESPACH DA CRUZ,***.452.490-**,CPF,1000.0,1,0.00143,
20,MARCELO MORAES,PL,103,BRUNO MARQUES DA SILVA,***.869.050-**,CPF,1000.0,1,0.00143,
20,MARCELO MORAES,PL,104,CARLA FABIANA CASSALES,***.871.280-**,CPF,1000.0,1,0.00143,
20,MARCELO MORAES,PL,105,CARLOS EDUARDO LACERDA GONÇALVES,***.169.180-**,CPF,1000.0,1,0.00143,
20,MARCELO MORAES,PL,106,CHAIANE LIMA EDOM,***.195.890-**,CPF,1000.0,1,0.00143,
20,MARCELO MORAES,PL,107,DAIANE LIMA EDOM,***.927.800-**,CPF,1000.0,1,0.00143,
20,MARCELO MORAES,PL,108,DANIELE S CHAGAS LAZZARI DUTRA,***.923.640-**,CPF,1000.0,1,0.00143,
20,MARCELO MORAES,PL,109,DELCIA MARCELE HARTWIG GUIOTI,***.338.980-**,CPF,1000.0,1,0.00143,
20,MARCELO MORAES,PL,110,DIOMAR FERREIRA,***.815.690-**,CPF,1000.0,1,0.00143,
20,MARCELO MORAES,PL,111,EDUARDO MORSCH,***.136.890-**,CPF,1000.0,1,0.00143,
20,MARCELO MORAES,PL,112,ELISANDRA DE MOURA SIGALES,***.874.310-**,CPF,1000.0,1,0.00143,
20,MARCELO MORAES,PL,113,ERLY IOCKSCH JACOBSEN,***.958.140-**,CPF,1000.0,1,0.00143,
20,MARCELO MORAES,PL,114,ESTEVA HOLZ,***.987.330-**,CPF,1000.0,1,0.00143,
20,MARCELO MORAES,PL,115,HELOISA HELENA CABISTANY,***.872.390-**,CPF,1000.0,1,0.00143,
20,MARCELO MORAES,PL,116,HENRIQUE GIMENES BUJES,***.215.700-**,CPF,1000.0,1,0.00143,
20,MARCELO MORAES,PL,117,IVONETE SARAN MINOZZO,***.986.100-**,CPF,1000.0,1,0.00143,
20,MARCELO MORAES,PL,118,JEAN PIERRE LOPES DA SILVA,***.760.550-**,CPF,1000.0,1,0.00143,
20,MARCELO MORAES,PL,119,JESSICA LIMA EDOM,***.525.040-**,CPF,1000.0,1,0.00143,
20,MARCELO MORAES,PL,120,JONATHAN LOPES DE LOPES,***.773.070-**,CPF,1000.0,1,0.00143,
20,MARCELO MORAES,PL,121,JONATHAN MULLER MARTINS,***.893.810-**,CPF,1000.0,1,0.00143,
20,MARCELO MORAES,PL,122,JOSE PAULO DOS SANTOS BASTOS,***.063.040-**,CPF,1000.0,1,0.00143,
20,MARCELO MORAES,PL,123,JULIANO SCHNEID,***.634.300-**,CPF,1000.0,1,0.00143,
20,MARCELO MORAES,PL,124,LAURACI ARRUDA FERNANDES PINHEIRO,***.515.990-**,CPF,1000.0,1,0.00143,
20,MARCELO MORAES,PL,125,LEANDRO SARAIVA LAZZARI DUTRA,***.141.750-**,CPF,1000.0,1,0.00143,
20,MARCELO MORAES,PL,126,LEANDRO VARGAS CUNHA,***.903.030-**,CPF,1000.0,1,0.00143,
20,MARCELO MORAES,PL,127,LISIANE D'OLIVEIRA DE SOUZA,***.162.890-**,CPF,1000.0,1,0.00143,
20,MARCELO MORAES,PL,128,LOURDES MEDIANEIRA VALENT,***.393.450-**,CPF,1000.0,1,0.00143,
20,MARCELO MORAES,PL,129,MARIA EDUARDA BORGES GONÇALVES,***.458.920-**,CPF,1000.0,1,0.00143,
20,MARCELO MORAES,PL,130,MARIA MADALENA PAIVA RODRIGUES,***.523.130-**,CPF,1000.0,1,0.00143,
20,MARCELO MORAES,PL,131,MICHAEL RIBEIRO GONÇAVES,***.360.780-**,CPF,1000.0,1,0.00143,
20,MARCELO MORAES,PL,132,RAFAEL CAMPELLO PEREIRA,***.122.080-**,CPF,1000.0,1,0.00143,
20,MARCELO MORAES,PL,133,RITA DE CASSIA DA FONSECA,***.497.150-**,CPF,1000.0,1,0.00143,
20,MARCELO MORAES,PL,134,RODRIGO DA SILVA ANDRADE,***.956.460-**,CPF,1000.0,1,0.00143,
20,MARCELO MORAES,PL,135,ROSANE BETIM BIAZI,***.915.150-**,CPF,1000.0,1,0.00143,
20,MARCELO MORAES,PL,136,SIEGRID WALLY WACHHOLZ,***.967.230-**,CPF,1000.0,1,0.00143,
20,MARCELO MORAES,PL,137,SILVANA LIMA EDOM,***.983.650-**,CPF,1000.0,1,0.00143,
20,MARCELO MORAES,PL,138,TATIANE MENDES PEGLOW HOLZ,***.213.000-**,CPF,1000.0,1,0.00143,
20,MARCELO MORAES,PL,139,TAYLOR WILLIAM DA SILVA,***.465.450-**,CPF,1000.0,1,0.00143,
20,MARCELO MORAES,PL,140,VERIDIANA FISS,***.410.570-**,CPF,1000.0,1,0.00143,
20,MARCELO MORAES,PL,141,WILIAM AVILA CAVALHEIRO,***.613.790-**,CPF,1000.0,1,0.00143,
20,MARCELO MORAES,PL,142,NELIO MALLUE ZARNOTT,***.848.420-**,CPF,900.0,1,0.001287,
20,MARCELO MORAES,PL,143,65.876.749 MONIKE FAGUNDES DA SILVA,65.876.749/0001-42,CNPJ,850.0,1,0.001215,
20,MARCELO MORAES,PL,144,ADILSON FRIEDRICH,***.899.670-**,CPF,850.0,1,0.001215,
20,MARCELO MORAES,PL,145,CIDINEY LEAL DA SILVA,***.468.910-**,CPF,850.0,1,0.001215,
20,MARCELO MORAES,PL,146,DANIELE DIAS DA SILVA,***.411.570-**,CPF,850.0,1,0.001215,
20,MARCELO MORAES,PL,147,MIRALDA MELO PINHO,***.260.798-**,CPF,850.0,1,0.001215,
20,MARCELO MORAES,PL,148,RIVAIR JONES PAULETTO,***.948.950-**,CPF,850.0,1,0.001215,
20,MARCELO MORAES,PL,149,COMERCIAL SANTA TEREZA LTDA,90.058.991/0001-56,CNPJ,845.0,3,0.001208,
20,MARCELO MORAES,PL,150,SANDRA TEICHERT,***.854.800-**,CPF,833.34,1,0.001192,
20,MARCELO MORAES,PL,151,ROGER SOUZA DA SILVA LTDA,01.443.559/0004-00,CNPJ,824.37,1,0.001179,
20,MARCELO MORAES,PL,152,ALEXANDRE BETAT BASILIO,***.771.510-**,CPF,800.0,1,0.001144,
20,MARCELO MORAES,PL,153,CAROLINE RODRIGUES,***.249.520-**,CPF,800.0,1,0.001144,
20,MARCELO MORAES,PL,154,DOUGLAS ANTONIO LIRA,***.436.590-**,CPF,800.0,1,0.001144,
20,MARCELO MORAES,PL,155,IRONI DOMINGOS PEREIRA DO,***.343.960-**,CPF,800.0,1,0.001144,
20,MARCELO MORAES,PL,156,LORENA MARTINS DE QUADROS,***.350.990-**,CPF,800.0,1,0.001144,
20,MARCELO MORAES,PL,157,MARTA BAIRROS MACIEL,***.198.190-**,CPF,800.0,1,0.001144,
20,MARCELO MORAES,PL,158,MIGUEL CAETANO GONÇALVES,***.265.960-**,CPF,800.0,1,0.001144,
20,MARCELO MORAES,PL,159,SIMONE DE MELO SILVEIRA,***.901.230-**,CPF,800.0,1,0.001144,
20,MARCELO MORAES,PL,160,POSTO CENTRAL CANDELARIA LTDA,13.337.125/0002-34,CNPJ,739.53,2,0.001057,
20,MARCELO MORAES,PL,161,ALEF JERRY BAYER DE OLIVEIRA,***.299.100-**,CPF,720.0,1,0.001029,
20,MARCELO MORAES,PL,162,ALEXANDRO STRUVING FERNAN,***.186.648-**,CPF,720.0,1,0.001029,
20,MARCELO MORAES,PL,163,ALZIRO ALVES,***.087.620-**,CPF,720.0,1,0.001029,
20,MARCELO MORAES,PL,164,AMANDA MELO BUENO DE FREITAS,***.465.670-**,CPF,720.0,1,0.001029,
20,MARCELO MORAES,PL,165,CIBELE DA SILVA ELIAS,***.953.819-**,CPF,720.0,1,0.001029,
20,MARCELO MORAES,PL,166,DENILSON BRIAN DE PAULA,***.675.820-**,CPF,720.0,1,0.001029,
20,MARCELO MORAES,PL,167,JOSE LEMOS BRITO DE SOUZA,***.609.000-**,CPF,720.0,1,0.001029,
20,MARCELO MORAES,PL,168,LORENA DE BORBA PILAR,***.828.810-**,CPF,720.0,1,0.001029,
20,MARCELO MORAES,PL,169,MARIA ELIZA DA SILVA ANDR,***.957.270-**,CPF,720.0,1,0.001029,
20,MARCELO MORAES,PL,170,SANDRA MARA BATISTA CAMARGO,***.466.580-**,CPF,720.0,1,0.001029,
20,MARCELO MORAES,PL,171,TAIS MARTINS DA SILVA,***.416.380-**,CPF,720.0,1,0.001029,
20,MARCELO MORAES,PL,172,HOERLLE & ASSUMPCAO LTDA,21.921.645/0001-37,CNPJ,703.84,1,0.001006,
20,MARCELO MORAES,PL,173,ACELIA BRITO SOARES,***.523.270-**,CPF,700.0,1,0.001001,
20,MARCELO MORAES,PL,174,ALDOIR BORGES MACIEL,***.468.130-**,CPF,700.0,1,0.001001,
20,MARCELO MORAES,PL,175,AMANDA SILVEIRA RAMOS,***.630.570-**,CPF,700.0,1,0.001001,
20,MARCELO MORAES,PL,176,ANGELA DOS SANTOS MACHADO,***.757.230-**,CPF,700.0,1,0.001001,
20,MARCELO MORAES,PL,177,CESAR AUGUSTO MULLER DE ASSIS,***.579.140-**,CPF,700.0,1,0.001001,
20,MARCELO MORAES,PL,178,DAIANE FREITAS,***.566.670-**,CPF,700.0,1,0.001001,
20,MARCELO MORAES,PL,179,DAMILY STOCK CARVALHO,***.570.310-**,CPF,700.0,1,0.001001,
20,MARCELO MORAES,PL,180,DIEGO PEREIRA DE OLIVEIRA,***.864.830-**,CPF,700.0,1,0.001001,
20,MARCELO MORAES,PL,181,ELIANE RAQUEL POZZER PIZZANI,***.475.830-**,CPF,700.0,1,0.001001,
20,MARCELO MORAES,PL,182,ERNANDI VELFLE DOS SANTOS,***.280.200-**,CPF,700.0,1,0.001001,
20,MARCELO MORAES,PL,183,ILIANE ZUSE CLARO,***.095.000-**,CPF,700.0,1,0.001001,
20,MARCELO MORAES,PL,184,JOAO HENRIQUE DE MORAIS,***.174.530-**,CPF,700.0,1,0.001001,
20,MARCELO MORAES,PL,185,LEDA MARIA LEMOS ZUSE,***.120.290-**,CPF,700.0,1,0.001001,
20,MARCELO MORAES,PL,186,LUCAS FELIPE BITENCOURT,***.633.070-**,CPF,700.0,1,0.001001,
20,MARCELO MORAES,PL,187,MAIQUEL PEREIRA DOS SANTOS PORTAL,***.038.310-**,CPF,700.0,1,0.001001,
20,MARCELO MORAES,PL,188,MARCIELA SUZANA VEIDE VENTURINI,***.657.380-**,CPF,700.0,1,0.001001,
20,MARCELO MORAES,PL,189,MARIA CAROLINE ALVES,***.461.040-**,CPF,700.0,1,0.001001,
20,MARCELO MORAES,PL,190,MARIA REGINA DE SOUZA,***.299.870-**,CPF,700.0,1,0.001001,
20,MARCELO MORAES,PL,191,RAQUEL PEREIRA NUNES,***.950.110-**,CPF,700.0,1,0.001001,
20,MARCELO MORAES,PL,192,RONDINELE SOARES DA SILVEIRA,***.442.570-**,CPF,700.0,1,0.001001,
20,MARCELO MORAES,PL,193,SONIA MARIA PEREIRA BRITO,***.197.690-**,CPF,700.0,1,0.001001,
20,MARCELO MORAES,PL,194,VIANEI ANTONIO WOUTERS,***.092.100-**,CPF,700.0,1,0.001001,
20,MARCELO MORAES,PL,195,VIP COMBUSTIVEIS LTDA,59.760.325/0001-15,CNPJ,682.55,2,0.000976,
20,MARCELO MORAES,PL,196,JENNIFER SELAU AQUINO,***.420.620-**,CPF,660.0,1,0.000944,
20,MARCELO MORAES,PL,197,KARINA ANA MORALES LEGUIZAMON,***.657.450-**,CPF,633.34,1,0.000906,
20,MARCELO MORAES,PL,198,CAROLINE VITORIA PECCIN B,***.493.520-**,CPF,600.0,1,0.000858,
20,MARCELO MORAES,PL,199,LEANDRO FLORIANO GONÇALVES,***.834.720-**,CPF,600.0,1,0.000858,
20,MARCELO MORAES,PL,200,MARCELO G. DA SILVA,24.794.244/0001-51,CNPJ,600.0,1,0.000858,
20,MARCELO MORAES,PL,201,PAULO JESUS SANTANA LEAL,***.555.790-**,CPF,600.0,1,0.000858,
20,MARCELO MORAES,PL,202,PEDRO CORREA SOARES NETO,***.207.410-**,CPF,600.0,1,0.000858,
20,MARCELO MORAES,PL,203,ALCEMAR PEREIRA DA SILVA,***.295.100-**,CPF,500.0,1,0.000715,
20,MARCELO MORAES,PL,204,ANTONELA ALVES CORREA,***.564.860-**,CPF,500.0,1,0.000715,
20,MARCELO MORAES,PL,205,BRUNA NADIER DE OLIVEIRA,***.183.060-**,CPF,500.0,1,0.000715,
20,MARCELO MORAES,PL,206,CLAUDIOMIRO RIBEIRIO PITAN,***.900.250-**,CPF,500.0,1,0.000715,
20,MARCELO MORAES,PL,207,"CLECI LE,OS AMARAL",***.293.770-**,CPF,500.0,1,0.000715,
20,MARCELO MORAES,PL,208,ENETERCIA SANTOS CHAVES,***.101.990-**,CPF,500.0,1,0.000715,
20,MARCELO MORAES,PL,209,GILVANE SCHMALFUSS GRIEP,***.136.240-**,CPF,500.0,1,0.000715,
20,MARCELO MORAES,PL,210,JOSIANE RODRIGUES SCHENA ***.120.090-**,34.074.065/0001-01,CNPJ,500.0,1,0.000715,
20,MARCELO MORAES,PL,211,LUCAS DE MEDEIROS PINHEIRO,***.634.580-**,CPF,500.0,1,0.000715,
20,MARCELO MORAES,PL,212,MARCELO BARBOSA FARIAS,***.207.710-**,CPF,500.0,1,0.000715,
20,MARCELO MORAES,PL,213,MARCO ANTONIO KAFER,***.258.350-**,CPF,500.0,1,0.000715,
20,MARCELO MORAES,PL,214,MARLI KUTTER,***.017.750-**,CPF,500.0,1,0.000715,
20,MARCELO MORAES,PL,215,MATHEUS FLORES QUEVEDO,***.008.550-**,CPF,500.0,1,0.000715,
20,MARCELO MORAES,PL,216,PAULO GIOVANE PEREIRA,***.313.720-**,CPF,500.0,1,0.000715,
20,MARCELO MORAES,PL,217,STEPHANIE SCHMALFUSS GRIEP,***.304.860-**,CPF,500.0,1,0.000715,
20,MARCELO MORAES,PL,218,WILLIAN COSTA RICHTER,***.634.820-**,CPF,500.0,1,0.000715,
20,MARCELO MORAES,PL,219,ABASTECEDORA HOLZ LTDA,94.911.013/0001-66,CNPJ,458.63,1,0.000656,
20,MARCELO MORAES,PL,220,ARISTEU MORAES DE OLIVEIRA,***.471.320-**,CPF,425.0,1,0.000608,
20,MARCELO MORAES,PL,221,FLAVIA MAIA SCHMIDT,***.416.260-**,CPF,425.0,1,0.000608,
20,MARCELO MORAES,PL,222,ADAIR BRAZ,***.527.610-**,CPF,400.0,1,0.000572,
20,MARCELO MORAES,PL,223,ANA MARLENE DA SILVA GARC,***.087.600-**,CPF,400.0,1,0.000572,
20,MARCELO MORAES,PL,224,ANA PAULA CICERI,***.460.370-**,CPF,400.0,1,0.000572,
20,MARCELO MORAES,PL,225,ANTONIO CESAR DOS SANTOS,***.665.070-**,CPF,400.0,1,0.000572,
20,MARCELO MORAES,PL,226,ARLETE TEREZINHA SUZA,***.022.620-**,CPF,400.0,1,0.000572,
20,MARCELO MORAES,PL,227,CERIS TERESINHA WEBER SIL,***.138.050-**,CPF,400.0,1,0.000572,
20,MARCELO MORAES,PL,228,CRISTIAN JESUS CEBEY CABR,***.721.880-**,CPF,400.0,1,0.000572,
20,MARCELO MORAES,PL,229,DIONATA NORONHA DOS SANTOS,***.910.810-**,CPF,400.0,1,0.000572,
20,MARCELO MORAES,PL,230,ELOA STEINHAUS,***.396.420-**,CPF,400.0,1,0.000572,
20,MARCELO MORAES,PL,231,EMERSON DA SILVA PEREIRA,***.630.570-**,CPF,400.0,1,0.000572,
20,MARCELO MORAES,PL,232,EVERTON ALVES NUNES,***.168.030-**,CPF,400.0,1,0.000572,
20,MARCELO MORAES,PL,233,FLAMARION ROBERTO GROOS,***.696.850-**,CPF,400.0,1,0.000572,
20,MARCELO MORAES,PL,234,GILLIARD DOS SANTOS BORBA,***.422.190-**,CPF,400.0,1,0.000572,
20,MARCELO MORAES,PL,235,IARA TEREZINHA SILVA DO N,***.223.150-**,CPF,400.0,1,0.000572,
20,MARCELO MORAES,PL,236,ISAIS GABRIEL MORAES MAC,***.864.820-**,CPF,400.0,1,0.000572,
20,MARCELO MORAES,PL,237,JAQUELINE DOS SANTOS CORT,***.086.190-**,CPF,400.0,1,0.000572,
20,MARCELO MORAES,PL,238,JENNIFER DEYANIRA RODRIGUEZ TORRES,***.244.570-**,CPF,400.0,1,0.000572,
20,MARCELO MORAES,PL,239,JORGE ADMIR MACHADO ANTUN,***.330.240-**,CPF,400.0,1,0.000572,
20,MARCELO MORAES,PL,240,LINDA VERA PEREIRA PEREIRA,***.423.850-**,CPF,400.0,1,0.000572,
20,MARCELO MORAES,PL,241,MARA LUZ DA ROSA,***.125.710-**,CPF,400.0,1,0.000572,
20,MARCELO MORAES,PL,242,MARISOL ALANA DOS SANTOS,***.037.050-**,CPF,400.0,1,0.000572,
20,MARCELO MORAES,PL,243,MARLENE SANTOS LEMOS,***.967.320-**,CPF,400.0,1,0.000572,
20,MARCELO MORAES,PL,244,MATEUS MORAES RODRIGUES,***.981.330-**,CPF,400.0,1,0.000572,
20,MARCELO MORAES,PL,245,PAULO SERGIO RODRIGUES CA,***.318.350-**,CPF,400.0,1,0.000572,
20,MARCELO MORAES,PL,246,RITA DE CASSIA DAS NEVES GRILL,***.055.330-**,CPF,400.0,1,0.000572,
20,MARCELO MORAES,PL,247,SIMONE VIEIRA DA SILVA,***.067.320-**,CPF,400.0,1,0.000572,
20,MARCELO MORAES,PL,248,IMPRECOM LTDA,28.820.499/0001-00,CNPJ,375.0,1,0.000536,
20,MARCELO MORAES,PL,249,RIKELME BUENO GUTERRES,***.299.760-**,CPF,340.0,1,0.000486,
20,MARCELO MORAES,PL,250,FRANCIELE BONOTO,***.861.140-**,CPF,320.0,1,0.000458,
20,MARCELO MORAES,PL,251,JUCILMARA FRANK,***.550.120-**,CPF,300.0,1,0.000429,
20,MARCELO MORAES,PL,252,RAQUEL FRANCISCA DA SILVEIRA,***.656.730-**,CPF,300.0,1,0.000429,
20,MARCELO MORAES,PL,253,COMERCIO DE COMBUSTIVEIS BELLE VILLE LTDA.,19.224.659/0001-50,CNPJ,280.6,1,0.000401,
20,MARCELO MORAES,PL,254,JORDAN GAS LTDA,05.593.263/0001-75,CNPJ,241.71,1,0.000346,
20,MARCELO MORAES,PL,255,RUBI TRANSPORTE E COMERCIO LTDA,18.950.448/0001-31,CNPJ,200.14,1,0.000286,
20,MARCELO MORAES,PL,256,"ENCARGOS FINANCEIROS, TAXAS BANCÁRIAS E/OU OP. CARTÃO DE CRÉDITO",,,197.6,14,0.000283,
20,MARCELO MORAES,PL,257,CWR GRAFICA E COMUNICACAO VISUAL LTDA,21.473.653/0001-68,CNPJ,119.8,1,0.000171,
21,MARCON,PT,1,NOSCHANG ARTES GRAFICAS LTDA,07.027.856/0001-08,CNPJ,452760.5,242,0.261966,
21,MARCON,PT,2,ALEXANDRE MELO ADVOCACIA,28.553.671/0001-07,CNPJ,150000.0,1,0.08679,
21,MARCON,PT,3,ELEICAO 2026 NELSON JOSE GRASSELLI DEPUTADO ESTADUAL,68.312.637/0001-57,CNPJ,150000.0,4,0.08679,
21,MARCON,PT,4,KADU MALHAS COMERCIO DE ROUPAS LTDA,88.804.513/0001-04,CNPJ,71570.0,7,0.04141,
21,MARCON,PT,5,FACEBOOK SERVICOS ONLINE DO BRASIL LTDA.,13.347.016/0001-17,CNPJ,50000.0,1,0.02893,
21,MARCON,PT,6,IBES ERON ALVES VAZ LTDA,50.981.660/0001-79,CNPJ,50000.0,1,0.02893,
21,MARCON,PT,7,MOSS UNIFORMES E BRINDES PERSONALIZADOS LTDA,61.135.041/0001-80,CNPJ,44475.0,10,0.025733,
21,MARCON,PT,8,GR SOM E LUZ LTDA,08.169.102/0001-47,CNPJ,30000.0,1,0.017358,
21,MARCON,PT,9,JOKA SUBLIMACAO DIGITAL LTDA,94.350.113/0001-60,CNPJ,29850.0,1,0.017271,
21,MARCON,PT,10,PRIMATAS INDUSTRIA SERIGRAFICA LTDA,93.368.892/0001-69,CNPJ,26914.19,25,0.015572,
21,MARCON,PT,11,60.848.810 CLOVIS BITENCOURT MARTINS,60.848.810/0001-24,CNPJ,16500.0,1,0.009547,
21,MARCON,PT,12,IAMARA SAUTE,***.553.700-**,CPF,16419.5,1,0.0095,
21,MARCON,PT,13,ELEICAO 2026 CLEONICE FABIANE BACK DEPUTADO ESTADUAL,68.312.527/0001-95,CNPJ,13225.0,2,0.007652,
21,MARCON,PT,14,AILTON DELI MARTINS CRODA,***.948.580-**,CPF,13000.0,1,0.007522,
21,MARCON,PT,15,SIGA LOCADORA DE VEICULOS LTDA,10.467.210/0001-48,CNPJ,12900.0,2,0.007464,
21,MARCON,PT,16,ELEICAO 2026 ANA INES AFFONSO DEPUTADO ESTADUAL,68.312.687/0001-34,CNPJ,10000.0,1,0.005786,
21,MARCON,PT,17,LIZIANE QUEVEDO,07.086.926/0001-90,CNPJ,8821.44,2,0.005104,
21,MARCON,PT,18,IZUP DIGITAL LTDA,12.020.884/0001-25,CNPJ,8564.55,1,0.004955,
21,MARCON,PT,19,AUTOLOCADORA LINCK & MELLO LTDA,09.146.749/0001-16,CNPJ,7120.0,2,0.00412,
21,MARCON,PT,20,ADIB NATALI ABDALLA & CIA LTDA,54.267.870/0001-50,CNPJ,5420.0,1,0.003136,
21,MARCON,PT,21,CONDUZA ALUGUEL DE VEICULOS LTDA,33.324.624/0001-13,CNPJ,5100.0,1,0.002951,
21,MARCON,PT,22,ADELAR CONRADO GRELLERT,***.088.380-**,CPF,5000.0,1,0.002893,
21,MARCON,PT,23,CLAITON SCHMALFUSS MULLING,***.306.890-**,CPF,5000.0,1,0.002893,
21,MARCON,PT,24,DAVID STIVAL,***.500.290-**,CPF,5000.0,1,0.002893,
21,MARCON,PT,25,DOUGLAS CAMACHO VAIS,***.251.780-**,CPF,5000.0,1,0.002893,
21,MARCON,PT,26,IDALINA FERREIRA DA COSTA,***.917.950-**,CPF,5000.0,1,0.002893,
21,MARCON,PT,27,MARIA MARCIA DOS SANTOS PERUCIO,***.002.670-**,CPF,5000.0,1,0.002893,
21,MARCON,PT,28,MARNE OLIVEIRA SILVEIRA,***.644.750-**,CPF,5000.0,1,0.002893,
21,MARCON,PT,29,OTONIEL FARIAS BELCHIOR,***.939.810-**,CPF,5000.0,1,0.002893,
21,MARCON,PT,30,CLEUSA REGINA QUARESMA ARRUDA,***.195.030-**,CPF,4950.0,1,0.002864,
21,MARCON,PT,31,FERNANDO LUIS GERVASONI,***.210.010-**,CPF,4950.0,1,0.002864,
21,MARCON,PT,32,ADRIANA EBERSOL CHAGAS,***.841.730-**,CPF,4900.0,1,0.002835,
21,MARCON,PT,33,DANRLEI LUIS ROHDEN,***.110.880-**,CPF,4900.0,1,0.002835,
21,MARCON,PT,34,JOAO CARLOS RAMOS DA SILVA,***.678.070-**,CPF,4800.0,1,0.002777,
21,MARCON,PT,35,LUCIO EDUARDO FERREIRA,***.155.030-**,CPF,4800.0,1,0.002777,
21,MARCON,PT,36,MARA NUBIA DOS SANTOS MARQUES,***.208.330-**,CPF,4800.0,1,0.002777,
21,MARCON,PT,37,ALCIDA MARIA MADALOZZO,10.241.276/0001-15,CNPJ,4658.08,20,0.002695,
21,MARCON,PT,38,COMERCIO DE COMBUSTIVEIS MENDESCAR LTDA,24.361.152/0001-88,CNPJ,4490.24,9,0.002598,
21,MARCON,PT,39,ATAIDE RAMOS DE OLIVEIRA,***.817.310-**,CPF,4200.0,2,0.00243,
21,MARCON,PT,40,EDIPO GIARETA,***.915.030-**,CPF,4200.0,1,0.00243,
21,MARCON,PT,41,LUCIANO BRAGA ALVES,***.734.960-**,CPF,4200.0,1,0.00243,
21,MARCON,PT,42,JUAREZ DE LIMA,***.787.820-**,CPF,4050.0,1,0.002343,
21,MARCON,PT,43,BRUNO ARTHUR SALVO PEREZ,***.161.670-**,CPF,4000.0,1,0.002314,
21,MARCON,PT,44,CRISTIANO MONTEIRO DE JESUS,***.223.985-**,CPF,4000.0,1,0.002314,
21,MARCON,PT,45,ELISABETE MADALENA CASSANEGO,***.742.160-**,CPF,4000.0,1,0.002314,
21,MARCON,PT,46,FREDERICO CIZILIAO DA ROCHA DE CASTRO,***.043.000-**,CPF,4000.0,1,0.002314,
21,MARCON,PT,47,JULIANA DA ROSA FERREIRA,***.734.950-**,CPF,4000.0,1,0.002314,
21,MARCON,PT,48,MARIA ARACI KICKOW,***.756.700-**,CPF,4000.0,1,0.002314,
21,MARCON,PT,49,TANIA REGINA CASSANEGO,***.201.660-**,CPF,4000.0,1,0.002314,
21,MARCON,PT,50,VAGNER JAQUES BUENO,***.806.570-**,CPF,4000.0,1,0.002314,
21,MARCON,PT,51,VILMAR VITÓRIA KAUFFMANN,***.777.970-**,CPF,4000.0,1,0.002314,
21,MARCON,PT,52,ROGER SOUZA DA SILVA LTDA,01.443.559/0001-59,CNPJ,3962.28,6,0.002293,
21,MARCON,PT,53,ABASTECEDORA DE COMBUSTIVEIS KUNKEL LTDA,22.872.310/0001-39,CNPJ,3779.74,8,0.002187,
21,MARCON,PT,54,FRISKE & EICKOFF LTDA,00.351.638/0001-77,CNPJ,3672.03,9,0.002125,
21,MARCON,PT,55,CHRISTIAN ALVES DA COSTA,***.029.980-**,CPF,3500.0,1,0.002025,
21,MARCON,PT,56,GELSON JOSE FERRARI,***.732.500-**,CPF,3500.0,1,0.002025,
21,MARCON,PT,57,MAX WILLIAM ROGOWSKI QUADRADO,***.587.530-**,CPF,3500.0,1,0.002025,
21,MARCON,PT,58,SANDRA MARIA DOS SANTOS MARQUES,***.571.310-**,CPF,3500.0,1,0.002025,
21,MARCON,PT,59,VANESSA DA SILVA DE SOUZA,***.154.610-**,CPF,3500.0,1,0.002025,
21,MARCON,PT,60,YURI MACHADO KAPRON,***.688.390-**,CPF,3500.0,1,0.002025,
21,MARCON,PT,61,AGOSTINHO MARSANGO,***.650.180-**,CPF,3300.0,1,0.001909,
21,MARCON,PT,62,CLERIO VON MUHLEN,***.527.860-**,CPF,3300.0,1,0.001909,
21,MARCON,PT,63,EUNICE DUTRA DO GITO DOS SANTOS,***.340.400-**,CPF,3300.0,1,0.001909,
21,MARCON,PT,64,JOAO SEVERO,***.743.260-**,CPF,3300.0,1,0.001909,
21,MARCON,PT,65,MARCO ANTONIO DOS SANTOS,***.183.750-**,CPF,3300.0,1,0.001909,
21,MARCON,PT,66,POSTO DE COMBUSTIVEIS DICO LTDA,08.768.465/0001-07,CNPJ,3254.83,5,0.001883,
21,MARCON,PT,67,ABASTECEDORA DE COMBUSTIVEIS TADEU LTDA,42.715.155/0001-54,CNPJ,3250.05,10,0.00188,
21,MARCON,PT,68,ANGELA MARIA COMUNAL GOMES,***.668.690-**,CPF,3200.0,1,0.001852,
21,MARCON,PT,69,ANTONY RAFAEL ALVES,***.630.140-**,CPF,3200.0,1,0.001852,
21,MARCON,PT,70,CAROLIN VICENTE RIBEIRO,***.845.900-**,CPF,3200.0,1,0.001852,
21,MARCON,PT,71,DUANI RODRIGUES DA VEIGA,***.367.990-**,CPF,3200.0,1,0.001852,
21,MARCON,PT,72,JEFERSON AUGUSTO DE ALMEIDA,***.431.590-**,CPF,3200.0,1,0.001852,
21,MARCON,PT,73,JUDITE DE ALMEIDA BRUM,***.571.180-**,CPF,3200.0,1,0.001852,
21,MARCON,PT,74,KEYSE FERREIRA GOMES,***.526.330-**,CPF,3200.0,1,0.001852,
21,MARCON,PT,75,LUCIANO AUGUSTO ROLIM DE MESQUITA,***.742.520-**,CPF,3200.0,1,0.001852,
21,MARCON,PT,76,LUIS HENRIQUE MENEZES LANG,***.745.150-**,CPF,3200.0,2,0.001852,
21,MARCON,PT,77,NADIA DO DOCIO OLIVEIRA,***.672.500-**,CPF,3200.0,1,0.001852,
21,MARCON,PT,78,PEDRO HENRIQUE RODRIGUES CARDEAL,***.392.140-**,CPF,3200.0,1,0.001852,
21,MARCON,PT,79,SIMONI PINHEIRO BERNARDO,***.747.210-**,CPF,3200.0,1,0.001852,
21,MARCON,PT,80,BRASIL COMUNICACAO LTDA,07.348.168/0001-31,CNPJ,3000.0,1,0.001736,
21,MARCON,PT,81,DAIANE FLORES,***.827.580-**,CPF,3000.0,1,0.001736,
21,MARCON,PT,82,DIRCEU RIBEIRO DORNELES,***.331.700-**,CPF,3000.0,1,0.001736,
21,MARCON,PT,83,ELISANDRO FIGUEIRO,***.371.020-**,CPF,3000.0,1,0.001736,
21,MARCON,PT,84,ESTELAMAR GRANDI ZONATTO,***.419.130-**,CPF,3000.0,1,0.001736,
21,MARCON,PT,85,GELSON DOS SANTOS KLAUCK ***.393.610-**,47.491.679/0001-22,CNPJ,3000.0,1,0.001736,
21,MARCON,PT,86,JUSSARA TEREZINHA ROHDT DA ROSA,***.221.690-**,CPF,3000.0,1,0.001736,
21,MARCON,PT,87,LEONARDO SCHNEIDER VIEIRA,***.123.680-**,CPF,3000.0,1,0.001736,
21,MARCON,PT,88,LIANE BARBOSA,***.067.590-**,CPF,3000.0,1,0.001736,
21,MARCON,PT,89,MARIA DA GRACA BERNARDES DA SILVA,***.854.630-**,CPF,3000.0,1,0.001736,
21,MARCON,PT,90,MICHELE MENDES DE MORAES,***.131.110-**,CPF,3000.0,1,0.001736,
21,MARCON,PT,91,ORLANDO LUIZ CRESCENCIO,***.956.330-**,CPF,3000.0,1,0.001736,
21,MARCON,PT,92,PAULO ROBERTO JÚNIOR BELLONI ANDRADE,***.612.920-**,CPF,3000.0,1,0.001736,
21,MARCON,PT,93,ROZANI VAZ DE QUEVEDO,***.225.890-**,CPF,3000.0,1,0.001736,
21,MARCON,PT,94,ROGER SOUZA DA SILVA LTDA,01.443.559/0003-10,CNPJ,2574.73,4,0.00149,
21,MARCON,PT,95,CLAUDIOMIR DOS SANTOS,***.971.400-**,CPF,2500.0,1,0.001446,
21,MARCON,PT,96,DELMA MARIA DOS SANTOS,***.253.550-**,CPF,2500.0,1,0.001446,
21,MARCON,PT,97,DIRCEU DOS SANTOS,***.032.800-**,CPF,2500.0,1,0.001446,
21,MARCON,PT,98,ISRAEL AUGUSTO DE BRITO,***.675.860-**,CPF,2500.0,1,0.001446,
21,MARCON,PT,99,MARIA SALETE BRESOLIN,***.248.200-**,CPF,2500.0,1,0.001446,
21,MARCON,PT,100,SÉRGIO AUGUSTO CASSANEGO,***.927.420-**,CPF,2500.0,1,0.001446,
21,MARCON,PT,101,AUTO POSTO GUSSO LTDA,03.627.746/0001-18,CNPJ,2408.29,6,0.001393,
21,MARCON,PT,102,MATHEUS LIMA MARTINS,***.429.030-**,CPF,2400.0,1,0.001389,
21,MARCON,PT,103,RENIZA PAMPLONA LIMA,***.246.040-**,CPF,2400.0,1,0.001389,
21,MARCON,PT,104,OSCAR FRANCISCO OLMEDO DA SILVA,***.330.210-**,CPF,2100.0,1,0.001215,
21,MARCON,PT,105,ANGELA STANGUERLIN CHEMIN,***.293.490-**,CPF,2000.0,1,0.001157,
21,MARCON,PT,106,ANTONIO JUCULOTTO JUNIOR,***.791.240-**,CPF,2000.0,1,0.001157,
21,MARCON,PT,107,CRISTIAN RODRIGUES DA SILVA,***.939.240-**,CPF,2000.0,1,0.001157,
21,MARCON,PT,108,DANIELI PIOVESANI,***.207.260-**,CPF,2000.0,1,0.001157,
21,MARCON,PT,109,DEOCLECIO RODRIGUES MACIEL,***.061.480-**,CPF,2000.0,1,0.001157,
21,MARCON,PT,110,GABRIEL LUIZ DA SILVA,***.618.030-**,CPF,2000.0,1,0.001157,
21,MARCON,PT,111,JAMIL HADDAD,***.925.380-**,CPF,2000.0,1,0.001157,
21,MARCON,PT,112,JORGE SALVADOR OLIVEIRA SANTOS,***.923.960-**,CPF,2000.0,1,0.001157,
21,MARCON,PT,113,JOSE ALBERTO PEREIRA,***.739.500-**,CPF,2000.0,1,0.001157,
21,MARCON,PT,114,JOSE HILMAR WOLFART,***.687.400-**,CPF,2000.0,1,0.001157,
21,MARCON,PT,115,JOSÉ POLETTO,***.421.770-**,CPF,2000.0,1,0.001157,
21,MARCON,PT,116,LARISSA NUNES DE CARVALHO,***.927.400-**,CPF,2000.0,1,0.001157,
21,MARCON,PT,117,LOURENCO SILVA DE SOUZA,***.653.700-**,CPF,2000.0,1,0.001157,
21,MARCON,PT,118,OSEIAS DE ABREU DOBLER,***.290.080-**,CPF,2000.0,1,0.001157,
21,MARCON,PT,119,PAULO ROGERIO GIORDAN,***.398.209-**,CPF,2000.0,1,0.001157,
21,MARCON,PT,120,RENATA MACHADO,***.364.040-**,CPF,2000.0,2,0.001157,
21,MARCON,PT,121,SALI MARITA DE ALMEIDA VANIN,***.588.940-**,CPF,2000.0,1,0.001157,
21,MARCON,PT,122,SILVANA SALETE KERBER,***.975.000-**,CPF,2000.0,1,0.001157,
21,MARCON,PT,123,VANDERSON SOARES DA SILVEIRA,***.278.930-**,CPF,2000.0,1,0.001157,
21,MARCON,PT,124,DIEGO CRISTIANO CORREA DA SILVA,***.565.210-**,CPF,1800.0,1,0.001041,
21,MARCON,PT,125,LUCAS FARIAS ROBASKI,***.189.370-**,CPF,1700.0,1,0.000984,
21,MARCON,PT,126,MIRIAM BERNADETE OLIVEIRA CHAVES,***.551.050-**,CPF,1700.0,1,0.000984,
21,MARCON,PT,127,SABRINA SANTOS DE SALES,***.045.650-**,CPF,1700.0,1,0.000984,
21,MARCON,PT,128,ALINE BRUSTOLIN,***.214.450-**,CPF,1650.0,1,0.000955,
21,MARCON,PT,129,ANA JULIA DE ALMEIDA CAETANO,***.165.180-**,CPF,1650.0,1,0.000955,
21,MARCON,PT,130,ANDREIA DE FATIMA DA SILVA,***.551.630-**,CPF,1650.0,1,0.000955,
21,MARCON,PT,131,ARTUR FURTADO GONZAGA,***.620.790-**,CPF,1650.0,1,0.000955,
21,MARCON,PT,132,BRUNA PEREIRA RODRIGUES,***.403.700-**,CPF,1650.0,1,0.000955,
21,MARCON,PT,133,BRUNO DOS REIS PAIN,***.063.690-**,CPF,1650.0,1,0.000955,
21,MARCON,PT,134,CARINE FERNANDES GODINHO,***.906.950-**,CPF,1650.0,1,0.000955,
21,MARCON,PT,135,CESAR TRINDADE DOS SANTOS,***.248.500-**,CPF,1650.0,1,0.000955,
21,MARCON,PT,136,CRISTINA DE MELLO SILVA,***.351.900-**,CPF,1650.0,1,0.000955,
21,MARCON,PT,137,DARCI BAREA,***.714.700-**,CPF,1650.0,1,0.000955,
21,MARCON,PT,138,DIENIFER DE LURDES DE MOURA,***.366.040-**,CPF,1650.0,1,0.000955,
21,MARCON,PT,139,EDIO JOSE WENCESLOSK,***.513.280-**,CPF,1650.0,1,0.000955,
21,MARCON,PT,140,ELIANDRO DE SOUZA,***.580.350-**,CPF,1650.0,1,0.000955,
21,MARCON,PT,141,ELIZANDRO CARDOSO DE VARGAS,***.015.080-**,CPF,1650.0,1,0.000955,
21,MARCON,PT,142,EUGENIO CARLOS QUEVEDO LEITE,***.208.200-**,CPF,1650.0,1,0.000955,
21,MARCON,PT,143,FABIOLA BREZOLIN,***.907.260-**,CPF,1650.0,1,0.000955,
21,MARCON,PT,144,GLACI ALVES VIEIRA,***.186.900-**,CPF,1650.0,1,0.000955,
21,MARCON,PT,145,IONE MARIA ONUZAK,***.541.080-**,CPF,1650.0,1,0.000955,
21,MARCON,PT,146,JOAO ERBERTI RIBEIRO,***.067.180-**,CPF,1650.0,1,0.000955,
21,MARCON,PT,147,LUCILAINE CAMARGO OSORIO,***.618.970-**,CPF,1650.0,1,0.000955,
21,MARCON,PT,148,MARIA LUIZA BIACCHI VIONE,***.398.880-**,CPF,1650.0,1,0.000955,
21,MARCON,PT,149,MARILANDA KLUMB KATH,***.171.880-**,CPF,1650.0,1,0.000955,
21,MARCON,PT,150,MARLEI SALVATORI,***.548.880-**,CPF,1650.0,1,0.000955,
21,MARCON,PT,151,MARTA KOSWOSKI,***.628.590-**,CPF,1650.0,1,0.000955,
21,MARCON,PT,152,ODETE MACHADO,***.466.460-**,CPF,1650.0,1,0.000955,
21,MARCON,PT,153,RUDIMAR LOLATTO,***.831.540-**,CPF,1650.0,1,0.000955,
21,MARCON,PT,154,SHEILA E SILVA VOLCAN,***.247.300-**,CPF,1650.0,1,0.000955,
21,MARCON,PT,155,VITOR AUDRIANO FERREIRA DOS SANTOS,***.712.990-**,CPF,1650.0,1,0.000955,
21,MARCON,PT,156,VITOR RAMOS TEIXEIRA,***.245.620-**,CPF,1650.0,1,0.000955,
21,MARCON,PT,157,ACIOLI MARQUES JUNIOR,***.089.270-**,CPF,1600.0,1,0.000926,
21,MARCON,PT,158,ADEMAR DA SILVA BATISTA,***.845.940-**,CPF,1600.0,1,0.000926,
21,MARCON,PT,159,ADROALDO CRISTIANO SIMONINI,***.676.120-**,CPF,1600.0,1,0.000926,
21,MARCON,PT,160,AGATHA LAVINIA PORTAL SOUZA,***.052.490-**,CPF,1600.0,1,0.000926,
21,MARCON,PT,161,ANA PAULA DA SILVA PORTELA,***.284.430-**,CPF,1600.0,1,0.000926,
21,MARCON,PT,162,ANDREA SIGNORINI,***.907.359-**,CPF,1600.0,1,0.000926,
21,MARCON,PT,163,ANDRIA LIZANA LAMPERT,***.432.800-**,CPF,1600.0,1,0.000926,
21,MARCON,PT,164,ANGELIN ORTIZ,***.617.700-**,CPF,1600.0,1,0.000926,
21,MARCON,PT,165,ANTÔNIO FOCHEZATTO,***.061.250-**,CPF,1600.0,1,0.000926,
21,MARCON,PT,166,BRUNO DOS SANTOS HOFMAN,***.238.310-**,CPF,1600.0,1,0.000926,
21,MARCON,PT,167,CARLA DE SOUZA,***.967.260-**,CPF,1600.0,1,0.000926,
21,MARCON,PT,168,CAROLINA ESTULANO DA SILVA,***.271.970-**,CPF,1600.0,1,0.000926,
21,MARCON,PT,169,CISLAINE MARIA PINHEIRO DOS SANTOS,***.102.450-**,CPF,1600.0,1,0.000926,
21,MARCON,PT,170,DANIEL CHRISTIAN ARAUJO DE SOUZA,***.338.560-**,CPF,1600.0,1,0.000926,
21,MARCON,PT,171,DANIELA BOLZAN PIROLI,***.231.900-**,CPF,1600.0,1,0.000926,
21,MARCON,PT,172,DAVI DE MATOS,***.614.200-**,CPF,1600.0,1,0.000926,
21,MARCON,PT,173,DIONATA CAMARGO,***.240.170-**,CPF,1600.0,1,0.000926,
21,MARCON,PT,174,DYOVANA DA ROSA,***.864.340-**,CPF,1600.0,1,0.000926,
21,MARCON,PT,175,ELIANE TEREZINHA FONTOURA DE CAMPOS,***.869.900-**,CPF,1600.0,1,0.000926,
21,MARCON,PT,176,ELISABETHA MARMITT,***.996.300-**,CPF,1600.0,1,0.000926,
21,MARCON,PT,177,ELISIANE DOS SANTOS PEIXOTO,***.632.770-**,CPF,1600.0,1,0.000926,
21,MARCON,PT,178,ERNESTINA DE OLIVEIRA SULZBACH,***.765.730-**,CPF,1600.0,1,0.000926,
21,MARCON,PT,179,FABIAN GUARNIERI DOS SANTOS,***.556.830-**,CPF,1600.0,1,0.000926,
21,MARCON,PT,180,FABIANA FERREIRA DIAS,***.000.960-**,CPF,1600.0,1,0.000926,
21,MARCON,PT,181,FABRÍCIA MARIA NUNES,***.060.060-**,CPF,1600.0,1,0.000926,
21,MARCON,PT,182,FERNANDO DE OLIVEIRA,***.196.200-**,CPF,1600.0,1,0.000926,
21,MARCON,PT,183,GABRIELE RUCHEL DE SOUZA,***.852.510-**,CPF,1600.0,1,0.000926,
21,MARCON,PT,184,GABRIELI DA SILVA VAZ,***.199.280-**,CPF,1600.0,1,0.000926,
21,MARCON,PT,185,GUSTAVO LOPES DE OLIVEIRA,***.689.400-**,CPF,1600.0,1,0.000926,
21,MARCON,PT,186,ILDA DE FÁTIMA BUENO SANTOS,***.146.360-**,CPF,1600.0,1,0.000926,
21,MARCON,PT,187,ILSE DA ROSA,***.215.740-**,CPF,1600.0,1,0.000926,
21,MARCON,PT,188,ISMAEL DOS SANTOS,***.290.890-**,CPF,1600.0,1,0.000926,
21,MARCON,PT,189,JAIR GOMES DE OLIVEIRA,***.476.040-**,CPF,1600.0,1,0.000926,
21,MARCON,PT,190,JANE DA SILVA LOPES,***.165.270-**,CPF,1600.0,1,0.000926,
21,MARCON,PT,191,JOAO VITOR SOUZA DA SILVA,***.441.030-**,CPF,1600.0,1,0.000926,
21,MARCON,PT,192,JOCELAINE APARECIDA DA COSTA MENESES,***.433.080-**,CPF,1600.0,1,0.000926,
21,MARCON,PT,193,JOÃO PEDRO PEREIRA BRAZ,***.796.000-**,CPF,1600.0,1,0.000926,
21,MARCON,PT,194,JULIA MANOELA BENKENSTEIN,***.347.870-**,CPF,1600.0,1,0.000926,
21,MARCON,PT,195,JULIANO DO AMARAL PEREIRA,***.323.830-**,CPF,1600.0,1,0.000926,
21,MARCON,PT,196,JÉSSICA MAIARA MOREIRA RODRIGUES,***.985.950-**,CPF,1600.0,1,0.000926,
21,MARCON,PT,197,JÉSSICA RODRIGUES SABROWSKI,***.149.730-**,CPF,1600.0,1,0.000926,
21,MARCON,PT,198,LOSLAINE CRISTINA DA SILVA SEVERO,***.953.320-**,CPF,1600.0,1,0.000926,
21,MARCON,PT,199,LUIS HENRIQUE LINCK,***.313.430-**,CPF,1600.0,1,0.000926,
21,MARCON,PT,200,LUIZ CARLOS BRUNO,***.163.890-**,CPF,1600.0,1,0.000926,
21,MARCON,PT,201,MARCIA ANDREA DE CASTRO,***.127.940-**,CPF,1600.0,1,0.000926,
21,MARCON,PT,202,MARCIA REJANE DO CANTO FERNANDES ESPELOCIN,***.801.000-**,CPF,1600.0,1,0.000926,
21,MARCON,PT,203,MARIA CLARA DOS SANTOS ZONATTO,***.937.030-**,CPF,1600.0,1,0.000926,
21,MARCON,PT,204,MARIA ELOA SOARES SANTOS,***.428.000-**,CPF,1600.0,1,0.000926,
21,MARCON,PT,205,MARIA LENIR DA ROSA MOREIRA,***.255.460-**,CPF,1600.0,1,0.000926,
21,MARCON,PT,206,MARIA LUIZA TRINDADE DOS SANTOS,***.935.660-**,CPF,1600.0,1,0.000926,
21,MARCON,PT,207,MARLI PEDROSO JACQUES,***.329.080-**,CPF,1600.0,1,0.000926,
21,MARCON,PT,208,MELTIO MARTIM KOHL,***.084.360-**,CPF,1600.0,1,0.000926,
21,MARCON,PT,209,MILENE KURATHOWSKI DOS SANTOS,***.315.350-**,CPF,1600.0,1,0.000926,
21,MARCON,PT,210,MIRIAM MARLI DE FREITAS LIMA,***.780.020-**,CPF,1600.0,1,0.000926,
21,MARCON,PT,211,MÁRCIO CORRÊA,***.201.440-**,CPF,1600.0,1,0.000926,
21,MARCON,PT,212,PAULO SAVELA,***.223.960-**,CPF,1600.0,1,0.000926,
21,MARCON,PT,213,PROTASIO DOS SANTOS,***.115.480-**,CPF,1600.0,1,0.000926,
21,MARCON,PT,214,REGELINO HENNIKA,***.732.830-**,CPF,1600.0,1,0.000926,
21,MARCON,PT,215,REJANE DUTRA,***.411.340-**,CPF,1600.0,1,0.000926,
21,MARCON,PT,216,RODRIGO BUENO DA SILVA,***.215.820-**,CPF,1600.0,1,0.000926,
21,MARCON,PT,217,SABRINA RODRIGUES DA SILVA,***.333.400-**,CPF,1600.0,1,0.000926,
21,MARCON,PT,218,SANDERLENE ALMEIDA MESQUITA MOREIRA,***.816.500-**,CPF,1600.0,1,0.000926,
21,MARCON,PT,219,SIMONE REGINA NORO OLIVEIRA,***.420.740-**,CPF,1600.0,1,0.000926,
21,MARCON,PT,220,STEFANI DO NASCIMENTO ALVES,***.793.380-**,CPF,1600.0,1,0.000926,
21,MARCON,PT,221,SUELI ESPICH DETTONI,***.338.409-**,CPF,1600.0,1,0.000926,
21,MARCON,PT,222,TAINA SILVEIRA BORGES,***.763.570-**,CPF,1600.0,1,0.000926,
21,MARCON,PT,223,TAMIRIS CARDOSO AZEVEDO,***.625.330-**,CPF,1600.0,1,0.000926,
21,MARCON,PT,224,UBIRAJARA MIRANDA,***.655.100-**,CPF,1600.0,1,0.000926,
21,MARCON,PT,225,VANDERSON LUIZ DE OLIVEIRA,***.233.800-**,CPF,1600.0,1,0.000926,
21,MARCON,PT,226,VANESSA DE SOUZA BOEIRA,***.077.430-**,CPF,1600.0,1,0.000926,
21,MARCON,PT,227,YASAMAN DA SILVA ALEMAN,***.261.270-**,CPF,1600.0,1,0.000926,
21,MARCON,PT,228,ÉRICA MAIA FONTOURA,***.716.830-**,CPF,1600.0,1,0.000926,
21,MARCON,PT,229,ÉRIKA VITÓRIA OLIVEIRA DA SILVA,***.981.910-**,CPF,1600.0,1,0.000926,
21,MARCON,PT,230,S S COMERCIO DE COMBUSTIVEIS SA,01.991.461/0021-80,CNPJ,1544.91,6,0.000894,
21,MARCON,PT,231,ALFREDO FELIPE DA SILVA MENDES,***.641.060-**,CPF,1500.0,1,0.000868,
21,MARCON,PT,232,ANDRÉ JÚNIOR SALLES,***.138.000-**,CPF,1500.0,1,0.000868,
21,MARCON,PT,233,ANGELITA DA SILVA,***.678.860-**,CPF,1500.0,1,0.000868,
21,MARCON,PT,234,BRUNO BONORINO BARBOSA,***.193.040-**,CPF,1500.0,1,0.000868,
21,MARCON,PT,235,ELEICAO 2026 JOSE SIDNEY NUNES DE ALMEIDA DEPUTADO ESTADUAL,68.312.647/0001-92,CNPJ,1500.0,1,0.000868,
21,MARCON,PT,236,EMANUELE TALITA DOS SANTOS,***.217.570-**,CPF,1500.0,1,0.000868,
21,MARCON,PT,237,JOSEMAR DA ROCHA,***.311.420-**,CPF,1500.0,1,0.000868,
21,MARCON,PT,238,JUCELMA TEREZINHA DE QUADROS SILVA,***.361.740-**,CPF,1500.0,1,0.000868,
21,MARCON,PT,239,MARCELO NUNES RIGON,***.486.400-**,CPF,1500.0,1,0.000868,
21,MARCON,PT,240,MARIA DA GRAÇA DE OLIVEIRA GOULART,***.641.740-**,CPF,1500.0,1,0.000868,
21,MARCON,PT,241,MARIA DO CARMO ALVES RODRIGUES,***.934.760-**,CPF,1500.0,1,0.000868,
21,MARCON,PT,242,MATHEUS ISMAEL ESTEVAM DA SILVA,***.420.920-**,CPF,1500.0,1,0.000868,
21,MARCON,PT,243,NELCI TEREZINHA RODRIGUES DA ROSA GONCALVES,***.807.100-**,CPF,1500.0,1,0.000868,
21,MARCON,PT,244,ODAIR JOSÉ DA SILVA FERREIRA,***.562.379-**,CPF,1500.0,1,0.000868,
21,MARCON,PT,245,PAULO CESAR GONÇALVES SEVERO,***.228.270-**,CPF,1500.0,1,0.000868,
21,MARCON,PT,246,THALLYA RODRIGUES DA SILVA,***.930.180-**,CPF,1500.0,1,0.000868,
21,MARCON,PT,247,AUTO POSTO ZM LTDA,07.011.546/0001-97,CNPJ,1391.6,4,0.000805,
21,MARCON,PT,248,AUTO POSTO CABURE LTDA,90.207.218/0001-04,CNPJ,1342.91,6,0.000777,
21,MARCON,PT,249,NEI ANTONIO PIANA CHEQUELLER,90.284.316/0001-45,CNPJ,1267.84,2,0.000734,
21,MARCON,PT,250,UILSON SERENA,***.397.740-**,CPF,1200.0,1,0.000694,
21,MARCON,PT,251,VANDERLEIA DE SOUZA ROSA,***.434.230-**,CPF,1200.0,1,0.000694,
21,MARCON,PT,252,ROGERIO S. DA SILVA,11.337.985/0001-61,CNPJ,1128.25,2,0.000653,
21,MARCON,PT,253,GROSSI COMBUSTIVEIS LTDA,60.639.537/0001-28,CNPJ,1085.47,6,0.000628,
21,MARCON,PT,254,ANDRESSA MADRUGA BRAGA,***.829.870-**,CPF,1000.0,1,0.000579,
21,MARCON,PT,255,JESUS SILVAN DOS SANTOS,***.765.280-**,CPF,1000.0,1,0.000579,
21,MARCON,PT,256,MARCO ANTÔNIO FOGAÇA SANTOS,***.423.620-**,CPF,1000.0,1,0.000579,
21,MARCON,PT,257,RAFAEL ROSA DOS SANTOS,***.577.940-**,CPF,1000.0,1,0.000579,
21,MARCON,PT,258,AUTO ABASTECEDORA RDB LTDA,02.993.253/0001-39,CNPJ,873.81,1,0.000506,
21,MARCON,PT,259,ADRIANA DA SILVA LIBONI,***.046.270-**,CPF,800.0,1,0.000463,
21,MARCON,PT,260,CARLOS LUIZ FERREIRA,***.875.110-**,CPF,800.0,1,0.000463,
21,MARCON,PT,261,FRANCISCO DE ASSIS MATOS,***.142.410-**,CPF,800.0,1,0.000463,
21,MARCON,PT,262,LONI TEREZZINHA HARTMANN,***.873.740-**,CPF,800.0,1,0.000463,
21,MARCON,PT,263,ROBSON PACHECO DA SILVEIRA,***.063.070-**,CPF,800.0,1,0.000463,
21,MARCON,PT,264,JP SANTA LUCIA COMERCIO DE COMBUSTIVEIS LTDA,17.695.813/0020-09,CNPJ,699.0,1,0.000404,
21,MARCON,PT,265,POSTO PALUDAO LTDA,05.414.228/0001-41,CNPJ,655.71,1,0.000379,
21,MARCON,PT,266,ABEGG CIA LTDA,97.881.098/0001-75,CNPJ,601.16,1,0.000348,
21,MARCON,PT,267,MARCEL VIEIRA DA ROSA LTDA,38.238.170/0001-81,CNPJ,550.0,1,0.000318,
21,MARCON,PT,268,PETROPARQUE COMERCIO DE COMBUSTIVEIS E DERIVADOS LTDA,17.376.243/0003-93,CNPJ,432.12,1,0.00025,
21,MARCON,PT,269,POSTO DE COMBUSTIVEIS DAL RI LTDA.,08.824.904/0001-43,CNPJ,409.7,1,0.000237,
21,MARCON,PT,270,SIM REDE DE POSTOS LTDA,07.473.735/0064-65,CNPJ,382.13,1,0.000221,
21,MARCON,PT,271,J.R. AIRES COMERCIAL DE COMBUSTIVEIS LTDA,07.688.812/0001-10,CNPJ,329.5,1,0.000191,
21,MARCON,PT,272,RUBI TRANSPORTE E COMERCIO LTDA,18.950.448/0001-31,CNPJ,222.46,1,0.000129,
21,MARCON,PT,273,UMBERTO HOTEL E ESTACIONAMENTO LTDA,92.010.016/0001-01,CNPJ,195.0,1,0.000113,
21,MARCON,PT,274,"ENCARGOS FINANCEIROS, TAXAS BANCÁRIAS E/OU OP. CARTÃO DE CRÉDITO",,,17.3,2,1e-05,
22,MARIA DO ROSARIO,PT,1,GRAFICA E EDITORA V&C LTDA,73.984.692/0001-23,CNPJ,485586.0,33,0.24782,
22,MARIA DO ROSARIO,PT,2,LUCIO U.F DE MACEDO LTDA,22.613.238/0001-25,CNPJ,132000.0,1,0.067366,
22,MARIA DO ROSARIO,PT,3,PRINTER INDUSTRIA E COMERCIO LTDA,45.876.852/0001-85,CNPJ,64373.0,10,0.032853,
22,MARIA DO ROSARIO,PT,4,JAIRO DA SILVEIRA JUNIOR,12.052.646/0001-00,CNPJ,60000.0,1,0.030621,
22,MARIA DO ROSARIO,PT,5,ELTON DA SILVA VIANNA,***.890.070-**,CPF,42100.0,1,0.021486,
22,MARIA DO ROSARIO,PT,6,IMPRESUL SERVICO GRAFICO E EDITORA LTDA,92.869.650/0001-96,CNPJ,41600.0,1,0.021231,
22,MARIA DO ROSARIO,PT,7,VERITTAS SOLUCOES LTDA,66.127.468/0001-50,CNPJ,31500.0,1,0.016076,
22,MARIA DO ROSARIO,PT,8,GLADIS SILVA DA ROSA LTDA,56.933.804/0001-06,CNPJ,28000.0,1,0.01429,
22,MARIA DO ROSARIO,PT,9,FACEBOOK SERVICOS ONLINE DO BRASIL LTDA.,13.347.016/0001-17,CNPJ,27000.0,2,0.01378,
22,MARIA DO ROSARIO,PT,10,ELEICAO 2026 MARINA MARIA DE AVILA CALLEGARO DEPUTADO ESTADUAL,68.312.522/0001-62,CNPJ,20000.0,1,0.010207,
22,MARIA DO ROSARIO,PT,11,ERICA DOS SANTOS MACHADO,***.811.210-**,CPF,19000.0,1,0.009697,
22,MARIA DO ROSARIO,PT,12,FR PUBLICIDADE LTDA,48.059.766/0001-78,CNPJ,16794.0,2,0.008571,
22,MARIA DO ROSARIO,PT,13,ELVIS ALDAIR PIMENTEL,***.385.550-**,CPF,16500.0,1,0.008421,
22,MARIA DO ROSARIO,PT,14,IMOBILIARIA KOPSTEIN LTDA,00.828.361/0001-20,CNPJ,14000.0,1,0.007145,
22,MARIA DO ROSARIO,PT,15,JULIO CESAR SANT ANNA MATTOS,***.962.460-**,CPF,14000.0,1,0.007145,
22,MARIA DO ROSARIO,PT,16,ESSENT INOVACAO CONTABIL LTDA,25.188.538/0001-00,CNPJ,13500.0,1,0.00689,
22,MARIA DO ROSARIO,PT,17,MARIA APARECIDA DA SILVA SANTOS,***.352.550-**,CPF,13500.0,1,0.00689,
22,MARIA DO ROSARIO,PT,18,MARIA DE LOURDES LANG VIEIRA,***.603.800-**,CPF,12000.0,1,0.006124,
22,MARIA DO ROSARIO,PT,19,VINICIUS TORRIANO RONNAU,***.025.370-**,CPF,12000.0,1,0.006124,
22,MARIA DO ROSARIO,PT,20,NEDI MARISA CARDOSO DOS SANTOS,***.053.850-**,CPF,10380.0,1,0.005297,
22,MARIA DO ROSARIO,PT,21,IMPULSE DRIVE LTDA,68.059.992/0001-66,CNPJ,9800.0,1,0.005001,
22,MARIA DO ROSARIO,PT,22,VIA MAIS REDE DE POSTOS S.A.,09.273.885/0001-77,CNPJ,9000.0,2,0.004593,
22,MARIA DO ROSARIO,PT,23,CLEBER MORAES DA SILVA,***.875.390-**,CPF,8800.0,1,0.004491,
22,MARIA DO ROSARIO,PT,24,JORGE LUIZ SODRE DOS SANTOS,***.952.670-**,CPF,8500.0,1,0.004338,
22,MARIA DO ROSARIO,PT,25,DOUGLAS DE FREITAS BENITES,***.777.100-**,CPF,8000.0,1,0.004083,
22,MARIA DO ROSARIO,PT,26,MARIA REGINA DA CONCEICAO MORAES,***.877.610-**,CPF,8000.0,1,0.004083,
22,MARIA DO ROSARIO,PT,27,AUTOLOCADORA LINCK & MELLO LTDA,09.146.749/0001-16,CNPJ,7820.0,1,0.003991,
22,MARIA DO ROSARIO,PT,28,EDUARDO OSORIO RODRIGUES,***.265.300-**,CPF,7200.0,1,0.003675,
22,MARIA DO ROSARIO,PT,29,ALEXANDRE BORGES NETO,***.148.970-**,CPF,7000.0,1,0.003572,
22,MARIA DO ROSARIO,PT,30,ANDREIA MACHADO DA SILVA,***.859.910-**,CPF,7000.0,1,0.003572,
22,MARIA DO ROSARIO,PT,31,BEATRIS HERMES,***.809.240-**,CPF,7000.0,1,0.003572,
22,MARIA DO ROSARIO,PT,32,BOLIVAR CANANI MEDEIROS,***.479.490-**,CPF,7000.0,1,0.003572,
22,MARIA DO ROSARIO,PT,33,EDERSON AUGUSTO DREHMER,***.558.420-**,CPF,7000.0,1,0.003572,
22,MARIA DO ROSARIO,PT,34,GABRIELA MARQUES MORAIS,***.029.300-**,CPF,7000.0,1,0.003572,
22,MARIA DO ROSARIO,PT,35,LARA RODRIGUES DA SILVEIRA,***.396.360-**,CPF,7000.0,1,0.003572,
22,MARIA DO ROSARIO,PT,36,LUIS OTAVIO MENDES LIZIARDI,***.308.390-**,CPF,7000.0,1,0.003572,
22,MARIA DO ROSARIO,PT,37,PAULO ROBERTO SCHETTERT,***.520.060-**,CPF,7000.0,1,0.003572,
22,MARIA DO ROSARIO,PT,38,RAFAEL MARQUES MORAIS,***.710.270-**,CPF,7000.0,1,0.003572,
22,MARIA DO ROSARIO,PT,39,RAPHAEL DOS SANTOS COELHO VITCOSKI,***.540.880-**,CPF,7000.0,1,0.003572,
22,MARIA DO ROSARIO,PT,40,VITOR CALIEL MARQUES DE LIMA,***.942.510-**,CPF,7000.0,1,0.003572,
22,MARIA DO ROSARIO,PT,41,VERA LUCIA MENEGHETTI,***.019.850-**,CPF,6560.0,1,0.003348,
22,MARIA DO ROSARIO,PT,42,SIMONE CARDOSO BORBA,***.514.180-**,CPF,6500.0,1,0.003317,
22,MARIA DO ROSARIO,PT,43,FATIMA TERESINHA BUENO LEITE,***.677.500-**,CPF,6334.0,3,0.003233,
22,MARIA DO ROSARIO,PT,44,CASSIO MELGAREJO SANTAREM,***.191.100-**,CPF,6000.0,1,0.003062,
22,MARIA DO ROSARIO,PT,45,DAVI OTAVIANO BARBOSA,***.636.500-**,CPF,6000.0,1,0.003062,
22,MARIA DO ROSARIO,PT,46,JOAO CARLOS ELIAS,***.223.510-**,CPF,6000.0,1,0.003062,
22,MARIA DO ROSARIO,PT,47,JUAREZ FARIAS SOARES,***.248.960-**,CPF,6000.0,1,0.003062,
22,MARIA DO ROSARIO,PT,48,LUCIANE ZUCHETTI CALVI,***.788.270-**,CPF,6000.0,1,0.003062,
22,MARIA DO ROSARIO,PT,49,LUCIANO SOARES CARDOSO,***.184.650-**,CPF,6000.0,1,0.003062,
22,MARIA DO ROSARIO,PT,50,MARCO ANTONIO VIANNA DOS REIS,***.824.810-**,CPF,6000.0,1,0.003062,
22,MARIA DO ROSARIO,PT,51,MAURICIO NOBRE DIAS,***.177.690-**,CPF,6000.0,1,0.003062,
22,MARIA DO ROSARIO,PT,52,PAULINA DE LOURDES DA SILVA DIAS,***.878.720-**,CPF,6000.0,1,0.003062,
22,MARIA DO ROSARIO,PT,53,ROQUE UBIRAJARA ROCHA E SILVA LORENZINI,***.162.970-**,CPF,6000.0,1,0.003062,
22,MARIA DO ROSARIO,PT,54,SAMUEL MORAES TEIXEIRA,***.729.850-**,CPF,6000.0,1,0.003062,
22,MARIA DO ROSARIO,PT,55,SILVIA MADALENA VIEIRA LINDENMAYER,***.060.880-**,CPF,6000.0,1,0.003062,
22,MARIA DO ROSARIO,PT,56,VANDERSON WILLIAM ALMEIDA DOS SANTOS,***.225.300-**,CPF,6000.0,1,0.003062,
22,MARIA DO ROSARIO,PT,57,GABRIEL MORAIS BICA,***.553.650-**,CPF,5600.0,1,0.002858,
22,MARIA DO ROSARIO,PT,58,JOUSE LUISA MARTINS DOS SANTOS KERCHNER,***.157.580-**,CPF,5600.0,1,0.002858,
22,MARIA DO ROSARIO,PT,59,JOAO BATISTA DOS SANTOS SOARES,***.993.200-**,CPF,5500.0,1,0.002807,
22,MARIA DO ROSARIO,PT,60,JULIERME SILVA DA SILVA,***.726.400-**,CPF,5500.0,1,0.002807,
22,MARIA DO ROSARIO,PT,61,MARINES SCHUCH VARGAS,***.927.890-**,CPF,5500.0,1,0.002807,
22,MARIA DO ROSARIO,PT,62,RODRIGO DA ROSA JOSE,***.936.340-**,CPF,5500.0,1,0.002807,
22,MARIA DO ROSARIO,PT,63,ANA CANDIDA GRATI DA SILVA,***.930.930-**,CPF,5334.0,2,0.002722,
22,MARIA DO ROSARIO,PT,64,MONICA DE FREITAS BELLO,***.655.200-**,CPF,5334.0,2,0.002722,
22,MARIA DO ROSARIO,PT,65,JULIANE REGINA DOS SANTOS CARVALHO,***.558.840-**,CPF,5200.0,2,0.002654,
22,MARIA DO ROSARIO,PT,66,ALESSANDRA GARCIA DE SOUZA,***.355.870-**,CPF,5000.0,1,0.002552,
22,MARIA DO ROSARIO,PT,67,CARLOS EDUARDO ROSA DUTRA,***.877.300-**,CPF,5000.0,1,0.002552,
22,MARIA DO ROSARIO,PT,68,CLAUDIA NELI DE SOUZA ALVES,***.410.750-**,CPF,5000.0,1,0.002552,
22,MARIA DO ROSARIO,PT,69,EDUARDA ROSA SIMOES DOS SANTOS,***.204.400-**,CPF,5000.0,2,0.002552,
22,MARIA DO ROSARIO,PT,70,EMANOEL DOMINGUES BIANCHI,***.178.700-**,CPF,5000.0,1,0.002552,
22,MARIA DO ROSARIO,PT,71,GIOVANA FERREIRA NUNES,***.081.580-**,CPF,5000.0,1,0.002552,
22,MARIA DO ROSARIO,PT,72,GUILHERME DE MEDEIROS DA SILVA,***.150.610-**,CPF,5000.0,1,0.002552,
22,MARIA DO ROSARIO,PT,73,IGOR FERNANDES LEMOS,***.117.490-**,CPF,5000.0,1,0.002552,
22,MARIA DO ROSARIO,PT,74,JESUS ALICIO TEIXEIRA MUNHOZ,***.467.500-**,CPF,5000.0,1,0.002552,
22,MARIA DO ROSARIO,PT,75,LARA MARIA LAMPERT,***.515.090-**,CPF,5000.0,1,0.002552,
22,MARIA DO ROSARIO,PT,76,LEDIR DOS SANTOS VIEIRA GISLER,***.711.590-**,CPF,5000.0,1,0.002552,
22,MARIA DO ROSARIO,PT,77,LETICIA DA SILVA FAGUNDES,***.650.990-**,CPF,5000.0,1,0.002552,
22,MARIA DO ROSARIO,PT,78,LUCIANA BARRETO DO NASCIMENTO,***.939.800-**,CPF,5000.0,1,0.002552,
22,MARIA DO ROSARIO,PT,79,MARIA ODETE FALCAO,***.856.500-**,CPF,5000.0,1,0.002552,
22,MARIA DO ROSARIO,PT,80,VERUSCA DIAS DE OLIVEIRA,***.829.230-**,CPF,5000.0,1,0.002552,
22,MARIA DO ROSARIO,PT,81,VITORIA DAUINHEIMER SILVEIRA,***.362.970-**,CPF,5000.0,1,0.002552,
22,MARIA DO ROSARIO,PT,82,VOLMARI OTACIANO CARNEIRO,***.461.070-**,CPF,5000.0,1,0.002552,
22,MARIA DO ROSARIO,PT,83,ANA JULIA BREUNIG DE FREITAS,***.721.270-**,CPF,4500.0,1,0.002297,
22,MARIA DO ROSARIO,PT,84,LUCIMARA JAQUES PINTO,***.298.320-**,CPF,4500.0,1,0.002297,
22,MARIA DO ROSARIO,PT,85,MAIRA BORGES SANTOS,***.261.970-**,CPF,4500.0,1,0.002297,
22,MARIA DO ROSARIO,PT,86,MARCELO DE OLIVEIRA DANTAS FILHO,***.570.720-**,CPF,4500.0,1,0.002297,
22,MARIA DO ROSARIO,PT,87,RAFAEL DE OLIVEIRA CORREIA,***.711.380-**,CPF,4500.0,1,0.002297,
22,MARIA DO ROSARIO,PT,88,RAFAELA DIAS BARBOSA,***.962.850-**,CPF,4500.0,1,0.002297,
22,MARIA DO ROSARIO,PT,89,ALEXANDRE DE OLIVEIRA ADAMI,***.954.320-**,CPF,4000.0,1,0.002041,
22,MARIA DO ROSARIO,PT,90,ALEXANDRE LUIS DE SOUZA,***.531.030-**,CPF,4000.0,1,0.002041,
22,MARIA DO ROSARIO,PT,91,ANTONIO SERGIO ANTUNES DE OLIVEIRA,***.919.300-**,CPF,4000.0,1,0.002041,
22,MARIA DO ROSARIO,PT,92,CAROLINA TERRA ALVES,***.686.650-**,CPF,4000.0,1,0.002041,
22,MARIA DO ROSARIO,PT,93,CELSO ROSA GODOY,***.381.150-**,CPF,4000.0,1,0.002041,
22,MARIA DO ROSARIO,PT,94,ELVIO CORREA DA SILVA,***.458.470-**,CPF,4000.0,1,0.002041,
22,MARIA DO ROSARIO,PT,95,GUILHERME TORRES PEREZ,***.790.230-**,CPF,4000.0,1,0.002041,
22,MARIA DO ROSARIO,PT,96,JOSE AIRAM BAIALARD VASCONCELOS,***.031.510-**,CPF,4000.0,1,0.002041,
22,MARIA DO ROSARIO,PT,97,JOSE LUIS ALVES WITT,***.159.250-**,CPF,4000.0,1,0.002041,
22,MARIA DO ROSARIO,PT,98,KELVIN MACHADO SOARES DOS SANTOS,***.918.960-**,CPF,4000.0,1,0.002041,
22,MARIA DO ROSARIO,PT,99,LUCI IVANI FURTADO PRATES,***.394.460-**,CPF,4000.0,1,0.002041,
22,MARIA DO ROSARIO,PT,100,MARCELO LOPES REMIAO,***.694.330-**,CPF,4000.0,1,0.002041,
22,MARIA DO ROSARIO,PT,101,MICHAEL JECKSON SILVA DUARTE,***.124.320-**,CPF,4000.0,1,0.002041,
22,MARIA DO ROSARIO,PT,102,NIRLEI DE OLIVEIRA CHIERENTIN,***.663.861-**,CPF,4000.0,1,0.002041,
22,MARIA DO ROSARIO,PT,103,ROSELEI DA SILVA WITT,***.076.080-**,CPF,4000.0,1,0.002041,
22,MARIA DO ROSARIO,PT,104,TATIANA REGINA IRISO RODRIGUES,***.767.040-**,CPF,4000.0,2,0.002041,
22,MARIA DO ROSARIO,PT,105,TATIANA SANTOS DE MENEZES SILVA,***.024.280-**,CPF,4000.0,1,0.002041,
22,MARIA DO ROSARIO,PT,106,BEATRIZ FERNANDES DA COSTA,***.012.900-**,CPF,3500.0,1,0.001786,
22,MARIA DO ROSARIO,PT,107,DENILSON FERNANDO SILVA DE AVILA,***.382.640-**,CPF,3500.0,1,0.001786,
22,MARIA DO ROSARIO,PT,108,ELOI VALENTIM LO FILHO,***.062.260-**,CPF,3500.0,1,0.001786,
22,MARIA DO ROSARIO,PT,109,ISABELLI CHRISTINNE MELO CIPRIANO,***.577.180-**,CPF,3500.0,1,0.001786,
22,MARIA DO ROSARIO,PT,110,JESSICA SILVA DE OLIVEIRA,***.133.060-**,CPF,3500.0,1,0.001786,
22,MARIA DO ROSARIO,PT,111,MARIA CECILIA DOS SANTOS ARAUJO,***.666.320-**,CPF,3500.0,1,0.001786,
22,MARIA DO ROSARIO,PT,112,MARISTELA NIZOLLI MOREIRA,***.400.240-**,CPF,3500.0,1,0.001786,
22,MARIA DO ROSARIO,PT,113,MAURYCIO DORNELES DOS SANTOS,***.907.280-**,CPF,3500.0,1,0.001786,
22,MARIA DO ROSARIO,PT,114,NICOLAS ALCANTARA ROCHA,***.822.570-**,CPF,3500.0,1,0.001786,
22,MARIA DO ROSARIO,PT,115,MELISA MORAES MACIEL,***.322.030-**,CPF,3450.0,1,0.001761,
22,MARIA DO ROSARIO,PT,116,VITORIA PASSOS ALVES,***.891.250-**,CPF,3334.0,2,0.001702,
22,MARIA DO ROSARIO,PT,117,ANDRESSA AMARAL DEMETRIO DE OLIVEIRA,***.956.760-**,CPF,3300.0,1,0.001684,
22,MARIA DO ROSARIO,PT,118,CARINA FERNANDA PERPETUA DE MATTOS,***.036.848-**,CPF,3150.0,1,0.001608,
22,MARIA DO ROSARIO,PT,119,DANIELA PERES,***.716.630-**,CPF,3150.0,1,0.001608,
22,MARIA DO ROSARIO,PT,120,MARIA ELISABETE SALDANHA VILELA,***.600.380-**,CPF,3150.0,1,0.001608,
22,MARIA DO ROSARIO,PT,121,RODRIGO FARIAS DE OLIVEIRA,***.975.420-**,CPF,3100.0,1,0.001582,
22,MARIA DO ROSARIO,PT,122,ADRIANA CATARINA MONTEIRO DA ROCHA,***.310.090-**,CPF,3000.0,1,0.001531,
22,MARIA DO ROSARIO,PT,123,ALESSANDRA COSTA VARGAS,***.603.890-**,CPF,3000.0,1,0.001531,
22,MARIA DO ROSARIO,PT,124,ANA CLAUDIA PINTO STEFANELLO,***.506.440-**,CPF,3000.0,1,0.001531,
22,MARIA DO ROSARIO,PT,125,ANITTA IZABELLA ECKERT,***.281.200-**,CPF,3000.0,1,0.001531,
22,MARIA DO ROSARIO,PT,126,BIBIANA BECKER SOARES,***.578.210-**,CPF,3000.0,1,0.001531,
22,MARIA DO ROSARIO,PT,127,CARLA ESTER BUENO GORSKI,***.839.120-**,CPF,3000.0,1,0.001531,
22,MARIA DO ROSARIO,PT,128,DIENIFER NATIELI SANTOS DA SILVA,***.667.340-**,CPF,3000.0,1,0.001531,
22,MARIA DO ROSARIO,PT,129,DJONATAN ESPINDOLA,***.316.390-**,CPF,3000.0,1,0.001531,
22,MARIA DO ROSARIO,PT,130,EDUARDO LIMA ALVES,***.524.550-**,CPF,3000.0,1,0.001531,
22,MARIA DO ROSARIO,PT,131,ELIANE DE ALMEIDA LORENZINI,***.846.710-**,CPF,3000.0,1,0.001531,
22,MARIA DO ROSARIO,PT,132,ERICK PEREIRA DE JESUS,***.009.740-**,CPF,3000.0,1,0.001531,
22,MARIA DO ROSARIO,PT,133,GABRIELA NAYARA BRASIL DOS SANTOS,***.483.550-**,CPF,3000.0,1,0.001531,
22,MARIA DO ROSARIO,PT,134,GLEISON LEAL PINHEIRO,***.427.400-**,CPF,3000.0,1,0.001531,
22,MARIA DO ROSARIO,PT,135,HELISA RAMOS SILVA,***.182.031-**,CPF,3000.0,1,0.001531,
22,MARIA DO ROSARIO,PT,136,JENIFER FERREIRA DA SILVA,***.620.050-**,CPF,3000.0,1,0.001531,
22,MARIA DO ROSARIO,PT,137,JESSICA SANTOS DA SILVA,***.098.210-**,CPF,3000.0,1,0.001531,
22,MARIA DO ROSARIO,PT,138,JOCELI DE FATIMA FERREIRA BRIZOLLA,***.893.570-**,CPF,3000.0,1,0.001531,
22,MARIA DO ROSARIO,PT,139,JOELSIO LUIZ BARBOSA DOS SANTOS,***.598.760-**,CPF,3000.0,1,0.001531,
22,MARIA DO ROSARIO,PT,140,KARIN HYTCHELI DOS SANTOS MONTEIRO,***.107.510-**,CPF,3000.0,1,0.001531,
22,MARIA DO ROSARIO,PT,141,LUCIANE JARDIM FRAGA,***.301.590-**,CPF,3000.0,1,0.001531,
22,MARIA DO ROSARIO,PT,142,MARIA IARA OLIVEIRA DA SILVA,***.168.090-**,CPF,3000.0,1,0.001531,
22,MARIA DO ROSARIO,PT,143,MARIA INAJA CHARTE DE LIMA,***.083.010-**,CPF,3000.0,1,0.001531,
22,MARIA DO ROSARIO,PT,144,MARIA JOSE SILVA DINIZ,***.560.560-**,CPF,3000.0,1,0.001531,
22,MARIA DO ROSARIO,PT,145,MARIA LUIZA TERRA ALVES,***.686.550-**,CPF,3000.0,1,0.001531,
22,MARIA DO ROSARIO,PT,146,MARINA HERMANN CAMARGO,***.958.650-**,CPF,3000.0,1,0.001531,
22,MARIA DO ROSARIO,PT,147,MARLON AUGUSTO DE ALMEIDA PRATES,***.622.150-**,CPF,3000.0,1,0.001531,
22,MARIA DO ROSARIO,PT,148,MAYCON ALVES DA SILVA,***.073.610-**,CPF,3000.0,1,0.001531,
22,MARIA DO ROSARIO,PT,149,MICAEL VINICIUS RAMIRES DE LIMA,***.577.910-**,CPF,3000.0,1,0.001531,
22,MARIA DO ROSARIO,PT,150,NATHALIA MACHADO IGNACIO,***.967.540-**,CPF,3000.0,1,0.001531,
22,MARIA DO ROSARIO,PT,151,NILSA RAQUEL DOS SANTOS,***.777.020-**,CPF,3000.0,1,0.001531,
22,MARIA DO ROSARIO,PT,152,OSCAR EDUARDO DA SILVA DUTRA,***.859.970-**,CPF,3000.0,1,0.001531,
22,MARIA DO ROSARIO,PT,153,RAFAEL MARTINS DE LIMA,***.612.880-**,CPF,3000.0,1,0.001531,
22,MARIA DO ROSARIO,PT,154,TIAGO SOARES,***.792.370-**,CPF,3000.0,1,0.001531,
22,MARIA DO ROSARIO,PT,155,EDIVALDO ROCHA RAMOS,***.986.810-**,CPF,2750.0,1,0.001403,
22,MARIA DO ROSARIO,PT,156,BRENDA BARCELOS DA SILVA,***.166.260-**,CPF,2700.0,1,0.001378,
22,MARIA DO ROSARIO,PT,157,CAROLINE GRALL VETTORAZZI,***.891.160-**,CPF,2700.0,1,0.001378,
22,MARIA DO ROSARIO,PT,158,EVA MARIA DAGUERRE OLIVEIRA,***.098.710-**,CPF,2700.0,1,0.001378,
22,MARIA DO ROSARIO,PT,159,FILIPE JAILSON DE LIMA VIEIRA,***.706.070-**,CPF,2700.0,1,0.001378,
22,MARIA DO ROSARIO,PT,160,FLAVIO LUIS DE MATTOS BARBOSA,***.246.830-**,CPF,2700.0,1,0.001378,
22,MARIA DO ROSARIO,PT,161,FULVIA CRISTINA ALMEIDA GARCIA,***.866.210-**,CPF,2700.0,1,0.001378,
22,MARIA DO ROSARIO,PT,162,GLORIA LUISA FLORES LEITE,***.600.150-**,CPF,2700.0,1,0.001378,
22,MARIA DO ROSARIO,PT,163,JACKSON RODRIGUES,***.435.109-**,CPF,2700.0,1,0.001378,
22,MARIA DO ROSARIO,PT,164,JAIR MENDES DA COSTA,***.320.280-**,CPF,2700.0,1,0.001378,
22,MARIA DO ROSARIO,PT,165,LAUREN MARTINS,***.122.560-**,CPF,2700.0,1,0.001378,
22,MARIA DO ROSARIO,PT,166,LILIANI ROCHA DALLAVECHIA,***.530.011-**,CPF,2700.0,1,0.001378,
22,MARIA DO ROSARIO,PT,167,MARIA CRISTINA MACIEL DORNELES,***.676.570-**,CPF,2700.0,1,0.001378,
22,MARIA DO ROSARIO,PT,168,MARIA TERESINHA BACH,***.368.730-**,CPF,2700.0,1,0.001378,
22,MARIA DO ROSARIO,PT,169,MARIANA RODRIGUES LINDNER,***.874.480-**,CPF,2700.0,1,0.001378,
22,MARIA DO ROSARIO,PT,170,MATHEUS GONCALVES DA ROCHA,***.720.160-**,CPF,2700.0,1,0.001378,
22,MARIA DO ROSARIO,PT,171,PRICILA DAGUERRE MARQUES,***.635.760-**,CPF,2700.0,1,0.001378,
22,MARIA DO ROSARIO,PT,172,YASMIN GAY DA SILVA,***.845.370-**,CPF,2600.0,1,0.001327,
22,MARIA DO ROSARIO,PT,173,MATEUS ELIEZER NUNES RODRIGUES,***.948.220-**,CPF,2501.0,1,0.001276,
22,MARIA DO ROSARIO,PT,174,ABEL PEDRO FLORES BARRIA,***.924.290-**,CPF,2500.0,1,0.001276,
22,MARIA DO ROSARIO,PT,175,ADRIANA NUNES DE ALMEIDA TOMAZ,***.637.830-**,CPF,2500.0,1,0.001276,
22,MARIA DO ROSARIO,PT,176,AIRON RAMOS BERNARDES,***.134.640-**,CPF,2500.0,1,0.001276,
22,MARIA DO ROSARIO,PT,177,ANA CAROLINA RICARDO GOLOMBIEWSKI,***.093.420-**,CPF,2500.0,1,0.001276,
22,MARIA DO ROSARIO,PT,178,BIANCA MEIRELES DA BOANOVA,***.483.240-**,CPF,2500.0,1,0.001276,
22,MARIA DO ROSARIO,PT,179,CARLA BEATRIZ DA SILVA RODRIGUES,***.295.600-**,CPF,2500.0,1,0.001276,
22,MARIA DO ROSARIO,PT,180,CORDIALIANI DE FATIMA LOPES,***.810.570-**,CPF,2500.0,1,0.001276,
22,MARIA DO ROSARIO,PT,181,CRISTIAN DE LIMA KLIPPEL,***.249.200-**,CPF,2500.0,1,0.001276,
22,MARIA DO ROSARIO,PT,182,DIONATAN ROCHA DE OLIVEIRA,***.261.550-**,CPF,2500.0,1,0.001276,
22,MARIA DO ROSARIO,PT,183,ELIOMAR RODRIGUES DA ROSA,***.813.170-**,CPF,2500.0,1,0.001276,
22,MARIA DO ROSARIO,PT,184,ELISA PETRY GANDARA,***.155.440-**,CPF,2500.0,1,0.001276,
22,MARIA DO ROSARIO,PT,185,GEOVANI DALSOTO SAMPAIO,***.380.130-**,CPF,2500.0,1,0.001276,
22,MARIA DO ROSARIO,PT,186,GUILHERME PETRY GANDARA,***.353.690-**,CPF,2500.0,1,0.001276,
22,MARIA DO ROSARIO,PT,187,JOSE JULIO FARIAS DA SILVA,***.581.320-**,CPF,2500.0,1,0.001276,
22,MARIA DO ROSARIO,PT,188,JULIO MORESCO BRUM JUNIOR,***.613.860-**,CPF,2500.0,1,0.001276,
22,MARIA DO ROSARIO,PT,189,LAURA ROSA SIMOES DOS SANTOS,***.079.030-**,CPF,2500.0,1,0.001276,
22,MARIA DO ROSARIO,PT,190,LEONARDO RODRIGUES BANDEIRA,***.945.300-**,CPF,2500.0,1,0.001276,
22,MARIA DO ROSARIO,PT,191,LETICIA DA FONTOURA,***.250.630-**,CPF,2500.0,1,0.001276,
22,MARIA DO ROSARIO,PT,192,LORRANE CRISTIELE MEIRELES DA BOANOVA,***.502.520-**,CPF,2500.0,1,0.001276,
22,MARIA DO ROSARIO,PT,193,MARIA FELICIANA PEREIRA TRAJANO,***.579.630-**,CPF,2500.0,1,0.001276,
22,MARIA DO ROSARIO,PT,194,MARTA REJANE FELIX DA ROSA,***.079.350-**,CPF,2500.0,1,0.001276,
22,MARIA DO ROSARIO,PT,195,MAURA CASSIA GARCIA DOS REIS RIBEIRO,***.956.500-**,CPF,2500.0,1,0.001276,
22,MARIA DO ROSARIO,PT,196,MILWAUKEE PRODUCAO DE EVENTOS LTDA,59.882.948/0001-60,CNPJ,2500.0,1,0.001276,
22,MARIA DO ROSARIO,PT,197,PEDRO CAETANO DOS SANTOS,***.956.000-**,CPF,2500.0,1,0.001276,
22,MARIA DO ROSARIO,PT,198,SUELI DE OLIVEIRA TOMAS,***.911.990-**,CPF,2500.0,1,0.001276,
22,MARIA DO ROSARIO,PT,199,SUSANA KELLER DA ROSA,***.169.750-**,CPF,2500.0,1,0.001276,
22,MARIA DO ROSARIO,PT,200,TAIANE DE ALMEIDA FERREIRA,***.487.340-**,CPF,2500.0,1,0.001276,
22,MARIA DO ROSARIO,PT,201,VANESSA RODRIGUES GONCALVES,***.548.740-**,CPF,2500.0,1,0.001276,
22,MARIA DO ROSARIO,PT,202,ELISANGELA BORGES DA SILVA,***.597.960-**,CPF,2400.0,1,0.001225,
22,MARIA DO ROSARIO,PT,203,KAMILLY MONIQUE JARDIM PRESTES,***.595.950-**,CPF,2400.0,1,0.001225,
22,MARIA DO ROSARIO,PT,204,JUNIOR DISTRIBUIDORA DE SUPRIMENTOS CORPORATIVOS LTDA,89.557.326/0001-28,CNPJ,2379.9,39,0.001215,
22,MARIA DO ROSARIO,PT,205,JAMILE LAIS HECK,***.255.650-**,CPF,2300.0,1,0.001174,
22,MARIA DO ROSARIO,PT,206,LUIS EDUARDO DA SILVA DUARTE,***.787.412-**,CPF,2300.0,1,0.001174,
22,MARIA DO ROSARIO,PT,207,GIOVANA JANAINA KERCHNER,***.183.640-**,CPF,2250.0,1,0.001148,
22,MARIA DO ROSARIO,PT,208,GLEICE ANDREA MACHADO WATTIMO,***.653.220-**,CPF,2250.0,1,0.001148,
22,MARIA DO ROSARIO,PT,209,HENRIQUE ALAN MENDES DE LIMA,***.340.190-**,CPF,2250.0,1,0.001148,
22,MARIA DO ROSARIO,PT,210,JEFERSON OLIVEIRA,***.606.560-**,CPF,2250.0,1,0.001148,
22,MARIA DO ROSARIO,PT,211,LUANA DA SILVA,***.770.390-**,CPF,2250.0,1,0.001148,
22,MARIA DO ROSARIO,PT,212,PEDRO MANOEL DA ROSA,***.691.289-**,CPF,2250.0,1,0.001148,
22,MARIA DO ROSARIO,PT,213,AMANDA GONCALVES SCHWAAB,***.659.300-**,CPF,2000.0,1,0.001021,
22,MARIA DO ROSARIO,PT,214,ANA CAROLINE PEREIRA DA ROSA WAITZMANN,***.690.950-**,CPF,2000.0,1,0.001021,
22,MARIA DO ROSARIO,PT,215,BEATRIZ BARCELOS,***.598.810-**,CPF,2000.0,1,0.001021,
22,MARIA DO ROSARIO,PT,216,CLARISSA CORREA MELLO,***.794.340-**,CPF,2000.0,1,0.001021,
22,MARIA DO ROSARIO,PT,217,CLAUDIO VINICIUS DOS SANTOS RODRIGUES,***.028.690-**,CPF,2000.0,1,0.001021,
22,MARIA DO ROSARIO,PT,218,DANIELA IRALINA PINTO SCHULER,***.132.670-**,CPF,2000.0,1,0.001021,
22,MARIA DO ROSARIO,PT,219,DESIREE MENDES RIBEIRO,***.709.000-**,CPF,2000.0,1,0.001021,
22,MARIA DO ROSARIO,PT,220,ELAINE TERESINHA HAUBERT DOS SANTOS,***.456.830-**,CPF,2000.0,1,0.001021,
22,MARIA DO ROSARIO,PT,221,ELTON LUIZ NASCIMENTO DA COSTA,***.917.180-**,CPF,2000.0,1,0.001021,
22,MARIA DO ROSARIO,PT,222,ENDREWS AUGUSFER SPINDLER DA SILVA,***.739.620-**,CPF,2000.0,1,0.001021,
22,MARIA DO ROSARIO,PT,223,EVANDO SOUZA RIBEIRO,***.026.480-**,CPF,2000.0,1,0.001021,
22,MARIA DO ROSARIO,PT,224,FABIANA VIEGAS DO AMARAL,***.024.630-**,CPF,2000.0,1,0.001021,
22,MARIA DO ROSARIO,PT,225,FATIMA CLAUDETE DOS SANTOS RODRIGUES,***.674.260-**,CPF,2000.0,1,0.001021,
22,MARIA DO ROSARIO,PT,226,FERNANDA VANESSA FERREIRA FRANCA,***.626.920-**,CPF,2000.0,1,0.001021,
22,MARIA DO ROSARIO,PT,227,HILDEBRANDO FERREIRA TENEDINI,***.071.070-**,CPF,2000.0,1,0.001021,
22,MARIA DO ROSARIO,PT,228,IZADORA EMILLI SANTOS FERNANDES,***.643.080-**,CPF,2000.0,1,0.001021,
22,MARIA DO ROSARIO,PT,229,JESSICA JULIANO,***.377.960-**,CPF,2000.0,1,0.001021,
22,MARIA DO ROSARIO,PT,230,JUAREZ DE ALMEIDA OLIVEIRA,***.442.400-**,CPF,2000.0,1,0.001021,
22,MARIA DO ROSARIO,PT,231,JUCIANE FEIJO MONTEIRO,***.165.500-**,CPF,2000.0,1,0.001021,
22,MARIA DO ROSARIO,PT,232,JULIANA DA ROSA SILVEIRA,***.395.560-**,CPF,2000.0,1,0.001021,
22,MARIA DO ROSARIO,PT,233,LARISSA DOS SANTOS DA SILVA,***.402.259-**,CPF,2000.0,1,0.001021,
22,MARIA DO ROSARIO,PT,234,MARCIA ANDREIA DIEFENTHALER,***.911.050-**,CPF,2000.0,1,0.001021,
22,MARIA DO ROSARIO,PT,235,MARIGLEI MOREIRA RODRIGUES,***.829.480-**,CPF,2000.0,1,0.001021,
22,MARIA DO ROSARIO,PT,236,MARLENE COLOMBO FERNANDES,***.230.150-**,CPF,2000.0,1,0.001021,
22,MARIA DO ROSARIO,PT,237,NERI SANTO DE ALMEIDA SOARES,***.380.680-**,CPF,2000.0,1,0.001021,
22,MARIA DO ROSARIO,PT,238,NILO DIONATTAN CAETANO BRAGE,***.124.700-**,CPF,2000.0,1,0.001021,
22,MARIA DO ROSARIO,PT,239,PATRICIA DOS SANTOS COSTA,***.361.900-**,CPF,2000.0,1,0.001021,
22,MARIA DO ROSARIO,PT,240,REGINA LIMA DA SILVA,***.325.850-**,CPF,2000.0,1,0.001021,
22,MARIA DO ROSARIO,PT,241,REINALDO RODRIGUES,***.079.590-**,CPF,2000.0,1,0.001021,
22,MARIA DO ROSARIO,PT,242,ROBINSON LEONARDO NASCIMENTO CARVALHO,***.050.340-**,CPF,2000.0,1,0.001021,
22,MARIA DO ROSARIO,PT,243,RODRIGO VIANA SOARES,***.927.600-**,CPF,2000.0,1,0.001021,
22,MARIA DO ROSARIO,PT,244,SERGIO LENTZ DE AGUIAR,***.142.930-**,CPF,2000.0,1,0.001021,
22,MARIA DO ROSARIO,PT,245,SHERON SOARES GONCALVES,***.578.910-**,CPF,2000.0,1,0.001021,
22,MARIA DO ROSARIO,PT,246,SIDINEI ZAMBERLAN,***.720.409-**,CPF,2000.0,1,0.001021,
22,MARIA DO ROSARIO,PT,247,TANIA DONISETE DE MESQUITA SANTOS,***.727.580-**,CPF,2000.0,1,0.001021,
22,MARIA DO ROSARIO,PT,248,VALENTINA KLEIN NEVES,***.952.980-**,CPF,2000.0,1,0.001021,
22,MARIA DO ROSARIO,PT,249,41.804.453 JENIFER PUGLIERO DA ROSA,41.804.453/0001-58,CNPJ,1950.0,1,0.000995,
22,MARIA DO ROSARIO,PT,250,LUIS GUSTAVO BERNICKER,02.054.848/0001-29,CNPJ,1950.0,1,0.000995,
22,MARIA DO ROSARIO,PT,251,BRUNA GONCALVES SCHMOLLER AURELIO,***.558.600-**,CPF,1867.0,2,0.000953,
22,MARIA DO ROSARIO,PT,252,CAMILLA RODRIGUES DA SILVA,***.637.210-**,CPF,1800.0,1,0.000919,
22,MARIA DO ROSARIO,PT,253,CHAIANE VOHLBRECHET SOARES,***.999.350-**,CPF,1700.0,1,0.000868,
22,MARIA DO ROSARIO,PT,254,FABIANO GARCIA DA FONSECA,***.925.300-**,CPF,1700.0,1,0.000868,
22,MARIA DO ROSARIO,PT,255,ANA PAULA LOPES DA SILVA,***.417.910-**,CPF,1600.0,1,0.000817,
22,MARIA DO ROSARIO,PT,256,DILMA DO NASCIMENTO NELSON SILVEIRA,***.900.960-**,CPF,1600.0,1,0.000817,
22,MARIA DO ROSARIO,PT,257,JOAO TIAGO SANTOS CANABARRO,***.992.280-**,CPF,1600.0,1,0.000817,
22,MARIA DO ROSARIO,PT,258,KATIA REGINA BALEM FREDDO,***.295.740-**,CPF,1600.0,1,0.000817,
22,MARIA DO ROSARIO,PT,259,MARLA JORDANA VANIEL CAMPOLINO,***.315.940-**,CPF,1600.0,1,0.000817,
22,MARIA DO ROSARIO,PT,260,SCHEILA FERNANDES,***.512.010-**,CPF,1600.0,1,0.000817,
22,MARIA DO ROSARIO,PT,261,VAIRTO DE SOUZA PONS,***.002.240-**,CPF,1600.0,1,0.000817,
22,MARIA DO ROSARIO,PT,262,YURI DUTRA ARAUJO,***.145.600-**,CPF,1500.0,1,0.000766,
22,MARIA DO ROSARIO,PT,263,EDUARDA BORGES DIMER,***.146.580-**,CPF,1400.0,1,0.000714,
22,MARIA DO ROSARIO,PT,264,VANESSA ALVES DE OLIVEIRA,***.806.960-**,CPF,1300.0,1,0.000663,
22,MARIA DO ROSARIO,PT,265,ARIANE MEDEIROS DA SILVA,***.773.810-**,CPF,1000.0,1,0.00051,
22,MARIA DO ROSARIO,PT,266,ERICK CARVALHO PRESTES,***.026.310-**,CPF,1000.0,1,0.00051,
22,MARIA DO ROSARIO,PT,267,GIULIANNA RAMOS CORREA,***.909.340-**,CPF,1000.0,1,0.00051,
22,MARIA DO ROSARIO,PT,268,POSTO LINHA VERDE LTDA,38.824.625/0018-99,CNPJ,1000.0,5,0.00051,
22,MARIA DO ROSARIO,PT,269,REGIS CASSIANO DE OLIVEIRA,***.763.430-**,CPF,900.0,1,0.000459,
22,MARIA DO ROSARIO,PT,270,JULIANE FELIX DORNELES,***.172.800-**,CPF,700.0,1,0.000357,
22,MARIA DO ROSARIO,PT,271,FH VIGILANCIA E MONITORAMENTO LTDA,43.624.306/0001-21,CNPJ,640.0,1,0.000327,
22,MARIA DO ROSARIO,PT,272,36.639.923 CARLOS EDUARDO DA SILVA,36.639.923/0001-35,CNPJ,600.0,1,0.000306,
22,MARIA DO ROSARIO,PT,273,15.431.966 AVINE FERNANDES PEREIRA,15.431.966/0001-50,CNPJ,500.0,1,0.000255,
22,MARIA DO ROSARIO,PT,274,SAN ISIDRO HOTELARIA E TURISMO LTDA,86.862.224/0001-28,CNPJ,351.0,1,0.000179,
22,MARIA DO ROSARIO,PT,275,LUIZ GUSTAVO ARAUJO DA SILVA,***.511.240-**,CPF,350.0,1,0.000179,
22,MARIA DO ROSARIO,PT,276,"ELEGIS GESTAO ESTRATEGICA, CONSULTORIA E TECNOLOGIA LTDA",28.067.410/0001-79,CNPJ,325.84,1,0.000166,
22,MARIA DO ROSARIO,PT,277,AGENCIA DE CORREIOS FRANQUEADA ACORIANOS LTDA,97.269.740/0001-60,CNPJ,284.16,4,0.000145,
22,MARIA DO ROSARIO,PT,278,GLOBAL PREVENCAO E SEGURANCA LTDA,28.751.321/0001-47,CNPJ,283.0,1,0.000144,
22,MARIA DO ROSARIO,PT,279,CHIES LOCACAO DE MATERIAIS E EQUIPAMENTOS PARA FESTAS LTDA,22.046.269/0001-41,CNPJ,270.0,1,0.000138,
22,MARIA DO ROSARIO,PT,280,SIM REDE DE POSTOS LTDA,07.473.735/0100-63,CNPJ,226.51,1,0.000116,
22,MARIA DO ROSARIO,PT,281,SIM REDE DE POSTOS LTDA,07.473.735/0167-70,CNPJ,223.67,1,0.000114,
22,MARIA DO ROSARIO,PT,282,POSTO BATOVI COMERCIAL - RS COMBUSTIVEIS E DERIVADOS LTDA,07.004.809/0001-30,CNPJ,210.01,1,0.000107,
22,MARIA DO ROSARIO,PT,283,INSTITUTO FENACON,11.825.802/0001-57,CNPJ,199.75,1,0.000102,
22,MARIA DO ROSARIO,PT,284,"ENCARGOS FINANCEIROS, TAXAS BANCÁRIAS E/OU OP. CARTÃO DE CRÉDITO",,,120.2,14,6.1e-05,
23,MAURÍCIO MARCON,PL,1,LORIGRAF GRAFICA E EDITORA LTDA,93.532.968/0001-40,CNPJ,83795.0,7,0.231394,
23,MAURÍCIO MARCON,PL,2,PKR TRANSPORTES LTDA,14.976.214/0001-02,CNPJ,33726.55,3,0.093133,
23,MAURÍCIO MARCON,PL,3,L PEREIRA CONSULTORIA,27.807.819/0001-11,CNPJ,29900.0,1,0.082567,
23,MAURÍCIO MARCON,PL,4,INSTITUTO SL/ISPO PESQUISA E OPINIAO LTDA,14.433.778/0001-07,CNPJ,28875.0,2,0.079736,
23,MAURÍCIO MARCON,PL,5,MI DIGITAL LTDA.,09.168.032/0001-75,CNPJ,27860.0,7,0.076933,
23,MAURÍCIO MARCON,PL,6,ALINE ZANCHETTIN BAVARESCO,***.874.060-**,CPF,25250.0,2,0.069726,
23,MAURÍCIO MARCON,PL,7,ELF LOCADORA DE VEICULOS LTDA,07.447.405/0001-11,CNPJ,19223.0,1,0.053083,
23,MAURÍCIO MARCON,PL,8,MULTIFRAME PRODUCOES LTDA,49.690.899/0001-00,CNPJ,18000.0,1,0.049706,
23,MAURÍCIO MARCON,PL,9,RCP ASSESSORIA CONTABIL E ADMINISTRATIVA LTDA,03.991.640/0001-07,CNPJ,18000.0,1,0.049706,
23,MAURÍCIO MARCON,PL,10,CLAUDINO AVELINO MARCOLIN,***.716.090-**,CPF,10500.0,1,0.028995,
23,MAURÍCIO MARCON,PL,11,DANIEL DIEGO SERTORIO,***.544.880-**,CPF,9000.0,1,0.024853,
23,MAURÍCIO MARCON,PL,12,ARA FILMES LTDA,45.709.598/0001-20,CNPJ,7500.0,1,0.020711,
23,MAURÍCIO MARCON,PL,13,VANDERLEI LARI LEONCIO,***.639.340-**,CPF,7000.0,1,0.01933,
23,MAURÍCIO MARCON,PL,14,JORGE ELEMAR BRUXEL,87.905.998/0001-51,CNPJ,6560.0,3,0.018115,
23,MAURÍCIO MARCON,PL,15,1000 IMPRESSOES NH LTDA,13.844.156/0001-09,CNPJ,6450.0,1,0.017811,
23,MAURÍCIO MARCON,PL,16,JULIO CEZARTROIS SCALCO,***.375.220-**,CPF,5000.0,1,0.013807,
23,MAURÍCIO MARCON,PL,17,VALDECIR RODRIGUES,***.005.430-**,CPF,5000.0,1,0.013807,
23,MAURÍCIO MARCON,PL,18,SILENE CRISTINA ANDREATTA,***.751.630-**,CPF,4000.0,1,0.011046,
23,MAURÍCIO MARCON,PL,19,HILARIO GHIGGI,***.349.170-**,CPF,3500.0,1,0.009665,
23,MAURÍCIO MARCON,PL,20,GUILHERME SIMIONI ZANELLA,***.730.880-**,CPF,3000.0,1,0.008284,
23,MAURÍCIO MARCON,PL,21,SUSIVAL INDUSTRIA DE EMBALAGENS LTDA,73.319.469/0002-42,CNPJ,2940.0,2,0.008119,
23,MAURÍCIO MARCON,PL,22,ARTE CONTROLADA SOLUCOES TEXTEIS LTDA,01.097.706/0001-86,CNPJ,2050.0,1,0.005661,
23,MAURÍCIO MARCON,PL,23,GRAPER LTDA,65.597.729/0001-32,CNPJ,1936.0,11,0.005346,
23,MAURÍCIO MARCON,PL,24,RODEIO MAIS REDE DE POSTOS LTDA,64.753.324/0001-83,CNPJ,844.56,2,0.002332,
23,MAURÍCIO MARCON,PL,25,IRMAOS ANDREAZZA LTDA,01.132.478/0019-67,CNPJ,768.22,1,0.002121,
23,MAURÍCIO MARCON,PL,26,BAGGIO FESTAS - COMERCIO DE CHOCOLATES LTDA,04.921.325/0001-68,CNPJ,469.7,8,0.001297,
23,MAURÍCIO MARCON,PL,27,SUPRISERRA SUPRIMENTOS LTDA,00.355.815/0001-93,CNPJ,425.0,1,0.001174,
23,MAURÍCIO MARCON,PL,28,LICEIS SUPRIMENTOS LTDA,93.721.454/0001-32,CNPJ,237.6,5,0.000656,
23,MAURÍCIO MARCON,PL,29,VIA MAIS REDE DE POSTOS S.A.,09.273.885/0001-77,CNPJ,210.66,1,0.000582,
23,MAURÍCIO MARCON,PL,30,CAMINHOS DA SERRA GAUCHA S.A.,47.815.827/0001-17,CNPJ,94.2,1,0.00026,
23,MAURÍCIO MARCON,PL,31,"ENCARGOS FINANCEIROS, TAXAS BANCÁRIAS E/OU OP. CARTÃO DE CRÉDITO",,,16.0,10,4.4e-05,
24,OSMAR TERRA,PL,1,MAIS61 ASSESSORIA EM COMUNICACAO E ESTRATEGIA LTDA,14.476.858/0001-31,CNPJ,300000.0,1,0.120289,
24,OSMAR TERRA,PL,2,MIGUEL OLIVEIRA SOCIEDADE INDIVIDUAL DE ADVOCACIA,67.496.458/0001-54,CNPJ,150000.0,1,0.060145,
24,OSMAR TERRA,PL,3,LSC - TRANSPORTES EXECUTIVOS LTDA,65.533.233/0001-03,CNPJ,135000.0,1,0.05413,
24,OSMAR TERRA,PL,4,LOCADORA DE VEICULOS SANTA CRUZ LTDA.,03.000.720/0001-45,CNPJ,111230.04,20,0.044599,
24,OSMAR TERRA,PL,5,GRAFICA LAJEADENSE LTDA,88.057.187/0001-00,CNPJ,82988.0,31,0.033275,
24,OSMAR TERRA,PL,6,COLI GRAFICA E EDITORA LTDA,90.921.263/0001-26,CNPJ,69200.0,15,0.027747,
24,OSMAR TERRA,PL,7,MIGUEL ANGELO GOMES OLIVEIRA,***.793.290-**,CPF,68000.0,1,0.027266,
24,OSMAR TERRA,PL,8,YURI DE JESUS,***.609.560-**,CPF,60000.0,1,0.024058,
24,OSMAR TERRA,PL,9,GASPAR LUIS PASCHOAL,***.024.480-**,CPF,40000.0,1,0.016039,
24,OSMAR TERRA,PL,10,KADU MALHAS COMERCIO DE ROUPAS LTDA,88.804.513/0001-04,CNPJ,39809.0,13,0.015962,
24,OSMAR TERRA,PL,11,GRAFICA LINCK LTDA,87.527.446/0001-57,CNPJ,37200.24,10,0.014916,
24,OSMAR TERRA,PL,12,NAMIR STREJEVITCH,***.549.920-**,CPF,36000.0,1,0.014435,
24,OSMAR TERRA,PL,13,WON COMUNICACAO TOTAL LTDA,88.622.444/0001-00,CNPJ,34633.13,48,0.013887,
24,OSMAR TERRA,PL,14,A&S FRAGA CONTABILIDADE LTDA,60.570.067/0001-93,CNPJ,28000.0,1,0.011227,
24,OSMAR TERRA,PL,15,LUANA STACHELSKI,***.128.190-**,CPF,25000.0,1,0.010024,
24,OSMAR TERRA,PL,16,59.811.887 ERENI TERESINHA ROHDE,59.811.887/0001-40,CNPJ,24990.0,1,0.01002,
24,OSMAR TERRA,PL,17,CELSO LUIZ DE SOUZA SANTOS,***.963.910-**,CPF,23500.0,1,0.009423,
24,OSMAR TERRA,PL,18,67.264.269 LUIS PAULO NITSCHE,67.264.269/0001-56,CNPJ,22750.0,1,0.009122,
24,OSMAR TERRA,PL,19,67.214.160 JOAO PEDRO MARTINS FARIAS BARBOSA,67.214.160/0001-04,CNPJ,21000.0,1,0.00842,
24,OSMAR TERRA,PL,20,36.824.303 MARA REGINA SANTOS BRAGA,36.824.303/0001-76,CNPJ,20000.0,1,0.008019,
24,OSMAR TERRA,PL,21,DANIELE COLLA,***.148.370-**,CPF,20000.0,1,0.008019,
24,OSMAR TERRA,PL,22,FACEBOOK SERVICOS ONLINE DO BRASIL LTDA.,13.347.016/0001-17,CNPJ,20000.0,1,0.008019,
24,OSMAR TERRA,PL,23,DANIEL CHITOLINA OLIVEIRA,***.459.060-**,CPF,16000.0,1,0.006415,
24,OSMAR TERRA,PL,24,ALEXANDRE SUZANO VIDOR,***.340.650-**,CPF,15000.0,1,0.006014,
24,OSMAR TERRA,PL,25,CRISTINA MARIA DE MORAES,***.282.490-**,CPF,15000.0,1,0.006014,
24,OSMAR TERRA,PL,26,DILENE TERESINHA MACIEL CEZAR,***.831.890-**,CPF,15000.0,1,0.006014,
24,OSMAR TERRA,PL,27,HUMANIZZA TREINAMENTOS E PESQUISAS LTDA,21.608.383/0001-55,CNPJ,15000.0,1,0.006014,
24,OSMAR TERRA,PL,28,JOSE DARI NEKEL,***.165.420-**,CPF,15000.0,1,0.006014,
24,OSMAR TERRA,PL,29,ANDRE CANABARRO SABO,***.387.680-**,CPF,14000.0,1,0.005613,
24,OSMAR TERRA,PL,30,RICARDO ABADIE GOULART DA SILVA,***.058.160-**,CPF,14000.0,1,0.005613,
24,OSMAR TERRA,PL,31,DIANE IDALGO MAIDANA,***.240.720-**,CPF,13000.0,1,0.005213,
24,OSMAR TERRA,PL,32,JOSUE NICOLAI,***.303.310-**,CPF,13000.0,1,0.005213,
24,OSMAR TERRA,PL,33,LAURO JOSE BASSO,***.018.550-**,CPF,13000.0,1,0.005213,
24,OSMAR TERRA,PL,34,JOKA SUBLIMACAO DIGITAL LTDA,94.350.113/0001-60,CNPJ,12828.0,4,0.005144,
24,OSMAR TERRA,PL,35,EGON WILSON DURKS,***.184.310-**,CPF,12000.0,1,0.004812,
24,OSMAR TERRA,PL,36,ESSENT INOVACAO CONTABIL LTDA,25.188.538/0001-00,CNPJ,12000.0,1,0.004812,
24,OSMAR TERRA,PL,37,GETULIO DE CRISTO,***.904.900-**,CPF,12000.0,1,0.004812,
24,OSMAR TERRA,PL,38,JORGE PIAIA,***.245.270-**,CPF,12000.0,1,0.004812,
24,OSMAR TERRA,PL,39,KATIA NATIELLY POMPEO PARRA,***.232.499-**,CPF,12000.0,1,0.004812,
24,OSMAR TERRA,PL,40,KEZIA DE SOUZA RAMOS,***.263.554-**,CPF,12000.0,1,0.004812,
24,OSMAR TERRA,PL,41,SANTO LINO PAVEGLIO,***.931.300-**,CPF,11910.0,1,0.004775,
24,OSMAR TERRA,PL,42,JORGE RODRIGUES BRIATO,***.986.810-**,CPF,11500.0,1,0.004611,
24,OSMAR TERRA,PL,43,SUELEN MARTINS CARVALHO,***.881.540-**,CPF,10500.0,1,0.00421,
24,OSMAR TERRA,PL,44,AMANDA HAUSMANN BENDER,***.350.590-**,CPF,10000.0,1,0.00401,
24,OSMAR TERRA,PL,45,CAROLINE LAUTERIO,***.336.770-**,CPF,10000.0,1,0.00401,
24,OSMAR TERRA,PL,46,CLOVIS DE MORAES RIBEIRO,***.396.620-**,CPF,10000.0,1,0.00401,
24,OSMAR TERRA,PL,47,DIOGO SOUZA BISSACOT,***.304.110-**,CPF,10000.0,1,0.00401,
24,OSMAR TERRA,PL,48,IRENE OTILIA STACHELSKI,***.682.400-**,CPF,10000.0,1,0.00401,
24,OSMAR TERRA,PL,49,JADNIEL DE OLIVEIRA KELIM,***.357.420-**,CPF,10000.0,1,0.00401,
24,OSMAR TERRA,PL,50,MARISA CARON,***.764.010-**,CPF,10000.0,1,0.00401,
24,OSMAR TERRA,PL,51,ROBERTO MAURO GRULKE,***.447.100-**,CPF,10000.0,1,0.00401,
24,OSMAR TERRA,PL,52,ROMEU WEBER,***.206.290-**,CPF,10000.0,1,0.00401,
24,OSMAR TERRA,PL,53,RUI CARLOS KAUFMANN TRINDADE,***.865.360-**,CPF,10000.0,1,0.00401,
24,OSMAR TERRA,PL,54,ANAIDE MACHADO DA SILVA,***.277.600-**,CPF,9700.0,1,0.003889,
24,OSMAR TERRA,PL,55,JOSEANE TERESINHA SCHELL,***.668.250-**,CPF,9000.0,1,0.003609,
24,OSMAR TERRA,PL,56,RAFAEL FALQUEMBACH,***.544.880-**,CPF,9000.0,1,0.003609,
24,OSMAR TERRA,PL,57,DIOGO SIMIONI DE SOUZA,***.072.840-**,CPF,8000.0,1,0.003208,
24,OSMAR TERRA,PL,58,EMANUEL GRAMS,***.556.600-**,CPF,8000.0,1,0.003208,
24,OSMAR TERRA,PL,59,JANE ELISABETE RODRIGUES DA COSTA,***.244.700-**,CPF,8000.0,1,0.003208,
24,OSMAR TERRA,PL,60,LUIS ANDRE EBERT,***.192.600-**,CPF,8000.0,1,0.003208,
24,OSMAR TERRA,PL,61,SANDRO AIRES CERUTTI,***.394.000-**,CPF,8000.0,1,0.003208,
24,OSMAR TERRA,PL,62,POSTO DE COMBUSTIVEIS VACCARI LTDA,87.687.489/0001-08,CNPJ,7814.73,31,0.003133,
24,OSMAR TERRA,PL,63,NEIVA STREJEVITCH,***.750.270-**,CPF,7500.0,1,0.003007,
24,OSMAR TERRA,PL,64,DOUGLAS DOS SANTOS,***.225.330-**,CPF,7200.0,1,0.002887,
24,OSMAR TERRA,PL,65,LUCAS AUGUSTO ARTHUS,***.799.500-**,CPF,7000.0,1,0.002807,
24,OSMAR TERRA,PL,66,LUCAS SERPA,***.875.460-**,CPF,7000.0,1,0.002807,
24,OSMAR TERRA,PL,67,MARIA GABRIELA KOCH DE SOUZA,***.415.350-**,CPF,7000.0,1,0.002807,
24,OSMAR TERRA,PL,68,ALINE ARALDI PAN,***.382.740-**,CPF,6000.0,1,0.002406,
24,OSMAR TERRA,PL,69,LUCIANO ARMILIATTO,***.343.930-**,CPF,6000.0,1,0.002406,
24,OSMAR TERRA,PL,70,LUIS EDUARDO BERTOLDI,***.446.260-**,CPF,6000.0,1,0.002406,
24,OSMAR TERRA,PL,71,NORBERTO BORTOLINI,***.781.030-**,CPF,6000.0,1,0.002406,
24,OSMAR TERRA,PL,72,PRISCILA LUANA KRUMMENAUER MANTEY,***.625.470-**,CPF,6000.0,1,0.002406,
24,OSMAR TERRA,PL,73,SALETE MENDES DOS PASSOS,***.123.580-**,CPF,6000.0,1,0.002406,
24,OSMAR TERRA,PL,74,SILVANO SMANIOTTO,***.706.400-**,CPF,6000.0,1,0.002406,
24,OSMAR TERRA,PL,75,THIAGO DELAUNEI KAPPEL,***.012.530-**,CPF,6000.0,1,0.002406,
24,OSMAR TERRA,PL,76,ROMULO SAMUEL KASPAR,***.550.230-**,CPF,5500.0,1,0.002205,
24,OSMAR TERRA,PL,77,ALBERI DE MOURA MALHEIROS JUNIOR,***.300.030-**,CPF,5000.0,1,0.002005,
24,OSMAR TERRA,PL,78,EZEQUIEL GIACOMINI,***.705.360-**,CPF,5000.0,1,0.002005,
24,OSMAR TERRA,PL,79,FLAVIA DE DEUS CASTRO,***.899.500-**,CPF,5000.0,1,0.002005,
24,OSMAR TERRA,PL,80,GLAUCIA ANELISE CORREA VIANNA,***.377.180-**,CPF,5000.0,1,0.002005,
24,OSMAR TERRA,PL,81,HOTEL SAVOY INDUSTRIA HOTELEIRA LTDA,92.917.277/0001-00,CNPJ,5000.0,1,0.002005,
24,OSMAR TERRA,PL,82,IGNACIO JOSE DE ARAUJO MAHFUZ,***.626.930-**,CPF,5000.0,1,0.002005,
24,OSMAR TERRA,PL,83,IVAN MARCOS DEVENSI,***.985.200-**,CPF,5000.0,1,0.002005,
24,OSMAR TERRA,PL,84,MABEL MASKE,***.130.200-**,CPF,5000.0,1,0.002005,
24,OSMAR TERRA,PL,85,RAFAEL OLIVEIRA DE MATOS,***.192.290-**,CPF,5000.0,1,0.002005,
24,OSMAR TERRA,PL,86,RAFAEL OLIVEIRA SILVEIRA,***.784.030-**,CPF,5000.0,1,0.002005,
24,OSMAR TERRA,PL,87,RICARDO MISTURA,***.133.880-**,CPF,5000.0,1,0.002005,
24,OSMAR TERRA,PL,88,ROSANE NOELI KLEIN,***.110.740-**,CPF,5000.0,1,0.002005,
24,OSMAR TERRA,PL,89,SONIA MARIA PILOTTI DOS SANTOS,***.915.200-**,CPF,5000.0,1,0.002005,
24,OSMAR TERRA,PL,90,DAIANE MONTEIRO CABRUM,***.751.210-**,CPF,4500.0,1,0.001804,
24,OSMAR TERRA,PL,91,DILMA DOS SANTOS MONTEIRO,***.239.270-**,CPF,4500.0,1,0.001804,
24,OSMAR TERRA,PL,92,JESSICA CORREA RODRIGUES CENCI,***.136.050-**,CPF,4500.0,1,0.001804,
24,OSMAR TERRA,PL,93,KAUHAN FRANCESCHINI,***.284.250-**,CPF,4500.0,1,0.001804,
24,OSMAR TERRA,PL,94,LUIZA DA SILVA GIRARDI,***.286.610-**,CPF,4500.0,1,0.001804,
24,OSMAR TERRA,PL,95,MARLISI NYLAND LEHNEN,***.627.670-**,CPF,4500.0,1,0.001804,
24,OSMAR TERRA,PL,96,NILVA TEREZINHA DA CRUZ,***.592.980-**,CPF,4500.0,1,0.001804,
24,OSMAR TERRA,PL,97,PAULO ROBERTO DORTINAN,***.293.880-**,CPF,4500.0,1,0.001804,
24,OSMAR TERRA,PL,98,SAMIR RODRIGUES SABO,***.617.360-**,CPF,4500.0,1,0.001804,
24,OSMAR TERRA,PL,99,SILVIA SANT ANA CORREA,***.058.620-**,CPF,4500.0,1,0.001804,
24,OSMAR TERRA,PL,100,SOLANGE ELI ASSUNCAO,***.081.830-**,CPF,4500.0,1,0.001804,
24,OSMAR TERRA,PL,101,LESIANE DOS SANTOS MORATO,***.409.610-**,CPF,4400.0,1,0.001764,
24,OSMAR TERRA,PL,102,ARLEI BRUM,***.283.800-**,CPF,4000.0,1,0.001604,
24,OSMAR TERRA,PL,103,EVERTON JORGE GARCIA DOS SANTOS,***.986.520-**,CPF,4000.0,1,0.001604,
24,OSMAR TERRA,PL,104,JAIRO TADEU DELLA FLORA,***.978.900-**,CPF,4000.0,1,0.001604,
24,OSMAR TERRA,PL,105,JAIRTON DE CEZARO,***.934.280-**,CPF,4000.0,1,0.001604,
24,OSMAR TERRA,PL,106,LIANE PIFFER,***.369.729-**,CPF,4000.0,1,0.001604,
24,OSMAR TERRA,PL,107,LUCIA ANITA TEIXEIRA DE LIMA,***.305.550-**,CPF,4000.0,1,0.001604,
24,OSMAR TERRA,PL,108,MARINEY MONTEIRO MORAES,***.165.500-**,CPF,4000.0,1,0.001604,
24,OSMAR TERRA,PL,109,RICARDO RAIMUNDO SARTORI,***.481.180-**,CPF,4000.0,1,0.001604,
24,OSMAR TERRA,PL,110,RONALDA PEREIRA GIROLDI,***.305.710-**,CPF,4000.0,1,0.001604,
24,OSMAR TERRA,PL,111,ROSANE OLIVEIRA MOURA,***.583.860-**,CPF,4000.0,1,0.001604,
24,OSMAR TERRA,PL,112,SILVANIA VIDMAR FANTON,***.248.780-**,CPF,4000.0,1,0.001604,
24,OSMAR TERRA,PL,113,VALCIR CAMILOTTI,***.406.900-**,CPF,4000.0,1,0.001604,
24,OSMAR TERRA,PL,114,WALDIR PALHARINI,***.369.280-**,CPF,4000.0,1,0.001604,
24,OSMAR TERRA,PL,115,FABRICIA DO CANTO RODRIGUES,***.500.120-**,CPF,3750.0,1,0.001504,
24,OSMAR TERRA,PL,116,MARCELE RAFAELE KLAFKE DA SILVA,***.270.080-**,CPF,3750.0,1,0.001504,
24,OSMAR TERRA,PL,117,TIAGO CARDOSO RODRIGUES DOS SANTOS,***.210.860-**,CPF,3750.0,1,0.001504,
24,OSMAR TERRA,PL,118,VINICIUS PEDROSO DOS SANTOS,***.165.970-**,CPF,3750.0,1,0.001504,
24,OSMAR TERRA,PL,119,YURI DOS SANTOS BILHA,***.749.380-**,CPF,3750.0,1,0.001504,
24,OSMAR TERRA,PL,120,CLAUDIOMIR DA SILVA BRAZ,***.131.070-**,CPF,3600.0,1,0.001443,
24,OSMAR TERRA,PL,121,DIENI VITORIA PILGER,***.716.450-**,CPF,3600.0,1,0.001443,
24,OSMAR TERRA,PL,122,EMILY QUIESA KLEIN,***.455.620-**,CPF,3600.0,1,0.001443,
24,OSMAR TERRA,PL,123,MARIA LUIZA PEREIRA DA SILVA AMARAL,***.965.171-**,CPF,3600.0,1,0.001443,
24,OSMAR TERRA,PL,124,MARTA REGINA DE FREITAS HERMANN,***.808.040-**,CPF,3600.0,1,0.001443,
24,OSMAR TERRA,PL,125,MURILO HENRIQUE GROSS,***.848.430-**,CPF,3600.0,1,0.001443,
24,OSMAR TERRA,PL,126,NATALIA GABRIELA ALVES DA SILVA,***.792.170-**,CPF,3600.0,1,0.001443,
24,OSMAR TERRA,PL,127,VANESSA DE FREITAS PEREIRA,***.356.880-**,CPF,3600.0,1,0.001443,
24,OSMAR TERRA,PL,128,COMPUNEW COMPUTADORES E ASSISTENCIA TECNICA LTDA,68.846.500/0001-82,CNPJ,3500.0,1,0.001403,
24,OSMAR TERRA,PL,129,MATEUS MARTINS DE OLIVEIRA,***.125.350-**,CPF,3500.0,1,0.001403,
24,OSMAR TERRA,PL,130,NAIR BERENICE DA SILVA,***.786.580-**,CPF,3500.0,1,0.001403,
24,OSMAR TERRA,PL,131,NARCA GRAZIELA FREDERICH,***.467.590-**,CPF,3500.0,1,0.001403,
24,OSMAR TERRA,PL,132,ADAO SIRINEU DA SILVA,***.084.040-**,CPF,3000.0,1,0.001203,
24,OSMAR TERRA,PL,133,ADEMIR PEDROSO,***.994.560-**,CPF,3000.0,1,0.001203,
24,OSMAR TERRA,PL,134,ADILSON MOLINARI,***.111.230-**,CPF,3000.0,1,0.001203,
24,OSMAR TERRA,PL,135,ADRIELE MENDES DOS PASSOS,***.116.740-**,CPF,3000.0,1,0.001203,
24,OSMAR TERRA,PL,136,ALAIDES DOS SANTOS CANABARRO,***.214.840-**,CPF,3000.0,1,0.001203,
24,OSMAR TERRA,PL,137,ALEX MUNEVEG,***.457.160-**,CPF,3000.0,1,0.001203,
24,OSMAR TERRA,PL,138,ALINE LETIELE MENDES,***.594.270-**,CPF,3000.0,1,0.001203,
24,OSMAR TERRA,PL,139,ANTONIO PAULO DE CARVALHO FURQUIM,***.313.700-**,CPF,3000.0,1,0.001203,
24,OSMAR TERRA,PL,140,CAROLINE DOS REIS FELIPE GARBIN,***.988.090-**,CPF,3000.0,1,0.001203,
24,OSMAR TERRA,PL,141,CHARLENE OLIVEIRA MOURA SILVEIRA,***.859.780-**,CPF,3000.0,1,0.001203,
24,OSMAR TERRA,PL,142,CLODOMIRA CAMARGO GARBIN,***.070.780-**,CPF,3000.0,1,0.001203,
24,OSMAR TERRA,PL,143,DILSON DUMKE,***.931.170-**,CPF,3000.0,1,0.001203,
24,OSMAR TERRA,PL,144,EDMILSON BORTOLOTTO,***.765.670-**,CPF,3000.0,1,0.001203,
24,OSMAR TERRA,PL,145,EDUARDO LUIS DE MORAES,***.562.590-**,CPF,3000.0,1,0.001203,
24,OSMAR TERRA,PL,146,ELISANDRA DE SOUZA PIMENTA,***.656.250-**,CPF,3000.0,1,0.001203,
24,OSMAR TERRA,PL,147,EMANUEL ANGELO PIASSA,***.891.440-**,CPF,3000.0,1,0.001203,
24,OSMAR TERRA,PL,148,GELSON GILNEI CARVALHO DA ROSA,***.845.870-**,CPF,3000.0,1,0.001203,
24,OSMAR TERRA,PL,149,GUSTAVO MARTINS,***.089.270-**,CPF,3000.0,1,0.001203,
24,OSMAR TERRA,PL,150,JAILSON ROBERTO MANCHINI,***.326.930-**,CPF,3000.0,1,0.001203,
24,OSMAR TERRA,PL,151,JEISON DE ARAUJO,***.129.480-**,CPF,3000.0,1,0.001203,
24,OSMAR TERRA,PL,152,JOAO AUGUSTO REINEHR,***.697.520-**,CPF,3000.0,1,0.001203,
24,OSMAR TERRA,PL,153,JOAO BATISTA MELLO DA SILVA,***.454.000-**,CPF,3000.0,1,0.001203,
24,OSMAR TERRA,PL,154,JOSE LUIZ PETRY,***.019.470-**,CPF,3000.0,1,0.001203,
24,OSMAR TERRA,PL,155,LADIR BERNARDO WINCK,***.987.800-**,CPF,3000.0,1,0.001203,
24,OSMAR TERRA,PL,156,LEANDRA SILVA LAPAZINI,***.021.200-**,CPF,3000.0,1,0.001203,
24,OSMAR TERRA,PL,157,LEONARDO DA SILVA,***.282.100-**,CPF,3000.0,1,0.001203,
24,OSMAR TERRA,PL,158,LUIS MARQUES,***.402.650-**,CPF,3000.0,1,0.001203,
24,OSMAR TERRA,PL,159,MAICON DIEGO MISSIO,***.006.540-**,CPF,3000.0,1,0.001203,
24,OSMAR TERRA,PL,160,MARCOS AURELIO MELO DE OLIVEIRA,***.808.640-**,CPF,3000.0,1,0.001203,
24,OSMAR TERRA,PL,161,MARIA SHIRLEY MERIB MARQUES,***.175.050-**,CPF,3000.0,1,0.001203,
24,OSMAR TERRA,PL,162,PAULO RICARDO LOPES FONSECA,***.637.200-**,CPF,3000.0,1,0.001203,
24,OSMAR TERRA,PL,163,RAFAEL DA ROSA VIANA,***.845.930-**,CPF,3000.0,1,0.001203,
24,OSMAR TERRA,PL,164,ROSELIANE GOULART PINTO,***.748.230-**,CPF,3000.0,1,0.001203,
24,OSMAR TERRA,PL,165,RUBERVAL FERNANDES DA SILVA,***.092.730-**,CPF,3000.0,1,0.001203,
24,OSMAR TERRA,PL,166,SARA GARBIN VARELA,***.944.400-**,CPF,3000.0,1,0.001203,
24,OSMAR TERRA,PL,167,SEVERINO ANTONIO PINHEIRO DE LIMA,***.261.100-**,CPF,3000.0,1,0.001203,
24,OSMAR TERRA,PL,168,SIDNEI EDSON HELDT,***.261.830-**,CPF,3000.0,1,0.001203,
24,OSMAR TERRA,PL,169,SONIA JOMARA BECK,***.378.060-**,CPF,3000.0,1,0.001203,
24,OSMAR TERRA,PL,170,VALDECIR SIMINKOSKI,***.555.030-**,CPF,3000.0,1,0.001203,
24,OSMAR TERRA,PL,171,VINICIUS BUENO MACIEL,***.752.480-**,CPF,3000.0,1,0.001203,
24,OSMAR TERRA,PL,172,52.484.522 GREGORI DOS SANTOS SAGGIN,52.484.522/0001-00,CNPJ,2700.0,1,0.001083,
24,OSMAR TERRA,PL,173,AMANDA ZILA LISBOA QUEIROZ,***.749.150-**,CPF,2647.63,1,0.001062,
24,OSMAR TERRA,PL,174,CARLA CRISTIANE MACIEL,***.642.700-**,CPF,2647.63,1,0.001062,
24,OSMAR TERRA,PL,175,CLAUDIA FERNANDA BITENCOURT CARVALHO PRESTES,***.800.260-**,CPF,2647.63,1,0.001062,
24,OSMAR TERRA,PL,176,EDUARDO RODRIGO VIANNA,***.218.690-**,CPF,2647.63,1,0.001062,
24,OSMAR TERRA,PL,177,ELIEZER GALVAO PASQUALI,***.473.510-**,CPF,2647.63,1,0.001062,
24,OSMAR TERRA,PL,178,ISABEL CRISTINA SOARES DE SIQUEIRA,***.901.380-**,CPF,2647.63,1,0.001062,
24,OSMAR TERRA,PL,179,JARDEL PIMENTEL PAVAO,***.725.880-**,CPF,2647.63,1,0.001062,
24,OSMAR TERRA,PL,180,JOAO VITOR DOS SANTOS,***.837.690-**,CPF,2647.63,1,0.001062,
24,OSMAR TERRA,PL,181,JOSE RONTANI DE OLIVEIRA,***.513.950-**,CPF,2647.63,1,0.001062,
24,OSMAR TERRA,PL,182,LEILA DOS SANTOS OLIVEIRA,***.728.730-**,CPF,2647.63,1,0.001062,
24,OSMAR TERRA,PL,183,LUANA VANESSA VIEIRA SCHINAIDER,***.825.080-**,CPF,2647.63,1,0.001062,
24,OSMAR TERRA,PL,184,MARCIA ABREU DA SILVA,***.014.740-**,CPF,2647.63,1,0.001062,
24,OSMAR TERRA,PL,185,MARCIA SUELI FERNANDES,***.676.010-**,CPF,2647.63,1,0.001062,
24,OSMAR TERRA,PL,186,SANDRA REGINA BUENO,***.278.010-**,CPF,2647.63,1,0.001062,
24,OSMAR TERRA,PL,187,ADRIANA SCHENATTO PEDDE,***.244.770-**,CPF,2500.0,1,0.001002,
24,OSMAR TERRA,PL,188,ALEX SANDRO CARVALHO,***.834.330-**,CPF,2500.0,1,0.001002,
24,OSMAR TERRA,PL,189,ANA CASSIA FLORIANO BARRIOS,***.672.970-**,CPF,2500.0,1,0.001002,
24,OSMAR TERRA,PL,190,ANA CLAUDIA DE ASSIS,***.866.150-**,CPF,2500.0,1,0.001002,
24,OSMAR TERRA,PL,191,ANA ELISA TIECHER MISTURA,***.355.350-**,CPF,2500.0,1,0.001002,
24,OSMAR TERRA,PL,192,ANGELA FATIMA BORTOLASSI,***.656.980-**,CPF,2500.0,1,0.001002,
24,OSMAR TERRA,PL,193,ANTONIO CAVALHEIRO PASTURIZA,***.251.820-**,CPF,2500.0,1,0.001002,
24,OSMAR TERRA,PL,194,CARLA MORANE XAVIER FERREIRA,***.300.620-**,CPF,2500.0,1,0.001002,
24,OSMAR TERRA,PL,195,CARLOS EDUARDO VIVIAN MODRAK,***.943.260-**,CPF,2500.0,1,0.001002,
24,OSMAR TERRA,PL,196,CLEUSA MARIA TRASSANTE VALERIO,***.908.840-**,CPF,2500.0,1,0.001002,
24,OSMAR TERRA,PL,197,COMERCIAL DE COMBUSTIVEIS RAMIRO LTDA,10.520.277/0001-07,CNPJ,2500.0,1,0.001002,
24,OSMAR TERRA,PL,198,EDSON EDIMILSON DE ALMEIDA,***.694.980-**,CPF,2500.0,1,0.001002,
24,OSMAR TERRA,PL,199,ELISABETE TEREZINHA CAMPO BARBOSA,***.203.990-**,CPF,2500.0,1,0.001002,
24,OSMAR TERRA,PL,200,GRASIELA DA SILVA FERNANDES,***.636.710-**,CPF,2500.0,1,0.001002,
24,OSMAR TERRA,PL,201,JEOVA DA LUZ CORREA,***.045.140-**,CPF,2500.0,1,0.001002,
24,OSMAR TERRA,PL,202,MARIA HELENA ALVES,***.656.330-**,CPF,2500.0,1,0.001002,
24,OSMAR TERRA,PL,203,MARINES GOULART LOPES,***.350.000-**,CPF,2500.0,1,0.001002,
24,OSMAR TERRA,PL,204,MARLI DE FATIMA DA SILVA,***.667.200-**,CPF,2500.0,1,0.001002,
24,OSMAR TERRA,PL,205,PEDRO HENRIQUE DOS REIS,***.085.480-**,CPF,2500.0,1,0.001002,
24,OSMAR TERRA,PL,206,RICARDO ANSELMO,***.842.340-**,CPF,2500.0,1,0.001002,
24,OSMAR TERRA,PL,207,RODRIGO LUIS SOARES DIAS,***.084.580-**,CPF,2500.0,1,0.001002,
24,OSMAR TERRA,PL,208,SANDRA REGINA DA SILVA,***.014.460-**,CPF,2500.0,1,0.001002,
24,OSMAR TERRA,PL,209,VALDEMAR LUIZ SEVERIANO,***.412.500-**,CPF,2500.0,1,0.001002,
24,OSMAR TERRA,PL,210,VALDIR DO NASCIMENTO,***.453.820-**,CPF,2500.0,1,0.001002,
24,OSMAR TERRA,PL,211,VANESSA DE CASTRO SANTOS,***.547.970-**,CPF,2500.0,1,0.001002,
24,OSMAR TERRA,PL,212,VANILDA DALLA VECHIA,***.522.290-**,CPF,2500.0,1,0.001002,
24,OSMAR TERRA,PL,213,SANDRA MORAIS DE OLIVEIRA,***.460.390-**,CPF,2400.0,1,0.000962,
24,OSMAR TERRA,PL,214,AALLFAX TELECOMUNICACOES LTDA,01.402.427/0001-89,CNPJ,2300.0,1,0.000922,
24,OSMAR TERRA,PL,215,CARLOS FERNANDO TABORDA DE MORAIS,***.612.310-**,CPF,2215.37,1,0.000888,
24,OSMAR TERRA,PL,216,MARLLON RAFAEL DOS SANTOS,***.831.860-**,CPF,2215.37,1,0.000888,
24,OSMAR TERRA,PL,217,ANA MARTA DE SOUZA PERCISI,***.086.970-**,CPF,2200.0,1,0.000882,
24,OSMAR TERRA,PL,218,CARLOS CESAR DOS SANTOS E SILVA,***.438.860-**,CPF,2200.0,1,0.000882,
24,OSMAR TERRA,PL,219,CELSO RIZZI,***.230.900-**,CPF,2200.0,1,0.000882,
24,OSMAR TERRA,PL,220,CRISTIANE INES GIROLDI,***.263.280-**,CPF,2200.0,1,0.000882,
24,OSMAR TERRA,PL,221,JAMES VIEIRA,***.005.170-**,CPF,2200.0,1,0.000882,
24,OSMAR TERRA,PL,222,MARIA HELENA FERREIRA,***.868.410-**,CPF,2200.0,1,0.000882,
24,OSMAR TERRA,PL,223,MARLI DAS GRACAS DE SOUZA,***.373.160-**,CPF,2200.0,1,0.000882,
24,OSMAR TERRA,PL,224,ALINE BIANCA LISBOA QUEIROZ DE ANDRADE,***.078.570-**,CPF,2161.33,1,0.000867,
24,OSMAR TERRA,PL,225,CLEBER NEI SOBIS,***.846.240-**,CPF,2100.0,1,0.000842,
24,OSMAR TERRA,PL,226,ANGELICA MAIARA DE MOURA KUTZNER,***.083.430-**,CPF,2053.27,1,0.000823,
24,OSMAR TERRA,PL,227,FERNANDA MACIEL MORAES ESTEVAO,***.644.460-**,CPF,2053.27,1,0.000823,
24,OSMAR TERRA,PL,228,NEIVA JAQUELINE OLIVEIRA DA SILVA,***.375.150-**,CPF,2053.27,1,0.000823,
24,OSMAR TERRA,PL,229,NICOLE ANDRESSA ZALESKI MELO,***.920.430-**,CPF,2053.27,1,0.000823,
24,OSMAR TERRA,PL,230,RODRIGO GUILHERME DOS SANTOS,***.403.850-**,CPF,2053.27,1,0.000823,
24,OSMAR TERRA,PL,231,ALESSANDRA DE MORAIS GANDINI,***.884.500-**,CPF,2000.0,1,0.000802,
24,OSMAR TERRA,PL,232,DANIRA DOS SANTOS DUARTE,***.323.300-**,CPF,2000.0,1,0.000802,
24,OSMAR TERRA,PL,233,EMERSON DUARTE DE MATOS,***.612.970-**,CPF,2000.0,1,0.000802,
24,OSMAR TERRA,PL,234,ERICO SIRLEI DE ALMEIDA,***.404.770-**,CPF,2000.0,1,0.000802,
24,OSMAR TERRA,PL,235,GABRIELA TEDESCO PEDROSO,***.232.520-**,CPF,2000.0,1,0.000802,
24,OSMAR TERRA,PL,236,JOEL EDUINO HERZOG,***.617.500-**,CPF,2000.0,1,0.000802,
24,OSMAR TERRA,PL,237,JULIO CESAR AREND,***.552.200-**,CPF,2000.0,1,0.000802,
24,OSMAR TERRA,PL,238,NARA LUCIA DA SILVA VIEIRA,***.461.930-**,CPF,2000.0,1,0.000802,
24,OSMAR TERRA,PL,239,ROSELANE BARALDI,***.544.320-**,CPF,2000.0,1,0.000802,
24,OSMAR TERRA,PL,240,SONIA APARECIDA DA SILVA AGUIAR,***.272.040-**,CPF,2000.0,1,0.000802,
24,OSMAR TERRA,PL,241,VANESSA DE MOURA BUZATTO,***.555.280-**,CPF,2000.0,1,0.000802,
24,OSMAR TERRA,PL,242,POSTO DO HERMES LTDA,61.346.163/0001-15,CNPJ,1874.3,9,0.000752,
24,OSMAR TERRA,PL,243,ANA MARLI DA SILVA,***.242.070-**,CPF,1800.0,1,0.000722,
24,OSMAR TERRA,PL,244,LEONARDO GOMES DE ALMEIDA,***.631.380-**,CPF,1800.0,1,0.000722,
24,OSMAR TERRA,PL,245,NILVO SANTO BUZATTO,***.482.950-**,CPF,1800.0,1,0.000722,
24,OSMAR TERRA,PL,246,TENIEL MORAIS DE OLIVEIRA,***.771.320-**,CPF,1800.0,1,0.000722,
24,OSMAR TERRA,PL,247,VICTOR JESSE DA SILVA SZOSTKIEWICZ,***.676.310-**,CPF,1800.0,1,0.000722,
24,OSMAR TERRA,PL,248,DIENIFER KURTZ DO NASCIMENTO,***.157.340-**,CPF,1729.07,1,0.000693,
24,OSMAR TERRA,PL,249,EMPRESA JORNALISTICA NOROESTE LTDA,87.687.703/0001-18,CNPJ,1706.4,6,0.000684,
24,OSMAR TERRA,PL,250,IDANIR MARIO MENIN,***.643.300-**,CPF,1600.0,1,0.000642,
24,OSMAR TERRA,PL,251,BOHRER MIGUEL COMERCIO DE COMBUSTIVEIS LTDA,28.053.659/0005-59,CNPJ,1595.98,7,0.00064,
24,OSMAR TERRA,PL,252,DANAEL FERNANDO DOS REIS,***.461.890-**,CPF,1500.0,1,0.000601,
24,OSMAR TERRA,PL,253,ELTON PINTO DE FRAGA,***.675.780-**,CPF,1500.0,1,0.000601,
24,OSMAR TERRA,PL,254,ERLENE SCHEIDT BATISTA,***.159.340-**,CPF,1500.0,1,0.000601,
24,OSMAR TERRA,PL,255,EVELIN MORAES BARBOZA,***.314.570-**,CPF,1500.0,1,0.000601,
24,OSMAR TERRA,PL,256,EVERSON DA SILVA,***.990.640-**,CPF,1500.0,1,0.000601,
24,OSMAR TERRA,PL,257,FRANCELINO BORCHARTT DO CARMO,***.231.500-**,CPF,1500.0,1,0.000601,
24,OSMAR TERRA,PL,258,GILMAR DE OLIVEIRA RIBEIRO,***.141.470-**,CPF,1500.0,1,0.000601,
24,OSMAR TERRA,PL,259,JOAO ALTEU DA SILVA,***.175.400-**,CPF,1500.0,1,0.000601,
24,OSMAR TERRA,PL,260,LUAN JUNIOR ESCOBAR KREWER,***.591.760-**,CPF,1500.0,1,0.000601,
24,OSMAR TERRA,PL,261,LUIS CARLOS GONCALVES DOS SANTOS,***.445.990-**,CPF,1500.0,1,0.000601,
24,OSMAR TERRA,PL,262,LUTIELE CARVALHO DA SILVA,***.815.540-**,CPF,1500.0,1,0.000601,
24,OSMAR TERRA,PL,263,MARA ALVES ANTUNES,***.786.170-**,CPF,1500.0,1,0.000601,
24,OSMAR TERRA,PL,264,MARISTELA LOPES DE OLIVERA,***.611.360-**,CPF,1500.0,1,0.000601,
24,OSMAR TERRA,PL,265,VOLCIR LUI,***.366.689-**,CPF,1500.0,1,0.000601,
24,OSMAR TERRA,PL,266,ZILMAR COIMBRA DA SILVA,***.726.520-**,CPF,1500.0,1,0.000601,
24,OSMAR TERRA,PL,267,CENTRO DE CONVENIENCIAS FALEIRO LTDA,01.552.252/0005-10,CNPJ,1400.0,6,0.000561,
24,OSMAR TERRA,PL,268,JACQUELINE CORREA DOS SANTOS,***.237.040-**,CPF,1400.0,1,0.000561,
24,OSMAR TERRA,PL,269,R C BARBI,90.903.667/0001-97,CNPJ,1202.3,4,0.000482,
24,OSMAR TERRA,PL,270,CAMILA FAUSTINO DA SILVA,***.198.360-**,CPF,1200.0,1,0.000481,
24,OSMAR TERRA,PL,271,LUANA THALIA SOARES TORRES,***.450.420-**,CPF,1200.0,1,0.000481,
24,OSMAR TERRA,PL,272,POSTO DE COMBUSTIVEIS CINQUENTENARIO LTDA,39.935.498/0001-10,CNPJ,1161.21,10,0.000466,
24,OSMAR TERRA,PL,273,ALESSANDRO KRAMER BORGES ***.720.810-**,48.680.160/0001-55,CNPJ,1000.0,1,0.000401,
24,OSMAR TERRA,PL,274,DAGMAR ALBERTO SCHALANSKI,***.233.520-**,CPF,1000.0,1,0.000401,
24,OSMAR TERRA,PL,275,FAYLO TOMAS RIBEIRO DE MATOS,***.482.690-**,CPF,1000.0,1,0.000401,
24,OSMAR TERRA,PL,276,MAICON ROBSON KRAUS,***.595.910-**,CPF,1000.0,1,0.000401,
24,OSMAR TERRA,PL,277,LUIZA PIMENTEL DOS SANTOS,***.438.370-**,CPF,918.56,1,0.000368,
24,OSMAR TERRA,PL,278,CAMILA ROSA DA SILVA,***.079.560-**,CPF,864.53,1,0.000347,
24,OSMAR TERRA,PL,279,ADRIANA BEATRIZ DE OLIVEIRA FERREIRA,***.864.520-**,CPF,810.5,1,0.000325,
24,OSMAR TERRA,PL,280,CASSIA CLARO TELLES MOCCELIN,***.001.710-**,CPF,800.0,1,0.000321,
24,OSMAR TERRA,PL,281,DANIELE LOSS RODRIGUES,***.496.230-**,CPF,800.0,1,0.000321,
24,OSMAR TERRA,PL,282,FRANCIELI BATTISTELLA,***.195.810-**,CPF,800.0,1,0.000321,
24,OSMAR TERRA,PL,283,IRACEMA DOS SANTOS,***.974.240-**,CPF,702.43,1,0.000282,
24,OSMAR TERRA,PL,284,IZAIAS SAMUEL MEDEIROS MARTINS,***.565.720-**,CPF,648.4,1,0.00026,
24,OSMAR TERRA,PL,285,NELSON KOCH,***.885.800-**,CPF,600.0,1,0.000241,
24,OSMAR TERRA,PL,286,ROBERTO RIVELINO RAMIRES DE SOUZA,***.995.650-**,CPF,600.0,1,0.000241,
24,OSMAR TERRA,PL,287,DJEFERSON MARCELO HERZOG HERGESELL,***.696.940-**,CPF,540.33,1,0.000217,
24,OSMAR TERRA,PL,288,DJEISON HERGESELL,***.134.430-**,CPF,540.33,1,0.000217,
24,OSMAR TERRA,PL,289,DIGITAL PRINT COPIAS LTDA,51.232.298/0001-04,CNPJ,540.0,1,0.000217,
24,OSMAR TERRA,PL,290,POSTO DE SERVICO CAXIAS LTDA,88.632.823/0001-80,CNPJ,516.06,4,0.000207,
24,OSMAR TERRA,PL,291,ABASTECEDORA AZ ZANINI LTDA,25.260.684/0001-91,CNPJ,510.08,2,0.000205,
24,OSMAR TERRA,PL,292,EDSON LUIS PERES,***.428.040-**,CPF,486.3,1,0.000195,
24,OSMAR TERRA,PL,293,12.493.716 PAULO JONAS DE CARVALHO SPENGLER,12.493.716/0001-57,CNPJ,450.0,1,0.00018,
24,OSMAR TERRA,PL,294,ABASTECEDORA DE COMBUSTIVEIS KOCH LTDA,97.970.297/0001-50,CNPJ,432.47,2,0.000173,
24,OSMAR TERRA,PL,295,AUTO POSTO CGP LTDA,08.178.768/0002-42,CNPJ,431.26,2,0.000173,
24,OSMAR TERRA,PL,296,AUTO POSTO TRONCA LTDA,28.550.571/0001-19,CNPJ,294.51,2,0.000118,
24,OSMAR TERRA,PL,297,POSTO SANTA TEREZINHA LTDA,87.723.417/0001-60,CNPJ,236.43,1,9.5e-05,
24,OSMAR TERRA,PL,298,"ENCARGOS FINANCEIROS, TAXAS BANCÁRIAS E/OU OP. CARTÃO DE CRÉDITO",,,210.18,25,8.4e-05,
24,OSMAR TERRA,PL,299,BONO IMOVEIS LTDA,14.902.782/0001-69,CNPJ,200.0,1,8e-05,
24,OSMAR TERRA,PL,300,POSTO DE COMBUSTIVEL SAO PELEGRINO LTDA,03.419.688/0001-37,CNPJ,197.67,1,7.9e-05,
24,OSMAR TERRA,PL,301,ABASTECEDORA GUADALUPE LTDA,29.299.122/0001-02,CNPJ,144.75,1,5.8e-05,
24,OSMAR TERRA,PL,302,BASOTTI E BERTON COMERCIO DE COMBUSTIVEIS LTDA,38.228.424/0002-61,CNPJ,115.8,1,4.6e-05,
25,PEDRO WESTPHALEN,PP,1,GRAFICA E EDITORA COMUNICACAO IMPRESSA LTDA,89.840.797/0001-49,CNPJ,378133.67,94,0.2018,
25,PEDRO WESTPHALEN,PP,2,CITYCAR ALUGUEL DE VEICULOS S.A.,68.765.049/0001-79,CNPJ,163539.44,33,0.087277,
25,PEDRO WESTPHALEN,PP,3,68.662.534 SILVIE GRAZIELE GOMES FRITZ,68.662.534/0001-17,CNPJ,80500.0,1,0.042961,
25,PEDRO WESTPHALEN,PP,4,BARROSO & MACHADO LTDA,07.239.059/0001-86,CNPJ,66314.6,9,0.03539,
25,PEDRO WESTPHALEN,PP,5,ALEX SANDRO SCHMALZ RODRIGUES,08.043.362/0001-71,CNPJ,60000.0,1,0.03202,
25,PEDRO WESTPHALEN,PP,6,1000 IMPRESSOES NH LTDA,13.844.156/0001-09,CNPJ,50759.6,19,0.027089,
25,PEDRO WESTPHALEN,PP,7,FRANCISCO OSORIO BARCELOS OURIQUE,***.223.710-**,CPF,30000.0,1,0.01601,
25,PEDRO WESTPHALEN,PP,8,DSR IMPRESSOES LTDA,57.032.733/0001-25,CNPJ,29725.0,15,0.015863,
25,PEDRO WESTPHALEN,PP,9,KATYVA EMBALAGENS E SERVICOS DE IMPRESSAO LTDA,53.877.511/0001-52,CNPJ,22500.0,1,0.012008,
25,PEDRO WESTPHALEN,PP,10,SILOMAR GARCIA SILVEIRA,***.728.880-**,CPF,20000.0,1,0.010673,
25,PEDRO WESTPHALEN,PP,11,FACEBOOK SERVICOS ONLINE DO BRASIL LTDA.,13.347.016/0001-17,CNPJ,18700.0,6,0.00998,
25,PEDRO WESTPHALEN,PP,12,LILIAN PINTO DE MORAES,***.783.510-**,CPF,15000.0,1,0.008005,
25,PEDRO WESTPHALEN,PP,13,F WORK TEXTIL LTDA,68.462.703/0001-75,CNPJ,14500.0,1,0.007738,
25,PEDRO WESTPHALEN,PP,14,LOCALIZA RENT A CAR SA,16.670.085/0001-55,CNPJ,13744.4,1,0.007335,
25,PEDRO WESTPHALEN,PP,15,LUIS R DA ROSA RAMIRES,45.041.412/0001-08,CNPJ,12620.0,6,0.006735,
25,PEDRO WESTPHALEN,PP,16,JOEL MELQUIOR DA COSTA BONEBERGER,***.465.320-**,CPF,12000.0,1,0.006404,
25,PEDRO WESTPHALEN,PP,17,61.501.950 GISELE SOUZA E SILVA,61.501.950/0001-94,CNPJ,10000.0,1,0.005337,
25,PEDRO WESTPHALEN,PP,18,ANA PAULA PEREIRA DA ROCHA,***.425.770-**,CPF,10000.0,1,0.005337,
25,PEDRO WESTPHALEN,PP,19,BRUNA DA ROCHA FREITAS,***.503.700-**,CPF,10000.0,1,0.005337,
25,PEDRO WESTPHALEN,PP,20,CARLA DA SILVA OLIVEIRA LANNES,***.483.120-**,CPF,10000.0,1,0.005337,
25,PEDRO WESTPHALEN,PP,21,DANIELSON DUARTE BRUM,***.276.240-**,CPF,10000.0,1,0.005337,
25,PEDRO WESTPHALEN,PP,22,JOEL DOS SANTOS,***.201.330-**,CPF,10000.0,1,0.005337,
25,PEDRO WESTPHALEN,PP,23,KELEN RAUBER SILVEIRA,***.866.740-**,CPF,10000.0,1,0.005337,
25,PEDRO WESTPHALEN,PP,24,LUCAS SILVA SILVEIRA,***.778.320-**,CPF,10000.0,1,0.005337,
25,PEDRO WESTPHALEN,PP,25,EMPRESA BRASILEIRA DE CORREIOS E TELEGRAFOS,34.028.316/0929-89,CNPJ,9845.43,1,0.005254,
25,PEDRO WESTPHALEN,PP,26,VANESSA DA ROCHA KRAEY,***.507.300-**,CPF,9600.0,1,0.005123,
25,PEDRO WESTPHALEN,PP,27,HONORABILE RECK ROBERTI,***.089.600-**,CPF,9000.0,1,0.004803,
25,PEDRO WESTPHALEN,PP,28,LUCIANO RAMOS BARROS,***.204.710-**,CPF,8000.0,1,0.004269,
25,PEDRO WESTPHALEN,PP,29,EVERTON LUIZ DA ROSA ALVES,***.083.400-**,CPF,6600.0,1,0.003522,
25,PEDRO WESTPHALEN,PP,30,ADRIANO FRITZ,***.048.300-**,CPF,6000.0,1,0.003202,
25,PEDRO WESTPHALEN,PP,31,BREGITE ELAINE KAHL DO ESPIRITO SANTO,***.004.240-**,CPF,6000.0,1,0.003202,
25,PEDRO WESTPHALEN,PP,32,CAROLINE PATUSSI SIGNOR,***.153.430-**,CPF,6000.0,1,0.003202,
25,PEDRO WESTPHALEN,PP,33,CHARLISE BANALETTI PATUSSI,***.390.760-**,CPF,6000.0,1,0.003202,
25,PEDRO WESTPHALEN,PP,34,DARLAN DA SILVA,***.963.450-**,CPF,6000.0,1,0.003202,
25,PEDRO WESTPHALEN,PP,35,GUILHERME LUIZ JUNG,***.109.810-**,CPF,6000.0,1,0.003202,
25,PEDRO WESTPHALEN,PP,36,ILDOMAR JOSE DE SOUZA,***.458.580-**,CPF,6000.0,1,0.003202,
25,PEDRO WESTPHALEN,PP,37,IRACI MARIA DE SOUZA,***.710.400-**,CPF,6000.0,1,0.003202,
25,PEDRO WESTPHALEN,PP,38,JULIUS KAHL DO ESPIRITO SANTO,***.771.470-**,CPF,6000.0,1,0.003202,
25,PEDRO WESTPHALEN,PP,39,LILIANE CIELLO,***.973.070-**,CPF,6000.0,1,0.003202,
25,PEDRO WESTPHALEN,PP,40,LORHAN NASCIMENTO DE AVILA,***.877.330-**,CPF,6000.0,1,0.003202,
25,PEDRO WESTPHALEN,PP,41,LUCIA ELENICE GRAEFF,***.029.810-**,CPF,6000.0,1,0.003202,
25,PEDRO WESTPHALEN,PP,42,PABLO JONES SALAZAR,***.211.760-**,CPF,6000.0,1,0.003202,
25,PEDRO WESTPHALEN,PP,43,STUDIO PRINT GRAFICA E EDITORA LTDA,19.539.180/0001-02,CNPJ,5670.0,1,0.003026,
25,PEDRO WESTPHALEN,PP,44,MARIA ROSALIA GOMES DA SILVA,***.823.100-**,CPF,5350.0,1,0.002855,
25,PEDRO WESTPHALEN,PP,45,JONAS SCHONWALD,***.394.530-**,CPF,5300.0,1,0.002828,
25,PEDRO WESTPHALEN,PP,46,AMANDA DENISE MAIER NOGUEIRA,***.193.610-**,CPF,5000.0,1,0.002668,
25,PEDRO WESTPHALEN,PP,47,ANA PAULA WOLFF,***.090.220-**,CPF,5000.0,1,0.002668,
25,PEDRO WESTPHALEN,PP,48,BRUNA DE ALMEIDA,***.027.030-**,CPF,5000.0,1,0.002668,
25,PEDRO WESTPHALEN,PP,49,CARLOS ALBERTO MACIEL BORGES,***.111.760-**,CPF,5000.0,1,0.002668,
25,PEDRO WESTPHALEN,PP,50,CATIA DANIELA BOHN,***.240.720-**,CPF,5000.0,1,0.002668,
25,PEDRO WESTPHALEN,PP,51,DIEGO BENETTI HAHN,***.625.200-**,CPF,5000.0,1,0.002668,
25,PEDRO WESTPHALEN,PP,52,DILENE MARIA ROPKE SCHIEFELBEIN,***.164.970-**,CPF,5000.0,1,0.002668,
25,PEDRO WESTPHALEN,PP,53,DIOGO ANDRIGO SIRONI,***.060.350-**,CPF,5000.0,1,0.002668,
25,PEDRO WESTPHALEN,PP,54,EDUARDA LUCCA AMORIM,***.946.740-**,CPF,5000.0,1,0.002668,
25,PEDRO WESTPHALEN,PP,55,EDUARDO COPETTI BEUTINGER,***.199.710-**,CPF,5000.0,1,0.002668,
25,PEDRO WESTPHALEN,PP,56,ELEN CAROLINA DE LIMA ALBRECHT,***.482.180-**,CPF,5000.0,1,0.002668,
25,PEDRO WESTPHALEN,PP,57,FABIO MARCELO SCHMATZ DA ROCHA,***.192.020-**,CPF,5000.0,1,0.002668,
25,PEDRO WESTPHALEN,PP,58,GREICY DOS SANTOS FLORES,***.021.600-**,CPF,5000.0,1,0.002668,
25,PEDRO WESTPHALEN,PP,59,HELENA AMARO DA SILVEIRA PEREIRA,***.732.770-**,CPF,5000.0,1,0.002668,
25,PEDRO WESTPHALEN,PP,60,JAIME ANTONIO BRAUN,***.664.000-**,CPF,5000.0,1,0.002668,
25,PEDRO WESTPHALEN,PP,61,JANES RODRIGUES ANTUNES,***.581.090-**,CPF,5000.0,1,0.002668,
25,PEDRO WESTPHALEN,PP,62,JOAO BATISTA BRITES LENCINA,***.088.600-**,CPF,5000.0,1,0.002668,
25,PEDRO WESTPHALEN,PP,63,JOSIANE SOUZA DE FREITAS,***.358.720-**,CPF,5000.0,1,0.002668,
25,PEDRO WESTPHALEN,PP,64,KELEN DA CUNHA LEIRIA PRESTES,***.482.670-**,CPF,5000.0,1,0.002668,
25,PEDRO WESTPHALEN,PP,65,LEIDA MARIA RUI MIOSO,***.500.240-**,CPF,5000.0,1,0.002668,
25,PEDRO WESTPHALEN,PP,66,LUIS FERNANDO DA SILVA MACHADO,***.071.910-**,CPF,5000.0,1,0.002668,
25,PEDRO WESTPHALEN,PP,67,MARCELO ANTONIO RIFFEL,***.100.500-**,CPF,5000.0,1,0.002668,
25,PEDRO WESTPHALEN,PP,68,MARCELO DA SILVA CHAVES,***.750.910-**,CPF,5000.0,1,0.002668,
25,PEDRO WESTPHALEN,PP,69,MARINA CASOLA MACHADO,***.862.150-**,CPF,5000.0,1,0.002668,
25,PEDRO WESTPHALEN,PP,70,MILTON ANTONIO DE OLIVEIRA,***.059.280-**,CPF,5000.0,1,0.002668,
25,PEDRO WESTPHALEN,PP,71,NATACHA DE CASTRO CORREA MOREIRA,***.722.280-**,CPF,5000.0,1,0.002668,
25,PEDRO WESTPHALEN,PP,72,PATRICIA DE MOURA ASSUNCAO,***.675.690-**,CPF,5000.0,1,0.002668,
25,PEDRO WESTPHALEN,PP,73,PATRICIA SIQUEIRA MELLO DE OLIVEIRA,***.983.000-**,CPF,5000.0,1,0.002668,
25,PEDRO WESTPHALEN,PP,74,PEDRO EDUARDO HORN,***.216.440-**,CPF,5000.0,1,0.002668,
25,PEDRO WESTPHALEN,PP,75,REGINALDO SCHERER,***.323.380-**,CPF,5000.0,1,0.002668,
25,PEDRO WESTPHALEN,PP,76,ROBERTO MULLER STROHER,***.362.350-**,CPF,5000.0,1,0.002668,
25,PEDRO WESTPHALEN,PP,77,VARLEI DE VARGAS,***.824.420-**,CPF,5000.0,1,0.002668,
25,PEDRO WESTPHALEN,PP,78,WILLIAM FERREIRA PORTALUPPI,***.726.220-**,CPF,5000.0,1,0.002668,
25,PEDRO WESTPHALEN,PP,79,LIZIANE QUEVEDO,07.086.926/0001-90,CNPJ,4985.48,1,0.002661,
25,PEDRO WESTPHALEN,PP,80,CHERVO MANUTENCAO E VENDAS DE PRODUTOS DE INFORMATICA LTDA,91.370.452/0001-10,CNPJ,4560.0,1,0.002434,
25,PEDRO WESTPHALEN,PP,81,JANAINA DE AZEVEDO OLIVEIRA,***.943.160-**,CPF,4500.0,1,0.002402,
25,PEDRO WESTPHALEN,PP,82,MARIA DA LUZ ALVES PEREIRA,***.017.590-**,CPF,4500.0,1,0.002402,
25,PEDRO WESTPHALEN,PP,83,RICHARD DORNELES DE RODRIGUES,***.153.510-**,CPF,4500.0,1,0.002402,
25,PEDRO WESTPHALEN,PP,84,ARLAN FERNANDES PEREIRA,***.563.500-**,CPF,4000.0,1,0.002135,
25,PEDRO WESTPHALEN,PP,85,MAICON DOUGLAS MOREIRA GARCIA,***.312.320-**,CPF,4000.0,1,0.002135,
25,PEDRO WESTPHALEN,PP,86,RUDINEI CAVALHEIRO DE OLIVEIRA,***.868.620-**,CPF,4000.0,1,0.002135,
25,PEDRO WESTPHALEN,PP,87,SERGIO SANTOS DA SILVA,***.430.500-**,CPF,3750.0,1,0.002001,
25,PEDRO WESTPHALEN,PP,88,CENTER COMUNICACAO VISUAL LTDA,61.702.409/0001-44,CNPJ,3620.0,6,0.001932,
25,PEDRO WESTPHALEN,PP,89,CIRIO LANGE,***.617.760-**,CPF,3000.0,1,0.001601,
25,PEDRO WESTPHALEN,PP,90,DANIEL DA SILVA BORBA,***.877.300-**,CPF,3000.0,1,0.001601,
25,PEDRO WESTPHALEN,PP,91,HUMBERTO AIROLDI,***.800.390-**,CPF,3000.0,1,0.001601,
25,PEDRO WESTPHALEN,PP,92,IANDORA DA ROSA FORNI,***.545.730-**,CPF,3000.0,1,0.001601,
25,PEDRO WESTPHALEN,PP,93,JERRI CHARLES WERNER,***.694.430-**,CPF,3000.0,1,0.001601,
25,PEDRO WESTPHALEN,PP,94,JORGE ALBERTO DA SILVA,***.694.500-**,CPF,3000.0,1,0.001601,
25,PEDRO WESTPHALEN,PP,95,JOSE LUIS MIRESKI GUNCHOROWSKI,***.758.970-**,CPF,3000.0,1,0.001601,
25,PEDRO WESTPHALEN,PP,96,JOSIANE COUTO MARQUES,***.252.470-**,CPF,3000.0,1,0.001601,
25,PEDRO WESTPHALEN,PP,97,LORACI SCHENKEL,***.629.200-**,CPF,3000.0,1,0.001601,
25,PEDRO WESTPHALEN,PP,98,LUIZ DALTER DORNELES SOUZA,***.552.110-**,CPF,3000.0,1,0.001601,
25,PEDRO WESTPHALEN,PP,99,MARILEA EBERT,***.752.030-**,CPF,3000.0,1,0.001601,
25,PEDRO WESTPHALEN,PP,100,MORGANA ANDRIGHETTI EUZEBIO,***.965.160-**,CPF,3000.0,1,0.001601,
25,PEDRO WESTPHALEN,PP,101,ROGERIO DA ROSA,***.250.860-**,CPF,3000.0,1,0.001601,
25,PEDRO WESTPHALEN,PP,102,SABRINA APARECIDA DE BORBA,***.591.200-**,CPF,3000.0,1,0.001601,
25,PEDRO WESTPHALEN,PP,103,ANDREZA VARGAS DOS SANTOS,***.132.810-**,CPF,2500.0,1,0.001334,
25,PEDRO WESTPHALEN,PP,104,CRISTIANO DA SILVA PEREIRA,***.855.100-**,CPF,2500.0,1,0.001334,
25,PEDRO WESTPHALEN,PP,105,GEANE SOARES CARDOSO,***.649.150-**,CPF,2500.0,1,0.001334,
25,PEDRO WESTPHALEN,PP,106,JOSE ROQUE PEREIRA DOS SANTOS,***.619.490-**,CPF,2500.0,1,0.001334,
25,PEDRO WESTPHALEN,PP,107,MARIA CLARICE RODRIGUES PRZYBULINSKI,***.110.920-**,CPF,2500.0,1,0.001334,
25,PEDRO WESTPHALEN,PP,108,SILVANA SILVA DOS SANTOS,***.135.420-**,CPF,2500.0,1,0.001334,
25,PEDRO WESTPHALEN,PP,109,DESTAQUE AUTO POSTO COMERCIO DE COMBUSTIVEIS E LUBRIFICANTES LTDA,36.741.864/0001-01,CNPJ,2466.92,11,0.001317,
25,PEDRO WESTPHALEN,PP,110,ZORAIDE MACAGNAN PIACENTINI,***.765.150-**,CPF,2453.0,1,0.001309,
25,PEDRO WESTPHALEN,PP,111,ELOI DO NASCIMENTO,***.348.800-**,CPF,2400.0,1,0.001281,
25,PEDRO WESTPHALEN,PP,112,JOSIELE DE OLIVEIRA ALTMAYER,***.263.140-**,CPF,2400.0,1,0.001281,
25,PEDRO WESTPHALEN,PP,113,LEONARDO VEIGA FRACARO,***.288.700-**,CPF,2400.0,1,0.001281,
25,PEDRO WESTPHALEN,PP,114,MANOELA MACIEL DA SILVA,***.988.050-**,CPF,2400.0,1,0.001281,
25,PEDRO WESTPHALEN,PP,115,PEDRO ANTONIO DOS SANTOS QUADROS JUNIOR,***.596.690-**,CPF,2400.0,1,0.001281,
25,PEDRO WESTPHALEN,PP,116,PEDRO PAULO NICOLAU FILHO,***.160.750-**,CPF,2400.0,1,0.001281,
25,PEDRO WESTPHALEN,PP,117,RENAN AROLDI,***.710.150-**,CPF,2400.0,1,0.001281,
25,PEDRO WESTPHALEN,PP,118,SELOI DICKSEN SOUZA,***.258.149-**,CPF,2400.0,1,0.001281,
25,PEDRO WESTPHALEN,PP,119,CLEUSA CARVALHO DA FONSECA,***.012.400-**,CPF,2100.0,1,0.001121,
25,PEDRO WESTPHALEN,PP,120,DENISE MARTINS DE SOUSA,***.753.750-**,CPF,2100.0,1,0.001121,
25,PEDRO WESTPHALEN,PP,121,ERIK DE ALMEIDA,***.848.810-**,CPF,2100.0,1,0.001121,
25,PEDRO WESTPHALEN,PP,122,FELIPE DA SILVA PEREIRA,***.766.050-**,CPF,2100.0,1,0.001121,
25,PEDRO WESTPHALEN,PP,123,GABRIEL PEDROLO BOMFIM GOMES,***.966.450-**,CPF,2100.0,1,0.001121,
25,PEDRO WESTPHALEN,PP,124,JESSICA MARINA DA SILVA DE OLIVEIRA,***.890.850-**,CPF,2100.0,1,0.001121,
25,PEDRO WESTPHALEN,PP,125,MARISTELA CATIANA DE OLIVEIRA,***.307.770-**,CPF,2100.0,1,0.001121,
25,PEDRO WESTPHALEN,PP,126,MICHELI NERY MENDES,***.326.060-**,CPF,2100.0,1,0.001121,
25,PEDRO WESTPHALEN,PP,127,ROSENARA RAQUEL GOULART TEIXEIRA,***.872.970-**,CPF,2100.0,1,0.001121,
25,PEDRO WESTPHALEN,PP,128,SILVIA PEREIRA BORGES,***.039.180-**,CPF,2100.0,1,0.001121,
25,PEDRO WESTPHALEN,PP,129,VALMOR CARDOSO FERREIRA JUNIOR,***.587.940-**,CPF,2100.0,1,0.001121,
25,PEDRO WESTPHALEN,PP,130,ALDORI DA SILVA,***.289.690-**,CPF,2000.0,1,0.001067,
25,PEDRO WESTPHALEN,PP,131,ANA CRISTINA LOPES DA SILVA,***.266.050-**,CPF,2000.0,1,0.001067,
25,PEDRO WESTPHALEN,PP,132,ANDRESSA SILVA DA SILVA,***.333.650-**,CPF,2000.0,1,0.001067,
25,PEDRO WESTPHALEN,PP,133,CARLOS CIRIO PRATES DOS SANTOS,***.853.910-**,CPF,2000.0,1,0.001067,
25,PEDRO WESTPHALEN,PP,134,CLARISSE BOCK DE AGUIAR,***.846.180-**,CPF,2000.0,1,0.001067,
25,PEDRO WESTPHALEN,PP,135,CLAUDIO ROBERTO LEITE ROCHA,***.160.080-**,CPF,2000.0,1,0.001067,
25,PEDRO WESTPHALEN,PP,136,DANIELA FERNANDES OLIVEIRA,***.116.090-**,CPF,2000.0,1,0.001067,
25,PEDRO WESTPHALEN,PP,137,DEBORA DE CASTRO MARTINS,***.471.060-**,CPF,2000.0,1,0.001067,
25,PEDRO WESTPHALEN,PP,138,EDSON NICOLEIT,***.267.320-**,CPF,2000.0,1,0.001067,
25,PEDRO WESTPHALEN,PP,139,FERNANDO BRUM,***.971.510-**,CPF,2000.0,1,0.001067,
25,PEDRO WESTPHALEN,PP,140,FRANCIELE DE AVILA DA SILVA,***.950.070-**,CPF,2000.0,1,0.001067,Documento exibido pelo TSE não passa na verificação de dígitos
25,PEDRO WESTPHALEN,PP,141,JAIR DIAS DA SILVA,***.361.910-**,CPF,2000.0,1,0.001067,
25,PEDRO WESTPHALEN,PP,142,JEIMIR GONCALVES FRANCISCO,***.992.340-**,CPF,2000.0,1,0.001067,
25,PEDRO WESTPHALEN,PP,143,JOAO FRANCISCO REIS DE OLIVEIRA,***.886.140-**,CPF,2000.0,1,0.001067,
25,PEDRO WESTPHALEN,PP,144,JONES BORGES LOPES,***.056.110-**,CPF,2000.0,1,0.001067,
25,PEDRO WESTPHALEN,PP,145,JOSE PEDRO DE FREITAS LOCH,***.127.530-**,CPF,2000.0,1,0.001067,
25,PEDRO WESTPHALEN,PP,146,JULIANO PAGNO DE CAMPOS,***.173.610-**,CPF,2000.0,1,0.001067,
25,PEDRO WESTPHALEN,PP,147,LUIS CARLOS DE OLIVEIRA RAMOS,***.614.690-**,CPF,2000.0,1,0.001067,
25,PEDRO WESTPHALEN,PP,148,MARCELO SILVEIRA SIQUEIRA,***.797.530-**,CPF,2000.0,1,0.001067,
25,PEDRO WESTPHALEN,PP,149,MARIA EDUARDA DA ROSA DA SILVA,***.231.510-**,CPF,2000.0,1,0.001067,
25,PEDRO WESTPHALEN,PP,150,MATEUS LAUTERT DA SILVA,***.334.070-**,CPF,2000.0,1,0.001067,
25,PEDRO WESTPHALEN,PP,151,PAMELA PATRICIA DOS SANTOS DE MEDEIROS,***.515.060-**,CPF,2000.0,1,0.001067,
25,PEDRO WESTPHALEN,PP,152,PAULO ANTONIO PIRES,***.591.170-**,CPF,2000.0,1,0.001067,
25,PEDRO WESTPHALEN,PP,153,RAFAELA FURQUIM NARVAZ LIMA,***.385.060-**,CPF,2000.0,1,0.001067,
25,PEDRO WESTPHALEN,PP,154,RAISSA DA SILVA HOFFMANN,***.768.720-**,CPF,2000.0,1,0.001067,
25,PEDRO WESTPHALEN,PP,155,RICARDO KICH,***.388.400-**,CPF,2000.0,1,0.001067,
25,PEDRO WESTPHALEN,PP,156,ROBERTO CARLOS CABRAL DA SILVA,***.954.720-**,CPF,2000.0,1,0.001067,
25,PEDRO WESTPHALEN,PP,157,ROBERTO GENTIL ZIEGG,***.261.170-**,CPF,2000.0,1,0.001067,
25,PEDRO WESTPHALEN,PP,158,SABRINA CURTIS ROMERO,***.208.010-**,CPF,2000.0,1,0.001067,
25,PEDRO WESTPHALEN,PP,159,SILVIA RENATA FERREIRA ELKFURY,***.202.190-**,CPF,2000.0,1,0.001067,
25,PEDRO WESTPHALEN,PP,160,SILVIO FABIANO ROSA DA SILVA,***.925.480-**,CPF,2000.0,1,0.001067,
25,PEDRO WESTPHALEN,PP,161,SILVIO PEREIRA DA SILVA,***.236.950-**,CPF,2000.0,1,0.001067,
25,PEDRO WESTPHALEN,PP,162,SIRRO JOSE MARION,***.925.980-**,CPF,2000.0,1,0.001067,
25,PEDRO WESTPHALEN,PP,163,TATIANE ROCHA LEITE,***.829.270-**,CPF,2000.0,1,0.001067,
25,PEDRO WESTPHALEN,PP,164,VALDIR FELICETTI,***.812.120-**,CPF,2000.0,1,0.001067,
25,PEDRO WESTPHALEN,PP,165,VILMAR GILBERTO GENGNAGEL,***.070.520-**,CPF,2000.0,1,0.001067,
25,PEDRO WESTPHALEN,PP,166,VILMAR NASCIMENTO BUENO,***.208.250-**,CPF,2000.0,1,0.001067,
25,PEDRO WESTPHALEN,PP,167,VOLNEI GARCIA DE LIMA,***.899.540-**,CPF,2000.0,1,0.001067,
25,PEDRO WESTPHALEN,PP,168,ABASTECEDORA DE COMBUSTIVEIS FRIZZO LTDA,00.133.913/0001-86,CNPJ,1980.48,9,0.001057,
25,PEDRO WESTPHALEN,PP,169,ANA LUCIA DOS SANTOS,***.897.580-**,CPF,1800.0,1,0.000961,
25,PEDRO WESTPHALEN,PP,170,ARTUR ORLANDI RUATT,***.123.800-**,CPF,1800.0,1,0.000961,
25,PEDRO WESTPHALEN,PP,171,CLEBERSON MAIER DE MOURA,***.004.800-**,CPF,1800.0,1,0.000961,
25,PEDRO WESTPHALEN,PP,172,DIMON ROSALINO,***.339.800-**,CPF,1800.0,1,0.000961,
25,PEDRO WESTPHALEN,PP,173,ELISANGELA PICCOLI DRI,***.274.300-**,CPF,1800.0,1,0.000961,
25,PEDRO WESTPHALEN,PP,174,HERTSON JOSE DA SILVA OLIVEIRA,***.293.960-**,CPF,1800.0,1,0.000961,
25,PEDRO WESTPHALEN,PP,175,MARCIELI DE OLIVEIRA MELLO,***.794.170-**,CPF,1800.0,1,0.000961,
25,PEDRO WESTPHALEN,PP,176,MATEUS PIVOTO,***.737.910-**,CPF,1800.0,1,0.000961,
25,PEDRO WESTPHALEN,PP,177,PEDRO DANIEL FONTANA DE LIMA MACIEL,***.635.580-**,CPF,1800.0,1,0.000961,
25,PEDRO WESTPHALEN,PP,178,RITA DE CASSIA GUEDES TROMBINI,***.606.800-**,CPF,1800.0,1,0.000961,
25,PEDRO WESTPHALEN,PP,179,VALDEVI LIMA MACIEL,***.516.400-**,CPF,1800.0,1,0.000961,
25,PEDRO WESTPHALEN,PP,180,ANA PAULA VIEIRA DO NASCIMENTO,***.484.400-**,CPF,1750.0,1,0.000934,
25,PEDRO WESTPHALEN,PP,181,ANELIANA CHEILA DOS REIS PIANESSO,***.740.700-**,CPF,1750.0,1,0.000934,
25,PEDRO WESTPHALEN,PP,182,FERNANDO BECKER MATOS,***.197.760-**,CPF,1750.0,1,0.000934,
25,PEDRO WESTPHALEN,PP,183,ROSANGELA MACHADO DA ROSA,***.362.670-**,CPF,1750.0,1,0.000934,
25,PEDRO WESTPHALEN,PP,184,ANA CLAUDIA BATISTA DUARTE,***.250.980-**,CPF,1621.0,1,0.000865,
25,PEDRO WESTPHALEN,PP,185,EVANIR OLIVEIRA DE ALMEIDA,***.159.090-**,CPF,1621.0,1,0.000865,
25,PEDRO WESTPHALEN,PP,186,GILMAR DA SILVA CAMARA,***.913.520-**,CPF,1621.0,1,0.000865,
25,PEDRO WESTPHALEN,PP,187,LILIAN PATRICIA SILVA BECKER,***.890.620-**,CPF,1621.0,1,0.000865,
25,PEDRO WESTPHALEN,PP,188,SALETE TEREZINHA VASCONCELOS DE LIMA,***.337.440-**,CPF,1621.0,1,0.000865,
25,PEDRO WESTPHALEN,PP,189,TANIA DE FATIMA SILVA PEIXOTO,***.581.570-**,CPF,1621.0,1,0.000865,
25,PEDRO WESTPHALEN,PP,190,VANDERLEIA BRANDAO ROSA,***.238.420-**,CPF,1621.0,1,0.000865,
25,PEDRO WESTPHALEN,PP,191,CRISTINE DA SILVA ALFONSO,***.007.590-**,CPF,1600.0,1,0.000854,
25,PEDRO WESTPHALEN,PP,192,NADINE GUEDES DA SILVA,***.490.480-**,CPF,1600.0,1,0.000854,
25,PEDRO WESTPHALEN,PP,193,ANTHONY LEAL AJALA,***.241.410-**,CPF,1595.0,1,0.000851,
25,PEDRO WESTPHALEN,PP,194,LIANDRA MARFILSON BLONDET,***.632.400-**,CPF,1595.0,1,0.000851,
25,PEDRO WESTPHALEN,PP,195,MAIARA MAIMI DA SILVA RODRIGUES,***.293.340-**,CPF,1595.0,1,0.000851,
25,PEDRO WESTPHALEN,PP,196,VICTOR DANIEL GONCALVES CORREA,***.522.010-**,CPF,1595.0,1,0.000851,
25,PEDRO WESTPHALEN,PP,197,HOERLLE & ASSUMPCAO LTDA,21.921.645/0004-80,CNPJ,1533.81,8,0.000819,
25,PEDRO WESTPHALEN,PP,198,ALLAN MICHAEL KLAUS,***.638.220-**,CPF,1500.0,1,0.000801,
25,PEDRO WESTPHALEN,PP,199,ANGELA MEDIANEIRA OLIARI,***.777.280-**,CPF,1500.0,1,0.000801,Documento exibido pelo TSE não passa na verificação de dígitos
25,PEDRO WESTPHALEN,PP,200,ARTHUR PEREIRA PAIVA,***.113.320-**,CPF,1500.0,1,0.000801,
25,PEDRO WESTPHALEN,PP,201,BETANIA ROSANGELA LIMA BITTENCOURT CHIMESQUE,***.856.500-**,CPF,1500.0,1,0.000801,
25,PEDRO WESTPHALEN,PP,202,BRUNO SILVEIRA DE AGUIAR,***.617.350-**,CPF,1500.0,1,0.000801,
25,PEDRO WESTPHALEN,PP,203,CALIANDRA CORNEL LEMES,***.992.030-**,CPF,1500.0,1,0.000801,
25,PEDRO WESTPHALEN,PP,204,GRAZIELLA DE CAMARGO DA COSTA,***.185.630-**,CPF,1500.0,1,0.000801,Documento exibido pelo TSE não passa na verificação de dígitos
25,PEDRO WESTPHALEN,PP,205,GUILHERME ABRAO SANT ANNA,***.255.720-**,CPF,1500.0,1,0.000801,
25,PEDRO WESTPHALEN,PP,206,JEFERSON NERI KOLLER LIMBERGER,***.316.310-**,CPF,1500.0,1,0.000801,
25,PEDRO WESTPHALEN,PP,207,JOAO ADRIEL DUARTE NUNES,***.964.790-**,CPF,1500.0,1,0.000801,
25,PEDRO WESTPHALEN,PP,208,JULIA SCHORN OLIVEIRA,***.265.150-**,CPF,1500.0,1,0.000801,
25,PEDRO WESTPHALEN,PP,209,LINDOMAR DE MORAES DIAS,***.870.870-**,CPF,1500.0,1,0.000801,
25,PEDRO WESTPHALEN,PP,210,LUCIANE MARTINS GIANICHINI,***.048.000-**,CPF,1500.0,1,0.000801,
25,PEDRO WESTPHALEN,PP,211,LUZIMERI ILHA TASSINARI,***.073.470-**,CPF,1500.0,1,0.000801,
25,PEDRO WESTPHALEN,PP,212,MAYARA SILVA DA SILVA,***.144.940-**,CPF,1500.0,1,0.000801,
25,PEDRO WESTPHALEN,PP,213,PEDRO SAMUEL MORAES,***.551.340-**,CPF,1500.0,1,0.000801,
25,PEDRO WESTPHALEN,PP,214,RODRIGO VIANNA PEREIRA,***.071.140-**,CPF,1500.0,1,0.000801,
25,PEDRO WESTPHALEN,PP,215,SABRINA SILVA DAMASCENO,***.824.200-**,CPF,1500.0,1,0.000801,
25,PEDRO WESTPHALEN,PP,216,TAINARA LUIZ SALGADO DA COSTA,***.066.590-**,CPF,1500.0,1,0.000801,
25,PEDRO WESTPHALEN,PP,217,TAISA LICIANE MORAES GONCALVES,***.103.570-**,CPF,1500.0,1,0.000801,
25,PEDRO WESTPHALEN,PP,218,POSTO DE COMBUSTIVEIS VACCARI LTDA,87.687.489/0001-08,CNPJ,1420.7,6,0.000758,
25,PEDRO WESTPHALEN,PP,219,EDITORIAL EXPRESSAO LTDA,01.541.262/0001-26,CNPJ,1416.0,2,0.000756,
25,PEDRO WESTPHALEN,PP,220,POSTO SAARA LTDA,05.444.847/0001-89,CNPJ,1405.06,6,0.00075,
25,PEDRO WESTPHALEN,PP,221,"H.LANG FILHO COMERCIO,REPRESENTACOES E TRANSPORTES LTDA",91.010.082/0004-53,CNPJ,1276.76,4,0.000681,
25,PEDRO WESTPHALEN,PP,222,NOSSO POSTO - COMERCIO DE COMBUSTIVEIS LTDA,25.024.874/0001-00,CNPJ,1253.1,6,0.000669,
25,PEDRO WESTPHALEN,PP,223,ALBERI CORREA TOLEDO,***.637.400-**,CPF,1200.0,1,0.00064,
25,PEDRO WESTPHALEN,PP,224,ALESSANDRA JAQUELINE DOSSENA SOMMER,***.219.950-**,CPF,1200.0,1,0.00064,
25,PEDRO WESTPHALEN,PP,225,ALEXANDRE PIRES FUR BRUM,***.478.310-**,CPF,1200.0,1,0.00064,
25,PEDRO WESTPHALEN,PP,226,AMANDA SERPA DORNELES,***.135.300-**,CPF,1200.0,1,0.00064,
25,PEDRO WESTPHALEN,PP,227,ANA JULIA TEIXEIRA REUS,***.298.389-**,CPF,1200.0,1,0.00064,
25,PEDRO WESTPHALEN,PP,228,ANDERSON NOGUEIRA ALVES,***.382.070-**,CPF,1200.0,1,0.00064,
25,PEDRO WESTPHALEN,PP,229,ANDIARA DIULIA MENEGOL,***.911.200-**,CPF,1200.0,1,0.00064,
25,PEDRO WESTPHALEN,PP,230,ANI NALU BOTEGA,***.424.430-**,CPF,1200.0,1,0.00064,
25,PEDRO WESTPHALEN,PP,231,ANTENOR JOSE POLICARPO,***.881.420-**,CPF,1200.0,1,0.00064,
25,PEDRO WESTPHALEN,PP,232,ANTONIO SEBASTIAO LINASSI,***.429.660-**,CPF,1200.0,1,0.00064,
25,PEDRO WESTPHALEN,PP,233,ARIEL CEZIMBRA MORAIS,***.402.550-**,CPF,1200.0,1,0.00064,
25,PEDRO WESTPHALEN,PP,234,ATTILA DA CUNHA LOPES,***.857.620-**,CPF,1200.0,1,0.00064,
25,PEDRO WESTPHALEN,PP,235,BRUNO PACHECO GONCALVES,***.023.370-**,CPF,1200.0,1,0.00064,
25,PEDRO WESTPHALEN,PP,236,CARLA ELIZETE CUSTODIO SANTOS,***.222.500-**,CPF,1200.0,1,0.00064,
25,PEDRO WESTPHALEN,PP,237,CARLOS BATISTA,***.498.200-**,CPF,1200.0,1,0.00064,
25,PEDRO WESTPHALEN,PP,238,CARLOS EDUARDO FAGUNDES DIMER,***.960.100-**,CPF,1200.0,1,0.00064,
25,PEDRO WESTPHALEN,PP,239,CARLOS TAVARES DA SILVA,***.510.490-**,CPF,1200.0,1,0.00064,
25,PEDRO WESTPHALEN,PP,240,CAROLAYNE VASCONCELOS,***.961.470-**,CPF,1200.0,1,0.00064,
25,PEDRO WESTPHALEN,PP,241,CAROLINA ROSSATO PIOVESAM,***.324.370-**,CPF,1200.0,1,0.00064,
25,PEDRO WESTPHALEN,PP,242,CLAUDETE PASINATO MULLER,***.259.240-**,CPF,1200.0,1,0.00064,
25,PEDRO WESTPHALEN,PP,243,CLODOACI AMARAL DE OLIVEIRA,***.308.030-**,CPF,1200.0,1,0.00064,
25,PEDRO WESTPHALEN,PP,244,DAIANE ISABEL DOSSENA,***.268.010-**,CPF,1200.0,1,0.00064,
25,PEDRO WESTPHALEN,PP,245,DAIANE PEREIRA PINHEIRO,***.652.380-**,CPF,1200.0,1,0.00064,
25,PEDRO WESTPHALEN,PP,246,DANIELLE GAVAZZONI,***.640.505-**,CPF,1200.0,1,0.00064,
25,PEDRO WESTPHALEN,PP,247,DILAMAR PEREIRA PAES,***.684.400-**,CPF,1200.0,1,0.00064,
25,PEDRO WESTPHALEN,PP,248,DIVA PEREIRA DOS SANTOS,***.758.590-**,CPF,1200.0,1,0.00064,
25,PEDRO WESTPHALEN,PP,249,EDELTRAUT SCHAFFER,***.647.520-**,CPF,1200.0,1,0.00064,
25,PEDRO WESTPHALEN,PP,250,EDUARDA RIBEIRO ROCHA,***.161.205-**,CPF,1200.0,1,0.00064,Documento exibido pelo TSE não passa na verificação de dígitos
25,PEDRO WESTPHALEN,PP,251,ELAINE PAIM DE SOUZA,***.821.050-**,CPF,1200.0,1,0.00064,
25,PEDRO WESTPHALEN,PP,252,ELISANE DENES RIFFEL,***.567.030-**,CPF,1200.0,1,0.00064,
25,PEDRO WESTPHALEN,PP,253,ELIZANDRA MAISIELI DE LIMA PEREIRA,***.378.900-**,CPF,1200.0,1,0.00064,
25,PEDRO WESTPHALEN,PP,254,ELIZIANE RUTH BUCCO SAMPAIO,***.497.650-**,CPF,1200.0,1,0.00064,
25,PEDRO WESTPHALEN,PP,255,FABIANA DOS SANTOS AMARAL LOPES,***.569.560-**,CPF,1200.0,1,0.00064,Documento exibido pelo TSE não passa na verificação de dígitos
25,PEDRO WESTPHALEN,PP,256,FELIPE DO AMARAL WEIRICH,***.808.340-**,CPF,1200.0,1,0.00064,
25,PEDRO WESTPHALEN,PP,257,FLAVIANE AZEREDO FERREIRA,***.260.530-**,CPF,1200.0,1,0.00064,
25,PEDRO WESTPHALEN,PP,258,FRANCISCO JUNIOR MARTINS BARASUOL,***.018.820-**,CPF,1200.0,1,0.00064,
25,PEDRO WESTPHALEN,PP,259,GABRIELA BORGES,***.014.990-**,CPF,1200.0,1,0.00064,
25,PEDRO WESTPHALEN,PP,260,GELSON DOS SANTOS MAZZOLENI,***.317.500-**,CPF,1200.0,1,0.00064,
25,PEDRO WESTPHALEN,PP,261,GELVANE SANTOS DE SOUZA,***.807.490-**,CPF,1200.0,1,0.00064,
25,PEDRO WESTPHALEN,PP,262,GILMAR VARGAS WELOZO DE MELLO,***.153.911-**,CPF,1200.0,1,0.00064,
25,PEDRO WESTPHALEN,PP,263,GISELE PEREIRA PINHEIRO,***.353.900-**,CPF,1200.0,1,0.00064,
25,PEDRO WESTPHALEN,PP,264,GISLAINE PEREIRA VOGEL,***.161.900-**,CPF,1200.0,1,0.00064,
25,PEDRO WESTPHALEN,PP,265,GLAUCIA LEITE ARAUJO,***.037.880-**,CPF,1200.0,1,0.00064,
25,PEDRO WESTPHALEN,PP,266,GUSTAVO MATEUS MIOLO LONDERO,***.514.810-**,CPF,1200.0,1,0.00064,
25,PEDRO WESTPHALEN,PP,267,ISABEL APARECIDA DA SILVEIRA NASCIMENTO,***.864.720-**,CPF,1200.0,1,0.00064,
25,PEDRO WESTPHALEN,PP,268,ISMAEL SILVA DOS SANTOS,***.009.990-**,CPF,1200.0,1,0.00064,
25,PEDRO WESTPHALEN,PP,269,ISOLETE INES FRITSCH DENES,***.329.100-**,CPF,1200.0,1,0.00064,
25,PEDRO WESTPHALEN,PP,270,IVAN DA SILVA BONALDI,***.234.800-**,CPF,1200.0,1,0.00064,
25,PEDRO WESTPHALEN,PP,271,JAIR DA SILVA SANTOS,***.272.300-**,CPF,1200.0,1,0.00064,
25,PEDRO WESTPHALEN,PP,272,JAIR DENES,***.439.070-**,CPF,1200.0,1,0.00064,Documento exibido pelo TSE não passa na verificação de dígitos
25,PEDRO WESTPHALEN,PP,273,JAQUELINE MELO DOS SANTOS,***.733.398-**,CPF,1200.0,1,0.00064,Documento exibido pelo TSE não passa na verificação de dígitos
25,PEDRO WESTPHALEN,PP,274,JESSICA TAINA SILVA DO CARMO,***.563.680-**,CPF,1200.0,1,0.00064,
25,PEDRO WESTPHALEN,PP,275,JOANETE ZENA DOS SANTOS BONALDI,***.778.630-**,CPF,1200.0,1,0.00064,
25,PEDRO WESTPHALEN,PP,276,JOAO RICARDO MORAES BARBOSA,***.214.210-**,CPF,1200.0,1,0.00064,
25,PEDRO WESTPHALEN,PP,277,JOSE ZEBINO ROLAO BENITES,***.925.790-**,CPF,1200.0,1,0.00064,
25,PEDRO WESTPHALEN,PP,278,JOSELI DE LIMA,***.775.301-**,CPF,1200.0,1,0.00064,Documento exibido pelo TSE não passa na verificação de dígitos
25,PEDRO WESTPHALEN,PP,279,JOSIANE CAMARA CAMARGO,***.172.340-**,CPF,1200.0,1,0.00064,
25,PEDRO WESTPHALEN,PP,280,JOSIANE RODRIGUES GULARTE,***.528.700-**,CPF,1200.0,1,0.00064,Documento exibido pelo TSE não passa na verificação de dígitos
25,PEDRO WESTPHALEN,PP,281,JOSIANE TERESINHA DORNELLES,***.265.600-**,CPF,1200.0,1,0.00064,
25,PEDRO WESTPHALEN,PP,282,JOZIEL DA SILVA KOEHLER,***.799.910-**,CPF,1200.0,1,0.00064,
25,PEDRO WESTPHALEN,PP,283,JUAREZ BEHENCK DIMER,***.662.880-**,CPF,1200.0,1,0.00064,
25,PEDRO WESTPHALEN,PP,284,JUCELIA DA ROSA LINCKE,***.494.000-**,CPF,1200.0,1,0.00064,
25,PEDRO WESTPHALEN,PP,285,JULIANO MORAES BOLICO,***.752.530-**,CPF,1200.0,1,0.00064,
25,PEDRO WESTPHALEN,PP,286,KATTY LUIZI SILVA SANTOS,***.904.210-**,CPF,1200.0,1,0.00064,
25,PEDRO WESTPHALEN,PP,287,LAIS ROCHA,***.531.570-**,CPF,1200.0,1,0.00064,
25,PEDRO WESTPHALEN,PP,288,LEANDRO DA SILVA,***.410.360-**,CPF,1200.0,1,0.00064,
25,PEDRO WESTPHALEN,PP,289,LORENI DE FATIMA DE LIMA DUTRA,***.056.630-**,CPF,1200.0,1,0.00064,
25,PEDRO WESTPHALEN,PP,290,LUCAS BERNARDINO,***.705.120-**,CPF,1200.0,1,0.00064,
25,PEDRO WESTPHALEN,PP,291,LUCAS DE MATOS LIMA,***.789.620-**,CPF,1200.0,1,0.00064,
25,PEDRO WESTPHALEN,PP,292,LUCIANO SOARES MARQUES,***.528.200-**,CPF,1200.0,1,0.00064,
25,PEDRO WESTPHALEN,PP,293,LUIS ARTHUR FREITAS PEREIRA,***.967.000-**,CPF,1200.0,1,0.00064,
25,PEDRO WESTPHALEN,PP,294,LUIZ FERNANDO MATOS KRAUSER,***.414.840-**,CPF,1200.0,1,0.00064,
25,PEDRO WESTPHALEN,PP,295,LUIZ SETEMBRINO DA SILVA,***.465.420-**,CPF,1200.0,1,0.00064,
25,PEDRO WESTPHALEN,PP,296,MAGALI NICOLODI,***.184.650-**,CPF,1200.0,1,0.00064,
25,PEDRO WESTPHALEN,PP,297,MARI CRISTINA BARRETO FONTELA CULAU,***.764.960-**,CPF,1200.0,1,0.00064,
25,PEDRO WESTPHALEN,PP,298,MARIA DE LURDES DOS SANTOS CARDOSO,***.395.150-**,CPF,1200.0,1,0.00064,
25,PEDRO WESTPHALEN,PP,299,MARIA EDUARDA BOTTEGA DE OLIVEIRA,***.557.390-**,CPF,1200.0,1,0.00064,
25,PEDRO WESTPHALEN,PP,300,MARIA EDUARDA SENGIK DOS SANTOS,***.034.930-**,CPF,1200.0,1,0.00064,
25,PEDRO WESTPHALEN,PP,301,MARIA LUCIA TIMM,***.924.530-**,CPF,1200.0,1,0.00064,
25,PEDRO WESTPHALEN,PP,302,MARIA SIMONE DA ROCHA,***.157.054-**,CPF,1200.0,1,0.00064,
25,PEDRO WESTPHALEN,PP,303,MARIGEISA ZUCCO,***.561.570-**,CPF,1200.0,1,0.00064,
25,PEDRO WESTPHALEN,PP,304,MARTA CORREA GONCALVES DE OLIVEIRA,***.674.980-**,CPF,1200.0,1,0.00064,
25,PEDRO WESTPHALEN,PP,305,MATEUS ESTEFANIO,***.506.560-**,CPF,1200.0,1,0.00064,
25,PEDRO WESTPHALEN,PP,306,MATHEUS BEIRO ALMEIDA,***.885.810-**,CPF,1200.0,1,0.00064,
25,PEDRO WESTPHALEN,PP,307,MICHAEL ALEXANDRE RAMOS RODRIGUES,***.219.380-**,CPF,1200.0,1,0.00064,
25,PEDRO WESTPHALEN,PP,308,MIGUEL ONILDO DA SILVA DIAS,***.817.100-**,CPF,1200.0,1,0.00064,
25,PEDRO WESTPHALEN,PP,309,MIRIAN LUMERTZ MENGUE,***.945.890-**,CPF,1200.0,1,0.00064,
25,PEDRO WESTPHALEN,PP,310,NAUDE TEREZINHA MANTOVANE DA SILVA,***.169.770-**,CPF,1200.0,1,0.00064,
25,PEDRO WESTPHALEN,PP,311,ORACELIA WEIGEL DIAS,***.154.510-**,CPF,1200.0,1,0.00064,
25,PEDRO WESTPHALEN,PP,312,OTOMAR NADIR BOBSIN,***.389.850-**,CPF,1200.0,1,0.00064,
25,PEDRO WESTPHALEN,PP,313,PAULO RICARDO SCHORN RIBEIRO,***.291.600-**,CPF,1200.0,1,0.00064,Documento exibido pelo TSE não passa na verificação de dígitos
25,PEDRO WESTPHALEN,PP,314,PAULO ROBERTO DA ROSA PEREIRA,***.582.230-**,CPF,1200.0,1,0.00064,
25,PEDRO WESTPHALEN,PP,315,PERSON CAINOR ISER,***.558.580-**,CPF,1200.0,1,0.00064,
25,PEDRO WESTPHALEN,PP,316,RICARDO FABIANO DILL,***.056.260-**,CPF,1200.0,1,0.00064,
25,PEDRO WESTPHALEN,PP,317,RODRIGO MIRANDA DE ALBUQUERQUE,***.676.570-**,CPF,1200.0,1,0.00064,
25,PEDRO WESTPHALEN,PP,318,ROGERIO EIBS RIBEIRO,***.399.300-**,CPF,1200.0,1,0.00064,
25,PEDRO WESTPHALEN,PP,319,RONALDO CARDOSO LEAL,***.031.800-**,CPF,1200.0,1,0.00064,
25,PEDRO WESTPHALEN,PP,320,ROSELIZA MARICAUA DOS SANTOS,***.939.902-**,CPF,1200.0,1,0.00064,
25,PEDRO WESTPHALEN,PP,321,RUI DA SILVA LIRIO,***.367.910-**,CPF,1200.0,1,0.00064,
25,PEDRO WESTPHALEN,PP,322,SANDRO LUIS CORREIA DA SILVA,***.115.700-**,CPF,1200.0,1,0.00064,
25,PEDRO WESTPHALEN,PP,323,SHAIANE ROBERTA BERTOLLO ALTISSIMO RANGEL,***.413.070-**,CPF,1200.0,1,0.00064,
25,PEDRO WESTPHALEN,PP,324,SIDINEI DE SOUZA RODRIGUES,***.761.410-**,CPF,1200.0,1,0.00064,
25,PEDRO WESTPHALEN,PP,325,SILVANE RIBEIRO DOS SANTOS,***.609.580-**,CPF,1200.0,1,0.00064,
25,PEDRO WESTPHALEN,PP,326,SIRLEI MORAES DA SILVA,***.217.580-**,CPF,1200.0,1,0.00064,
25,PEDRO WESTPHALEN,PP,327,TANIA MARIA DA CONCEICAO KAMPHORST,***.473.280-**,CPF,1200.0,1,0.00064,
25,PEDRO WESTPHALEN,PP,328,TARCISIO LUIZ COPETTI CERESER,***.572.330-**,CPF,1200.0,1,0.00064,
25,PEDRO WESTPHALEN,PP,329,TASSIARA NOVELLO,***.788.400-**,CPF,1200.0,1,0.00064,
25,PEDRO WESTPHALEN,PP,330,TELMO DE JESUS MARTINS,***.447.380-**,CPF,1200.0,1,0.00064,
25,PEDRO WESTPHALEN,PP,331,TIZIANA CASSEMIRO OLEGARIO DOS SANTOS,***.783.730-**,CPF,1200.0,1,0.00064,
25,PEDRO WESTPHALEN,PP,332,VANDERLEI DA SILVA BONALDI,***.144.380-**,CPF,1200.0,1,0.00064,
25,PEDRO WESTPHALEN,PP,333,VITORIA MENDES MACHADO,***.667.740-**,CPF,1200.0,1,0.00064,
25,PEDRO WESTPHALEN,PP,334,VOLMAR CORREA CARVALHO,***.491.640-**,CPF,1200.0,1,0.00064,
25,PEDRO WESTPHALEN,PP,335,YASMIM CASTRO DA SILVA,***.290.390-**,CPF,1200.0,1,0.00064,
25,PEDRO WESTPHALEN,PP,336,POSTO 74 DERIVADOS DE PETROLEO LTDA,04.513.951/0001-15,CNPJ,1192.29,5,0.000636,
25,PEDRO WESTPHALEN,PP,337,GRAFICA E EDITORA SANTA ROSA LTDA,73.253.999/0001-54,CNPJ,1180.0,1,0.00063,
25,PEDRO WESTPHALEN,PP,338,PLURAL COMERCIO DE COMBUSTIVEIS LTDA,61.999.929/0001-60,CNPJ,1114.43,5,0.000595,
25,PEDRO WESTPHALEN,PP,339,ANTONIO DOLCI CIA LTDA,88.509.989/0001-04,CNPJ,1028.14,5,0.000549,
25,PEDRO WESTPHALEN,PP,340,ADELIA VANICE VOLKWEIS,***.908.000-**,CPF,1000.0,1,0.000534,
25,PEDRO WESTPHALEN,PP,341,ALEXANDRE DA SILVA FIGUEIREDO,***.833.630-**,CPF,1000.0,1,0.000534,
25,PEDRO WESTPHALEN,PP,342,AMANDA RODRIGUES DA COSTA,***.977.210-**,CPF,1000.0,1,0.000534,
25,PEDRO WESTPHALEN,PP,343,ANGELA MARIA DA SILVA ALBUQUERQUE,***.251.740-**,CPF,1000.0,1,0.000534,
25,PEDRO WESTPHALEN,PP,344,APARECIDA CHAVES PRESTES,***.364.700-**,CPF,1000.0,1,0.000534,
25,PEDRO WESTPHALEN,PP,345,DIULY EMANUELI SILVA SILVEIRA,***.556.350-**,CPF,1000.0,1,0.000534,
25,PEDRO WESTPHALEN,PP,346,EDUARDA FERREIRA DE OLIVEIRA,***.642.340-**,CPF,1000.0,1,0.000534,
25,PEDRO WESTPHALEN,PP,347,GISELDA DORNELLES DE AVILA,***.840.000-**,CPF,1000.0,1,0.000534,
25,PEDRO WESTPHALEN,PP,348,GLADIS TERESINHA DA SILVA,***.904.470-**,CPF,1000.0,1,0.000534,
25,PEDRO WESTPHALEN,PP,349,JOAO VITHOR RODRIGUES SPINDLER,***.468.160-**,CPF,1000.0,1,0.000534,
25,PEDRO WESTPHALEN,PP,350,JOCEL MACEDO DA ROSA,***.479.730-**,CPF,1000.0,1,0.000534,
25,PEDRO WESTPHALEN,PP,351,JORGE FERNANDO DO NASCIMENTO ABREU,***.849.060-**,CPF,1000.0,1,0.000534,
25,PEDRO WESTPHALEN,PP,352,LEANDRO STOCKER,***.094.480-**,CPF,1000.0,1,0.000534,
25,PEDRO WESTPHALEN,PP,353,MARCIA CRISTINA SOARES DA SILVA,***.320.340-**,CPF,1000.0,1,0.000534,
25,PEDRO WESTPHALEN,PP,354,MARIA RITA MELO FERREIRA,***.089.920-**,CPF,1000.0,1,0.000534,
25,PEDRO WESTPHALEN,PP,355,MARIANA RAQUEL CAMPANARO,***.227.010-**,CPF,1000.0,1,0.000534,
25,PEDRO WESTPHALEN,PP,356,MARTA VARGAS KMIECIK,***.181.070-**,CPF,1000.0,1,0.000534,
25,PEDRO WESTPHALEN,PP,357,MIRIAM DA SILVEIRA LUCAS,***.783.570-**,CPF,1000.0,1,0.000534,
25,PEDRO WESTPHALEN,PP,358,RAFAELA DOS SANTOS FERREIRA,***.490.540-**,CPF,1000.0,1,0.000534,
25,PEDRO WESTPHALEN,PP,359,SANDRA CRISTINA ROGOSKI DA SILVA,***.846.630-**,CPF,1000.0,1,0.000534,Documento exibido pelo TSE não passa na verificação de dígitos
25,PEDRO WESTPHALEN,PP,360,SIDNEI DO NASCIMENTO ABREU,***.925.020-**,CPF,1000.0,1,0.000534,
25,PEDRO WESTPHALEN,PP,361,SONIA EMILIA VAZ DE SOUZA,***.468.600-**,CPF,1000.0,1,0.000534,
25,PEDRO WESTPHALEN,PP,362,TEREZINHA ARAUJO TERRA,***.681.140-**,CPF,1000.0,1,0.000534,
25,PEDRO WESTPHALEN,PP,363,VALERIA COSTA COELHO,***.817.330-**,CPF,1000.0,1,0.000534,
25,PEDRO WESTPHALEN,PP,364,J A AIRES COMERCIAL DE COMBUSTIVEIS LTDA,32.249.473/0001-13,CNPJ,980.55,4,0.000523,
25,PEDRO WESTPHALEN,PP,365,COMBUSTIVEIS IBIRAPUITA LTDA,92.178.227/0001-40,CNPJ,962.86,4,0.000514,
25,PEDRO WESTPHALEN,PP,366,POSTO DE SERVICOS FRITSCH LTDA,98.042.294/0001-19,CNPJ,949.48,4,0.000507,
25,PEDRO WESTPHALEN,PP,367,POSTO SANTA TEREZINHA LTDA,87.723.417/0001-60,CNPJ,922.81,4,0.000492,
25,PEDRO WESTPHALEN,PP,368,UGGERI SA,96.206.941/0002-36,CNPJ,913.91,4,0.000488,
25,PEDRO WESTPHALEN,PP,369,COMERCIO DE COMBUSTIVEIS DO CENTRO LTDA,04.642.623/0001-19,CNPJ,844.49,4,0.000451,
25,PEDRO WESTPHALEN,PP,370,A.G.M. COMERCIO DE COMBUSTIVEIS LTDA,11.298.737/0001-59,CNPJ,837.5,5,0.000447,
25,PEDRO WESTPHALEN,PP,371,JUCERLI ANTONIO CORSINI FRESCURA LTDA,07.920.782/0001-26,CNPJ,835.34,4,0.000446,
25,PEDRO WESTPHALEN,PP,372,ABASTECEDORA DE COMBUSTIVEIS FRIZZO LTDA,00.133.913/0002-67,CNPJ,808.44,4,0.000431,
25,PEDRO WESTPHALEN,PP,373,ADAO NILTON MACHADO,***.102.490-**,CPF,800.0,1,0.000427,
25,PEDRO WESTPHALEN,PP,374,ALEX SANDRO GARCIA BARCELOS,***.860.160-**,CPF,800.0,1,0.000427,
25,PEDRO WESTPHALEN,PP,375,ALINE AZEREDO MACHADO,***.486.440-**,CPF,800.0,1,0.000427,
25,PEDRO WESTPHALEN,PP,376,ALISSON FERREIRA LACERDA,***.612.210-**,CPF,800.0,1,0.000427,
25,PEDRO WESTPHALEN,PP,377,ANGELA CAETANO DE AZEVEDO,***.842.800-**,CPF,800.0,1,0.000427,
25,PEDRO WESTPHALEN,PP,378,CRISTOFER FERNANDES DA SILVA,***.617.190-**,CPF,800.0,1,0.000427,
25,PEDRO WESTPHALEN,PP,379,DANIEL DOS SANTOS SIMOES,***.673.790-**,CPF,800.0,1,0.000427,
25,PEDRO WESTPHALEN,PP,380,KHYMBERLY GOULART FONTOURA,***.571.720-**,CPF,800.0,1,0.000427,
25,PEDRO WESTPHALEN,PP,381,MARIA REJANE KERBER BOOS,***.002.840-**,CPF,800.0,1,0.000427,
25,PEDRO WESTPHALEN,PP,382,RAFAEL CARDOSO GARCIA,***.517.320-**,CPF,800.0,1,0.000427,
25,PEDRO WESTPHALEN,PP,383,SANDRA CARDOSO SCHNEIDER,***.454.490-**,CPF,800.0,1,0.000427,
25,PEDRO WESTPHALEN,PP,384,SIOMARA SILVA DA VEIGA,***.653.200-**,CPF,800.0,1,0.000427,
25,PEDRO WESTPHALEN,PP,385,HOERLLE & ASSUMPCAO LTDA,21.921.645/0001-37,CNPJ,784.29,4,0.000419,
25,PEDRO WESTPHALEN,PP,386,SUPERMERCADO RAFANA LTDA,08.545.193/0002-59,CNPJ,778.29,3,0.000415,
25,PEDRO WESTPHALEN,PP,387,COMERCIAL DE COMBUSTIVEIS MATO QUEIMADO LTDA,94.956.240/0001-08,CNPJ,776.27,3,0.000414,
25,PEDRO WESTPHALEN,PP,388,COMERCIO DE COMBUSTIVEIS CODORNA LTDA,31.373.058/0001-04,CNPJ,725.74,4,0.000387,
25,PEDRO WESTPHALEN,PP,389,POSTO DE COMBUSTIVEIS ANDRIOLLI LTDA,04.106.586/0001-24,CNPJ,695.79,3,0.000371,
25,PEDRO WESTPHALEN,PP,390,POSTO DE COMBUSTIVEIS FUZER LTDA,00.624.595/0005-80,CNPJ,693.06,5,0.00037,
25,PEDRO WESTPHALEN,PP,391,JOECIR M. CIRTOLI & CIA LTDA,07.839.890/0001-79,CNPJ,657.72,3,0.000351,
25,PEDRO WESTPHALEN,PP,392,LUIS CARLOS D. PILLON & CIA LTDA,08.294.765/0001-93,CNPJ,639.16,3,0.000341,
25,PEDRO WESTPHALEN,PP,393,COMBUSTIVEIS PEGASUS IPIRANGA LTDA,08.786.193/0001-60,CNPJ,608.16,2,0.000325,
25,PEDRO WESTPHALEN,PP,394,ABASTECEDORA DE COMBUSTIVEIS RIOXEL LTDA,03.358.858/0002-00,CNPJ,602.92,2,0.000322,
25,PEDRO WESTPHALEN,PP,395,COMERCIAL DE COMBUSTIVEIS LOVATO LTDA,00.804.430/0001-66,CNPJ,499.83,2,0.000267,
25,PEDRO WESTPHALEN,PP,396,VEPPO CIA LIMITADA,92.660.760/0001-43,CNPJ,461.3,1,0.000246,
25,PEDRO WESTPHALEN,PP,397,CENTRAL COMERCIO DE COMBUSTIVEIS LTDA,92.366.855/0001-59,CNPJ,432.53,2,0.000231,
25,PEDRO WESTPHALEN,PP,398,ABASTECEDORA AGNOLIN LTDA,01.595.146/0001-90,CNPJ,429.54,2,0.000229,
25,PEDRO WESTPHALEN,PP,399,HOERLLE & ASSUMPCAO LTDA,21.921.645/0011-09,CNPJ,317.84,1,0.00017,
25,PEDRO WESTPHALEN,PP,400,AUTO POSTO DELLA PACE LTDA,12.942.903/0001-70,CNPJ,315.02,1,0.000168,
25,PEDRO WESTPHALEN,PP,401,ABREU FLORES & PEREIRA LTDA,14.131.443/0002-07,CNPJ,269.6,1,0.000144,
25,PEDRO WESTPHALEN,PP,402,MJ VENDRUSCOLO & CIA LTDA,12.799.547/0003-40,CNPJ,266.23,1,0.000142,
25,PEDRO WESTPHALEN,PP,403,PILLON COMERCIO DE COMBUSTIVEIS LTDA,74.108.226/0001-47,CNPJ,236.95,1,0.000126,
25,PEDRO WESTPHALEN,PP,404,ABASTECEDORA AGNOLIN LTDA,01.595.146/0002-70,CNPJ,230.19,1,0.000123,
25,PEDRO WESTPHALEN,PP,405,J K COMERCIO DE COMBUSTIVEIS LTDA,51.498.865/0001-60,CNPJ,220.44,1,0.000118,
25,PEDRO WESTPHALEN,PP,406,LUIZA RAFAELA DE AZEVEDO DELGADO,***.241.070-**,CPF,120.0,1,6.4e-05,
25,PEDRO WESTPHALEN,PP,407,ALBACORA COMBUSTIVEIS LTDA,04.845.316/0001-35,CNPJ,113.25,1,6e-05,
25,PEDRO WESTPHALEN,PP,408,COMERCIO DE COMBUSTIVEIS CODORNA LTDA,31.373.058/0002-95,CNPJ,108.37,1,5.8e-05,
26,PERONDI,PL,1,GRAFICA LAJEADENSE LTDA,88.057.187/0001-00,CNPJ,230380.4,12,0.329903,
26,PERONDI,PL,2,PANTHUS SPORT INDUSTRIA E COMERCIO DE VESTUARIO LTDA,10.338.946/0002-05,CNPJ,222370.0,10,0.318432,
26,PERONDI,PL,3,53.123.924 JOAO INACIO PRIOR PRIETSCH,53.123.924/0001-41,CNPJ,30000.0,1,0.04296,
26,PERONDI,PL,4,53.851.236 PATRICK DE QUADROS PINHEIRO,53.851.236/0001-06,CNPJ,24000.0,1,0.034368,
26,PERONDI,PL,5,FACEBOOK SERVICOS ONLINE DO BRASIL LTDA.,13.347.016/0001-17,CNPJ,24000.0,4,0.034368,
26,PERONDI,PL,6,GISLAINE DE CASTRO BUCK,***.900.560-**,CPF,15000.0,1,0.02148,
26,PERONDI,PL,7,LAIZER CORREA ESLABAO,***.418.400-**,CPF,13500.0,2,0.019332,
26,PERONDI,PL,8,DIONATAN KUNDE,***.072.020-**,CPF,12500.0,1,0.0179,
26,PERONDI,PL,9,F WORK TEXTIL LTDA,68.462.703/0001-75,CNPJ,11550.0,10,0.016539,
26,PERONDI,PL,10,EVERTON NOLASCO MARTINS,***.740.400-**,CPF,8000.0,2,0.011456,
26,PERONDI,PL,11,ANTONIO JUARES LOPES HEBLING,***.534.250-**,CPF,7500.0,1,0.01074,
26,PERONDI,PL,12,GABRIEL SCHNEIDER DE AVILA,***.061.220-**,CPF,7000.0,1,0.010024,
26,PERONDI,PL,13,JOAO INACIO PRIOR PRIETSCH,***.814.140-**,CPF,7000.0,1,0.010024,
26,PERONDI,PL,14,ANTONIO PEDRO DEIQUES SOARES,***.533.750-**,CPF,5000.0,1,0.00716,
26,PERONDI,PL,15,BERETTA PARTICIPACOES LTDA,11.445.494/0001-34,CNPJ,5000.0,1,0.00716,
26,PERONDI,PL,16,JOAO GUILHERME SCHULZ ESLABAO,***.691.160-**,CPF,5000.0,1,0.00716,
26,PERONDI,PL,17,JOAO VITOR PINTO SILVA,***.211.810-**,CPF,5000.0,1,0.00716,
26,PERONDI,PL,18,PEDRO GARDANI BATISTA TADEU,***.350.080-**,CPF,5000.0,1,0.00716,
26,PERONDI,PL,19,RICARDO DE PINHO SALVADOR,***.214.210-**,CPF,5000.0,1,0.00716,
26,PERONDI,PL,20,VERA LUCIA SORIA DE FARIAS,***.802.460-**,CPF,5000.0,1,0.00716,
26,PERONDI,PL,21,ANA JULIA AZAMBUJA DA SILVA,***.507.120-**,CPF,4500.0,1,0.006444,
26,PERONDI,PL,22,CLAUDIA OLIVEIRA TELESCA PATZLAFF,***.287.530-**,CPF,4500.0,1,0.006444,
26,PERONDI,PL,23,ELTON AUGUSTO NUNES DE FARIAS,***.884.160-**,CPF,4000.0,1,0.005728,
26,PERONDI,PL,24,LUCIO RANGEL SOARES DA SILVA,***.073.100-**,CPF,4000.0,1,0.005728,
26,PERONDI,PL,25,ROBERTO DROCHNER FERREIRA,***.135.390-**,CPF,4000.0,1,0.005728,
26,PERONDI,PL,26,33.087.367 MATEUS REYES DE CAMPOS,33.087.367/0001-43,CNPJ,3500.0,1,0.005012,
26,PERONDI,PL,27,MARIA ALDINA ROCHA AZAMBUJA,***.057.390-**,CPF,3000.0,1,0.004296,
26,PERONDI,PL,28,PAULO RENATO FERNANDES OLIVEIRA,***.112.310-**,CPF,3000.0,1,0.004296,
26,PERONDI,PL,29,PETTER MARTINS DA SILVA,***.257.760-**,CPF,2500.0,1,0.00358,
26,PERONDI,PL,30,DOUGLAS BORGES LUCIO,***.887.850-**,CPF,2004.0,1,0.00287,
26,PERONDI,PL,31,ALEX TAINAN CASTRO DA SILVA,***.103.690-**,CPF,2000.0,1,0.002864,
26,PERONDI,PL,32,ROBSON SA BRITO COELHO,***.284.060-**,CPF,2000.0,1,0.002864,
26,PERONDI,PL,33,ABASTECEDORA MANIA LTDA,05.282.433/0008-77,CNPJ,1939.03,7,0.002777,
26,PERONDI,PL,34,LETICIA DE VARGAS OLIVEIRA E SILVA,***.327.130-**,CPF,1008.0,2,0.001443,
26,PERONDI,PL,35,ABASTECEDORA MANIA LTDA,05.282.433/0006-05,CNPJ,996.75,3,0.001427,
26,PERONDI,PL,36,ELISANDRO ANTUNES DOS SANTOS,***.936.580-**,CPF,672.0,1,0.000962,
26,PERONDI,PL,37,HOSTCHE INTERATIVIDADE DIGITAL LTDA,08.418.051/0001-40,CNPJ,600.0,1,0.000859,
26,PERONDI,PL,38,EVERTON GONCALVES DOS SANTOS,***.676.440-**,CPF,588.0,1,0.000842,
26,PERONDI,PL,39,AUGUSTO ALVES JARDIM,***.336.390-**,CPF,430.0,1,0.000616,
26,PERONDI,PL,40,CARLA MICHELE FERREIRA LEMOS,***.397.400-**,CPF,430.0,1,0.000616,
26,PERONDI,PL,41,DEBORA SORIA FERREIRA,***.963.300-**,CPF,430.0,1,0.000616,
26,PERONDI,PL,42,RENAN LUIS RIBEIRO DOS SANTOS,***.288.630-**,CPF,430.0,1,0.000616,
26,PERONDI,PL,43,BOQUEIRAO COMBUSTIVEIS LTDA,39.340.564/0002-90,CNPJ,429.23,1,0.000615,
26,PERONDI,PL,44,RIAN PEREIRA KROLOW,***.622.210-**,CPF,400.0,1,0.000573,
26,PERONDI,PL,45,SARA DO AMARAL WAGNER,***.406.220-**,CPF,390.0,1,0.000558,
26,PERONDI,PL,46,DANIEL FRANCISCO SILVA,***.466.330-**,CPF,365.0,1,0.000523,
26,PERONDI,PL,47,NYCOLE OLIVEIRA EDOM,***.434.600-**,CPF,365.0,1,0.000523,
26,PERONDI,PL,48,THALIA FERREIRA PEREIRA,***.648.600-**,CPF,365.0,1,0.000523,
26,PERONDI,PL,49,WESLEY MACHADO SILVA,***.340.450-**,CPF,365.0,1,0.000523,
26,PERONDI,PL,50,ROSANGELA COSTA CANTOS,***.714.510-**,CPF,325.0,1,0.000465,
26,PERONDI,PL,51,SABRINA PEREIRA DO AMARAL,***.515.000-**,CPF,325.0,1,0.000465,
26,PERONDI,PL,52,ELO COMBUSTIVEIS LTDA,28.877.126/0001-68,CNPJ,256.32,2,0.000367,
26,PERONDI,PL,53,CRISTINA PASCOTTO,***.204.150-**,CPF,200.0,1,0.000286,
26,PERONDI,PL,54,LUAN VOIGT DE OLIVEIRA,***.812.250-**,CPF,200.0,1,0.000286,
26,PERONDI,PL,55,"ENCARGOS FINANCEIROS, TAXAS BANCÁRIAS E/OU OP. CARTÃO DE CRÉDITO",,,15.0,4,2.1e-05,
27,POMPEO DE MATTOS,PDT,1,ANS IMPRESSOES GRAFICAS LTDA.,05.677.050/0001-21,CNPJ,150845.93,6,0.111345,
27,POMPEO DE MATTOS,PDT,2,LM GRAFICA E EDITORA LTDA,02.118.988/0001-13,CNPJ,146274.0,11,0.10797,
27,POMPEO DE MATTOS,PDT,3,NK DISTRIBUIDORA LTDA,32.219.667/0001-76,CNPJ,87750.0,1,0.064771,
27,POMPEO DE MATTOS,PDT,4,PARQUE ENCOSTA DA SERRA LTDA,11.308.080/0001-63,CNPJ,86340.0,13,0.063731,
27,POMPEO DE MATTOS,PDT,5,GUSTAVO ECCHER LTDA,39.158.679/0001-87,CNPJ,74830.0,2,0.055235,
27,POMPEO DE MATTOS,PDT,6,DOLICCA SOLUCAO EM SUBLIMACAO LTDA,32.930.305/0001-99,CNPJ,66000.0,3,0.048717,
27,POMPEO DE MATTOS,PDT,7,GRAFICA LAJEADENSE LTDA,88.057.187/0001-00,CNPJ,64355.4,1,0.047503,
27,POMPEO DE MATTOS,PDT,8,THOMAS LAURI GLASER,67.217.857/0001-39,CNPJ,58387.0,2,0.043097,
27,POMPEO DE MATTOS,PDT,9,ALISSON THIAGO NASCIMENTO DE ARAUJO ***.635.800-**,48.114.026/0001-97,CNPJ,42000.0,1,0.031002,
27,POMPEO DE MATTOS,PDT,10,GUSTAVO GOULART MINUZZI,***.996.300-**,CPF,30000.0,1,0.022144,
27,POMPEO DE MATTOS,PDT,11,SONIA MARIA DEVITTE,***.307.400-**,CPF,30000.0,1,0.022144,
27,POMPEO DE MATTOS,PDT,12,EDILO ADEMAR MULLER,***.287.030-**,CPF,27000.0,2,0.01993,
27,POMPEO DE MATTOS,PDT,13,DIOVANE ALEX BRIZZI MANCHINI,***.575.990-**,CPF,25000.0,1,0.018453,
27,POMPEO DE MATTOS,PDT,14,JOICE TAISE FUHR,***.146.410-**,CPF,25000.0,1,0.018453,
27,POMPEO DE MATTOS,PDT,15,CORRESPONDENTE E AUTOLOCADORA SANTOS LTDA,11.614.140/0001-76,CNPJ,21960.0,3,0.016209,
27,POMPEO DE MATTOS,PDT,16,FACEBOOK SERVICOS ONLINE DO BRASIL LTDA.,13.347.016/0001-17,CNPJ,20000.0,1,0.014763,
27,POMPEO DE MATTOS,PDT,17,JOAO LUIZ DOS SANTOS VARGAS,***.930.630-**,CPF,17000.0,2,0.012548,
27,POMPEO DE MATTOS,PDT,18,64.040.472 JOSE DAVID PEREIRA,64.040.472/0001-50,CNPJ,14000.0,1,0.010334,
27,POMPEO DE MATTOS,PDT,19,GRAFICA B & L LTDA,03.994.736/0001-10,CNPJ,11190.0,1,0.00826,
27,POMPEO DE MATTOS,PDT,20,ELEICAO 2026 GIULIANO TAMAGNO DEPUTADO ESTADUAL,68.437.358/0001-10,CNPJ,10000.0,1,0.007381,
27,POMPEO DE MATTOS,PDT,21,FABRICIO MENDONCA ALVES,***.702.000-**,CPF,10000.0,1,0.007381,
27,POMPEO DE MATTOS,PDT,22,FELIPPE TERRA GRASS,***.212.220-**,CPF,10000.0,1,0.007381,
27,POMPEO DE MATTOS,PDT,23,HELIO BILHAR EMELAU,***.739.940-**,CPF,10000.0,1,0.007381,
27,POMPEO DE MATTOS,PDT,24,LANDO & CIA LTDA,90.339.102/0001-29,CNPJ,10000.0,1,0.007381,
27,POMPEO DE MATTOS,PDT,25,LEONI MORAES DA COSTA,***.251.870-**,CPF,10000.0,1,0.007381,
27,POMPEO DE MATTOS,PDT,26,VEPPO CIA LIMITADA,92.660.760/0001-43,CNPJ,9157.4,1,0.006759,
27,POMPEO DE MATTOS,PDT,27,ELEICAO 2026 GABRIELA ORTIZ ABENEL DEPUTADO ESTADUAL,68.437.408/0001-69,CNPJ,9000.0,1,0.006643,
27,POMPEO DE MATTOS,PDT,28,ELEICAO 2026 THIAGO ENGELMAN DE LEON MADEIRA DEPUTADO ESTADUAL,68.437.448/0001-00,CNPJ,8160.0,1,0.006023,
27,POMPEO DE MATTOS,PDT,29,ELEICAO 2026 LUIZ FERNANDO CUOZZO LEMOS DEPUTADO ESTADUAL,68.437.271/0001-42,CNPJ,8000.0,1,0.005905,
27,POMPEO DE MATTOS,PDT,30,FAURO & FAURO LTDA,02.567.479/0001-78,CNPJ,7875.0,1,0.005813,
27,POMPEO DE MATTOS,PDT,31,JULIANE RITA PALINSKI,***.565.600-**,CPF,7700.0,2,0.005684,
27,POMPEO DE MATTOS,PDT,32,48.485.073 EDUARDO SILVEIRA DE CARVALHO,48.485.073/0001-47,CNPJ,7280.0,1,0.005374,
27,POMPEO DE MATTOS,PDT,33,ALVARO ANDRE PEREIRA,***.983.540-**,CPF,6300.0,1,0.00465,
27,POMPEO DE MATTOS,PDT,34,MARIA DANIELE KUMMER ALCARAZ,***.807.620-**,CPF,6000.0,1,0.004429,
27,POMPEO DE MATTOS,PDT,35,GRAZZIANI BARBOSA DE SOUZA,***.752.400-**,CPF,5833.0,1,0.004306,
27,POMPEO DE MATTOS,PDT,36,CATHERINE SILVEIRA DE VARGAS ***.546.320-**,***.546.320-**,CPF,5500.0,1,0.00406,
27,POMPEO DE MATTOS,PDT,37,ALEXANDER NEGOCIOS IMOBILIARIOS LTDA,05.356.081/0001-80,CNPJ,5000.0,1,0.003691,
27,POMPEO DE MATTOS,PDT,38,DIONESON EUCLIDES PORTELA DE LOURENCO CAMARGO,***.744.660-**,CPF,5000.0,1,0.003691,
27,POMPEO DE MATTOS,PDT,39,DIVANI SILVEIRA URTASSUM DA SILVA,***.257.720-**,CPF,5000.0,1,0.003691,
27,POMPEO DE MATTOS,PDT,40,FLAVIA BARRETO SILVEIRA,***.123.000-**,CPF,5000.0,2,0.003691,
27,POMPEO DE MATTOS,PDT,41,MILTON CHOTQUIS,***.358.840-**,CPF,5000.0,1,0.003691,
27,POMPEO DE MATTOS,PDT,42,PAZZINI ORGANIZACOES LTDA,44.841.855/0001-10,CNPJ,5000.0,1,0.003691,
27,POMPEO DE MATTOS,PDT,43,ROSANGELA RIBEIRO SILVA,***.178.220-**,CPF,5000.0,1,0.003691,
27,POMPEO DE MATTOS,PDT,44,TH7 PROJETOS E CONSTRUCAO CIVIL LTDA,33.542.914/0001-33,CNPJ,4987.6,3,0.003682,
27,POMPEO DE MATTOS,PDT,45,ANA PAULA DOS SANTOS COELHO,***.869.990-**,CPF,4500.0,2,0.003322,
27,POMPEO DE MATTOS,PDT,46,ELEICAO 2026 SARA MARROCOS BEZERRA GALL DEPUTADO ESTADUAL,68.437.351/0001-06,CNPJ,4500.0,1,0.003322,
27,POMPEO DE MATTOS,PDT,47,LANUCE RAMILA PIRES,***.316.800-**,CPF,4500.0,1,0.003322,
27,POMPEO DE MATTOS,PDT,48,ARQNEW IMOVEIS LTDA,07.621.640/0001-68,CNPJ,4400.0,1,0.003248,
27,POMPEO DE MATTOS,PDT,49,CHARLES RICARDO PETERMANN,***.596.200-**,CPF,4000.0,1,0.002953,
27,POMPEO DE MATTOS,PDT,50,D&V BRAGAGNOLO GRAFICA LTDA,41.050.157/0001-09,CNPJ,4000.0,1,0.002953,
27,POMPEO DE MATTOS,PDT,51,GILBERTA MENEZES BORGES,***.414.120-**,CPF,4000.0,1,0.002953,
27,POMPEO DE MATTOS,PDT,52,PAULO GILCEU SATTLER,***.553.650-**,CPF,4000.0,1,0.002953,
27,POMPEO DE MATTOS,PDT,53,PROLAR IMOVEIS ADMINISTRACAO E CORRETAGEM LTDA,87.506.283/0001-26,CNPJ,4000.0,1,0.002953,
27,POMPEO DE MATTOS,PDT,54,68.512.574 DEBORA SCHILLING GULARTE,68.512.574/0001-82,CNPJ,3995.0,1,0.002949,
27,POMPEO DE MATTOS,PDT,55,JULIA ZAMBONATO GENRO,22.228.093/0001-49,CNPJ,3800.0,1,0.002805,
27,POMPEO DE MATTOS,PDT,56,PINHO RENT A CAR LTDA,08.537.467/0001-87,CNPJ,3800.0,1,0.002805,
27,POMPEO DE MATTOS,PDT,57,ADALBERTO ROSA DOS SANTOS,***.516.420-**,CPF,3600.0,2,0.002657,
27,POMPEO DE MATTOS,PDT,58,LUCCAS BELL DOS SANTOS,***.264.430-**,CPF,3600.0,1,0.002657,
27,POMPEO DE MATTOS,PDT,59,KATIA CILENE OLEA LEAL,***.346.150-**,CPF,3500.0,1,0.002583,
27,POMPEO DE MATTOS,PDT,60,WILSON GENES DOS SANTOS CARDOSO,***.732.210-**,CPF,3500.0,1,0.002583,
27,POMPEO DE MATTOS,PDT,61,DJALMA PIRES LEAL JUNIOR,***.454.600-**,CPF,3200.0,2,0.002362,
27,POMPEO DE MATTOS,PDT,62,ANTONIO DENIS WERSTE,***.164.570-**,CPF,3000.0,1,0.002214,
27,POMPEO DE MATTOS,PDT,63,CIRANO DE CAMARGO,***.300.230-**,CPF,3000.0,1,0.002214,
27,POMPEO DE MATTOS,PDT,64,EDISON ROSA DA SILVEIRA,***.493.160-**,CPF,3000.0,1,0.002214,
27,POMPEO DE MATTOS,PDT,65,GREICY KELLY MEDEIROS DA CUNHA OLIVEIRA,***.753.070-**,CPF,3000.0,1,0.002214,
27,POMPEO DE MATTOS,PDT,66,ROSA MARIA DE OLIVEIRA COUTINHO,***.175.260-**,CPF,3000.0,1,0.002214,
27,POMPEO DE MATTOS,PDT,67,YURI BRAVO VICTORIA,***.811.560-**,CPF,3000.0,1,0.002214,
27,POMPEO DE MATTOS,PDT,68,GRAFICA E EDITORA JORNALISTICA SENTINELA LTDA,87.657.854/0001-23,CNPJ,2746.8,1,0.002028,
27,POMPEO DE MATTOS,PDT,69,POSTO DE COMBUSTIVEIS DICO LTDA,08.768.465/0001-07,CNPJ,2723.11,1,0.00201,
27,POMPEO DE MATTOS,PDT,70,SERGIO ANDRE CLAUDINO DA SILVA,***.355.920-**,CPF,2700.0,2,0.001993,
27,POMPEO DE MATTOS,PDT,71,CONSTRUTORA BERTOLIN LTDA,15.823.680/0001-10,CNPJ,2500.0,1,0.001845,
27,POMPEO DE MATTOS,PDT,72,MARINES TRINDADE DA VEIGA,***.515.860-**,CPF,2500.0,1,0.001845,
27,POMPEO DE MATTOS,PDT,73,SAMIRA MARQUES DA SILVEIRA,***.581.560-**,CPF,2500.0,1,0.001845,
27,POMPEO DE MATTOS,PDT,74,JOAO FRANCISCO CAMARGO FERNANDES,***.148.520-**,CPF,2200.0,1,0.001624,
27,POMPEO DE MATTOS,PDT,75,64.377.772 ROSANE CRISTINA OLIVEIRA DA SILVEIRA,64.377.772/0001-20,CNPJ,2000.0,1,0.001476,
27,POMPEO DE MATTOS,PDT,76,ALFREDO FRANCISCO RODRIGUES PAIM,***.319.140-**,CPF,2000.0,1,0.001476,
27,POMPEO DE MATTOS,PDT,77,ANDERSON ALBERTO SILVA DE LIMA,***.587.640-**,CPF,2000.0,1,0.001476,
27,POMPEO DE MATTOS,PDT,78,CARLA SIMONE JARDIM ALVES,***.394.800-**,CPF,2000.0,2,0.001476,
27,POMPEO DE MATTOS,PDT,79,JADER RIBEIRO JOBIM,***.674.880-**,CPF,2000.0,1,0.001476,
27,POMPEO DE MATTOS,PDT,80,JAKE NOAH PORTAL SOUZA,***.465.550-**,CPF,2000.0,1,0.001476,
27,POMPEO DE MATTOS,PDT,81,JOAO ALVAREZ BRITES,***.132.710-**,CPF,2000.0,1,0.001476,
27,POMPEO DE MATTOS,PDT,82,LEANDRO GUIMARAES FAGUNDES,***.965.470-**,CPF,2000.0,1,0.001476,
27,POMPEO DE MATTOS,PDT,83,LUCIA PETRY DA SILVA,***.222.410-**,CPF,2000.0,1,0.001476,
27,POMPEO DE MATTOS,PDT,84,MARCIO ADRIANO DA SILVA,***.202.100-**,CPF,2000.0,1,0.001476,
27,POMPEO DE MATTOS,PDT,85,VALDEMIR ANTUNES,***.537.000-**,CPF,2000.0,1,0.001476,
27,POMPEO DE MATTOS,PDT,86,VALTER ALVES,***.061.080-**,CPF,2000.0,1,0.001476,
27,POMPEO DE MATTOS,PDT,87,VANDERLEI SILVEIRA DE OLIVEIRA,***.041.560-**,CPF,2000.0,1,0.001476,
27,POMPEO DE MATTOS,PDT,88,VORNI PRESTES,***.961.390-**,CPF,2000.0,1,0.001476,
27,POMPEO DE MATTOS,PDT,89,MATEUS DUARTE FARIAS,***.343.200-**,CPF,1900.0,2,0.001402,
27,POMPEO DE MATTOS,PDT,90,DIAS & DIAS COMERCIO DE COMBUSTIVEIS LTDA,20.587.619/0001-51,CNPJ,1800.0,1,0.001329,
27,POMPEO DE MATTOS,PDT,91,SERGIO FELIPE CONCEICAO BITTENCOURT,***.391.040-**,CPF,1700.0,2,0.001255,
27,POMPEO DE MATTOS,PDT,92,MARLIZE INES PIVOTTO,***.632.540-**,CPF,1620.0,1,0.001196,
27,POMPEO DE MATTOS,PDT,93,ADRIANA BUENO GARLET,***.063.280-**,CPF,1500.0,1,0.001107,
27,POMPEO DE MATTOS,PDT,94,BRENDA KUBIAKI EMELAU,***.337.430-**,CPF,1500.0,1,0.001107,
27,POMPEO DE MATTOS,PDT,95,EMANUELLE VITORIA ALMEIDA FERRAZ DE SOUZA,***.185.210-**,CPF,1500.0,1,0.001107,
27,POMPEO DE MATTOS,PDT,96,IRINEU SOUZA FONTELA FILHO,***.262.290-**,CPF,1500.0,1,0.001107,
27,POMPEO DE MATTOS,PDT,97,JOAO CARLOS MEDEIROS TEIXEIRA,***.341.900-**,CPF,1500.0,1,0.001107,
27,POMPEO DE MATTOS,PDT,98,LISIANE DE ABREU AZEVEDO,***.749.350-**,CPF,1500.0,1,0.001107,
27,POMPEO DE MATTOS,PDT,99,RAFAEL BORGES DOS SANTOS,***.105.980-**,CPF,1500.0,1,0.001107,
27,POMPEO DE MATTOS,PDT,100,ROBSON VIEIRA MARQUES,***.566.100-**,CPF,1500.0,1,0.001107,
27,POMPEO DE MATTOS,PDT,101,POSTO BURMANN & FILHA LTDA.,03.116.988/0001-47,CNPJ,1360.17,1,0.001004,
27,POMPEO DE MATTOS,PDT,102,ANDERSON RODRIGUES BACHINSKI,***.811.340-**,CPF,1300.0,1,0.00096,
27,POMPEO DE MATTOS,PDT,103,ANTONIO LUIS FERNANDES CADO,***.780.540-**,CPF,1000.0,1,0.000738,
27,POMPEO DE MATTOS,PDT,104,BRUNA ABUD BRUM,***.742.210-**,CPF,1000.0,1,0.000738,
27,POMPEO DE MATTOS,PDT,105,CLEBER GUSTAVO RODRIGUES LEITE,***.257.340-**,CPF,1000.0,1,0.000738,
27,POMPEO DE MATTOS,PDT,106,CRISLAINE SILVA RIBEIRO,***.503.710-**,CPF,1000.0,1,0.000738,
27,POMPEO DE MATTOS,PDT,107,DANI CRISTIANA TONETTO GOMES,***.469.060-**,CPF,1000.0,1,0.000738,
27,POMPEO DE MATTOS,PDT,108,ELIZAMA DOMINGUES BARCELOS,***.426.690-**,CPF,1000.0,1,0.000738,
27,POMPEO DE MATTOS,PDT,109,EVANDRO RODRIGUES,***.378.200-**,CPF,1000.0,1,0.000738,
27,POMPEO DE MATTOS,PDT,110,GABRIELLA PINTO DA SILVA,***.334.800-**,CPF,1000.0,1,0.000738,
27,POMPEO DE MATTOS,PDT,111,JENIFFER SILVEIRA MATE,***.334.240-**,CPF,1000.0,1,0.000738,
27,POMPEO DE MATTOS,PDT,112,JOSE RUDINEI PINHEIRO PORTO,***.162.480-**,CPF,1000.0,1,0.000738,
27,POMPEO DE MATTOS,PDT,113,JOVANI RIBEIRO CESAR,***.460.230-**,CPF,1000.0,1,0.000738,
27,POMPEO DE MATTOS,PDT,114,LEANDRO SANTOS DO PRADO,***.124.600-**,CPF,1000.0,1,0.000738,
27,POMPEO DE MATTOS,PDT,115,LETIER CARVALHO VIVIAN,***.395.730-**,CPF,1000.0,1,0.000738,
27,POMPEO DE MATTOS,PDT,116,MARIA HELENA ALVES DUARTE,***.737.800-**,CPF,1000.0,1,0.000738,
27,POMPEO DE MATTOS,PDT,117,MARLEI CLEMENTINA BARCELOS,***.404.690-**,CPF,1000.0,1,0.000738,
27,POMPEO DE MATTOS,PDT,118,PAULO ROBERTO PEREIRA SILVEIRA,***.000.760-**,CPF,1000.0,1,0.000738,
27,POMPEO DE MATTOS,PDT,119,RICARDO RUSCZYK,***.557.700-**,CPF,1000.0,2,0.000738,
27,POMPEO DE MATTOS,PDT,120,VANESSA DE OLIVEIRA,***.613.520-**,CPF,1000.0,1,0.000738,
27,POMPEO DE MATTOS,PDT,121,LOTHAR CARLOS GOLDBECK,03.219.579/0001-76,CNPJ,854.89,1,0.000631,
27,POMPEO DE MATTOS,PDT,122,GABRIEL SILVA DO CANTO,***.879.310-**,CPF,800.0,1,0.000591,
27,POMPEO DE MATTOS,PDT,123,JOSIAS ALVES FERREIRA,***.332.190-**,CPF,750.0,1,0.000554,
27,POMPEO DE MATTOS,PDT,124,ANALICE DOS SANTOS COELHO,***.928.510-**,CPF,700.0,1,0.000517,
27,POMPEO DE MATTOS,PDT,125,SALTO COMERCIO DE COMBUSTIVEIS LTDA,12.562.786/0001-10,CNPJ,697.44,1,0.000515,
27,POMPEO DE MATTOS,PDT,126,ERENI JOAO DE JESUS,***.370.720-**,CPF,600.0,1,0.000443,
27,POMPEO DE MATTOS,PDT,127,JORGE PITANA DIAS,***.212.510-**,CPF,500.0,1,0.000369,
27,POMPEO DE MATTOS,PDT,128,MAIL EXPRESS REPRESENTACOES POSTAIS LTDA,73.817.017/0001-00,CNPJ,394.19,2,0.000291,
27,POMPEO DE MATTOS,PDT,129,MARIA DALVA GOVINATZKI,***.409.120-**,CPF,300.0,1,0.000221,
28,RONY GABRIEL,Podemos,1,FACEBOOK SERVICOS ONLINE DO BRASIL LTDA.,13.347.016/0001-17,CNPJ,250000.0,16,0.22698,
28,RONY GABRIEL,Podemos,2,39.986.808 JESSICA TAIS HORN,39.986.808/0001-25,CNPJ,90000.0,1,0.081713,
28,RONY GABRIEL,Podemos,3,"DO AMARAL, ANDRADE E RODRIGUES ADVOGADOS",41.210.445/0001-83,CNPJ,75000.0,1,0.068094,
28,RONY GABRIEL,Podemos,4,PONCHE VERDE SERVICOS LTDA,49.602.880/0001-65,CNPJ,71666.67,1,0.065068,
28,RONY GABRIEL,Podemos,5,ALGORI COMPANY LTDA,41.321.591/0001-86,CNPJ,50000.0,1,0.045396,
28,RONY GABRIEL,Podemos,6,MAIRO INDUSTRIA TEXTIL LTDA,19.543.786/0001-11,CNPJ,40706.8,4,0.036958,
28,RONY GABRIEL,Podemos,7,DOUGLAS DAVI RAENCKE DA ROSA,***.971.970-**,CPF,30000.0,1,0.027238,
28,RONY GABRIEL,Podemos,8,DANIEL DE LIMA,***.451.200-**,CPF,25000.0,1,0.022698,
28,RONY GABRIEL,Podemos,9,EMPRESA BRASILEIRA DE CORREIOS E TELEGRAFOS,34.028.316/0001-03,CNPJ,22057.2,1,0.020026,
28,RONY GABRIEL,Podemos,10,ALEX S. DA SILVA LTDA,48.551.728/0001-38,CNPJ,19800.0,1,0.017977,
28,RONY GABRIEL,Podemos,11,GABRIELA ROSA DOS SANTOS,***.369.240-**,CPF,16000.0,1,0.014527,
28,RONY GABRIEL,Podemos,12,MICAEL ALAN KASMIRSKI,***.118.681-**,CPF,16000.0,1,0.014527,Documento exibido pelo TSE não passa na verificação de dígitos
28,RONY GABRIEL,Podemos,13,SIMAO IMOVEIS LTDA,01.768.379/0001-47,CNPJ,12639.17,1,0.011475,
28,RONY GABRIEL,Podemos,14,LOCALIZA RENT A CAR SA,16.670.085/0959-46,CNPJ,12622.4,1,0.01146,
28,RONY GABRIEL,Podemos,15,CHALIDAN ADONAI CALLEGARI TORMEN,***.427.660-**,CPF,12000.0,1,0.010895,
28,RONY GABRIEL,Podemos,16,JONATAS DOS SANTOS SILVA,***.822.520-**,CPF,12000.0,1,0.010895,
28,RONY GABRIEL,Podemos,17,NATHAN FELIPE RIBEIRO,***.456.720-**,CPF,12000.0,1,0.010895,
28,RONY GABRIEL,Podemos,18,VGRAF IMPRESSOS E EMBALAGENS LTDA,93.630.788/0001-09,CNPJ,11980.0,1,0.010877,
28,RONY GABRIEL,Podemos,19,JANE OLIVEIRA LOUREIRO,***.700.650-**,CPF,11255.0,1,0.010219,
28,RONY GABRIEL,Podemos,20,JC CASOTTI & CIA LTDA,02.756.806/0001-30,CNPJ,10850.0,1,0.009851,
28,RONY GABRIEL,Podemos,21,BARCELOS E CUNHA CONTABILIDADE LTDA,39.282.788/0001-01,CNPJ,10000.0,1,0.009079,
28,RONY GABRIEL,Podemos,22,ELEICAO 2026 MIGUEL DOS SANTOS LOPES DEPUTADO ESTADUAL,68.293.879/0001-40,CNPJ,10000.0,1,0.009079,
28,RONY GABRIEL,Podemos,23,DARIANO DE FREITAS DIAS,***.488.450-**,CPF,8700.0,1,0.007899,
28,RONY GABRIEL,Podemos,24,EDUARDO GIL MARQUES,***.419.260-**,CPF,8500.0,1,0.007717,
28,RONY GABRIEL,Podemos,25,GIZELMA GODOIS DO PRADO,***.972.750-**,CPF,8000.0,1,0.007263,
28,RONY GABRIEL,Podemos,26,LEONARDO ENDRES,***.810.060-**,CPF,8000.0,1,0.007263,
28,RONY GABRIEL,Podemos,27,MAURICIO ULGUIM DE CASTRO,***.647.120-**,CPF,8000.0,1,0.007263,
28,RONY GABRIEL,Podemos,28,PATRICIA APOLINARIO RIFFEL,***.710.880-**,CPF,8000.0,1,0.007263,
28,RONY GABRIEL,Podemos,29,RODRIGO ROMERO PITTA,***.350.510-**,CPF,8000.0,1,0.007263,
28,RONY GABRIEL,Podemos,30,THIAGO RODRIGUES GUTIERRES,***.804.050-**,CPF,8000.0,1,0.007263,
28,RONY GABRIEL,Podemos,31,TIAGO ALESSANDRO GIRARDI DE LIMA,***.721.200-**,CPF,8000.0,1,0.007263,
28,RONY GABRIEL,Podemos,32,EMPRESA BRASILEIRA DE CORREIOS E TELEGRAFOS,34.028.316/8889-96,CNPJ,6960.0,89,0.006319,
28,RONY GABRIEL,Podemos,33,TRIANGULLO COMUNICACAO VISUAL LTDA,28.976.615/0001-77,CNPJ,6800.0,5,0.006174,
28,RONY GABRIEL,Podemos,34,GRAFICA E EDITORA BOTA AMARELA LTDA,92.390.525/0001-07,CNPJ,6549.0,2,0.005946,
28,RONY GABRIEL,Podemos,35,59.956.172 JOSE RICARDO MARTINS MARCOS,59.956.172/0001-86,CNPJ,6000.0,1,0.005448,
28,RONY GABRIEL,Podemos,36,GENTIL SOARES DA SILVA,***.528.540-**,CPF,5200.0,1,0.004721,
28,RONY GABRIEL,Podemos,37,ALTAIR MORAES,***.750.190-**,CPF,5000.0,1,0.00454,
28,RONY GABRIEL,Podemos,38,FLAVIA FERNANDA DE ALMEIDA FREITAS,***.614.770-**,CPF,5000.0,1,0.00454,
28,RONY GABRIEL,Podemos,39,JEFERSON FAGAN NETTO,***.061.840-**,CPF,5000.0,1,0.00454,
28,RONY GABRIEL,Podemos,40,RAFAEL FRANCISCO TAVARES COUTO,***.706.330-**,CPF,5000.0,1,0.00454,
28,RONY GABRIEL,Podemos,41,TRIANGULLO GRAFICA E EDITORA LTDA,07.104.434/0001-80,CNPJ,4740.0,2,0.004304,
28,RONY GABRIEL,Podemos,42,MARISTELA ANDRADE DA FONSECA,***.097.490-**,CPF,4200.0,1,0.003813,
28,RONY GABRIEL,Podemos,43,SONIA MARIA DE OLIVEIRA RECHE,11.613.854/0001-60,CNPJ,4000.0,1,0.003632,
28,RONY GABRIEL,Podemos,44,GUSTAVO APOLINARIO RIFFEL,***.044.710-**,CPF,3500.0,1,0.003178,
28,RONY GABRIEL,Podemos,45,IMOBILIARIA ARIOTTI LTDA,91.395.095/0001-45,CNPJ,3500.0,1,0.003178,
28,RONY GABRIEL,Podemos,46,AFREIS GESTAO CONDOMINIAL LTDA,27.912.155/0001-50,CNPJ,3200.0,1,0.002905,
28,RONY GABRIEL,Podemos,47,ANDREIA GOMES,***.923.178-**,CPF,3000.0,1,0.002724,
28,RONY GABRIEL,Podemos,48,ALINE RISTOFF,***.790.150-**,CPF,3000.0,1,0.002724,
28,RONY GABRIEL,Podemos,49,BRUNA VICTORIA DUTRA DOS SANTOS,***.552.200-**,CPF,3000.0,1,0.002724,
28,RONY GABRIEL,Podemos,50,CAROLINE DE VASCONSELOS DOS SANTOS,***.652.440-**,CPF,3000.0,1,0.002724,
28,RONY GABRIEL,Podemos,51,CÁTIA LEITE,***.852.880-**,CPF,3000.0,1,0.002724,
28,RONY GABRIEL,Podemos,52,DIRCE GERHARD,***.409.280-**,CPF,3000.0,1,0.002724,
28,RONY GABRIEL,Podemos,53,EMAR SANTOS DA CUNHA,***.878.250-**,CPF,3000.0,1,0.002724,
28,RONY GABRIEL,Podemos,54,FABIANE MACHADO DIMINGUES,***.684.250-**,CPF,3000.0,1,0.002724,
28,RONY GABRIEL,Podemos,55,GLACI JORDON,***.576.360-**,CPF,3000.0,1,0.002724,
28,RONY GABRIEL,Podemos,56,JAKE FERNANDO MOESCH,***.797.870-**,CPF,3000.0,1,0.002724,
28,RONY GABRIEL,Podemos,57,LUCAS ARIEL BASEGGIO,***.868.060-**,CPF,3000.0,1,0.002724,
28,RONY GABRIEL,Podemos,58,LARIANE DO PRADO PIRES,***.294.380-**,CPF,3000.0,1,0.002724,
28,RONY GABRIEL,Podemos,59,LUCIA HELENA LOPES RIBEIRO,***.004.749-**,CPF,3000.0,1,0.002724,
28,RONY GABRIEL,Podemos,60,NAYLANE ROSA DE FREITAS,***.439.440-**,CPF,3000.0,1,0.002724,
28,RONY GABRIEL,Podemos,61,NILTON DA SILVA GARCIA,***.297.840-**,CPF,3000.0,1,0.002724,
28,RONY GABRIEL,Podemos,62,RAFAELA DOS SANTOS RODRIGUES,***.759.838-**,CPF,3000.0,1,0.002724,
28,RONY GABRIEL,Podemos,63,ROGÉRIO WANDSCHER,***.047.120-**,CPF,3000.0,1,0.002724,
28,RONY GABRIEL,Podemos,64,RUBIANA ESCOUTO,***.170.400-**,CPF,3000.0,1,0.002724,
28,RONY GABRIEL,Podemos,65,SIMONE APOLINARIO DA COSTA,***.168.400-**,CPF,3000.0,1,0.002724,
28,RONY GABRIEL,Podemos,66,SILMAR GESKE,***.003.600-**,CPF,3000.0,1,0.002724,
28,RONY GABRIEL,Podemos,67,SOLANGE NUNES,***.404.560-**,CPF,3000.0,1,0.002724,
28,RONY GABRIEL,Podemos,68,TOMÁS DA ROSA PEREIRA,***.206.810-**,CPF,3000.0,1,0.002724,
28,RONY GABRIEL,Podemos,69,WESLEY SILVEIRA AIRES,***.199.760-**,CPF,3000.0,1,0.002724,
28,RONY GABRIEL,Podemos,70,ZENIDE DEMARCO,***.166.720-**,CPF,3000.0,1,0.002724,
28,RONY GABRIEL,Podemos,71,PLANALTO TRANSPORTES LTDA,95.592.077/0001-04,CNPJ,2990.4,19,0.002715,
28,RONY GABRIEL,Podemos,72,ALTO URUGUAI GERADORES LTDA,43.940.251/0001-69,CNPJ,2580.0,1,0.002342,
28,RONY GABRIEL,Podemos,73,ELISEU MONTEIRO,***.409.180-**,CPF,2500.0,1,0.00227,
28,RONY GABRIEL,Podemos,74,LEONARDO MARTINS VENTURA,***.481.110-**,CPF,2500.0,1,0.00227,
28,RONY GABRIEL,Podemos,75,MAIRO ALFREDO REITER,***.759.400-**,CPF,2500.0,1,0.00227,
28,RONY GABRIEL,Podemos,76,MARCIO LUCAS DOS SANTOS,***.704.120-**,CPF,2500.0,1,0.00227,
28,RONY GABRIEL,Podemos,77,CAREN JUSTINA REIS DE CARVALHO,***.570.840-**,CPF,2200.0,1,0.001997,
28,RONY GABRIEL,Podemos,78,CLEUSA TERESINHA DA SILVA,***.777.230-**,CPF,2200.0,1,0.001997,
28,RONY GABRIEL,Podemos,79,CRISTIANO CUNHA PEREIRA,***.109.950-**,CPF,2200.0,1,0.001997,
28,RONY GABRIEL,Podemos,80,DANIELA CRISTINA SILVEIRA DA SILVA,***.511.350-**,CPF,2200.0,1,0.001997,
28,RONY GABRIEL,Podemos,81,EDUARDA BORGUEDULFF SANTANA,***.035.770-**,CPF,2200.0,1,0.001997,
28,RONY GABRIEL,Podemos,82,ENI MARIA NASCENTE,***.291.410-**,CPF,2200.0,1,0.001997,
28,RONY GABRIEL,Podemos,83,JULCE TOMAZONI CAVALLI,***.873.670-**,CPF,2200.0,1,0.001997,
28,RONY GABRIEL,Podemos,84,JÉSSICA ALESSANDRA MUZA,***.715.630-**,CPF,2200.0,1,0.001997,
28,RONY GABRIEL,Podemos,85,LUIZ AFONSO FREITAS MACHADO,***.446.290-**,CPF,2200.0,1,0.001997,
28,RONY GABRIEL,Podemos,86,MARISTELA INOCÊNCIO DE ASSIS,***.521.330-**,CPF,2200.0,1,0.001997,
28,RONY GABRIEL,Podemos,87,CENTRO DE CONVENIENCIAS FALEIRO LTDA,01.552.252/0005-10,CNPJ,1971.98,8,0.00179,
28,RONY GABRIEL,Podemos,88,52.713.779 GILSON DE FREITAS TEIXEIRA JUNIOR,52.713.779/0001-96,CNPJ,1690.0,5,0.001534,
28,RONY GABRIEL,Podemos,89,QUEROAPOIAR.COM.BR LTDA,39.586.155/0001-97,CNPJ,1592.56,2,0.001446,
28,RONY GABRIEL,Podemos,90,AUTO POSTO CLAGIL LTDA,89.425.243/0001-85,CNPJ,1555.52,6,0.001412,
28,RONY GABRIEL,Podemos,91,LOCALIZA RENT A CAR SA,16.670.085/0041-42,CNPJ,1552.7,1,0.00141,
28,RONY GABRIEL,Podemos,92,PHENIX COMERCIO DE SOM E LUZ LTDA,08.303.967/0001-54,CNPJ,1500.0,1,0.001362,
28,RONY GABRIEL,Podemos,93,Z. BRASIL LTDA,86.989.548/0001-21,CNPJ,1310.0,2,0.001189,
28,RONY GABRIEL,Podemos,94,PAULO EDSON ROSSI MACHADO LTDA,56.747.032/0001-00,CNPJ,1300.0,2,0.00118,
28,RONY GABRIEL,Podemos,95,VIACAO OURO E PRATA SA,92.954.106/0001-42,CNPJ,1232.8,10,0.001119,
28,RONY GABRIEL,Podemos,96,ALUPRINT IMPRESSOS E COMUNICACAO VISUAL LTDA,49.851.417/0001-57,CNPJ,1180.0,2,0.001071,
28,RONY GABRIEL,Podemos,97,'GALPAO CAMPEIRO - CENTRO DE TRADICOES GAUCHAS',88.205.125/0001-07,CNPJ,1000.0,1,0.000908,
28,RONY GABRIEL,Podemos,98,EMERSON LUIS DOS SANTOS NUNES ***.244.300-**,44.431.219/0001-10,CNPJ,1000.0,1,0.000908,
28,RONY GABRIEL,Podemos,99,34.779.927 EDUARDO DE OLIVEIRA DANNENBERG,34.779.927/0001-93,CNPJ,900.0,1,0.000817,
28,RONY GABRIEL,Podemos,100,TRI TV - SERVICOS DE COMUNICACOES LTDA,41.644.309/0001-00,CNPJ,840.0,1,0.000763,
28,RONY GABRIEL,Podemos,101,FELIPE CECHET LTDA,36.530.084/0001-12,CNPJ,765.0,5,0.000695,
28,RONY GABRIEL,Podemos,102,COMERCIAL BUFFON COMBUSTIVEIS E TRANSPORTES LIMITADA,93.489.243/0064-08,CNPJ,358.76,1,0.000326,
28,RONY GABRIEL,Podemos,103,EXPRESSO AZUL DE TRANSPORTE SA,91.158.717/0001-11,CNPJ,323.85,3,0.000294,
28,RONY GABRIEL,Podemos,104,DEONILCE FATIMA MOLOSSI WOICOLESKO ***.803.390-**,29.688.102/0001-23,CNPJ,270.0,1,0.000245,
28,RONY GABRIEL,Podemos,105,POSTO DE SERVICOS MARAVILHA LTDA,94.943.594/0003-80,CNPJ,268.0,1,0.000243,
28,RONY GABRIEL,Podemos,106,VIACAO UNIAO SANTA CRUZ LTDA,95.424.735/0001-59,CNPJ,261.7,2,0.000238,
28,RONY GABRIEL,Podemos,107,M DESIGN COMUNICACAO VISUAL LTDA,34.741.071/0001-67,CNPJ,220.0,1,0.0002,
28,RONY GABRIEL,Podemos,108,RPR DE CAMPOS COMUNICACAO VISUAL LTDA,36.088.027/0001-25,CNPJ,210.0,1,0.000191,
28,RONY GABRIEL,Podemos,109,CERTIDOC TECNOLOGIA E CERTIFICACAO DIGITAL LTDA,12.410.523/0001-95,CNPJ,200.0,1,0.000182,
28,RONY GABRIEL,Podemos,110,GRAFICA BELA VISTA LTDA,88.334.636/0001-10,CNPJ,180.0,1,0.000163,
28,RONY GABRIEL,Podemos,111,COMERCIO DE COMBUSTIVEIS DE SOUZA LTDA,08.296.559/0001-12,CNPJ,173.89,1,0.000158,
28,RONY GABRIEL,Podemos,112,EMPRESA WENDLING DE TRANSPORTE COLETIVO LTDA,89.238.117/0001-11,CNPJ,154.9,2,0.000141,
28,RONY GABRIEL,Podemos,113,EMPRESA BENTO GONCALVES DE TRANSPORTES LTDA,87.548.848/0001-38,CNPJ,140.8,1,0.000128,
28,RONY GABRIEL,Podemos,114,HZ COMERCIO DE COMBUSTIVEIS LTDA,56.081.592/0010-69,CNPJ,132.01,1,0.00012,
28,RONY GABRIEL,Podemos,115,GRAFICA OLIVEIRA E SOUZA LTDA,12.435.105/0001-52,CNPJ,100.0,1,9.1e-05,
28,RONY GABRIEL,Podemos,116,PENHA ENCOMENDAS EXPRESS LTDA,06.367.990/0001-87,CNPJ,38.25,1,3.5e-05,
29,SERGIO ZAMBIASI,Podemos,1,FACEBOOK SERVICOS ONLINE DO BRASIL LTDA.,13.347.016/0001-17,CNPJ,131600.0,12,0.339238,
29,SERGIO ZAMBIASI,Podemos,2,RBS - ZERO HORA EDITORA JORNALISTICA S.A.,92.821.701/0001-00,CNPJ,98445.6,4,0.253773,
29,SERGIO ZAMBIASI,Podemos,3,MAIL EXPRESS REPRESENTACOES POSTAIS LTDA,73.817.017/0001-00,CNPJ,80741.64,3,0.208136,
29,SERGIO ZAMBIASI,Podemos,4,BERNARD ALVES MATHIAS,41.772.746/0001-09,CNPJ,25000.0,1,0.064445,
29,SERGIO ZAMBIASI,Podemos,5,66.767.311 RENATA VIEIRA ESPINOSA DA SILVA,66.767.311/0001-99,CNPJ,24000.0,2,0.061867,
29,SERGIO ZAMBIASI,Podemos,6,ELEICAO 2026 LUIZ ANTONIO DOMINGUES DEPUTADO ESTADUAL,68.293.738/0001-28,CNPJ,20000.0,1,0.051556,
29,SERGIO ZAMBIASI,Podemos,7,NEY DA ROCHA RIOS,***.355.270-**,CPF,4800.0,1,0.012373,
29,SERGIO ZAMBIASI,Podemos,8,56.435.030 JAQUELINE DINORA DE CAMPOS,56.435.030/0001-85,CNPJ,1850.0,5,0.004769,
29,SERGIO ZAMBIASI,Podemos,9,BELLER COMERCIO DE PAPEIS LTDA,05.563.868/0001-13,CNPJ,546.11,6,0.001408,
29,SERGIO ZAMBIASI,Podemos,10,COMERCIAL BUFFON COMBUSTIVEIS E TRANSPORTES LIMITADA,93.489.243/0041-03,CNPJ,478.86,2,0.001234,
29,SERGIO ZAMBIASI,Podemos,11,AUTO POSTO ALMIRANTE LTDA,11.393.320/0004-18,CNPJ,442.12,2,0.00114,
29,SERGIO ZAMBIASI,Podemos,12,"ENCARGOS FINANCEIROS, TAXAS BANCÁRIAS E/OU OP. CARTÃO DE CRÉDITO",,,23.6,6,6.1e-05,
30,VALDECI OLIVEIRA,PT,1,GRAFICA E EDITORA RELAMPAGO LTDA,02.507.787/0001-08,CNPJ,180873.82,70,0.250078,
30,VALDECI OLIVEIRA,PT,2,KADU MALHAS COMERCIO DE ROUPAS LTDA,88.804.513/0001-04,CNPJ,59400.0,6,0.082127,
30,VALDECI OLIVEIRA,PT,3,ELEICAO 2026 ADAO PRETTO FILHO DEPUTADO ESTADUAL,68.312.535/0001-31,CNPJ,40000.0,2,0.055304,
30,VALDECI OLIVEIRA,PT,4,ELEICAO 2026 LELIO NUNES LOPES FILHO DEPUTADO ESTADUAL,68.312.542/0001-33,CNPJ,40000.0,2,0.055304,
30,VALDECI OLIVEIRA,PT,5,TURNA & SACCOL ADVOGADOS ASSOCIADOS,34.497.291/0001-97,CNPJ,30000.0,1,0.041478,
30,VALDECI OLIVEIRA,PT,6,ELEICAO 2026 LEONARDO DA COSTA SILVA DEPUTADO ESTADUAL,68.312.543/0001-88,CNPJ,22000.0,2,0.030417,
30,VALDECI OLIVEIRA,PT,7,JOKA SUBLIMACAO DIGITAL LTDA,94.350.113/0001-60,CNPJ,21500.0,2,0.029726,
30,VALDECI OLIVEIRA,PT,8,OUTLINE IMPRESSAO DIGITAL LTDA,26.608.068/0001-41,CNPJ,20327.5,20,0.028105,
30,VALDECI OLIVEIRA,PT,9,ELEICAO 2026 ALEXANDRE BUBLITZ DEPUTADO ESTADUAL,68.312.539/0001-10,CNPJ,20000.0,2,0.027652,
30,VALDECI OLIVEIRA,PT,10,IMOBILIARIA PICCININI LTDA,02.586.879/0001-20,CNPJ,18000.0,1,0.024887,
30,VALDECI OLIVEIRA,PT,11,GRAFICA JACUI LTDA,87.776.217/0001-76,CNPJ,17400.0,3,0.024057,
30,VALDECI OLIVEIRA,PT,12,FACEBOOK SERVICOS ONLINE DO BRASIL LTDA.,13.347.016/0001-17,CNPJ,15000.0,5,0.020739,
30,VALDECI OLIVEIRA,PT,13,ELEICAO 2026 HALLEY LINO DE SOUZA DEPUTADO ESTADUAL,68.312.715/0001-13,CNPJ,10000.0,1,0.013826,
30,VALDECI OLIVEIRA,PT,14,CAROLINE DE FARIAS TEIXEIRA,28.170.639/0001-34,CNPJ,8000.0,1,0.011061,
30,VALDECI OLIVEIRA,PT,15,58.787.650 TIAGO DIAS DA SILVA,58.787.650/0001-09,CNPJ,6000.0,1,0.008296,
30,VALDECI OLIVEIRA,PT,16,ELEICAO 2026 PAULO VANDERLEI FAGUAGA SIQUEIRA DEPUTADO ESTADUAL,68.312.668/0001-08,CNPJ,5000.0,1,0.006913,
30,VALDECI OLIVEIRA,PT,17,GILBERTO DA SILVA PORTELLA,***.586.720-**,CPF,4500.0,2,0.006222,
30,VALDECI OLIVEIRA,PT,18,CLARICIO SEVERO MARQUES,***.155.950-**,CPF,3300.0,2,0.004563,
30,VALDECI OLIVEIRA,PT,19,IVANI MARIA BRUM,***.439.230-**,CPF,3300.0,4,0.004563,
30,VALDECI OLIVEIRA,PT,20,MARIA MACHADO DE LIMA,***.284.310-**,CPF,3300.0,2,0.004563,
30,VALDECI OLIVEIRA,PT,21,SERGIO OLIVEIRA DA COSTA,***.262.540-**,CPF,3300.0,2,0.004563,
30,VALDECI OLIVEIRA,PT,22,ISOPPO & LONDERO LTDA,05.147.669/0001-24,CNPJ,3125.0,1,0.004321,
30,VALDECI OLIVEIRA,PT,23,53.823.971 LEONARDO MAIA RODRIGUES,53.823.971/0001-06,CNPJ,3000.0,1,0.004148,
30,VALDECI OLIVEIRA,PT,24,EUNICE PINHEIRO RASKOPF,***.045.620-**,CPF,3000.0,2,0.004148,
30,VALDECI OLIVEIRA,PT,25,CELITA DA SILVA,***.783.730-**,CPF,2500.0,2,0.003457,
30,VALDECI OLIVEIRA,PT,26,EDILSON ROSA LOPES,***.788.800-**,CPF,2500.0,1,0.003457,
30,VALDECI OLIVEIRA,PT,27,ELENICE DOS SANTOS ALMEIDA,***.442.020-**,CPF,2500.0,2,0.003457,
30,VALDECI OLIVEIRA,PT,28,FATIMA MARILEI LEONARDI DE OLIVEIRA,***.669.810-**,CPF,2500.0,2,0.003457,
30,VALDECI OLIVEIRA,PT,29,JORGE ADEMIR MARTINS,***.394.750-**,CPF,2500.0,2,0.003457,
30,VALDECI OLIVEIRA,PT,30,LENI TEREZINHA KIRCHOFF,***.969.010-**,CPF,2500.0,2,0.003457,
30,VALDECI OLIVEIRA,PT,31,LUCIOLA SILVA DE SOUZA,***.797.980-**,CPF,2500.0,2,0.003457,
30,VALDECI OLIVEIRA,PT,32,NATAL PEDROSO ALVES,***.441.210-**,CPF,2500.0,2,0.003457,
30,VALDECI OLIVEIRA,PT,33,RONALDO DA SILVA PAINES,***.126.040-**,CPF,2500.0,2,0.003457,
30,VALDECI OLIVEIRA,PT,34,VILMAR TEIXEIRA GALVAO,***.551.160-**,CPF,2500.0,2,0.003457,
30,VALDECI OLIVEIRA,PT,35,NIVIA NELI GAMARRA DE OLIVEIRA,***.385.680-**,CPF,2250.0,2,0.003111,
30,VALDECI OLIVEIRA,PT,36,62.865.579 FELIPE DE JESUS DA ROSA,62.865.579/0001-02,CNPJ,2000.0,1,0.002765,
30,VALDECI OLIVEIRA,PT,37,ANA PAULA SOARES DA CONCEICAO,***.226.700-**,CPF,2000.0,2,0.002765,
30,VALDECI OLIVEIRA,PT,38,CRISTINA SAVEGNAGO,***.299.290-**,CPF,2000.0,1,0.002765,
30,VALDECI OLIVEIRA,PT,39,ELIESER BORGES SEVERO,***.636.130-**,CPF,2000.0,2,0.002765,
30,VALDECI OLIVEIRA,PT,40,JANE GUIMARAES GOMES,***.614.430-**,CPF,2000.0,2,0.002765,
30,VALDECI OLIVEIRA,PT,41,JUAN LENNON CHAGAS WENCESLAU,***.097.650-**,CPF,2000.0,2,0.002765,
30,VALDECI OLIVEIRA,PT,42,JULIANO MARAFIGA CARDOSO,***.436.050-**,CPF,2000.0,2,0.002765,
30,VALDECI OLIVEIRA,PT,43,LIAMARA GUARDA FINAMOR,***.394.390-**,CPF,2000.0,2,0.002765,
30,VALDECI OLIVEIRA,PT,44,LIRIEL CAROLINE DA SILVA SANTOS,***.734.088-**,CPF,2000.0,2,0.002765,
30,VALDECI OLIVEIRA,PT,45,MARGARIDA DA SILVA MAYER,***.065.640-**,CPF,2000.0,2,0.002765,
30,VALDECI OLIVEIRA,PT,46,MARINILCE RODRIGUES DE OLIVEIRA GONCALVES,***.754.240-**,CPF,2000.0,1,0.002765,
30,VALDECI OLIVEIRA,PT,47,MYRNA LENA FLORESTA,***.128.290-**,CPF,2000.0,1,0.002765,
30,VALDECI OLIVEIRA,PT,48,ODICLEIA MARIA LEPORASSI,***.923.379-**,CPF,2000.0,1,0.002765,
30,VALDECI OLIVEIRA,PT,49,RICARDO FAGUNDES DE PIETRO LTDA,25.167.751/0001-28,CNPJ,1785.48,1,0.002469,
30,VALDECI OLIVEIRA,PT,50,ANGELA MARIA DOS SANTOS MUNDT,***.931.250-**,CPF,1750.0,1,0.00242,
30,VALDECI OLIVEIRA,PT,51,MARCIO SOUZA BEYER,***.071.970-**,CPF,1700.0,2,0.00235,
30,VALDECI OLIVEIRA,PT,52,MARLA SALIN PIGATTO,***.401.290-**,CPF,1700.0,2,0.00235,
30,VALDECI OLIVEIRA,PT,53,RENATO DUTRA PEREIRA,***.399.380-**,CPF,1650.0,2,0.002281,
30,VALDECI OLIVEIRA,PT,54,RICARDO AVELINO RASKOPF,***.297.440-**,CPF,1650.0,2,0.002281,
30,VALDECI OLIVEIRA,PT,55,LEANDRO ESMOLARK DA SILVA,***.297.720-**,CPF,1600.0,2,0.002212,
30,VALDECI OLIVEIRA,PT,56,REINOLDO MORINI KOSSMAM,***.640.560-**,CPF,1600.0,2,0.002212,
30,VALDECI OLIVEIRA,PT,57,YURI DOS SANTOS WEBER,***.475.690-**,CPF,1600.0,2,0.002212,
30,VALDECI OLIVEIRA,PT,58,ARTUR POSSER DURIGON,***.771.230-**,CPF,1500.0,1,0.002074,
30,VALDECI OLIVEIRA,PT,59,CARLA MARIA DE LIMA NUNES,***.126.800-**,CPF,1500.0,1,0.002074,
30,VALDECI OLIVEIRA,PT,60,DIVANIR MALHEIROS,***.281.990-**,CPF,1500.0,1,0.002074,
30,VALDECI OLIVEIRA,PT,61,LORENA DA SILVA MACIEL,***.830.520-**,CPF,1500.0,1,0.002074,
30,VALDECI OLIVEIRA,PT,62,BRISA LECYR MARTINS GARCIA,***.769.040-**,CPF,1450.0,2,0.002005,
30,VALDECI OLIVEIRA,PT,63,LURDES DE FATIMA PROENCA SPAT,***.287.180-**,CPF,1450.0,2,0.002005,
30,VALDECI OLIVEIRA,PT,64,ROSA MARIA MADRUGA VIANNA,***.922.880-**,CPF,1450.0,2,0.002005,
30,VALDECI OLIVEIRA,PT,65,KAREN MEDIANEIRA PEREIRA VIEIRA,***.015.810-**,CPF,1400.0,2,0.001936,
30,VALDECI OLIVEIRA,PT,66,ROSEMARY SALDANHA DA SILVA,***.210.660-**,CPF,1300.0,2,0.001797,
30,VALDECI OLIVEIRA,PT,67,IZABEL CRISTINA LIMA WITT TARANTINO,***.612.100-**,CPF,1250.0,1,0.001728,
30,VALDECI OLIVEIRA,PT,68,JUVENAL JOSE PEDROSO DE MORAIS,***.734.470-**,CPF,1250.0,1,0.001728,
30,VALDECI OLIVEIRA,PT,69,NOEMI DA CUNHA MORAIS,***.485.440-**,CPF,1250.0,1,0.001728,
30,VALDECI OLIVEIRA,PT,70,UBIRAJA FALCAO DA ROCHA,***.557.640-**,CPF,1250.0,1,0.001728,
30,VALDECI OLIVEIRA,PT,71,ABEL DE OLIVEIRA PERANCONI,***.186.460-**,CPF,1200.0,2,0.001659,
30,VALDECI OLIVEIRA,PT,72,ANDRE LUIS AJALLA,***.713.420-**,CPF,1200.0,2,0.001659,
30,VALDECI OLIVEIRA,PT,73,ANGELINA BIDEL,***.102.230-**,CPF,1200.0,2,0.001659,
30,VALDECI OLIVEIRA,PT,74,BRENDA MACHADO TRINDADE,***.149.560-**,CPF,1200.0,2,0.001659,
30,VALDECI OLIVEIRA,PT,75,BRUNO OLIVEIRA MARTINS,***.689.020-**,CPF,1200.0,2,0.001659,
30,VALDECI OLIVEIRA,PT,76,CARLOS ALBERTO GONCALVES SOARES,***.838.250-**,CPF,1200.0,2,0.001659,
30,VALDECI OLIVEIRA,PT,77,CARLOS ALEXANDRE FLORES DA SILVA,***.380.870-**,CPF,1200.0,2,0.001659,
30,VALDECI OLIVEIRA,PT,78,CARLOS CESAR PORTO MACHADO,***.771.430-**,CPF,1200.0,1,0.001659,
30,VALDECI OLIVEIRA,PT,79,CIELE SCHWERTNER,***.020.930-**,CPF,1200.0,2,0.001659,
30,VALDECI OLIVEIRA,PT,80,CLAUDIR ALVES DA SILVA,***.672.710-**,CPF,1200.0,2,0.001659,
30,VALDECI OLIVEIRA,PT,81,CLEUSA TERESINHA DE AVILA,***.226.100-**,CPF,1200.0,2,0.001659,
30,VALDECI OLIVEIRA,PT,82,DEIVSON CAMPOS MARAFIGA,***.768.830-**,CPF,1200.0,2,0.001659,
30,VALDECI OLIVEIRA,PT,83,ELAINE BEATRIZ MARQUES,***.409.190-**,CPF,1200.0,2,0.001659,
30,VALDECI OLIVEIRA,PT,84,ELISANGELA GARCIA RIBEIRO,***.570.790-**,CPF,1200.0,2,0.001659,
30,VALDECI OLIVEIRA,PT,85,EMANOELA DE SOUZA AGUIAR,***.395.370-**,CPF,1200.0,2,0.001659,
30,VALDECI OLIVEIRA,PT,86,ERON BATISTA RODRIGUES,***.243.650-**,CPF,1200.0,2,0.001659,
30,VALDECI OLIVEIRA,PT,87,FRANKLIN MACHADO NUNES,***.144.620-**,CPF,1200.0,2,0.001659,
30,VALDECI OLIVEIRA,PT,88,GERSON LUIZ MENDONCA,***.322.410-**,CPF,1200.0,2,0.001659,
30,VALDECI OLIVEIRA,PT,89,JESSICA MEDIANEIRA HUNDERTMARCK MARTELET,***.563.130-**,CPF,1200.0,2,0.001659,
30,VALDECI OLIVEIRA,PT,90,JOAO FELISBERTO VARGAS DE MELLOS,***.071.250-**,CPF,1200.0,1,0.001659,
30,VALDECI OLIVEIRA,PT,91,JOAO MARCOS DA ROCHA OLIVEIRA,***.548.300-**,CPF,1200.0,2,0.001659,
30,VALDECI OLIVEIRA,PT,92,JOSIANE COSTA QUEVEDO MARTINS,***.940.530-**,CPF,1200.0,2,0.001659,
30,VALDECI OLIVEIRA,PT,93,JOSIANE DA SILVA MARTINS,***.263.410-**,CPF,1200.0,2,0.001659,
30,VALDECI OLIVEIRA,PT,94,JULIANA BEATRIZ CAMARGO,***.470.000-**,CPF,1200.0,2,0.001659,
30,VALDECI OLIVEIRA,PT,95,JULIANA LIMA ROCHA,***.965.450-**,CPF,1200.0,1,0.001659,
30,VALDECI OLIVEIRA,PT,96,KARLEN CAPELETO DA SILVA,***.138.450-**,CPF,1200.0,2,0.001659,
30,VALDECI OLIVEIRA,PT,97,KAUE ALEXANDER CARVALHO SILVA,***.579.140-**,CPF,1200.0,2,0.001659,
30,VALDECI OLIVEIRA,PT,98,LAURA JUPIRA FIGUEIREDO PIRES,***.675.140-**,CPF,1200.0,2,0.001659,
30,VALDECI OLIVEIRA,PT,99,LETICIA MEDIANEIRA COSTA QUEVEDO,***.734.860-**,CPF,1200.0,2,0.001659,
30,VALDECI OLIVEIRA,PT,100,LICERIS ORRIDIA MICHEL,***.988.540-**,CPF,1200.0,2,0.001659,
30,VALDECI OLIVEIRA,PT,101,LUIS HENRIQUE VORPAGEL ZIMMERMANN,***.553.200-**,CPF,1200.0,2,0.001659,
30,VALDECI OLIVEIRA,PT,102,MARIA LENI CORREA DA SILVA,***.059.690-**,CPF,1200.0,2,0.001659,
30,VALDECI OLIVEIRA,PT,103,MARLISE SCHETTERT ROCA,***.208.120-**,CPF,1200.0,1,0.001659,
30,VALDECI OLIVEIRA,PT,104,MOISES ANDRE DA SILVA POZZOBON,***.836.160-**,CPF,1200.0,2,0.001659,
30,VALDECI OLIVEIRA,PT,105,NAIR DA SILVA MARAFIGA,***.399.970-**,CPF,1200.0,2,0.001659,
30,VALDECI OLIVEIRA,PT,106,NATANAEL FLORES ALVES,***.369.090-**,CPF,1200.0,2,0.001659,
30,VALDECI OLIVEIRA,PT,107,NELCY TEREZINHA COSTA QUEVEDO,***.729.690-**,CPF,1200.0,2,0.001659,
30,VALDECI OLIVEIRA,PT,108,NOELI PEREIRA ALVES,***.616.170-**,CPF,1200.0,2,0.001659,
30,VALDECI OLIVEIRA,PT,109,OLDAIR CAVALCANTI FREIRE,***.704.430-**,CPF,1200.0,2,0.001659,
30,VALDECI OLIVEIRA,PT,110,OSANA APARECIDA AIRES DE LIMA,***.840.380-**,CPF,1200.0,2,0.001659,
30,VALDECI OLIVEIRA,PT,111,PATRICIA ZIEGLER XAVIER,***.022.320-**,CPF,1200.0,2,0.001659,
30,VALDECI OLIVEIRA,PT,112,PAULO ALIPIO TATSCH DA SILVA,***.975.160-**,CPF,1200.0,2,0.001659,
30,VALDECI OLIVEIRA,PT,113,RAISSA HENRIQUE DA SILVA,***.950.310-**,CPF,1200.0,2,0.001659,
30,VALDECI OLIVEIRA,PT,114,ROMEU JOSE SIKACZ,***.691.040-**,CPF,1200.0,2,0.001659,
30,VALDECI OLIVEIRA,PT,115,ROSIMERI DA ROSA VASCONCELOS,***.114.190-**,CPF,1200.0,2,0.001659,
30,VALDECI OLIVEIRA,PT,116,SONIA DA SILVA COSTA,***.035.620-**,CPF,1200.0,2,0.001659,
30,VALDECI OLIVEIRA,PT,117,THAIARA CARVALHO ARBOITTE,***.140.590-**,CPF,1200.0,2,0.001659,
30,VALDECI OLIVEIRA,PT,118,TIAGO LIMA GONCALVES,***.961.510-**,CPF,1200.0,2,0.001659,
30,VALDECI OLIVEIRA,PT,119,TIAGO VARGAS DA SILVA,***.620.730-**,CPF,1200.0,2,0.001659,
30,VALDECI OLIVEIRA,PT,120,ZENILDA LEMOS DA SILVA,***.727.830-**,CPF,1200.0,2,0.001659,
30,VALDECI OLIVEIRA,PT,121,EDSON DO PRADO BRAGA,***.333.350-**,CPF,1100.0,2,0.001521,
30,VALDECI OLIVEIRA,PT,122,ADELAR LOPES SAMPAIO,***.725.910-**,CPF,1000.0,1,0.001383,
30,VALDECI OLIVEIRA,PT,123,ANA AURELIA FLORES ANDREAZZA,***.923.930-**,CPF,1000.0,2,0.001383,
30,VALDECI OLIVEIRA,PT,124,ANDREA BORBA FERIGOLLO,***.877.800-**,CPF,1000.0,1,0.001383,
30,VALDECI OLIVEIRA,PT,125,ELI TEREZINHA ALBIERO DA SILVA,***.804.800-**,CPF,1000.0,2,0.001383,
30,VALDECI OLIVEIRA,PT,126,IARA MARTINS PEREIRA PARODES,***.004.530-**,CPF,1000.0,1,0.001383,
30,VALDECI OLIVEIRA,PT,127,JOSE ORESTES LOVATO,***.379.870-**,CPF,1000.0,1,0.001383,
30,VALDECI OLIVEIRA,PT,128,MIGUEL SALVADOR ALVES,***.724.100-**,CPF,1000.0,1,0.001383,
30,VALDECI OLIVEIRA,PT,129,PEDRO HENRIQUE GOMES NILSON,***.642.660-**,CPF,1000.0,1,0.001383,
30,VALDECI OLIVEIRA,PT,130,ROSA MARIA SILVA DA CUNHA,***.607.080-**,CPF,1000.0,1,0.001383,
30,VALDECI OLIVEIRA,PT,131,EDUARDO JUNIOR REIS DE MORAES,***.751.130-**,CPF,900.0,1,0.001244,
30,VALDECI OLIVEIRA,PT,132,JACIRA MOREIRA SANTOS,***.118.190-**,CPF,900.0,2,0.001244,
30,VALDECI OLIVEIRA,PT,133,JORCELAINE DE FATIMA PERES DA SILVEIRA,***.102.780-**,CPF,900.0,1,0.001244,
30,VALDECI OLIVEIRA,PT,134,NILTON AGUIRRE DO NASCIMENTO,***.226.420-**,CPF,900.0,1,0.001244,
30,VALDECI OLIVEIRA,PT,135,TEREZINHA DE JESUS TEIXEIRA PEREIRA,***.562.130-**,CPF,900.0,2,0.001244,
30,VALDECI OLIVEIRA,PT,136,CARLOS HENRIQUE CHAVES,***.037.100-**,CPF,800.0,1,0.001106,
30,VALDECI OLIVEIRA,PT,137,MICHELE RODRIGUES PORTO,***.433.530-**,CPF,800.0,1,0.001106,
30,VALDECI OLIVEIRA,PT,138,ALICE DOS SANTOS CIERCO,***.995.920-**,CPF,750.0,1,0.001037,
30,VALDECI OLIVEIRA,PT,139,AURICEIA MACIEL,***.677.700-**,CPF,750.0,1,0.001037,
30,VALDECI OLIVEIRA,PT,140,SERGIO AMARAL DE MELLO,***.389.530-**,CPF,750.0,1,0.001037,
30,VALDECI OLIVEIRA,PT,141,JORGE LUIZ SOUZA LEAL,***.167.780-**,CPF,700.0,1,0.000968,
30,VALDECI OLIVEIRA,PT,142,ALBERI BONOTTO,***.265.270-**,CPF,600.0,1,0.00083,
30,VALDECI OLIVEIRA,PT,143,ANDREIA HEDLUND CRISPIM,***.722.700-**,CPF,600.0,1,0.00083,
30,VALDECI OLIVEIRA,PT,144,ANDRIELEN CAROLINA MEDEIROS MILITZ,***.903.970-**,CPF,600.0,1,0.00083,
30,VALDECI OLIVEIRA,PT,145,ANTONIA NUNES CAVALHEIRO,***.246.870-**,CPF,600.0,1,0.00083,
30,VALDECI OLIVEIRA,PT,146,CARLOS ALBERTO RIBEIRO,***.448.560-**,CPF,600.0,1,0.00083,
30,VALDECI OLIVEIRA,PT,147,CLAUDIOCIR ANJOS DOS SANTOS,***.039.340-**,CPF,600.0,1,0.00083,
30,VALDECI OLIVEIRA,PT,148,DAVI GUAZINA DA SILVA,***.371.020-**,CPF,600.0,1,0.00083,
30,VALDECI OLIVEIRA,PT,149,EVA ALICE ALMEIDA PENNA,***.050.430-**,CPF,600.0,1,0.00083,
30,VALDECI OLIVEIRA,PT,150,GILSIANE PEREIRA PLACIDO,***.406.170-**,CPF,600.0,1,0.00083,
30,VALDECI OLIVEIRA,PT,151,JOCELAINE APARECIDA DOS SANTOS SOARES,***.114.240-**,CPF,600.0,1,0.00083,
30,VALDECI OLIVEIRA,PT,152,JULIANA HELENA TREICHEL,***.078.760-**,CPF,600.0,1,0.00083,
30,VALDECI OLIVEIRA,PT,153,JUSSARA MEDIANEIRA SILVA PEREIRA,***.285.190-**,CPF,600.0,1,0.00083,
30,VALDECI OLIVEIRA,PT,154,KAYNA FAGUNDES QUADROS,***.190.960-**,CPF,600.0,1,0.00083,
30,VALDECI OLIVEIRA,PT,155,MARIA CECILIA MACHADO VITORINO,***.567.350-**,CPF,600.0,1,0.00083,
30,VALDECI OLIVEIRA,PT,156,MARTA AZEVEDO PASCOAL,***.127.400-**,CPF,600.0,1,0.00083,
30,VALDECI OLIVEIRA,PT,157,NATALIA FORTES DAS CHAGAS,***.621.120-**,CPF,600.0,1,0.00083,
30,VALDECI OLIVEIRA,PT,158,RAQUEL COLIONI DE MEDEIROS,***.906.440-**,CPF,600.0,1,0.00083,
30,VALDECI OLIVEIRA,PT,159,TAYLA CEZAR DE AZAMBUJA,***.863.410-**,CPF,600.0,1,0.00083,
30,VALDECI OLIVEIRA,PT,160,THEO WIENANDTS NONATO,***.046.410-**,CPF,600.0,1,0.00083,
30,VALDECI OLIVEIRA,PT,161,ANTONIO MARCOS DE SOUZA,***.891.070-**,CPF,500.0,1,0.000691,
30,VALDECI OLIVEIRA,PT,162,CARMEN LUCIA DE LIMA DA ROSA,***.281.170-**,CPF,500.0,1,0.000691,
30,VALDECI OLIVEIRA,PT,163,MANUELLA XAVIER MURINI,***.190.980-**,CPF,500.0,1,0.000691,
30,VALDECI OLIVEIRA,PT,164,MARELICE DA SILVA FERNANDES,***.847.400-**,CPF,500.0,1,0.000691,
30,VALDECI OLIVEIRA,PT,165,MARIA JOANA ROSA MACHADO,***.251.120-**,CPF,500.0,1,0.000691,
30,VALDECI OLIVEIRA,PT,166,PEDRO HENRIQUE MACHADO PIRES,***.616.370-**,CPF,500.0,1,0.000691,
30,VALDECI OLIVEIRA,PT,167,REJANE MARIA DUTRA AMARAL,***.967.210-**,CPF,500.0,1,0.000691,
30,VALDECI OLIVEIRA,PT,168,ROSELAINE RODRIGUES BENITES,***.735.800-**,CPF,500.0,1,0.000691,
30,VALDECI OLIVEIRA,PT,169,VERIDIANE DE LIMA,***.398.050-**,CPF,500.0,1,0.000691,
30,VALDECI OLIVEIRA,PT,170,DIONISIO J. C. BORSA & CIA LTDA,04.291.577/0001-50,CNPJ,450.0,1,0.000622,
30,VALDECI OLIVEIRA,PT,171,CELSO JOSE PINHEIRO DA SILVA,***.860.488-**,CPF,400.0,1,0.000553,
30,VALDECI OLIVEIRA,PT,172,SIDIOMAR MARTINS DA SILVEIRA,***.420.200-**,CPF,400.0,1,0.000553,
30,VALDECI OLIVEIRA,PT,173,"ENCARGOS FINANCEIROS, TAXAS BANCÁRIAS E/OU OP. CARTÃO DE CRÉDITO",,,212.5,22,0.000294,
30,VALDECI OLIVEIRA,PT,174,EDUARDO ANDRES ZOLIN,05.197.465/0001-06,CNPJ,95.94,1,0.000133,
31,VILMAR ZANCHIN,MDB,1,NOSCHANG ARTES GRAFICAS LTDA,07.027.856/0001-08,CNPJ,131589.7,109,0.217686,
31,VILMAR ZANCHIN,MDB,2,B2M COMUNICACAO LTDA,63.243.814/0001-77,CNPJ,59960.0,1,0.099191,
31,VILMAR ZANCHIN,MDB,3,PLURAL CONSULTORIA E COMUNICACAO LTDA,59.086.670/0001-15,CNPJ,50000.0,1,0.082714,
31,VILMAR ZANCHIN,MDB,4,SPEED PROMOCIONAL INDUSTRIA DE BRINDES LTDA,15.115.234/0001-51,CNPJ,37280.0,19,0.061672,
31,VILMAR ZANCHIN,MDB,5,LOCALIZA RENT A CAR SA,16.670.085/0038-47,CNPJ,31500.0,2,0.05211,
31,VILMAR ZANCHIN,MDB,6,VERITTAS SOLUCOES LTDA,66.127.468/0001-50,CNPJ,28000.0,1,0.04632,
31,VILMAR ZANCHIN,MDB,7,FACEBOOK SERVICOS ONLINE DO BRASIL LTDA.,13.347.016/0001-17,CNPJ,20000.0,4,0.033086,
31,VILMAR ZANCHIN,MDB,8,ELTON CARLOS DE CESERO,***.570.000-**,CPF,19500.0,1,0.032258,
31,VILMAR ZANCHIN,MDB,9,ESSENT INOVACAO CONTABIL LTDA,25.188.538/0001-00,CNPJ,12000.0,1,0.019851,
31,VILMAR ZANCHIN,MDB,10,RICARDO ILHA DA LUZ,***.691.920-**,CPF,12000.0,1,0.019851,
31,VILMAR ZANCHIN,MDB,11,MPG DIGITAL PRINTING LTDA,47.060.688/0001-69,CNPJ,9250.0,1,0.015302,
31,VILMAR ZANCHIN,MDB,12,CARLOS IURI CHAGAS,***.392.730-**,CPF,9000.0,1,0.014889,
31,VILMAR ZANCHIN,MDB,13,DOLMES FRARE,***.683.230-**,CPF,9000.0,1,0.014889,
31,VILMAR ZANCHIN,MDB,14,GHAYA ANTUNES CARDOSO,***.603.320-**,CPF,9000.0,1,0.014889,
31,VILMAR ZANCHIN,MDB,15,MARTA BILHAR ZANINI BARIZON,***.374.000-**,CPF,9000.0,1,0.014889,
31,VILMAR ZANCHIN,MDB,16,MARKA COMUNICACAO VISUAL LTDA,01.525.541/0001-04,CNPJ,8760.0,1,0.014492,
31,VILMAR ZANCHIN,MDB,17,EDILEDA MARIA PEREIRA,***.084.840-**,CPF,8000.0,1,0.013234,
31,VILMAR ZANCHIN,MDB,18,ERI ROBERTO REMPEL,***.043.320-**,CPF,8000.0,1,0.013234,
31,VILMAR ZANCHIN,MDB,19,PAULA ALESSANDRA BARTZEN,***.755.730-**,CPF,7500.0,1,0.012407,
31,VILMAR ZANCHIN,MDB,20,GRAFICA AGETRA LTDA,72.330.772/0001-00,CNPJ,7250.0,2,0.011994,
31,VILMAR ZANCHIN,MDB,21,MARIA SANTA DOS SANTOS CAMARGO,***.184.350-**,CPF,7000.0,1,0.01158,
31,VILMAR ZANCHIN,MDB,22,ROBERTO DE OLIVEIRA LIMA,***.156.970-**,CPF,7000.0,1,0.01158,
31,VILMAR ZANCHIN,MDB,23,TIAGO STEFFEN,***.428.720-**,CPF,7000.0,1,0.01158,
31,VILMAR ZANCHIN,MDB,24,FERNANDA OLTRAMARI,***.425.190-**,CPF,6600.0,1,0.010918,
31,VILMAR ZANCHIN,MDB,25,ANOR MARCON,***.714.440-**,CPF,6000.0,1,0.009926,
31,VILMAR ZANCHIN,MDB,26,MILENA ZAGO GAAB,***.073.830-**,CPF,6000.0,1,0.009926,
31,VILMAR ZANCHIN,MDB,27,PAOLA LINHAR BRAGA,***.833.120-**,CPF,6000.0,1,0.009926,
31,VILMAR ZANCHIN,MDB,28,RICARDO CHIARELLO BALANCELLI,***.353.020-**,CPF,6000.0,1,0.009926,
31,VILMAR ZANCHIN,MDB,29,RAFAEL AUGUSTO SCHWARTZHAUPT,***.671.440-**,CPF,5500.0,1,0.009099,
31,VILMAR ZANCHIN,MDB,30,ASTOR KOPP,***.477.600-**,CPF,5000.0,1,0.008271,
31,VILMAR ZANCHIN,MDB,31,DIULI CAROLINE DAKAM,***.010.910-**,CPF,5000.0,1,0.008271,
31,VILMAR ZANCHIN,MDB,32,EMIR ROSA DA SILVA,***.531.950-**,CPF,5000.0,1,0.008271,
31,VILMAR ZANCHIN,MDB,33,GILBERTO GIRARDELLO,***.365.270-**,CPF,5000.0,1,0.008271,
31,VILMAR ZANCHIN,MDB,34,GRAFICA JOANELO LTDA,64.673.416/0001-53,CNPJ,4565.0,2,0.007552,
31,VILMAR ZANCHIN,MDB,35,ANGELA MARIA FERREIRA MOREIRA,***.790.550-**,CPF,4000.0,1,0.006617,
31,VILMAR ZANCHIN,MDB,36,ELISETE MURINELLI REINKE,***.535.280-**,CPF,3000.0,1,0.004963,
31,VILMAR ZANCHIN,MDB,37,FRANCIS PAIM ZAMPIERI,***.401.700-**,CPF,3000.0,1,0.004963,
31,VILMAR ZANCHIN,MDB,38,ESTAMPAGRAF COMUNICACAO VISUAL LTDA,07.449.173/0001-30,CNPJ,2955.0,1,0.004888,
31,VILMAR ZANCHIN,MDB,39,VOLPATO ARTES GRAFICAS LTDA,02.579.445/0001-01,CNPJ,2916.0,3,0.004824,
31,VILMAR ZANCHIN,MDB,40,TRISET IMPRESSOES PERSONALIZADAS LTDA,32.325.686/0001-87,CNPJ,2900.0,1,0.004797,
31,VILMAR ZANCHIN,MDB,41,ANDRE MONTEIRO,***.110.710-**,CPF,2500.0,1,0.004136,
31,VILMAR ZANCHIN,MDB,42,CLODOVEU SUSIN FILHO,***.867.790-**,CPF,2500.0,1,0.004136,
31,VILMAR ZANCHIN,MDB,43,JOAO MANOEL MARTINS CURRY,***.906.740-**,CPF,2500.0,1,0.004136,
31,VILMAR ZANCHIN,MDB,44,RODRIGO CHIARELLO BALANCELLI,***.316.900-**,CPF,2500.0,1,0.004136,
31,VILMAR ZANCHIN,MDB,45,ADRIANA APARECIDA FAE MARCANZONI,***.867.290-**,CPF,2000.0,1,0.003309,
31,VILMAR ZANCHIN,MDB,46,LUIS CARLOS ANTUNES DOS SANTOS,***.177.030-**,CPF,2000.0,1,0.003309,
31,VILMAR ZANCHIN,MDB,47,MOACIR ANDREA PICHETTI,***.124.490-**,CPF,2000.0,1,0.003309,
31,VILMAR ZANCHIN,MDB,48,JUCERLI ANTONIO CORSINI FRESCURA LTDA,07.920.782/0002-07,CNPJ,301.0,1,0.000498,
31,VILMAR ZANCHIN,MDB,49,GLOBO COMERCIO DE COMBUSTIVEIS LTDA EM RECUPERACAO JUDICIAL,51.414.286/0001-92,CNPJ,265.04,1,0.000438,
31,VILMAR ZANCHIN,MDB,50,S S COMERCIO DE COMBUSTIVEIS SA,01.991.461/0001-36,CNPJ,250.0,1,0.000414,
31,VILMAR ZANCHIN,MDB,51,POSTO DO CLESIO LTDA,11.452.733/0001-83,CNPJ,233.0,1,0.000385,
31,VILMAR ZANCHIN,MDB,52,JDL COMERCIO DE COMBUSTIVEIS LTDA,58.093.260/0018-87,CNPJ,217.67,1,0.00036,
31,VILMAR ZANCHIN,MDB,53,INSTITUTO FENACON,11.825.802/0001-57,CNPJ,199.75,1,0.00033,
